2025-12-10 00:12:59 [INFO] [BRIDGE] [LOG] osc.show_bridge.in - RECV /state/group/6/dynamic_masks/autopilot (0.0, 0.0, 0.0, 0.0, 0.0, 0.0)
2025-12-10 00:12:59 [INFO] [BRIDGE] [LOG] osc.show_bridge.in - RECV /state/group/3/intensity (0.0, 0.0, 0.0, 0.0, 0.0)
2025-12-10 00:12:59 [INFO] [BRIDGE] [LOG] osc.show_bridge.in - RECV /state/group/3/dynamic_masks/enabled (0.0, 0.0, 0.0, 0.0, 0.0, 0.0)
2025-12-10 00:12:59 [INFO] [BRIDGE] [LOG] osc.show_bridge.in - RECV /state/group/6/effects/enabled (0.0, 0.0, 0.0, 0.0, 0.0, 0.0)
2025-12-10 00:12:59 [INFO] [BRIDGE] [LOG] osc.show_bridge.in - RECV /state/group/6/playing/autopilot (0.0, 0.0, 0.0, 0.0, 0.0, 0.0)
2025-12-10 00:12:59 [INFO] [BRIDGE] [LOG] osc.show_bridge.in - RECV /state/group/8/transforms/autopilot (0.0, 0.0, 0.0, 0.0, 0.0, 0.0)
2025-12-10 00:12:59 [INFO] [BRIDGE] [LOG] osc.show_bridge.in - RECV /state/group/2/color/autopilot (0.0, 0.0, 0.0, 0.0, 0.0, 0.0)
2025-12-10 00:12:59 [INFO] [BRIDGE] [LOG] osc.show_bridge.in - RECV /state/group/5/opacity (0.0, 0.0, 0.0, 0.0, 0.0)
2025-12-10 00:12:59 [INFO] [BRIDGE] [LOG] osc.show_bridge.in - RECV /state/group/1/transforms/enabled (0.0, 0.0, 0.0, 0.0, 0.0)
2025-12-10 00:12:59 [INFO] [BRIDGE] [LOG] osc.show_bridge.in - RECV /state/group/5/transforms/enabled (0.0, 0.0, 0.0, 0.0, 0.0)
2025-12-10 00:12:59 [INFO] [BRIDGE] [LOG] osc.show_bridge.in - RECV /state/group/8/effects/autopilot (0.0, 0.0, 0.0, 0.0, 0.0, 0.0)
2025-12-10 00:12:59 [INFO] [BRIDGE] [LOG] osc.show_bridge.in - RECV /state/group/7/color/enabled (0.0, 0.0, 0.0, 0.0, 0.0)
2025-12-10 00:12:59 [INFO] [BRIDGE] [LOG] osc.show_bridge.in - RECV /state/group/6/transforms/autopilot (0.0,)
2025-12-10 00:12:59 [INFO] [BRIDGE] [LOG] osc.show_bridge.in - RECV /state/group/1/effects/autopilot (0.0, 0.0, 0.0, 0.0, 0.0, 0.0)
2025-12-10 00:12:59 [INFO] [BRIDGE] [LOG] osc.show_bridge.in - RECV /state/group/5/effects/autopilot (0.0, 0.0, 0.0, 0.0, 0.0, 0.0)
2025-12-10 00:12:59 [INFO] [BRIDGE] [LOG] osc.show_bridge.in - RECV /state/group/1/effects/autopilot (0.0,)
2025-12-10 00:12:59 [INFO] [BRIDGE] [LOG] osc.show_bridge.in - RECV /state/group/8/dynamic_masks/enabled (0.0, 0.0, 0.0, 0.0, 0.0, 0.0)
2025-12-10 00:12:59 [INFO] [BRIDGE] [LOG] osc.show_bridge.in - RECV /state/group/7/dynamic_masks/autopilot (0.0, 0.0, 0.0, 0.0, 0.0, 0.0)
2025-12-10 00:12:59 [INFO] [BRIDGE] [LOG] osc.show_bridge.in - RECV /state/group/4/color/enabled (0.0, 0.0, 0.0, 0.0, 0.0, 0.0)
2025-12-10 00:12:59 [INFO] [BRIDGE] [LOG] osc.show_bridge.in - RECV /state/group/1/playing/enabled (0.0, 0.0, 0.0, 0.0, 0.0, 0.0)
2025-12-10 00:12:59 [INFO] [BRIDGE] [LOG] osc.show_bridge.in - RECV /state/group/6/dynamic_masks/enabled (0.0, 0.0, 0.0, 0.0, 0.0, 0.0)
2025-12-10 00:12:59 [INFO] [BRIDGE] [LOG] osc.show_bridge.in - RECV /state/group/3/playing/autopilot (0.0, 0.0, 0.0, 0.0, 0.0)
2025-12-10 00:12:59 [INFO] [BRIDGE] [LOG] osc.show_bridge.in - RECV /state/group/3/color/autopilot (0.0, 0.0, 0.0, 0.0, 0.0, 0.0)
2025-12-10 00:12:59 [INFO] [BRIDGE] [LOG] osc.show_bridge.in - RECV /state/group/6/transforms/autopilot (0.0, 0.0, 0.0, 0.0, 0.0, 0.0)
2025-12-10 00:12:59 [INFO] [BRIDGE] [LOG] osc.show_bridge.in - RECV /state/group/6/playing/enabled (0.0, 0.0, 0.0, 0.0, 0.0, 0.0)
2025-12-10 00:12:59 [INFO] [BRIDGE] [LOG] osc.show_bridge.in - RECV /state/group/8/transforms/enabled (0.0, 0.0, 0.0, 0.0, 0.0, 0.0)
2025-12-10 00:12:59 [INFO] [BRIDGE] [LOG] osc.show_bridge.in - RECV /state/group/2/color/enabled (0.0, 0.0, 0.0, 0.0, 0.0, 0.0)
2025-12-10 00:12:59 [INFO] [BRIDGE] [LOG] osc.show_bridge.in - RECV /state/group/5/intensity (0.0, 0.0, 0.0, 0.0, 0.0)
2025-12-10 00:12:59 [INFO] [BRIDGE] [LOG] osc.show_bridge.in - RECV /state/group/1/dynamic_masks/autopilot (0.0, 0.0, 0.0, 0.0, 0.0)
2025-12-10 00:12:59 [INFO] [BRIDGE] [LOG] osc.show_bridge.in - RECV /state/group/5/dynamic_masks/autopilot (0.0, 0.0, 0.0, 0.0, 0.0)
2025-12-10 00:12:59 [INFO] [BRIDGE] [LOG] osc.show_bridge.in - RECV /state/group/8/effects/enabled (0.0, 0.0, 0.0, 0.0, 0.0, 0.0)
2025-12-10 00:12:59 [INFO] [BRIDGE] [LOG] osc.show_bridge.in - RECV /state/group/8/opacity (0.0, 0.0, 0.0, 0.0, 0.0)
2025-12-10 00:12:59 [INFO] [BRIDGE] [LOG] osc.show_bridge.in - RECV /state/group/6/transforms/enabled (0.0,)
2025-12-10 00:12:59 [INFO] [BRIDGE] [LOG] osc.show_bridge.in - RECV /state/group/1/effects/enabled (0.0, 0.0, 0.0, 0.0, 0.0, 0.0)
2025-12-10 00:12:59 [INFO] [BRIDGE] [LOG] osc.show_bridge.in - RECV /state/group/5/effects/enabled (0.0, 0.0, 0.0, 0.0, 0.0, 0.0)
2025-12-10 00:12:59 [INFO] [BRIDGE] [LOG] osc.show_bridge.in - RECV /state/group/1/effects/enabled (0.0,)
2025-12-10 00:12:59 [INFO] [BRIDGE] [LOG] osc.show_bridge.in - RECV /state/group/8/color/autopilot (0.0, 0.0, 0.0, 0.0, 0.0, 0.0)
2025-12-10 00:12:59 [INFO] [BRIDGE] [LOG] osc.show_bridge.in - RECV /state/group/7/dynamic_masks/enabled (0.0, 0.0, 0.0, 0.0, 0.0, 0.0)
2025-12-10 00:12:59 [INFO] [BRIDGE] [LOG] osc.show_bridge.in - RECV /state/group/5/opacity (0.0, 0.0, 0.0, 0.0, 0.0, 0.0)
2025-12-10 00:12:59 [INFO] [BRIDGE] [LOG] osc.show_bridge.in - RECV /state/group/1/effects/autopilot (0.0, 0.0, 0.0, 0.0, 0.0, 0.0)
2025-12-10 00:12:59 [INFO] [BRIDGE] [LOG] osc.show_bridge.in - RECV /state/group/6/color/autopilot (0.0, 0.0, 0.0, 0.0, 0.0, 0.0)
2025-12-10 00:12:59 [INFO] [BRIDGE] [LOG] osc.show_bridge.in - RECV /state/group/3/playing/enabled (0.0, 0.0, 0.0, 0.0, 0.0)
2025-12-10 00:12:59 [INFO] [BRIDGE] [LOG] osc.show_bridge.in - RECV /state/group/3/color/enabled (0.0, 0.0, 0.0, 0.0, 0.0, 0.0)
2025-12-10 00:12:59 [INFO] [BRIDGE] [LOG] osc.show_bridge.in - RECV /state/group/6/transforms/enabled (0.0, 0.0, 0.0, 0.0, 0.0, 0.0)
2025-12-10 00:12:59 [INFO] [BRIDGE] [LOG] osc.show_bridge.in - RECV /state/group/6/effects/autopilot (0.0, 0.0, 0.0, 0.0, 0.0, 0.0)
2025-12-10 00:12:59 [INFO] [BRIDGE] [LOG] osc.show_bridge.in - RECV /_samplerate (60.0,)
2025-12-10 00:12:59 [INFO] [BRIDGE] [LOG] osc.show_bridge.in - RECV /state/group/8/dynamic_masks/autopilot (0.0, 0.0, 0.0, 0.0, 0.0, 0.0)
2025-12-10 00:12:59 [INFO] [BRIDGE] [LOG] osc.show_bridge.in - RECV /state/group/3/opacity (0.0, 0.0, 0.0, 0.0, 0.0, 0.0)
2025-12-10 00:12:59 [INFO] [BRIDGE] [LOG] osc.show_bridge.in - RECV /state/group/5/playing/autopilot (0.0, 0.0, 0.0, 0.0, 0.0)
2025-12-10 00:12:59 [INFO] [BRIDGE] [LOG] osc.show_bridge.in - RECV /state/group/1/dynamic_masks/enabled (0.0, 0.0, 0.0, 0.0, 0.0)
2025-12-10 00:12:59 [INFO] [BRIDGE] [LOG] osc.show_bridge.in - RECV /state/group/5/dynamic_masks/enabled (0.0, 0.0, 0.0, 0.0, 0.0)
2025-12-10 00:12:59 [INFO] [BRIDGE] [LOG] osc.show_bridge.in - RECV /state/group/8/transforms/autopilot (0.0, 0.0, 0.0, 0.0, 0.0, 0.0)
2025-12-10 00:12:59 [INFO] [BRIDGE] [LOG] osc.show_bridge.in - RECV /state/group/8/intensity (0.0, 0.0, 0.0, 0.0, 0.0)
2025-12-10 00:12:59 [INFO] [BRIDGE] [LOG] osc.show_bridge.in - RECV /state/group/6/dynamic_masks/autopilot (0.0,)
2025-12-10 00:12:59 [INFO] [BRIDGE] [LOG] osc.show_bridge.in - RECV /composition/sync (0.0, 0.0, 0.0, 0.0, 0.0, 0.0)
2025-12-10 00:12:59 [INFO] [BRIDGE] [LOG] osc.show_bridge.in - RECV /state/group/1/transforms/autopilot (0.0, 0.0, 0.0, 0.0, 0.0, 0.0)
2025-12-10 00:12:59 [INFO] [BRIDGE] [LOG] osc.show_bridge.in - RECV /state/group/5/transforms/autopilot (0.0, 0.0, 0.0, 0.0, 0.0, 0.0)
2025-12-10 00:12:59 [INFO] [BRIDGE] [LOG] osc.show_bridge.in - RECV /state/group/1/transforms/autopilot (0.0,)
2025-12-10 00:12:59 [INFO] [BRIDGE] [LOG] osc.show_bridge.in - RECV /state/group/8/color/enabled (0.0, 0.0, 0.0, 0.0, 0.0, 0.0)
2025-12-10 00:12:59 [INFO] [BRIDGE] [LOG] osc.show_bridge.in - RECV /state/group/7/color/autopilot (0.0, 0.0, 0.0, 0.0, 0.0, 0.0)
2025-12-10 00:12:59 [INFO] [BRIDGE] [LOG] osc.show_bridge.in - RECV /state/group/1/opacity (0.0, 0.0, 0.0, 0.0, 0.0, 0.0)
2025-12-10 00:12:59 [INFO] [BRIDGE] [LOG] osc.show_bridge.in - RECV /state/group/5/intensity (0.0, 0.0, 0.0, 0.0, 0.0, 0.0)
2025-12-10 00:12:59 [INFO] [BRIDGE] [LOG] osc.show_bridge.in - RECV /state/group/1/effects/enabled (0.0, 0.0, 0.0, 0.0, 0.0, 0.0)
2025-12-10 00:12:59 [INFO] [BRIDGE] [LOG] osc.show_bridge.in - RECV /state/group/6/color/enabled (0.0, 0.0, 0.0, 0.0, 0.0, 0.0)
2025-12-10 00:12:59 [INFO] [BRIDGE] [LOG] osc.show_bridge.in - RECV /state/group/3/effects/autopilot (0.0, 0.0, 0.0, 0.0, 0.0)
2025-12-10 00:12:59 [INFO] [BRIDGE] [LOG] osc.show_bridge.in - RECV /state/group/4/opacity (0.0, 0.0, 0.0, 0.0, 0.0, 0.0)
2025-12-10 00:12:59 [INFO] [BRIDGE] [LOG] osc.show_bridge.in - RECV /state/group/6/dynamic_masks/autopilot (0.0, 0.0, 0.0, 0.0, 0.0, 0.0)
2025-12-10 00:12:59 [INFO] [BRIDGE] [LOG] osc.show_bridge.in - RECV /state/group/6/effects/enabled (0.0, 0.0, 0.0, 0.0, 0.0, 0.0)
2025-12-10 00:12:59 [INFO] [BRIDGE] [LOG] osc.show_bridge.in - RECV /state/group/8/dynamic_masks/enabled (0.0, 0.0, 0.0, 0.0, 0.0, 0.0)
2025-12-10 00:12:59 [INFO] [BRIDGE] [LOG] osc.show_bridge.in - RECV /state/group/3/intensity (0.0, 0.0, 0.0, 0.0, 0.0, 0.0)
2025-12-10 00:12:59 [INFO] [BRIDGE] [LOG] osc.show_bridge.in - RECV /state/group/5/playing/enabled (0.0, 0.0, 0.0, 0.0, 0.0)
2025-12-10 00:12:59 [INFO] [BRIDGE] [LOG] osc.show_bridge.in - RECV /state/group/1/color/autopilot (0.0, 0.0, 0.0, 0.0, 0.0)
2025-12-10 00:12:59 [INFO] [BRIDGE] [LOG] osc.show_bridge.in - RECV /state/group/5/color/autopilot (0.0, 0.0, 0.0, 0.0, 0.0)
2025-12-10 00:12:59 [INFO] [BRIDGE] [LOG] osc.show_bridge.in - RECV /state/group/8/transforms/enabled (0.0, 0.0, 0.0, 0.0, 0.0, 0.0)
2025-12-10 00:12:59 [INFO] [BRIDGE] [LOG] osc.show_bridge.in - RECV /state/group/8/playing/autopilot (0.0, 0.0, 0.0, 0.0, 0.0)
2025-12-10 00:12:59 [INFO] [BRIDGE] [LOG] osc.show_bridge.in - RECV /state/group/6/dynamic_masks/enabled (0.0,)
2025-12-10 00:12:59 [INFO] [BRIDGE] [LOG] osc.show_bridge.in - RECV /state/group/1/transforms/enabled (0.0, 0.0, 0.0, 0.0, 0.0, 0.0)
2025-12-10 00:12:59 [INFO] [BRIDGE] [LOG] osc.show_bridge.in - RECV /state/group/5/transforms/enabled (0.0, 0.0, 0.0, 0.0, 0.0, 0.0)
2025-12-10 00:12:59 [INFO] [BRIDGE] [LOG] osc.show_bridge.in - RECV /state/group/1/transforms/enabled (0.0,)
2025-12-10 00:12:59 [INFO] [BRIDGE] [LOG] osc.show_bridge.in - RECV /state/group/7/color/enabled (0.0, 0.0, 0.0, 0.0, 0.0, 0.0)
2025-12-10 00:12:59 [INFO] [BRIDGE] [LOG] osc.show_bridge.in - RECV /state/group/1/intensity (0.0, 0.0, 0.0, 0.0, 0.0, 0.0)
2025-12-10 00:12:59 [INFO] [BRIDGE] [LOG] osc.show_bridge.in - RECV /state/group/5/playing/autopilot (0.0, 0.0, 0.0, 0.0, 0.0, 0.0)
2025-12-10 00:12:59 [INFO] [BRIDGE] [LOG] osc.show_bridge.in - RECV /state/group/1/transforms/autopilot (0.0, 0.0, 0.0, 0.0, 0.0, 0.0)
2025-12-10 00:12:59 [INFO] [BRIDGE] [LOG] osc.show_bridge.in - RECV /state/group/7/opacity (0.0, 0.0, 0.0, 0.0, 0.0, 0.0)
2025-12-10 00:12:59 [INFO] [BRIDGE] [LOG] osc.show_bridge.in - RECV /state/group/3/effects/enabled (0.0, 0.0, 0.0, 0.0, 0.0)
2025-12-10 00:12:59 [INFO] [BRIDGE] [LOG] osc.show_bridge.in - RECV /state/group/4/intensity (0.0, 0.0, 0.0, 0.0, 0.0, 0.0)
2025-12-10 00:12:59 [INFO] [BRIDGE] [LOG] osc.show_bridge.in - RECV /state/group/8/playing/enabled (0.0, 0.0, 0.0, 0.0, 0.0)
2025-12-10 00:12:59 [INFO] [BRIDGE] [LOG] osc.show_bridge.in - RECV /state/group/6/transforms/autopilot (0.0, 0.0, 0.0, 0.0, 0.0, 0.0)
2025-12-10 00:12:59 [INFO] [BRIDGE] [LOG] osc.show_bridge.in - RECV /state/group/3/playing/autopilot (0.0, 0.0, 0.0, 0.0, 0.0, 0.0)
2025-12-10 00:12:59 [INFO] [BRIDGE] [LOG] osc.show_bridge.in - RECV /state/group/8/color/autopilot (0.0, 0.0, 0.0, 0.0, 0.0, 0.0)
2025-12-10 00:12:59 [INFO] [BRIDGE] [LOG] osc.show_bridge.in - RECV /_samplerate (60.0,)
2025-12-10 00:12:59 [INFO] [BRIDGE] [LOG] osc.show_bridge.in - RECV /state/group/5/effects/autopilot (0.0, 0.0, 0.0, 0.0, 0.0)
2025-12-10 00:12:59 [INFO] [BRIDGE] [LOG] osc.show_bridge.in - RECV /state/group/1/color/enabled (0.0, 0.0, 0.0, 0.0, 0.0)
2025-12-10 00:12:59 [INFO] [BRIDGE] [LOG] osc.show_bridge.in - RECV /state/group/5/color/enabled (0.0, 0.0, 0.0, 0.0, 0.0)
2025-12-10 00:12:59 [INFO] [BRIDGE] [LOG] osc.show_bridge.in - RECV /state/group/8/dynamic_masks/autopilot (0.0, 0.0, 0.0, 0.0, 0.0, 0.0)
2025-12-10 00:12:59 [INFO] [BRIDGE] [LOG] osc.show_bridge.in - RECV /state/group/6/dynamic_masks/enabled (0.0, 0.0, 0.0, 0.0, 0.0, 0.0)
2025-12-10 00:12:59 [INFO] [BRIDGE] [LOG] osc.show_bridge.in - RECV /state/group/6/color/autopilot (0.0,)
2025-12-10 00:12:59 [INFO] [BRIDGE] [LOG] osc.show_bridge.in - RECV /state/group/1/dynamic_masks/autopilot (0.0, 0.0, 0.0, 0.0, 0.0, 0.0)
2025-12-10 00:12:59 [INFO] [BRIDGE] [LOG] osc.show_bridge.in - RECV /state/group/5/dynamic_masks/autopilot (0.0, 0.0, 0.0, 0.0, 0.0, 0.0)
2025-12-10 00:12:59 [INFO] [BRIDGE] [LOG] osc.show_bridge.in - RECV /composition/sync (0.0, 0.0, 0.0, 0.0, 0.0, 0.0)
2025-12-10 00:12:59 [INFO] [BRIDGE] [LOG] osc.show_bridge.in - RECV /state/group/1/dynamic_masks/autopilot (0.0,)
2025-12-10 00:12:59 [INFO] [BRIDGE] [LOG] osc.show_bridge.in - RECV /state/group/8/opacity (0.0, 0.0, 0.0, 0.0, 0.0, 0.0)
2025-12-10 00:12:59 [INFO] [BRIDGE] [LOG] osc.show_bridge.in - RECV /state/group/1/playing/autopilot (0.0, 0.0, 0.0, 0.0, 0.0, 0.0)
2025-12-10 00:12:59 [INFO] [BRIDGE] [LOG] osc.show_bridge.in - RECV /state/group/5/playing/enabled (0.0, 0.0, 0.0, 0.0, 0.0, 0.0)
2025-12-10 00:12:59 [INFO] [BRIDGE] [LOG] osc.show_bridge.in - RECV /state/group/1/transforms/enabled (0.0, 0.0, 0.0, 0.0, 0.0, 0.0)
2025-12-10 00:12:59 [INFO] [BRIDGE] [LOG] osc.show_bridge.in - RECV /state/group/1/opacity (0.0, 0.0, 0.0, 0.0, 0.0, 0.0)
2025-12-10 00:12:59 [INFO] [BRIDGE] [LOG] osc.show_bridge.in - RECV /state/group/7/intensity (0.0, 0.0, 0.0, 0.0, 0.0, 0.0)
2025-12-10 00:12:59 [INFO] [BRIDGE] [LOG] osc.show_bridge.in - RECV /state/group/3/transforms/autopilot (0.0, 0.0, 0.0, 0.0, 0.0)
2025-12-10 00:12:59 [INFO] [BRIDGE] [LOG] osc.show_bridge.in - RECV /state/group/4/playing/autopilot (0.0, 0.0, 0.0, 0.0, 0.0, 0.0)
2025-12-10 00:12:59 [INFO] [BRIDGE] [LOG] osc.show_bridge.in - RECV /state/group/8/effects/autopilot (0.0, 0.0, 0.0, 0.0, 0.0)
2025-12-10 00:12:59 [INFO] [BRIDGE] [LOG] osc.show_bridge.in - RECV /state/group/6/transforms/enabled (0.0, 0.0, 0.0, 0.0, 0.0, 0.0)
2025-12-10 00:12:59 [INFO] [BRIDGE] [LOG] osc.show_bridge.in - RECV /state/group/3/playing/enabled (0.0, 0.0, 0.0, 0.0, 0.0, 0.0)
2025-12-10 00:12:59 [INFO] [BRIDGE] [LOG] osc.show_bridge.in - RECV /state/group/8/color/enabled (0.0, 0.0, 0.0, 0.0, 0.0, 0.0)
2025-12-10 00:12:59 [INFO] [BRIDGE] [LOG] osc.show_bridge.in - RECV /state/group/5/effects/enabled (0.0, 0.0, 0.0, 0.0, 0.0)
2025-12-10 00:12:59 [INFO] [BRIDGE] [LOG] osc.show_bridge.in - RECV /state/group/2/opacity (0.0, 0.0, 0.0, 0.0, 0.0)
2025-12-10 00:12:59 [INFO] [BRIDGE] [LOG] osc.show_bridge.in - RECV /state/group/6/opacity (0.0, 0.0, 0.0, 0.0, 0.0)
2025-12-10 00:12:59 [INFO] [BRIDGE] [LOG] osc.show_bridge.in - RECV /state/group/8/dynamic_masks/enabled (0.0, 0.0, 0.0, 0.0, 0.0, 0.0)
2025-12-10 00:12:59 [INFO] [BRIDGE] [LOG] osc.show_bridge.in - RECV /state/group/6/color/autopilot (0.0, 0.0, 0.0, 0.0, 0.0, 0.0)
2025-12-10 00:12:59 [INFO] [BRIDGE] [LOG] osc.show_bridge.in - RECV /state/group/6/color/enabled (0.0,)
2025-12-10 00:12:59 [INFO] [BRIDGE] [LOG] osc.show_bridge.in - RECV /state/group/1/dynamic_masks/enabled (0.0, 0.0, 0.0, 0.0, 0.0, 0.0)
2025-12-10 00:12:59 [INFO] [BRIDGE] [LOG] osc.show_bridge.in - RECV /state/group/5/dynamic_masks/enabled (0.0, 0.0, 0.0, 0.0, 0.0, 0.0)
2025-12-10 00:12:59 [INFO] [BRIDGE] [LOG] osc.show_bridge.in - RECV /state/group/1/dynamic_masks/enabled (0.0,)
2025-12-10 00:12:59 [INFO] [BRIDGE] [LOG] osc.show_bridge.in - RECV /state/group/8/intensity (0.0, 0.0, 0.0, 0.0, 0.0, 0.0)
2025-12-10 00:12:59 [INFO] [BRIDGE] [LOG] osc.show_bridge.in - RECV /state/group/1/playing/enabled (0.0, 0.0, 0.0, 0.0, 0.0, 0.0)
2025-12-10 00:12:59 [INFO] [BRIDGE] [LOG] osc.show_bridge.in - RECV /state/group/5/effects/autopilot (0.0, 0.0, 0.0, 0.0, 0.0, 0.0)
2025-12-10 00:12:59 [INFO] [BRIDGE] [LOG] osc.show_bridge.in - RECV /state/group/1/dynamic_masks/autopilot (0.0, 0.0, 0.0, 0.0, 0.0, 0.0)
2025-12-10 00:12:59 [INFO] [BRIDGE] [LOG] osc.show_bridge.in - RECV /state/group/1/intensity (0.0, 0.0, 0.0, 0.0, 0.0, 0.0)
2025-12-10 00:12:59 [INFO] [BRIDGE] [LOG] osc.show_bridge.in - RECV /state/group/7/playing/autopilot (0.0, 0.0, 0.0, 0.0, 0.0, 0.0)
2025-12-10 00:12:59 [INFO] [BRIDGE] [LOG] osc.show_bridge.in - RECV /state/group/3/transforms/enabled (0.0, 0.0, 0.0, 0.0, 0.0)
2025-12-10 00:12:59 [INFO] [BRIDGE] [LOG] osc.show_bridge.in - RECV /state/group/4/playing/enabled (0.0, 0.0, 0.0, 0.0, 0.0, 0.0)
2025-12-10 00:12:59 [INFO] [BRIDGE] [LOG] osc.show_bridge.in - RECV /state/group/8/effects/enabled (0.0, 0.0, 0.0, 0.0, 0.0)
2025-12-10 00:12:59 [INFO] [BRIDGE] [LOG] osc.show_bridge.in - RECV /state/group/6/dynamic_masks/autopilot (0.0, 0.0, 0.0, 0.0, 0.0, 0.0)
2025-12-10 00:12:59 [INFO] [BRIDGE] [LOG] osc.show_bridge.in - RECV /state/group/3/effects/autopilot (0.0, 0.0, 0.0, 0.0, 0.0, 0.0)
2025-12-10 00:12:59 [INFO] [BRIDGE] [LOG] osc.show_bridge.in - RECV /state/group/5/transforms/autopilot (0.0, 0.0, 0.0, 0.0, 0.0)
2025-12-10 00:12:59 [INFO] [BRIDGE] [LOG] osc.show_bridge.in - RECV /state/group/2/intensity (0.0, 0.0, 0.0, 0.0, 0.0)
2025-12-10 00:12:59 [INFO] [BRIDGE] [LOG] osc.show_bridge.in - RECV /state/group/6/intensity (0.0, 0.0, 0.0, 0.0, 0.0)
2025-12-10 00:12:59 [INFO] [BRIDGE] [LOG] osc.show_bridge.in - RECV /state/group/8/color/autopilot (0.0, 0.0, 0.0, 0.0, 0.0, 0.0)
2025-12-10 00:12:59 [INFO] [BRIDGE] [LOG] osc.show_bridge.in - RECV /state/group/6/color/enabled (0.0, 0.0, 0.0, 0.0, 0.0, 0.0)
2025-12-10 00:12:59 [INFO] [BRIDGE] [LOG] osc.show_bridge.in - RECV /state/group/7/opacity (0.0,)
2025-12-10 00:12:59 [INFO] [BRIDGE] [LOG] osc.show_bridge.in - RECV /state/group/1/color/autopilot (0.0, 0.0, 0.0, 0.0, 0.0, 0.0)
2025-12-10 00:12:59 [INFO] [BRIDGE] [LOG] osc.show_bridge.in - RECV /state/group/5/color/autopilot (0.0, 0.0, 0.0, 0.0, 0.0, 0.0)
2025-12-10 00:12:59 [INFO] [BRIDGE] [LOG] osc.show_bridge.in - RECV /state/group/1/color/autopilot (0.0,)
2025-12-10 00:12:59 [INFO] [BRIDGE] [LOG] osc.show_bridge.in - RECV /state/group/8/playing/autopilot (0.0, 0.0, 0.0, 0.0, 0.0, 0.0)
2025-12-10 00:12:59 [INFO] [BRIDGE] [LOG] osc.show_bridge.in - RECV /state/group/1/effects/autopilot (0.0, 0.0, 0.0, 0.0, 0.0, 0.0)
2025-12-10 00:12:59 [INFO] [BRIDGE] [LOG] osc.show_bridge.in - RECV /state/group/5/effects/enabled (0.0, 0.0, 0.0, 0.0, 0.0, 0.0)
2025-12-10 00:12:59 [INFO] [BRIDGE] [LOG] osc.show_bridge.in - RECV /state/group/1/dynamic_masks/enabled (0.0, 0.0, 0.0, 0.0, 0.0, 0.0)
2025-12-10 00:12:59 [INFO] [BRIDGE] [LOG] osc.show_bridge.in - RECV /state/group/1/playing/autopilot (0.0, 0.0, 0.0, 0.0, 0.0, 0.0)
2025-12-10 00:12:59 [INFO] [BRIDGE] [LOG] osc.show_bridge.in - RECV /state/group/7/playing/enabled (0.0, 0.0, 0.0, 0.0, 0.0, 0.0)
2025-12-10 00:12:59 [INFO] [BRIDGE] [LOG] osc.show_bridge.in - RECV /state/group/3/dynamic_masks/autopilot (0.0, 0.0, 0.0, 0.0, 0.0)
2025-12-10 00:12:59 [INFO] [BRIDGE] [LOG] osc.show_bridge.in - RECV /state/group/4/effects/autopilot (0.0, 0.0, 0.0, 0.0, 0.0, 0.0)
2025-12-10 00:12:59 [INFO] [BRIDGE] [LOG] osc.show_bridge.in - RECV /state/group/8/transforms/autopilot (0.0, 0.0, 0.0, 0.0, 0.0)
2025-12-10 00:12:59 [INFO] [BRIDGE] [LOG] osc.show_bridge.in - RECV /state/group/6/dynamic_masks/enabled (0.0, 0.0, 0.0, 0.0, 0.0, 0.0)
2025-12-10 00:12:59 [INFO] [BRIDGE] [LOG] osc.show_bridge.in - RECV /state/group/3/effects/enabled (0.0, 0.0, 0.0, 0.0, 0.0, 0.0)
2025-12-10 00:12:59 [INFO] [BRIDGE] [LOG] osc.show_bridge.in - RECV /state/group/5/transforms/enabled (0.0, 0.0, 0.0, 0.0, 0.0)
2025-12-10 00:12:59 [INFO] [BRIDGE] [LOG] osc.show_bridge.in - RECV /state/group/2/playing/autopilot (0.0, 0.0, 0.0, 0.0, 0.0)
2025-12-10 00:12:59 [INFO] [BRIDGE] [LOG] osc.show_bridge.in - RECV /state/group/6/playing/autopilot (0.0, 0.0, 0.0, 0.0, 0.0)
2025-12-10 00:12:59 [INFO] [BRIDGE] [LOG] osc.show_bridge.in - RECV /state/group/8/color/enabled (0.0, 0.0, 0.0, 0.0, 0.0, 0.0)
2025-12-10 00:12:59 [INFO] [BRIDGE] [LOG] osc.show_bridge.in - RECV /state/group/7/opacity (0.0, 0.0, 0.0, 0.0, 0.0, 0.0)
2025-12-10 00:12:59 [INFO] [BRIDGE] [LOG] osc.show_bridge.in - RECV /state/group/7/intensity (0.0,)
2025-12-10 00:12:59 [INFO] [BRIDGE] [LOG] osc.show_bridge.in - RECV /state/group/1/color/enabled (0.0, 0.0, 0.0, 0.0, 0.0, 0.0)
2025-12-10 00:12:59 [INFO] [BRIDGE] [LOG] osc.show_bridge.in - RECV /state/group/5/color/enabled (0.0, 0.0, 0.0, 0.0, 0.0, 0.0)
2025-12-10 00:12:59 [INFO] [BRIDGE] [LOG] osc.show_bridge.in - RECV /state/group/1/color/enabled (0.0,)
2025-12-10 00:12:59 [INFO] [BRIDGE] [LOG] osc.show_bridge.in - RECV /state/group/8/playing/enabled (0.0, 0.0, 0.0, 0.0, 0.0, 0.0)
2025-12-10 00:12:59 [INFO] [BRIDGE] [LOG] osc.show_bridge.in - RECV /state/group/1/effects/enabled (0.0, 0.0, 0.0, 0.0, 0.0, 0.0)
2025-12-10 00:12:59 [INFO] [BRIDGE] [LOG] osc.show_bridge.in - RECV /state/group/5/transforms/autopilot (0.0, 0.0, 0.0, 0.0, 0.0, 0.0)
2025-12-10 00:12:59 [INFO] [BRIDGE] [LOG] osc.show_bridge.in - RECV /state/group/1/color/autopilot (0.0, 0.0, 0.0, 0.0, 0.0, 0.0)
2025-12-10 00:12:59 [INFO] [BRIDGE] [LOG] osc.show_bridge.in - RECV /state/group/1/playing/enabled (0.0, 0.0, 0.0, 0.0, 0.0, 0.0)
2025-12-10 00:12:59 [INFO] [BRIDGE] [LOG] osc.show_bridge.in - RECV /state/group/7/effects/autopilot (0.0, 0.0, 0.0, 0.0, 0.0, 0.0)
2025-12-10 00:12:59 [INFO] [BRIDGE] [LOG] osc.show_bridge.in - RECV /state/group/3/dynamic_masks/enabled (0.0, 0.0, 0.0, 0.0, 0.0)
2025-12-10 00:12:59 [INFO] [BRIDGE] [LOG] osc.show_bridge.in - RECV /state/group/4/effects/enabled (0.0, 0.0, 0.0, 0.0, 0.0, 0.0)
2025-12-10 00:12:59 [INFO] [BRIDGE] [LOG] osc.show_bridge.in - RECV /state/group/8/transforms/enabled (0.0, 0.0, 0.0, 0.0, 0.0)
2025-12-10 00:12:59 [INFO] [BRIDGE] [LOG] osc.show_bridge.in - RECV /state/group/6/color/autopilot (0.0, 0.0, 0.0, 0.0, 0.0, 0.0)
2025-12-10 00:12:59 [INFO] [BRIDGE] [LOG] osc.show_bridge.in - RECV /state/group/3/transforms/autopilot (0.0, 0.0, 0.0, 0.0, 0.0, 0.0)
2025-12-10 00:12:59 [INFO] [BRIDGE] [LOG] osc.show_bridge.in - RECV /state/group/5/dynamic_masks/autopilot (0.0, 0.0, 0.0, 0.0, 0.0)
2025-12-10 00:12:59 [INFO] [BRIDGE] [LOG] osc.show_bridge.in - RECV /state/group/2/playing/enabled (0.0, 0.0, 0.0, 0.0, 0.0)
2025-12-10 00:12:59 [INFO] [BRIDGE] [LOG] osc.show_bridge.in - RECV /state/group/8/effects/autopilot (0.0, 0.0, 0.0, 0.0, 0.0, 0.0)
2025-12-10 00:12:59 [INFO] [BRIDGE] [LOG] osc.show_bridge.in - RECV /state/group/6/playing/enabled (0.0, 0.0, 0.0, 0.0, 0.0)
2025-12-10 00:12:59 [INFO] [BRIDGE] [LOG] osc.show_bridge.in - RECV /state/group/7/intensity (0.0, 0.0, 0.0, 0.0, 0.0, 0.0)
2025-12-10 00:12:59 [INFO] [BRIDGE] [LOG] osc.show_bridge.in - RECV /state/group/7/playing/autopilot (0.0,)
2025-12-10 00:12:59 [INFO] [BRIDGE] [LOG] osc.show_bridge.in - RECV /state/group/2/opacity (0.0, 0.0, 0.0, 0.0, 0.0, 0.0)
2025-12-10 00:12:59 [INFO] [BRIDGE] [LOG] osc.show_bridge.in - RECV /state/group/6/opacity (0.0, 0.0, 0.0, 0.0, 0.0, 0.0)
2025-12-10 00:12:59 [INFO] [BRIDGE] [LOG] osc.show_bridge.in - RECV /state/group/2/opacity (0.0,)
2025-12-10 00:12:59 [INFO] [BRIDGE] [LOG] osc.show_bridge.in - RECV /state/group/1/transforms/autopilot (0.0, 0.0, 0.0, 0.0, 0.0, 0.0)
2025-12-10 00:12:59 [INFO] [BRIDGE] [LOG] osc.show_bridge.in - RECV /state/group/5/transforms/enabled (0.0, 0.0, 0.0, 0.0, 0.0, 0.0)
2025-12-10 00:12:59 [INFO] [BRIDGE] [LOG] osc.show_bridge.in - RECV /state/group/1/color/enabled (0.0, 0.0, 0.0, 0.0, 0.0, 0.0)
2025-12-10 00:12:59 [INFO] [BRIDGE] [LOG] osc.show_bridge.in - RECV /state/group/1/effects/autopilot (0.0, 0.0, 0.0, 0.0, 0.0, 0.0)
2025-12-10 00:12:59 [INFO] [BRIDGE] [LOG] osc.show_bridge.in - RECV /state/group/7/effects/enabled (0.0, 0.0, 0.0, 0.0, 0.0, 0.0)
2025-12-10 00:12:59 [INFO] [BRIDGE] [LOG] osc.show_bridge.in - RECV /state/group/3/color/autopilot (0.0, 0.0, 0.0, 0.0, 0.0)
2025-12-10 00:12:59 [INFO] [BRIDGE] [LOG] osc.show_bridge.in - RECV /state/group/4/transforms/autopilot (0.0, 0.0, 0.0, 0.0, 0.0, 0.0)
2025-12-10 00:12:59 [INFO] [BRIDGE] [LOG] osc.show_bridge.in - RECV /state/group/8/dynamic_masks/autopilot (0.0, 0.0, 0.0, 0.0, 0.0)
2025-12-10 00:12:59 [INFO] [BRIDGE] [LOG] osc.show_bridge.in - RECV /state/group/6/color/enabled (0.0, 0.0, 0.0, 0.0, 0.0, 0.0)
2025-12-10 00:12:59 [INFO] [BRIDGE] [LOG] osc.show_bridge.in - RECV /state/group/3/transforms/enabled (0.0, 0.0, 0.0, 0.0, 0.0, 0.0)
2025-12-10 00:12:59 [INFO] [BRIDGE] [LOG] osc.show_bridge.in - RECV /state/group/5/dynamic_masks/enabled (0.0, 0.0, 0.0, 0.0, 0.0)
2025-12-10 00:12:59 [INFO] [BRIDGE] [LOG] osc.show_bridge.in - RECV /state/group/2/effects/autopilot (0.0, 0.0, 0.0, 0.0, 0.0)
2025-12-10 00:12:59 [INFO] [BRIDGE] [LOG] osc.show_bridge.in - RECV /state/group/8/effects/enabled (0.0, 0.0, 0.0, 0.0, 0.0, 0.0)
2025-12-10 00:12:59 [INFO] [BRIDGE] [LOG] osc.show_bridge.in - RECV /state/group/6/effects/autopilot (0.0, 0.0, 0.0, 0.0, 0.0)
2025-12-10 00:12:59 [INFO] [BRIDGE] [LOG] osc.show_bridge.in - RECV /state/group/7/playing/autopilot (0.0, 0.0, 0.0, 0.0, 0.0, 0.0)
2025-12-10 00:12:59 [INFO] [BRIDGE] [LOG] osc.show_bridge.in - RECV /state/group/7/playing/enabled (0.0,)
2025-12-10 00:12:59 [INFO] [BRIDGE] [LOG] osc.show_bridge.in - RECV /state/group/2/intensity (0.0, 0.0, 0.0, 0.0, 0.0, 0.0)
2025-12-10 00:12:59 [INFO] [BRIDGE] [LOG] osc.show_bridge.in - RECV /state/group/6/intensity (0.0, 0.0, 0.0, 0.0, 0.0, 0.0)
2025-12-10 00:12:59 [INFO] [BRIDGE] [LOG] osc.show_bridge.in - RECV /state/group/2/intensity (0.0,)
2025-12-10 00:12:59 [INFO] [BRIDGE] [LOG] osc.show_bridge.in - RECV /state/group/1/transforms/enabled (0.0, 0.0, 0.0, 0.0, 0.0, 0.0)
2025-12-10 00:12:59 [INFO] [BRIDGE] [LOG] osc.show_bridge.in - RECV /state/group/5/dynamic_masks/autopilot (0.0, 0.0, 0.0, 0.0, 0.0, 0.0)
2025-12-10 00:12:59 [INFO] [BRIDGE] [LOG] osc.show_bridge.in - RECV /state/group/2/opacity (0.0, 0.0, 0.0, 0.0, 0.0, 0.0)
2025-12-10 00:12:59 [INFO] [BRIDGE] [LOG] osc.show_bridge.in - RECV /state/group/1/effects/enabled (0.0, 0.0, 0.0, 0.0, 0.0, 0.0)
2025-12-10 00:12:59 [INFO] [BRIDGE] [LOG] osc.show_bridge.in - RECV /state/group/7/transforms/autopilot (0.0, 0.0, 0.0, 0.0, 0.0, 0.0)
2025-12-10 00:12:59 [INFO] [BRIDGE] [LOG] osc.show_bridge.in - RECV /state/group/3/color/enabled (0.0, 0.0, 0.0, 0.0, 0.0)
2025-12-10 00:12:59 [INFO] [BRIDGE] [LOG] osc.show_bridge.in - RECV /state/group/4/transforms/enabled (0.0, 0.0, 0.0, 0.0, 0.0, 0.0)
2025-12-10 00:12:59 [INFO] [BRIDGE] [LOG] osc.show_bridge.in - RECV /state/group/8/dynamic_masks/enabled (0.0, 0.0, 0.0, 0.0, 0.0)
2025-12-10 00:12:59 [INFO] [BRIDGE] [LOG] osc.show_bridge.in - RECV /state/group/7/opacity (0.0, 0.0, 0.0, 0.0, 0.0, 0.0)
2025-12-10 00:12:59 [INFO] [BRIDGE] [LOG] osc.show_bridge.in - RECV /state/group/3/dynamic_masks/autopilot (0.0, 0.0, 0.0, 0.0, 0.0, 0.0)
2025-12-10 00:12:59 [INFO] [BRIDGE] [LOG] osc.show_bridge.in - RECV /state/group/5/color/autopilot (0.0, 0.0, 0.0, 0.0, 0.0)
2025-12-10 00:12:59 [INFO] [BRIDGE] [LOG] osc.show_bridge.in - RECV /state/group/2/effects/enabled (0.0, 0.0, 0.0, 0.0, 0.0)
2025-12-10 00:12:59 [INFO] [BRIDGE] [LOG] osc.show_bridge.in - RECV /state/group/8/transforms/autopilot (0.0, 0.0, 0.0, 0.0, 0.0, 0.0)
2025-12-10 00:12:59 [INFO] [BRIDGE] [LOG] osc.show_bridge.in - RECV /state/group/6/effects/enabled (0.0, 0.0, 0.0, 0.0, 0.0)
2025-12-10 00:12:59 [INFO] [BRIDGE] [LOG] osc.show_bridge.in - RECV /state/group/7/playing/enabled (0.0, 0.0, 0.0, 0.0, 0.0, 0.0)
2025-12-10 00:12:59 [INFO] [BRIDGE] [LOG] osc.show_bridge.in - RECV /state/group/7/effects/autopilot (0.0,)
2025-12-10 00:12:59 [INFO] [BRIDGE] [LOG] osc.show_bridge.in - RECV /state/group/2/playing/autopilot (0.0, 0.0, 0.0, 0.0, 0.0, 0.0)
2025-12-10 00:12:59 [INFO] [BRIDGE] [LOG] osc.show_bridge.in - RECV /state/group/6/playing/autopilot (0.0, 0.0, 0.0, 0.0, 0.0, 0.0)
2025-12-10 00:12:59 [INFO] [BRIDGE] [LOG] osc.show_bridge.in - RECV /state/group/2/playing/autopilot (0.0,)
2025-12-10 00:12:59 [INFO] [BRIDGE] [LOG] osc.show_bridge.in - RECV /state/group/1/dynamic_masks/autopilot (0.0, 0.0, 0.0, 0.0, 0.0, 0.0)
2025-12-10 00:12:59 [INFO] [BRIDGE] [LOG] osc.show_bridge.in - RECV /state/group/5/dynamic_masks/enabled (0.0, 0.0, 0.0, 0.0, 0.0, 0.0)
2025-12-10 00:12:59 [INFO] [BRIDGE] [LOG] osc.show_bridge.in - RECV /state/group/2/intensity (0.0, 0.0, 0.0, 0.0, 0.0, 0.0)
2025-12-10 00:12:59 [INFO] [BRIDGE] [LOG] osc.show_bridge.in - RECV /state/group/1/transforms/autopilot (0.0, 0.0, 0.0, 0.0, 0.0, 0.0)
2025-12-10 00:12:59 [INFO] [BRIDGE] [LOG] osc.show_bridge.in - RECV /state/group/7/transforms/enabled (0.0, 0.0, 0.0, 0.0, 0.0, 0.0)
2025-12-10 00:12:59 [INFO] [BRIDGE] [LOG] osc.show_bridge.in - RECV /state/group/4/opacity (0.0, 0.0, 0.0, 0.0, 0.0)
2025-12-10 00:12:59 [INFO] [BRIDGE] [LOG] osc.show_bridge.in - RECV /state/group/4/dynamic_masks/autopilot (0.0, 0.0, 0.0, 0.0, 0.0, 0.0)
2025-12-10 00:12:59 [INFO] [BRIDGE] [LOG] osc.show_bridge.in - RECV /state/group/8/color/autopilot (0.0, 0.0, 0.0, 0.0, 0.0)
2025-12-10 00:12:59 [INFO] [BRIDGE] [LOG] osc.show_bridge.in - RECV /state/group/7/intensity (0.0, 0.0, 0.0, 0.0, 0.0, 0.0)
2025-12-10 00:12:59 [INFO] [BRIDGE] [LOG] osc.show_bridge.in - RECV /state/group/3/dynamic_masks/enabled (0.0, 0.0, 0.0, 0.0, 0.0, 0.0)
2025-12-10 00:12:59 [INFO] [BRIDGE] [LOG] osc.show_bridge.in - RECV /state/group/5/color/enabled (0.0, 0.0, 0.0, 0.0, 0.0)
2025-12-10 00:12:59 [INFO] [BRIDGE] [LOG] osc.show_bridge.in - RECV /state/group/2/transforms/autopilot (0.0, 0.0, 0.0, 0.0, 0.0)
2025-12-10 00:12:59 [INFO] [BRIDGE] [LOG] osc.show_bridge.in - RECV /state/group/8/transforms/enabled (0.0, 0.0, 0.0, 0.0, 0.0, 0.0)
2025-12-10 00:12:59 [INFO] [BRIDGE] [LOG] osc.show_bridge.in - RECV /state/group/6/transforms/autopilot (0.0, 0.0, 0.0, 0.0, 0.0)
2025-12-10 00:12:59 [INFO] [BRIDGE] [LOG] osc.show_bridge.in - RECV /state/group/7/effects/autopilot (0.0, 0.0, 0.0, 0.0, 0.0, 0.0)
2025-12-10 00:12:59 [INFO] [BRIDGE] [LOG] osc.show_bridge.in - RECV /state/group/7/effects/enabled (0.0,)
2025-12-10 00:12:59 [INFO] [BRIDGE] [LOG] osc.show_bridge.in - RECV /state/group/2/playing/enabled (0.0, 0.0, 0.0, 0.0, 0.0, 0.0)
2025-12-10 00:12:59 [INFO] [BRIDGE] [LOG] osc.show_bridge.in - RECV /state/group/6/playing/enabled (0.0, 0.0, 0.0, 0.0, 0.0, 0.0)
2025-12-10 00:12:59 [INFO] [BRIDGE] [LOG] osc.show_bridge.in - RECV /state/group/2/playing/enabled (0.0,)
2025-12-10 00:12:59 [INFO] [BRIDGE] [LOG] osc.show_bridge.in - RECV /state/group/1/dynamic_masks/enabled (0.0, 0.0, 0.0, 0.0, 0.0, 0.0)
2025-12-10 00:12:59 [INFO] [BRIDGE] [LOG] osc.show_bridge.in - RECV /state/group/5/color/autopilot (0.0, 0.0, 0.0, 0.0, 0.0, 0.0)
2025-12-10 00:12:59 [INFO] [BRIDGE] [LOG] osc.show_bridge.in - RECV /state/group/2/playing/autopilot (0.0, 0.0, 0.0, 0.0, 0.0, 0.0)
2025-12-10 00:12:59 [INFO] [BRIDGE] [LOG] osc.show_bridge.in - RECV /state/group/1/transforms/enabled (0.0, 0.0, 0.0, 0.0, 0.0, 0.0)
2025-12-10 00:12:59 [INFO] [BRIDGE] [LOG] osc.show_bridge.in - RECV /state/group/7/dynamic_masks/autopilot (0.0, 0.0, 0.0, 0.0, 0.0, 0.0)
2025-12-10 00:12:59 [INFO] [BRIDGE] [LOG] osc.show_bridge.in - RECV /state/group/4/intensity (0.0, 0.0, 0.0, 0.0, 0.0)
2025-12-10 00:12:59 [INFO] [BRIDGE] [LOG] osc.show_bridge.in - RECV /state/group/4/dynamic_masks/enabled (0.0, 0.0, 0.0, 0.0, 0.0, 0.0)
2025-12-10 00:12:59 [INFO] [BRIDGE] [LOG] osc.show_bridge.in - RECV /state/group/8/color/enabled (0.0, 0.0, 0.0, 0.0, 0.0)
2025-12-10 00:12:59 [INFO] [BRIDGE] [LOG] osc.show_bridge.in - RECV /state/group/7/playing/autopilot (0.0, 0.0, 0.0, 0.0, 0.0, 0.0)
2025-12-10 00:12:59 [INFO] [BRIDGE] [LOG] osc.show_bridge.in - RECV /state/group/3/color/autopilot (0.0, 0.0, 0.0, 0.0, 0.0, 0.0)
2025-12-10 00:12:59 [INFO] [BRIDGE] [LOG] osc.show_bridge.in - RECV /state/group/2/transforms/enabled (0.0, 0.0, 0.0, 0.0, 0.0)
2025-12-10 00:12:59 [INFO] [BRIDGE] [LOG] osc.show_bridge.in - RECV /state/group/8/dynamic_masks/autopilot (0.0, 0.0, 0.0, 0.0, 0.0, 0.0)
2025-12-10 00:12:59 [INFO] [BRIDGE] [LOG] osc.show_bridge.in - RECV /state/group/6/transforms/enabled (0.0, 0.0, 0.0, 0.0, 0.0)
2025-12-10 00:12:59 [INFO] [BRIDGE] [LOG] osc.show_bridge.in - RECV /state/group/7/effects/enabled (0.0, 0.0, 0.0, 0.0, 0.0, 0.0)
2025-12-10 00:12:59 [INFO] [BRIDGE] [LOG] osc.show_bridge.in - RECV /state/group/7/transforms/autopilot (0.0,)
2025-12-10 00:12:59 [INFO] [BRIDGE] [LOG] osc.show_bridge.in - RECV /state/group/2/effects/autopilot (0.0, 0.0, 0.0, 0.0, 0.0, 0.0)
2025-12-10 00:12:59 [INFO] [BRIDGE] [LOG] osc.show_bridge.in - RECV /state/group/6/effects/autopilot (0.0, 0.0, 0.0, 0.0, 0.0, 0.0)
2025-12-10 00:12:59 [INFO] [BRIDGE] [LOG] osc.show_bridge.in - RECV /state/group/6/opacity (0.0, 0.0, 0.0, 0.0, 0.0)
2025-12-10 00:12:59 [INFO] [BRIDGE] [LOG] osc.show_bridge.in - RECV /state/group/1/dynamic_masks/autopilot (0.0, 0.0, 0.0, 0.0, 0.0, 0.0)
2025-12-10 00:12:59 [INFO] [BRIDGE] [LOG] osc.show_bridge.in - RECV /state/group/2/effects/autopilot (0.0,)
2025-12-10 00:12:59 [INFO] [BRIDGE] [LOG] osc.show_bridge.in - RECV /state/group/1/color/autopilot (0.0, 0.0, 0.0, 0.0, 0.0, 0.0)
2025-12-10 00:12:59 [INFO] [BRIDGE] [LOG] osc.show_bridge.in - RECV /state/group/5/color/enabled (0.0, 0.0, 0.0, 0.0, 0.0, 0.0)
2025-12-10 00:12:59 [INFO] [BRIDGE] [LOG] osc.show_bridge.in - RECV /state/group/2/playing/enabled (0.0, 0.0, 0.0, 0.0, 0.0, 0.0)
2025-12-10 00:12:59 [INFO] [BRIDGE] [LOG] osc.show_bridge.in - RECV /state/group/7/dynamic_masks/enabled (0.0, 0.0, 0.0, 0.0, 0.0, 0.0)
2025-12-10 00:12:59 [INFO] [BRIDGE] [LOG] osc.show_bridge.in - RECV /state/group/4/playing/autopilot (0.0, 0.0, 0.0, 0.0, 0.0)
2025-12-10 00:12:59 [INFO] [BRIDGE] [LOG] osc.show_bridge.in - RECV /state/group/4/color/autopilot (0.0, 0.0, 0.0, 0.0, 0.0, 0.0)
2025-12-10 00:12:59 [INFO] [BRIDGE] [LOG] osc.show_bridge.in - RECV /state/group/7/playing/enabled (0.0, 0.0, 0.0, 0.0, 0.0, 0.0)
2025-12-10 00:12:59 [INFO] [BRIDGE] [LOG] osc.show_bridge.in - RECV /state/group/3/color/enabled (0.0, 0.0, 0.0, 0.0, 0.0, 0.0)
2025-12-10 00:12:59 [INFO] [BRIDGE] [LOG] osc.show_bridge.in - RECV /state/group/2/dynamic_masks/autopilot (0.0, 0.0, 0.0, 0.0, 0.0)
2025-12-10 00:12:59 [INFO] [BRIDGE] [LOG] osc.show_bridge.in - RECV /state/group/8/dynamic_masks/enabled (0.0, 0.0, 0.0, 0.0, 0.0, 0.0)
2025-12-10 00:12:59 [INFO] [BRIDGE] [LOG] osc.show_bridge.in - RECV /state/group/6/dynamic_masks/autopilot (0.0, 0.0, 0.0, 0.0, 0.0)
2025-12-10 00:12:59 [INFO] [BRIDGE] [LOG] osc.show_bridge.in - RECV /state/group/7/transforms/autopilot (0.0, 0.0, 0.0, 0.0, 0.0, 0.0)
2025-12-10 00:12:59 [INFO] [BRIDGE] [LOG] osc.show_bridge.in - RECV /state/group/7/transforms/enabled (0.0,)
2025-12-10 00:12:59 [INFO] [BRIDGE] [LOG] osc.show_bridge.in - RECV /state/group/2/effects/enabled (0.0, 0.0, 0.0, 0.0, 0.0, 0.0)
2025-12-10 00:12:59 [INFO] [BRIDGE] [LOG] osc.show_bridge.in - RECV /state/group/6/effects/enabled (0.0, 0.0, 0.0, 0.0, 0.0, 0.0)
2025-12-10 00:12:59 [INFO] [BRIDGE] [LOG] osc.show_bridge.in - RECV /state/group/6/intensity (0.0, 0.0, 0.0, 0.0, 0.0)
2025-12-10 00:12:59 [INFO] [BRIDGE] [LOG] osc.show_bridge.in - RECV /state/group/1/dynamic_masks/enabled (0.0, 0.0, 0.0, 0.0, 0.0, 0.0)
2025-12-10 00:12:59 [INFO] [BRIDGE] [LOG] osc.show_bridge.in - RECV /state/group/2/effects/enabled (0.0,)
2025-12-10 00:12:59 [INFO] [BRIDGE] [LOG] osc.show_bridge.in - RECV /state/group/1/color/enabled (0.0, 0.0, 0.0, 0.0, 0.0, 0.0)
2025-12-10 00:12:59 [INFO] [BRIDGE] [LOG] osc.show_bridge.in - RECV /state/group/6/opacity (0.0, 0.0, 0.0, 0.0, 0.0, 0.0)
2025-12-10 00:12:59 [INFO] [BRIDGE] [LOG] osc.show_bridge.in - RECV /state/group/2/effects/autopilot (0.0, 0.0, 0.0, 0.0, 0.0, 0.0)
2025-12-10 00:12:59 [INFO] [BRIDGE] [LOG] osc.show_bridge.in - RECV /state/group/7/color/autopilot (0.0, 0.0, 0.0, 0.0, 0.0, 0.0)
2025-12-10 00:12:59 [INFO] [BRIDGE] [LOG] osc.show_bridge.in - RECV /state/group/4/playing/enabled (0.0, 0.0, 0.0, 0.0, 0.0)
2025-12-10 00:12:59 [INFO] [BRIDGE] [LOG] osc.show_bridge.in - RECV /state/group/4/color/enabled (0.0, 0.0, 0.0, 0.0, 0.0, 0.0)
2025-12-10 00:12:59 [INFO] [BRIDGE] [LOG] osc.show_bridge.in - RECV /state/group/7/effects/autopilot (0.0, 0.0, 0.0, 0.0, 0.0, 0.0)
2025-12-10 00:12:59 [INFO] [BRIDGE] [LOG] osc.show_bridge.in - RECV /state/group/4/opacity (0.6299213171005249, 0.6299213171005249, 0.6299213171005249, 0.6299213171005249, 0.6299213171005249, 0.6299213171005249)
2025-12-10 00:12:59 [INFO] [BRIDGE] [LOG] osc.show_bridge.in - RECV /state/group/2/dynamic_masks/enabled (0.0, 0.0, 0.0, 0.0, 0.0)
2025-12-10 00:12:59 [INFO] [BRIDGE] [LOG] osc.show_bridge.in - RECV /state/group/8/color/autopilot (0.0, 0.0, 0.0, 0.0, 0.0, 0.0)
2025-12-10 00:12:59 [INFO] [BRIDGE] [LOG] osc.show_bridge.in - RECV /state/group/6/dynamic_masks/enabled (0.0, 0.0, 0.0, 0.0, 0.0)
2025-12-10 00:12:59 [INFO] [BRIDGE] [LOG] osc.show_bridge.in - RECV /state/group/7/transforms/enabled (0.0, 0.0, 0.0, 0.0, 0.0, 0.0)
2025-12-10 00:12:59 [INFO] [BRIDGE] [LOG] osc.show_bridge.in - RECV /state/group/7/dynamic_masks/autopilot (0.0,)
2025-12-10 00:12:59 [INFO] [BRIDGE] [LOG] osc.show_bridge.in - RECV /state/group/2/transforms/autopilot (0.0, 0.0, 0.0, 0.0, 0.0, 0.0)
2025-12-10 00:12:59 [INFO] [BRIDGE] [LOG] osc.show_bridge.in - RECV /state/group/6/transforms/autopilot (0.0, 0.0, 0.0, 0.0, 0.0, 0.0)
2025-12-10 00:12:59 [INFO] [BRIDGE] [LOG] osc.show_bridge.in - RECV /state/group/6/playing/autopilot (0.0, 0.0, 0.0, 0.0, 0.0)
2025-12-10 00:12:59 [INFO] [BRIDGE] [LOG] osc.show_bridge.in - RECV /state/group/1/color/autopilot (0.0, 0.0, 0.0, 0.0, 0.0, 0.0)
2025-12-10 00:12:59 [INFO] [BRIDGE] [LOG] osc.show_bridge.in - RECV /state/group/2/transforms/autopilot (0.0,)
2025-12-10 00:12:59 [INFO] [BRIDGE] [LOG] osc.show_bridge.in - RECV /state/group/2/opacity (0.0, 0.0, 0.0, 0.0, 0.0, 0.0)
2025-12-10 00:12:59 [INFO] [BRIDGE] [LOG] osc.show_bridge.in - RECV /state/group/6/intensity (0.0, 0.0, 0.0, 0.0, 0.0, 0.0)
2025-12-10 00:12:59 [INFO] [BRIDGE] [LOG] osc.show_bridge.in - RECV /state/group/2/effects/enabled (0.0, 0.0, 0.0, 0.0, 0.0, 0.0)
2025-12-10 00:12:59 [INFO] [BRIDGE] [LOG] osc.show_bridge.in - RECV /state/group/7/color/enabled (0.0, 0.0, 0.0, 0.0, 0.0, 0.0)
2025-12-10 00:12:59 [INFO] [BRIDGE] [LOG] osc.show_bridge.in - RECV /state/group/4/effects/autopilot (0.0, 0.0, 0.0, 0.0, 0.0)
2025-12-10 00:12:59 [INFO] [BRIDGE] [LOG] osc.show_bridge.in - RECV /state/group/5/opacity (0.0, 0.0, 0.0, 0.0, 0.0, 0.0)
2025-12-10 00:12:59 [INFO] [BRIDGE] [LOG] osc.show_bridge.in - RECV /state/group/7/effects/enabled (0.0, 0.0, 0.0, 0.0, 0.0, 0.0)
2025-12-10 00:12:59 [INFO] [BRIDGE] [LOG] osc.show_bridge.in - RECV /state/group/4/intensity (0.0, 0.0, 0.0, 0.0, 0.0, 0.0)
2025-12-10 00:12:59 [INFO] [BRIDGE] [LOG] osc.show_bridge.in - RECV /state/group/2/color/autopilot (0.0, 0.0, 0.0, 0.0, 0.0)
2025-12-10 00:12:59 [INFO] [BRIDGE] [LOG] osc.show_bridge.in - RECV /state/group/8/color/enabled (0.0, 0.0, 0.0, 0.0, 0.0, 0.0)
2025-12-10 00:12:59 [INFO] [BRIDGE] [LOG] osc.show_bridge.in - RECV /state/group/6/color/autopilot (0.0, 0.0, 0.0, 0.0, 0.0)
2025-12-10 00:12:59 [INFO] [BRIDGE] [LOG] osc.show_bridge.in - RECV /state/group/7/dynamic_masks/autopilot (0.0, 0.0, 0.0, 0.0, 0.0, 0.0)
2025-12-10 00:12:59 [INFO] [BRIDGE] [LOG] osc.show_bridge.in - RECV /state/group/7/dynamic_masks/enabled (0.0,)
2025-12-10 00:12:59 [INFO] [BRIDGE] [LOG] osc.show_bridge.in - RECV /state/group/2/transforms/enabled (0.0, 0.0, 0.0, 0.0, 0.0, 0.0)
2025-12-10 00:12:59 [INFO] [BRIDGE] [LOG] osc.show_bridge.in - RECV /state/group/2/transforms/autopilot (0.0, 0.0, 0.0, 0.0, 0.0, 0.0)
2025-12-10 00:12:59 [INFO] [BRIDGE] [LOG] osc.show_bridge.in - RECV /state/group/6/transforms/enabled (0.0, 0.0, 0.0, 0.0, 0.0, 0.0)
2025-12-10 00:12:59 [INFO] [BRIDGE] [LOG] osc.show_bridge.in - RECV /state/group/6/playing/enabled (0.0, 0.0, 0.0, 0.0, 0.0)
2025-12-10 00:12:59 [INFO] [BRIDGE] [LOG] osc.show_bridge.in - RECV /state/group/1/color/enabled (0.0, 0.0, 0.0, 0.0, 0.0, 0.0)
2025-12-10 00:12:59 [INFO] [BRIDGE] [LOG] osc.show_bridge.in - RECV /state/group/2/transforms/enabled (0.0,)
2025-12-10 00:12:59 [INFO] [BRIDGE] [LOG] osc.show_bridge.in - RECV /state/group/4/playing/autopilot (0.0, 0.0, 0.0, 0.0, 0.0, 0.0)
2025-12-10 00:12:59 [INFO] [BRIDGE] [LOG] osc.show_bridge.in - RECV /state/group/2/intensity (0.0, 0.0, 0.0, 0.0, 0.0, 0.0)
2025-12-10 00:12:59 [INFO] [BRIDGE] [LOG] osc.show_bridge.in - RECV /state/group/6/playing/autopilot (0.0, 0.0, 0.0, 0.0, 0.0, 0.0)
2025-12-10 00:12:59 [INFO] [BRIDGE] [LOG] osc.show_bridge.in - RECV /state/group/4/effects/enabled (0.0, 0.0, 0.0, 0.0, 0.0)
2025-12-10 00:12:59 [INFO] [BRIDGE] [LOG] osc.show_bridge.in - RECV /state/group/5/intensity (0.0, 0.0, 0.0, 0.0, 0.0, 0.0)
2025-12-10 00:12:59 [INFO] [BRIDGE] [LOG] osc.show_bridge.in - RECV /state/group/7/transforms/autopilot (0.0, 0.0, 0.0, 0.0, 0.0, 0.0)
2025-12-10 00:12:59 [INFO] [BRIDGE] [LOG] osc.show_bridge.in - RECV /state/group/2/color/enabled (0.0, 0.0, 0.0, 0.0, 0.0)
2025-12-10 00:12:59 [INFO] [BRIDGE] [LOG] osc.show_bridge.in - RECV /state/group/8/opacity (0.0, 0.0, 0.0, 0.0, 0.0, 0.0)
2025-12-10 00:12:59 [INFO] [BRIDGE] [LOG] osc.show_bridge.in - RECV /state/group/7/dynamic_masks/enabled (0.0, 0.0, 0.0, 0.0, 0.0, 0.0)
2025-12-10 00:12:59 [INFO] [BRIDGE] [LOG] osc.show_bridge.in - RECV /state/group/7/color/autopilot (0.0,)
2025-12-10 00:12:59 [INFO] [BRIDGE] [LOG] osc.show_bridge.in - RECV /state/group/2/dynamic_masks/autopilot (0.0, 0.0, 0.0, 0.0, 0.0, 0.0)
2025-12-10 00:12:59 [INFO] [BRIDGE] [LOG] osc.show_bridge.in - RECV /state/group/6/color/enabled (0.0, 0.0, 0.0, 0.0, 0.0)
2025-12-10 00:12:59 [INFO] [BRIDGE] [LOG] osc.show_bridge.in - RECV /state/group/2/transforms/enabled (0.0, 0.0, 0.0, 0.0, 0.0, 0.0)
2025-12-10 00:12:59 [INFO] [BRIDGE] [LOG] osc.show_bridge.in - RECV /state/group/6/dynamic_masks/autopilot (0.0, 0.0, 0.0, 0.0, 0.0, 0.0)
2025-12-10 00:12:59 [INFO] [BRIDGE] [LOG] osc.show_bridge.in - RECV /state/group/6/effects/autopilot (0.0, 0.0, 0.0, 0.0, 0.0)
2025-12-10 00:12:59 [INFO] [BRIDGE] [LOG] osc.show_bridge.in - RECV /state/group/2/opacity (0.0, 0.0, 0.0, 0.0, 0.0, 0.0)
2025-12-10 00:12:59 [INFO] [BRIDGE] [LOG] osc.show_bridge.in - RECV /state/group/2/dynamic_masks/autopilot (0.0,)
2025-12-10 00:12:59 [INFO] [BRIDGE] [LOG] osc.show_bridge.in - RECV /state/group/4/playing/enabled (0.0, 0.0, 0.0, 0.0, 0.0, 0.0)
2025-12-10 00:12:59 [INFO] [BRIDGE] [LOG] osc.show_bridge.in - RECV /state/group/2/playing/autopilot (0.0, 0.0, 0.0, 0.0, 0.0, 0.0)
2025-12-10 00:12:59 [INFO] [BRIDGE] [LOG] osc.show_bridge.in - RECV /state/group/6/playing/enabled (0.0, 0.0, 0.0, 0.0, 0.0, 0.0)
2025-12-10 00:12:59 [INFO] [BRIDGE] [LOG] osc.show_bridge.in - RECV /state/group/4/transforms/autopilot (0.0, 0.0, 0.0, 0.0, 0.0)
2025-12-10 00:12:59 [INFO] [BRIDGE] [LOG] osc.show_bridge.in - RECV /state/group/5/playing/autopilot (0.0, 0.0, 0.0, 0.0, 0.0, 0.0)
2025-12-10 00:12:59 [INFO] [BRIDGE] [LOG] osc.show_bridge.in - RECV /state/group/7/transforms/enabled (0.0, 0.0, 0.0, 0.0, 0.0, 0.0)
2025-12-10 00:12:59 [INFO] [BRIDGE] [LOG] osc.show_bridge.in - RECV /state/group/3/opacity (0.0, 0.0, 0.0, 0.0, 0.0)
2025-12-10 00:12:59 [INFO] [BRIDGE] [LOG] osc.show_bridge.in - RECV /state/group/8/intensity (0.0, 0.0, 0.0, 0.0, 0.0, 0.0)
2025-12-10 00:12:59 [INFO] [BRIDGE] [LOG] osc.show_bridge.in - RECV /state/group/7/color/autopilot (0.0, 0.0, 0.0, 0.0, 0.0, 0.0)
2025-12-10 00:12:59 [INFO] [BRIDGE] [LOG] osc.show_bridge.in - RECV /state/group/7/color/enabled (0.0,)
2025-12-10 00:12:59 [INFO] [BRIDGE] [LOG] osc.show_bridge.in - RECV /state/group/2/dynamic_masks/enabled (0.0, 0.0, 0.0, 0.0, 0.0, 0.0)
2025-12-10 00:12:59 [INFO] [BRIDGE] [LOG] osc.show_bridge.in - RECV /state/group/7/opacity (0.0, 0.0, 0.0, 0.0, 0.0)
2025-12-10 00:12:59 [INFO] [BRIDGE] [LOG] osc.show_bridge.in - RECV /state/group/2/dynamic_masks/autopilot (0.0, 0.0, 0.0, 0.0, 0.0, 0.0)
2025-12-10 00:12:59 [INFO] [BRIDGE] [LOG] osc.show_bridge.in - RECV /state/group/6/dynamic_masks/enabled (0.0, 0.0, 0.0, 0.0, 0.0, 0.0)
2025-12-10 00:12:59 [INFO] [BRIDGE] [LOG] osc.show_bridge.in - RECV /state/group/6/effects/enabled (0.0, 0.0, 0.0, 0.0, 0.0)
2025-12-10 00:12:59 [INFO] [BRIDGE] [LOG] osc.show_bridge.in - RECV /state/group/2/intensity (0.0, 0.0, 0.0, 0.0, 0.0, 0.0)
2025-12-10 00:12:59 [INFO] [BRIDGE] [LOG] osc.show_bridge.in - RECV /state/group/2/dynamic_masks/enabled (0.0,)
2025-12-10 00:12:59 [INFO] [BRIDGE] [LOG] osc.show_bridge.in - RECV /state/group/4/effects/autopilot (0.0, 0.0, 0.0, 0.0, 0.0, 0.0)
2025-12-10 00:12:59 [INFO] [BRIDGE] [LOG] osc.show_bridge.in - RECV /state/group/2/playing/enabled (0.0, 0.0, 0.0, 0.0, 0.0, 0.0)
2025-12-10 00:12:59 [INFO] [BRIDGE] [LOG] osc.show_bridge.in - RECV /state/group/6/effects/autopilot (0.0, 0.0, 0.0, 0.0, 0.0, 0.0)
2025-12-10 00:12:59 [INFO] [BRIDGE] [LOG] osc.show_bridge.in - RECV /state/group/4/transforms/enabled (0.0, 0.0, 0.0, 0.0, 0.0)
2025-12-10 00:12:59 [INFO] [BRIDGE] [LOG] osc.show_bridge.in - RECV /state/group/5/playing/enabled (0.0, 0.0, 0.0, 0.0, 0.0, 0.0)
2025-12-10 00:12:59 [INFO] [BRIDGE] [LOG] osc.show_bridge.in - RECV /state/group/7/dynamic_masks/autopilot (0.0, 0.0, 0.0, 0.0, 0.0, 0.0)
2025-12-10 00:12:59 [INFO] [BRIDGE] [LOG] osc.show_bridge.in - RECV /state/group/3/intensity (0.0, 0.0, 0.0, 0.0, 0.0)
2025-12-10 00:12:59 [INFO] [BRIDGE] [LOG] osc.show_bridge.in - RECV /state/group/8/playing/autopilot (0.0, 0.0, 0.0, 0.0, 0.0, 0.0)
2025-12-10 00:12:59 [INFO] [BRIDGE] [LOG] osc.show_bridge.in - RECV /state/group/7/color/enabled (0.0, 0.0, 0.0, 0.0, 0.0, 0.0)
2025-12-10 00:12:59 [INFO] [BRIDGE] [LOG] osc.show_bridge.in - RECV /state/group/8/opacity (0.0,)
2025-12-10 00:12:59 [INFO] [BRIDGE] [LOG] osc.show_bridge.in - RECV /state/group/2/color/autopilot (0.0, 0.0, 0.0, 0.0, 0.0, 0.0)
2025-12-10 00:12:59 [INFO] [BRIDGE] [LOG] osc.show_bridge.in - RECV /state/group/7/intensity (0.0, 0.0, 0.0, 0.0, 0.0)
2025-12-10 00:12:59 [INFO] [BRIDGE] [LOG] osc.show_bridge.in - RECV /state/group/2/dynamic_masks/enabled (0.0, 0.0, 0.0, 0.0, 0.0, 0.0)
2025-12-10 00:12:59 [INFO] [BRIDGE] [LOG] osc.show_bridge.in - RECV /state/group/6/color/autopilot (0.0, 0.0, 0.0, 0.0, 0.0, 0.0)
2025-12-10 00:12:59 [INFO] [BRIDGE] [LOG] osc.show_bridge.in - RECV /state/group/6/transforms/autopilot (0.0, 0.0, 0.0, 0.0, 0.0)
2025-12-10 00:12:59 [INFO] [BRIDGE] [LOG] osc.show_bridge.in - RECV /state/group/2/playing/autopilot (0.0, 0.0, 0.0, 0.0, 0.0, 0.0)
2025-12-10 00:12:59 [INFO] [BRIDGE] [LOG] osc.show_bridge.in - RECV /state/group/2/color/autopilot (0.0,)
2025-12-10 00:12:59 [INFO] [BRIDGE] [LOG] osc.show_bridge.in - RECV /state/group/4/effects/enabled (0.0, 0.0, 0.0, 0.0, 0.0, 0.0)
2025-12-10 00:12:59 [INFO] [BRIDGE] [LOG] osc.show_bridge.in - RECV /state/group/2/effects/autopilot (0.0, 0.0, 0.0, 0.0, 0.0, 0.0)
2025-12-10 00:12:59 [INFO] [BRIDGE] [LOG] osc.show_bridge.in - RECV /state/group/6/effects/enabled (0.0, 0.0, 0.0, 0.0, 0.0, 0.0)
2025-12-10 00:12:59 [INFO] [BRIDGE] [LOG] osc.show_bridge.in - RECV /_samplerate (60.0,)
2025-12-10 00:12:59 [INFO] [BRIDGE] [LOG] osc.show_bridge.in - RECV /state/group/4/dynamic_masks/autopilot (0.0, 0.0, 0.0, 0.0, 0.0)
2025-12-10 00:12:59 [INFO] [BRIDGE] [LOG] osc.show_bridge.in - RECV /state/group/5/effects/autopilot (0.0, 0.0, 0.0, 0.0, 0.0, 0.0)
2025-12-10 00:12:59 [INFO] [BRIDGE] [LOG] osc.show_bridge.in - RECV /state/group/7/dynamic_masks/enabled (0.0, 0.0, 0.0, 0.0, 0.0, 0.0)
2025-12-10 00:12:59 [INFO] [BRIDGE] [LOG] osc.show_bridge.in - RECV /composition/sync (0.0, 0.0, 0.0, 0.0, 0.0, 0.0)
2025-12-10 00:12:59 [INFO] [BRIDGE] [LOG] osc.show_bridge.in - RECV /state/group/3/playing/autopilot (0.0, 0.0, 0.0, 0.0, 0.0)
2025-12-10 00:12:59 [INFO] [BRIDGE] [LOG] osc.show_bridge.in - RECV /state/group/8/playing/enabled (0.0, 0.0, 0.0, 0.0, 0.0, 0.0)
2025-12-10 00:12:59 [INFO] [BRIDGE] [LOG] osc.show_bridge.in - RECV /state/group/2/playing/enabled (0.0, 0.0, 0.0, 0.0, 0.0, 0.0)
2025-12-10 00:12:59 [INFO] [BRIDGE] [LOG] osc.show_bridge.in - RECV /state/group/8/intensity (0.0,)
2025-12-10 00:12:59 [INFO] [BRIDGE] [LOG] osc.show_bridge.in - RECV /state/group/1/opacity (0.0, 0.0, 0.0, 0.0, 0.0, 0.0)
2025-12-10 00:12:59 [INFO] [BRIDGE] [LOG] osc.show_bridge.in - RECV /state/group/2/color/enabled (0.0, 0.0, 0.0, 0.0, 0.0, 0.0)
2025-12-10 00:12:59 [INFO] [BRIDGE] [LOG] osc.show_bridge.in - RECV /state/group/7/playing/autopilot (0.0, 0.0, 0.0, 0.0, 0.0)
2025-12-10 00:12:59 [INFO] [BRIDGE] [LOG] osc.show_bridge.in - RECV /state/group/2/color/autopilot (0.0, 0.0, 0.0, 0.0, 0.0, 0.0)
2025-12-10 00:12:59 [INFO] [BRIDGE] [LOG] osc.show_bridge.in - RECV /state/group/6/color/enabled (0.0, 0.0, 0.0, 0.0, 0.0, 0.0)
2025-12-10 00:12:59 [INFO] [BRIDGE] [LOG] osc.show_bridge.in - RECV /state/group/6/transforms/enabled (0.0, 0.0, 0.0, 0.0, 0.0)
2025-12-10 00:12:59 [INFO] [BRIDGE] [LOG] osc.show_bridge.in - RECV /state/group/8/opacity (0.0, 0.0, 0.0, 0.0, 0.0, 0.0)
2025-12-10 00:12:59 [INFO] [BRIDGE] [LOG] osc.show_bridge.in - RECV /state/group/2/color/enabled (0.0,)
2025-12-10 00:12:59 [INFO] [BRIDGE] [LOG] osc.show_bridge.in - RECV /state/group/4/transforms/autopilot (0.0, 0.0, 0.0, 0.0, 0.0, 0.0)
2025-12-10 00:12:59 [INFO] [BRIDGE] [LOG] osc.show_bridge.in - RECV /state/group/2/effects/enabled (0.0, 0.0, 0.0, 0.0, 0.0, 0.0)
2025-12-10 00:12:59 [INFO] [BRIDGE] [LOG] osc.show_bridge.in - RECV /state/group/6/transforms/autopilot (0.0, 0.0, 0.0, 0.0, 0.0, 0.0)
2025-12-10 00:12:59 [INFO] [BRIDGE] [LOG] osc.show_bridge.in - RECV /state/group/4/dynamic_masks/enabled (0.0, 0.0, 0.0, 0.0, 0.0)
2025-12-10 00:12:59 [INFO] [BRIDGE] [LOG] osc.show_bridge.in - RECV /state/group/5/effects/enabled (0.0, 0.0, 0.0, 0.0, 0.0, 0.0)
2025-12-10 00:12:59 [INFO] [BRIDGE] [LOG] osc.show_bridge.in - RECV /state/group/7/color/autopilot (0.0, 0.0, 0.0, 0.0, 0.0, 0.0)
2025-12-10 00:13:00 [INFO] [BRIDGE] [LOG] osc.show_bridge.in - RECV /state/group/3/playing/enabled (0.0, 0.0, 0.0, 0.0, 0.0)
2025-12-10 00:13:00 [INFO] [BRIDGE] [LOG] osc.show_bridge.in - RECV /state/group/8/effects/autopilot (0.0, 0.0, 0.0, 0.0, 0.0, 0.0)
2025-12-10 00:13:00 [INFO] [BRIDGE] [LOG] osc.show_bridge.in - RECV /state/group/2/effects/autopilot (0.0, 0.0, 0.0, 0.0, 0.0, 0.0)
2025-12-10 00:13:00 [INFO] [BRIDGE] [LOG] osc.show_bridge.in - RECV /state/group/8/playing/autopilot (0.0,)
2025-12-10 00:13:00 [INFO] [BRIDGE] [LOG] osc.show_bridge.in - RECV /state/group/1/intensity (0.0, 0.0, 0.0, 0.0, 0.0, 0.0)
2025-12-10 00:13:00 [INFO] [BRIDGE] [LOG] osc.show_bridge.in - RECV /state/group/7/playing/enabled (0.0, 0.0, 0.0, 0.0, 0.0)
2025-12-10 00:13:00 [INFO] [BRIDGE] [LOG] osc.show_bridge.in - RECV /state/group/3/opacity (0.0, 0.0, 0.0, 0.0, 0.0, 0.7007874846458435)
2025-12-10 00:13:00 [INFO] [BRIDGE] [LOG] osc.show_bridge.in - RECV /state/group/2/color/enabled (0.0, 0.0, 0.0, 0.0, 0.0, 0.0)
2025-12-10 00:13:00 [INFO] [BRIDGE] [LOG] osc.show_bridge.in - RECV /state/group/7/opacity (0.0, 0.0, 0.0, 0.0, 0.0, 0.0)
2025-12-10 00:13:00 [INFO] [BRIDGE] [LOG] osc.show_bridge.in - RECV /state/group/6/dynamic_masks/autopilot (0.0, 0.0, 0.0, 0.0, 0.0)
2025-12-10 00:13:00 [INFO] [BRIDGE] [LOG] osc.show_bridge.in - RECV /state/group/8/intensity (0.0, 0.0, 0.0, 0.0, 0.0, 0.0)
2025-12-10 00:13:00 [INFO] [BRIDGE] [LOG] osc.show_bridge.in - RECV /state/group/3/opacity (0.7007874846458435,)
2025-12-10 00:13:00 [INFO] [BRIDGE] [LOG] osc.show_bridge.in - RECV /state/group/4/transforms/enabled (0.0, 0.0, 0.0, 0.0, 0.0, 0.0)
2025-12-10 00:13:00 [INFO] [BRIDGE] [LOG] osc.show_bridge.in - RECV /state/group/2/transforms/autopilot (0.0, 0.0, 0.0, 0.0, 0.0, 0.0)
2025-12-10 00:13:00 [INFO] [BRIDGE] [LOG] osc.show_bridge.in - RECV /state/group/6/transforms/enabled (0.0, 0.0, 0.0, 0.0, 0.0, 0.0)
2025-12-10 00:13:00 [INFO] [BRIDGE] [LOG] osc.show_bridge.in - RECV /state/group/4/color/autopilot (0.0, 0.0, 0.0, 0.0, 0.0)
2025-12-10 00:13:00 [INFO] [BRIDGE] [LOG] osc.show_bridge.in - RECV /state/group/5/transforms/autopilot (0.0, 0.0, 0.0, 0.0, 0.0, 0.0)
2025-12-10 00:13:00 [INFO] [BRIDGE] [LOG] osc.show_bridge.in - RECV /state/group/7/color/enabled (0.0, 0.0, 0.0, 0.0, 0.0, 0.0)
2025-12-10 00:13:00 [INFO] [BRIDGE] [LOG] osc.show_bridge.in - RECV /state/group/3/effects/autopilot (0.0, 0.0, 0.0, 0.0, 0.0)
2025-12-10 00:13:00 [INFO] [BRIDGE] [LOG] osc.show_bridge.in - RECV /state/group/8/effects/enabled (0.0, 0.0, 0.0, 0.0, 0.0, 0.0)
2025-12-10 00:13:00 [INFO] [BRIDGE] [LOG] osc.show_bridge.in - RECV /state/group/2/effects/enabled (0.0, 0.0, 0.0, 0.0, 0.0, 0.0)
2025-12-10 00:13:00 [INFO] [BRIDGE] [LOG] osc.show_bridge.in - RECV /state/group/8/playing/enabled (0.0,)
2025-12-10 00:13:00 [INFO] [BRIDGE] [LOG] osc.show_bridge.in - RECV /state/group/1/playing/autopilot (0.0, 0.0, 0.0, 0.0, 0.0, 0.0)
2025-12-10 00:13:00 [INFO] [BRIDGE] [LOG] osc.show_bridge.in - RECV /state/group/7/effects/autopilot (0.0, 0.0, 0.0, 0.0, 0.0)
2025-12-10 00:13:00 [INFO] [BRIDGE] [LOG] osc.show_bridge.in - RECV /state/group/3/intensity (0.0, 0.0, 0.0, 0.0, 0.0, 0.0)
2025-12-10 00:13:00 [INFO] [BRIDGE] [LOG] osc.show_bridge.in - RECV /state/group/4/color/enabled (0.0, 0.0, 0.0, 0.0, 0.0)
2025-12-10 00:13:00 [INFO] [BRIDGE] [LOG] osc.show_bridge.in - RECV /state/group/7/intensity (0.0, 0.0, 0.0, 0.0, 0.0, 0.0)
2025-12-10 00:13:00 [INFO] [BRIDGE] [LOG] osc.show_bridge.in - RECV /state/group/5/transforms/enabled (0.0, 0.0, 0.0, 0.0, 0.0, 0.0)
2025-12-10 00:13:00 [INFO] [BRIDGE] [LOG] osc.show_bridge.in - RECV /state/group/3/intensity (0.0,)
2025-12-10 00:13:00 [INFO] [BRIDGE] [LOG] osc.show_bridge.in - RECV /state/group/8/playing/autopilot (0.0, 0.0, 0.0, 0.0, 0.0, 0.0)
2025-12-10 00:13:00 [INFO] [BRIDGE] [LOG] osc.show_bridge.in - RECV /state/group/2/transforms/enabled (0.0, 0.0, 0.0, 0.0, 0.0, 0.0)
2025-12-10 00:13:00 [INFO] [BRIDGE] [LOG] osc.show_bridge.in - RECV /state/group/4/dynamic_masks/autopilot (0.0, 0.0, 0.0, 0.0, 0.0, 0.0)
2025-12-10 00:13:00 [INFO] [BRIDGE] [LOG] osc.show_bridge.in - RECV /state/group/6/dynamic_masks/autopilot (0.0, 0.0, 0.0, 0.0, 0.0, 0.0)
2025-12-10 00:13:00 [INFO] [BRIDGE] [LOG] osc.show_bridge.in - RECV /state/group/3/opacity (0.7007874846458435, 0.7007874846458435, 0.7007874846458435, 0.7007874846458435, 0.7007874846458435, 0.7007874846458435)
2025-12-10 00:13:00 [INFO] [BRIDGE] [LOG] osc.show_bridge.in - RECV /state/group/6/dynamic_masks/enabled (0.0, 0.0, 0.0, 0.0, 0.0)
2025-12-10 00:13:00 [INFO] [BRIDGE] [LOG] osc.show_bridge.in - RECV /state/group/8/opacity (0.0, 0.0, 0.0, 0.0, 0.0, 0.0)
2025-12-10 00:13:00 [INFO] [BRIDGE] [LOG] osc.show_bridge.in - RECV /state/group/3/effects/enabled (0.0, 0.0, 0.0, 0.0, 0.0)
2025-12-10 00:13:00 [INFO] [BRIDGE] [LOG] osc.show_bridge.in - RECV /state/group/8/transforms/autopilot (0.0, 0.0, 0.0, 0.0, 0.0, 0.0)
2025-12-10 00:13:00 [INFO] [BRIDGE] [LOG] osc.show_bridge.in - RECV /state/group/2/transforms/autopilot (0.0, 0.0, 0.0, 0.0, 0.0, 0.0)
2025-12-10 00:13:00 [INFO] [BRIDGE] [LOG] osc.show_bridge.in - RECV /state/group/8/effects/autopilot (0.0,)
2025-12-10 00:13:00 [INFO] [BRIDGE] [LOG] osc.show_bridge.in - RECV /state/group/1/playing/enabled (0.0, 0.0, 0.0, 0.0, 0.0, 0.0)
2025-12-10 00:13:00 [INFO] [BRIDGE] [LOG] osc.show_bridge.in - RECV /state/group/7/effects/enabled (0.0, 0.0, 0.0, 0.0, 0.0)
2025-12-10 00:13:00 [INFO] [BRIDGE] [LOG] osc.show_bridge.in - RECV /state/group/3/playing/autopilot (0.0, 0.0, 0.0, 0.0, 0.0, 0.0)
2025-12-10 00:13:00 [INFO] [BRIDGE] [LOG] osc.show_bridge.in - RECV /state/group/5/opacity (0.0, 0.0, 0.0, 0.0, 0.0)
2025-12-10 00:13:00 [INFO] [BRIDGE] [LOG] osc.show_bridge.in - RECV /state/group/7/playing/autopilot (0.0, 0.0, 0.0, 0.0, 0.0, 0.0)
2025-12-10 00:13:00 [INFO] [BRIDGE] [LOG] osc.show_bridge.in - RECV /state/group/5/dynamic_masks/autopilot (0.0, 0.0, 0.0, 0.0, 0.0, 0.0)
2025-12-10 00:13:00 [INFO] [BRIDGE] [LOG] osc.show_bridge.in - RECV /state/group/3/playing/autopilot (0.0,)
2025-12-10 00:13:00 [INFO] [BRIDGE] [LOG] osc.show_bridge.in - RECV /state/group/8/playing/enabled (0.0, 0.0, 0.0, 0.0, 0.0, 0.0)
2025-12-10 00:13:00 [INFO] [BRIDGE] [LOG] osc.show_bridge.in - RECV /state/group/2/dynamic_masks/autopilot (0.0, 0.0, 0.0, 0.0, 0.0, 0.0)
2025-12-10 00:13:00 [INFO] [BRIDGE] [LOG] osc.show_bridge.in - RECV /state/group/4/dynamic_masks/enabled (0.0, 0.0, 0.0, 0.0, 0.0, 0.0)
2025-12-10 00:13:00 [INFO] [BRIDGE] [LOG] osc.show_bridge.in - RECV /state/group/6/dynamic_masks/enabled (0.0, 0.0, 0.0, 0.0, 0.0, 0.0)
2025-12-10 00:13:00 [INFO] [BRIDGE] [LOG] osc.show_bridge.in - RECV /state/group/3/intensity (0.0, 0.0, 0.0, 0.0, 0.0, 0.0)
2025-12-10 00:13:00 [INFO] [BRIDGE] [LOG] osc.show_bridge.in - RECV /state/group/6/color/autopilot (0.0, 0.0, 0.0, 0.0, 0.0)
2025-12-10 00:13:00 [INFO] [BRIDGE] [LOG] osc.show_bridge.in - RECV /state/group/8/intensity (0.0, 0.0, 0.0, 0.0, 0.0, 0.0)
2025-12-10 00:13:00 [INFO] [BRIDGE] [LOG] osc.show_bridge.in - RECV /state/group/3/transforms/autopilot (0.0, 0.0, 0.0, 0.0, 0.0)
2025-12-10 00:13:00 [INFO] [BRIDGE] [LOG] osc.show_bridge.in - RECV /state/group/8/transforms/enabled (0.0, 0.0, 0.0, 0.0, 0.0, 0.0)
2025-12-10 00:13:00 [INFO] [BRIDGE] [LOG] osc.show_bridge.in - RECV /state/group/2/transforms/enabled (0.0, 0.0, 0.0, 0.0, 0.0, 0.0)
2025-12-10 00:13:00 [INFO] [BRIDGE] [LOG] osc.show_bridge.in - RECV /state/group/8/effects/enabled (0.0,)
2025-12-10 00:13:00 [INFO] [BRIDGE] [LOG] osc.show_bridge.in - RECV /state/group/1/effects/autopilot (0.0, 0.0, 0.0, 0.0, 0.0, 0.0)
2025-12-10 00:13:00 [INFO] [BRIDGE] [LOG] osc.show_bridge.in - RECV /state/group/7/transforms/autopilot (0.0, 0.0, 0.0, 0.0, 0.0)
2025-12-10 00:13:00 [INFO] [BRIDGE] [LOG] osc.show_bridge.in - RECV /state/group/3/playing/enabled (0.0, 0.0, 0.0, 0.0, 0.0, 0.0)
2025-12-10 00:13:00 [INFO] [BRIDGE] [LOG] osc.show_bridge.in - RECV /state/group/5/intensity (0.0, 0.0, 0.0, 0.0, 0.0)
2025-12-10 00:13:00 [INFO] [BRIDGE] [LOG] osc.show_bridge.in - RECV /state/group/7/playing/enabled (0.0, 0.0, 0.0, 0.0, 0.0, 0.0)
2025-12-10 00:13:00 [INFO] [BRIDGE] [LOG] osc.show_bridge.in - RECV /state/group/5/dynamic_masks/enabled (0.0, 0.0, 0.0, 0.0, 0.0, 0.0)
2025-12-10 00:13:00 [INFO] [BRIDGE] [LOG] osc.show_bridge.in - RECV /state/group/3/playing/enabled (0.0,)
2025-12-10 00:13:00 [INFO] [BRIDGE] [LOG] osc.show_bridge.in - RECV /state/group/8/effects/autopilot (0.0, 0.0, 0.0, 0.0, 0.0, 0.0)
2025-12-10 00:13:00 [INFO] [BRIDGE] [LOG] osc.show_bridge.in - RECV /state/group/2/dynamic_masks/enabled (0.0, 0.0, 0.0, 0.0, 0.0, 0.0)
2025-12-10 00:13:00 [INFO] [BRIDGE] [LOG] osc.show_bridge.in - RECV /state/group/4/color/autopilot (0.0, 0.0, 0.0, 0.0, 0.0, 0.0)
2025-12-10 00:13:00 [INFO] [BRIDGE] [LOG] osc.show_bridge.in - RECV /state/group/6/color/autopilot (0.0, 0.0, 0.0, 0.0, 0.0, 0.0)
2025-12-10 00:13:00 [INFO] [BRIDGE] [LOG] osc.show_bridge.in - RECV /state/group/3/playing/autopilot (0.0, 0.0, 0.0, 0.0, 0.0, 0.0)
2025-12-10 00:13:00 [INFO] [BRIDGE] [LOG] osc.show_bridge.in - RECV /state/group/6/color/enabled (0.0, 0.0, 0.0, 0.0, 0.0)
2025-12-10 00:13:00 [INFO] [BRIDGE] [LOG] osc.show_bridge.in - RECV /state/group/8/playing/autopilot (0.0, 0.0, 0.0, 0.0, 0.0, 0.0)
2025-12-10 00:13:00 [INFO] [BRIDGE] [LOG] osc.show_bridge.in - RECV /state/group/3/transforms/enabled (0.0, 0.0, 0.0, 0.0, 0.0)
2025-12-10 00:13:00 [INFO] [BRIDGE] [LOG] osc.show_bridge.in - RECV /state/group/8/dynamic_masks/autopilot (0.0, 0.0, 0.0, 0.0, 0.0, 0.0)
2025-12-10 00:13:00 [INFO] [BRIDGE] [LOG] osc.show_bridge.in - RECV /state/group/2/dynamic_masks/autopilot (0.0, 0.0, 0.0, 0.0, 0.0, 0.0)
2025-12-10 00:13:00 [INFO] [BRIDGE] [LOG] osc.show_bridge.in - RECV /state/group/8/transforms/autopilot (0.0,)
2025-12-10 00:13:00 [INFO] [BRIDGE] [LOG] osc.show_bridge.in - RECV /state/group/1/effects/enabled (0.0, 0.0, 0.0, 0.0, 0.0, 0.0)
2025-12-10 00:13:00 [INFO] [BRIDGE] [LOG] osc.show_bridge.in - RECV /state/group/7/transforms/enabled (0.0, 0.0, 0.0, 0.0, 0.0)
2025-12-10 00:13:00 [INFO] [BRIDGE] [LOG] osc.show_bridge.in - RECV /state/group/3/effects/autopilot (0.0, 0.0, 0.0, 0.0, 0.0, 0.0)
2025-12-10 00:13:00 [INFO] [BRIDGE] [LOG] osc.show_bridge.in - RECV /state/group/5/playing/autopilot (0.0, 0.0, 0.0, 0.0, 0.0)
2025-12-10 00:13:00 [INFO] [BRIDGE] [LOG] osc.show_bridge.in - RECV /state/group/7/effects/autopilot (0.0, 0.0, 0.0, 0.0, 0.0, 0.0)
2025-12-10 00:13:00 [INFO] [BRIDGE] [LOG] osc.show_bridge.in - RECV /state/group/5/color/autopilot (0.0, 0.0, 0.0, 0.0, 0.0, 0.0)
2025-12-10 00:13:00 [INFO] [BRIDGE] [LOG] osc.show_bridge.in - RECV /state/group/3/effects/autopilot (0.0,)
2025-12-10 00:13:00 [INFO] [BRIDGE] [LOG] osc.show_bridge.in - RECV /state/group/8/effects/enabled (0.0, 0.0, 0.0, 0.0, 0.0, 0.0)
2025-12-10 00:13:00 [INFO] [BRIDGE] [LOG] osc.show_bridge.in - RECV /state/group/2/color/autopilot (0.0, 0.0, 0.0, 0.0, 0.0, 0.0)
2025-12-10 00:13:00 [INFO] [BRIDGE] [LOG] osc.show_bridge.in - RECV /state/group/4/color/enabled (0.0, 0.0, 0.0, 0.0, 0.0, 0.0)
2025-12-10 00:13:00 [INFO] [BRIDGE] [LOG] osc.show_bridge.in - RECV /state/group/6/color/enabled (0.0, 0.0, 0.0, 0.0, 0.0, 0.0)
2025-12-10 00:13:00 [INFO] [BRIDGE] [LOG] osc.show_bridge.in - RECV /state/group/3/playing/enabled (0.0, 0.0, 0.0, 0.0, 0.0, 0.0)
2025-12-10 00:13:00 [INFO] [BRIDGE] [LOG] osc.show_bridge.in - RECV /state/group/7/opacity (0.0, 0.0, 0.0, 0.0, 0.0)
2025-12-10 00:13:00 [INFO] [BRIDGE] [LOG] osc.show_bridge.in - RECV /state/group/8/playing/enabled (0.0, 0.0, 0.0, 0.0, 0.0, 0.0)
2025-12-10 00:13:00 [INFO] [BRIDGE] [LOG] osc.show_bridge.in - RECV /state/group/3/dynamic_masks/autopilot (0.0, 0.0, 0.0, 0.0, 0.0)
2025-12-10 00:13:00 [INFO] [BRIDGE] [LOG] osc.show_bridge.in - RECV /state/group/8/dynamic_masks/enabled (0.0, 0.0, 0.0, 0.0, 0.0, 0.0)
2025-12-10 00:13:00 [INFO] [BRIDGE] [LOG] osc.show_bridge.in - RECV /state/group/2/dynamic_masks/enabled (0.0, 0.0, 0.0, 0.0, 0.0, 0.0)
2025-12-10 00:13:00 [INFO] [BRIDGE] [LOG] osc.show_bridge.in - RECV /state/group/8/transforms/enabled (0.0,)
2025-12-10 00:13:00 [INFO] [BRIDGE] [LOG] osc.show_bridge.in - RECV /state/group/1/transforms/autopilot (0.0, 0.0, 0.0, 0.0, 0.0, 0.0)
2025-12-10 00:13:00 [INFO] [BRIDGE] [LOG] osc.show_bridge.in - RECV /state/group/7/dynamic_masks/autopilot (0.0, 0.0, 0.0, 0.0, 0.0)
2025-12-10 00:13:00 [INFO] [BRIDGE] [LOG] osc.show_bridge.in - RECV /state/group/3/effects/enabled (0.0, 0.0, 0.0, 0.0, 0.0, 0.0)
2025-12-10 00:13:00 [INFO] [BRIDGE] [LOG] osc.show_bridge.in - RECV /state/group/5/playing/enabled (0.0, 0.0, 0.0, 0.0, 0.0)
2025-12-10 00:13:00 [INFO] [BRIDGE] [LOG] osc.show_bridge.in - RECV /state/group/7/effects/enabled (0.0, 0.0, 0.0, 0.0, 0.0, 0.0)
2025-12-10 00:13:00 [INFO] [BRIDGE] [LOG] osc.show_bridge.in - RECV /state/group/5/color/enabled (0.0, 0.0, 0.0, 0.0, 0.0, 0.0)
2025-12-10 00:13:00 [INFO] [BRIDGE] [LOG] osc.show_bridge.in - RECV /state/group/3/effects/enabled (0.0,)
2025-12-10 00:13:00 [INFO] [BRIDGE] [LOG] osc.show_bridge.in - RECV /state/group/8/transforms/autopilot (0.0, 0.0, 0.0, 0.0, 0.0, 0.0)
2025-12-10 00:13:00 [INFO] [BRIDGE] [LOG] osc.show_bridge.in - RECV /state/group/2/color/enabled (0.0, 0.0, 0.0, 0.0, 0.0, 0.0)
2025-12-10 00:13:00 [INFO] [BRIDGE] [LOG] osc.show_bridge.in - RECV /state/group/5/opacity (0.0, 0.0, 0.0, 0.0, 0.0, 0.0)
2025-12-10 00:13:00 [INFO] [BRIDGE] [LOG] osc.show_bridge.in - RECV /state/group/7/opacity (0.0, 0.0, 0.0, 0.0, 0.0, 0.0)
2025-12-10 00:13:00 [INFO] [BRIDGE] [LOG] osc.show_bridge.in - RECV /state/group/3/effects/autopilot (0.0, 0.0, 0.0, 0.0, 0.0, 0.0)
2025-12-10 00:13:00 [INFO] [BRIDGE] [LOG] osc.show_bridge.in - RECV /state/group/7/intensity (0.0, 0.0, 0.0, 0.0, 0.0)
2025-12-10 00:13:00 [INFO] [BRIDGE] [LOG] osc.show_bridge.in - RECV /state/group/8/effects/autopilot (0.0, 0.0, 0.0, 0.0, 0.0, 0.0)
2025-12-10 00:13:00 [INFO] [BRIDGE] [LOG] osc.show_bridge.in - RECV /state/group/1/transforms/enabled (0.0, 0.0, 0.0, 0.0, 0.0, 0.0)
2025-12-10 00:13:00 [INFO] [BRIDGE] [LOG] osc.show_bridge.in - RECV /state/group/3/dynamic_masks/enabled (0.0, 0.0, 0.0, 0.0, 0.0)
2025-12-10 00:13:00 [INFO] [BRIDGE] [LOG] osc.show_bridge.in - RECV /_samplerate (60.0,)
2025-12-10 00:13:00 [INFO] [BRIDGE] [LOG] osc.show_bridge.in - RECV /state/group/8/color/autopilot (0.0, 0.0, 0.0, 0.0, 0.0, 0.0)
2025-12-10 00:13:00 [INFO] [BRIDGE] [LOG] osc.show_bridge.in - RECV /state/group/2/color/autopilot (0.0, 0.0, 0.0, 0.0, 0.0, 0.0)
2025-12-10 00:13:00 [INFO] [BRIDGE] [LOG] osc.show_bridge.in - RECV /state/group/8/dynamic_masks/autopilot (0.0,)
2025-12-10 00:13:00 [INFO] [BRIDGE] [LOG] osc.show_bridge.in - RECV /state/group/3/transforms/autopilot (0.0, 0.0, 0.0, 0.0, 0.0, 0.0)
2025-12-10 00:13:00 [INFO] [BRIDGE] [LOG] osc.show_bridge.in - RECV /state/group/5/effects/autopilot (0.0, 0.0, 0.0, 0.0, 0.0)
2025-12-10 00:13:00 [INFO] [BRIDGE] [LOG] osc.show_bridge.in - RECV /composition/sync (0.0, 0.0, 0.0, 0.0, 0.0, 0.0)
2025-12-10 00:13:00 [INFO] [BRIDGE] [LOG] osc.show_bridge.in - RECV /state/group/7/transforms/autopilot (0.0, 0.0, 0.0, 0.0, 0.0, 0.0)
2025-12-10 00:13:00 [INFO] [BRIDGE] [LOG] osc.show_bridge.in - RECV /state/group/6/opacity (0.0, 0.0, 0.0, 0.0, 0.0, 0.0)
2025-12-10 00:13:00 [INFO] [BRIDGE] [LOG] osc.show_bridge.in - RECV /state/group/3/transforms/autopilot (0.0,)
2025-12-10 00:13:00 [INFO] [BRIDGE] [LOG] osc.show_bridge.in - RECV /state/group/8/transforms/enabled (0.0, 0.0, 0.0, 0.0, 0.0, 0.0)
2025-12-10 00:13:00 [INFO] [BRIDGE] [LOG] osc.show_bridge.in - RECV /state/group/3/opacity (0.0, 0.7007875442504883, 0.0, 0.0, 0.0, 0.0)
2025-12-10 00:13:00 [INFO] [BRIDGE] [LOG] osc.show_bridge.in - RECV /state/group/5/intensity (0.0, 0.0, 0.0, 0.0, 0.0, 0.0)
2025-12-10 00:13:00 [INFO] [BRIDGE] [LOG] osc.show_bridge.in - RECV /state/group/7/intensity (0.0, 0.0, 0.0, 0.0, 0.0, 0.0)
2025-12-10 00:13:00 [INFO] [BRIDGE] [LOG] osc.show_bridge.in - RECV /state/group/3/effects/enabled (0.0, 0.0, 0.0, 0.0, 0.0, 0.0)
2025-12-10 00:13:00 [INFO] [BRIDGE] [LOG] osc.show_bridge.in - RECV /state/group/7/playing/autopilot (0.0, 0.0, 0.0, 0.0, 0.0)
2025-12-10 00:13:00 [INFO] [BRIDGE] [LOG] osc.show_bridge.in - RECV /state/group/7/dynamic_masks/enabled (0.0, 0.0, 0.0, 0.0, 0.0)
2025-12-10 00:13:00 [INFO] [BRIDGE] [LOG] osc.show_bridge.in - RECV /state/group/8/effects/enabled (0.0, 0.0, 0.0, 0.0, 0.0, 0.0)
2025-12-10 00:13:00 [INFO] [BRIDGE] [LOG] osc.show_bridge.in - RECV /state/group/1/opacity (0.0, 0.0, 0.0, 0.0, 0.0, 0.0)
2025-12-10 00:13:00 [INFO] [BRIDGE] [LOG] osc.show_bridge.in - RECV /state/group/1/dynamic_masks/autopilot (0.0, 0.0, 0.0, 0.0, 0.0, 0.0)
2025-12-10 00:13:00 [INFO] [BRIDGE] [LOG] osc.show_bridge.in - RECV /state/group/3/color/autopilot (0.0, 0.0, 0.0, 0.0, 0.0)
2025-12-10 00:13:00 [INFO] [BRIDGE] [LOG] osc.show_bridge.in - RECV /state/group/8/color/enabled (0.0, 0.0, 0.0, 0.0, 0.0, 0.0)
2025-12-10 00:13:00 [INFO] [BRIDGE] [LOG] osc.show_bridge.in - RECV /state/group/2/color/enabled (0.0, 0.0, 0.0, 0.0, 0.0, 0.0)
2025-12-10 00:13:00 [INFO] [BRIDGE] [LOG] osc.show_bridge.in - RECV /state/group/8/dynamic_masks/enabled (0.0,)
2025-12-10 00:13:00 [INFO] [BRIDGE] [LOG] osc.show_bridge.in - RECV /state/group/3/transforms/enabled (0.0, 0.0, 0.0, 0.0, 0.0, 0.0)
2025-12-10 00:13:00 [INFO] [BRIDGE] [LOG] osc.show_bridge.in - RECV /state/group/5/effects/enabled (0.0, 0.0, 0.0, 0.0, 0.0)
2025-12-10 00:13:00 [INFO] [BRIDGE] [LOG] osc.show_bridge.in - RECV /state/group/7/transforms/enabled (0.0, 0.0, 0.0, 0.0, 0.0, 0.0)
2025-12-10 00:13:00 [INFO] [BRIDGE] [LOG] osc.show_bridge.in - RECV /state/group/6/intensity (0.0, 0.0, 0.0, 0.0, 0.0, 0.0)
2025-12-10 00:13:00 [INFO] [BRIDGE] [LOG] osc.show_bridge.in - RECV /state/group/3/transforms/enabled (0.0,)
2025-12-10 00:13:00 [INFO] [BRIDGE] [LOG] osc.show_bridge.in - RECV /state/group/8/dynamic_masks/autopilot (0.0, 0.0, 0.0, 0.0, 0.0, 0.0)
2025-12-10 00:13:00 [INFO] [BRIDGE] [LOG] osc.show_bridge.in - RECV /state/group/3/intensity (0.0, 0.0, 0.0, 0.0, 0.0, 0.0)
2025-12-10 00:13:00 [INFO] [BRIDGE] [LOG] osc.show_bridge.in - RECV /state/group/5/playing/autopilot (0.0, 0.0, 0.0, 0.0, 0.0, 0.0)
2025-12-10 00:13:00 [INFO] [BRIDGE] [LOG] osc.show_bridge.in - RECV /state/group/7/playing/autopilot (0.0, 0.0, 0.0, 0.0, 0.0, 0.0)
2025-12-10 00:13:00 [INFO] [BRIDGE] [LOG] osc.show_bridge.in - RECV /state/group/3/transforms/autopilot (0.0, 0.0, 0.0, 0.0, 0.0, 0.0)
2025-12-10 00:13:00 [INFO] [BRIDGE] [LOG] osc.show_bridge.in - RECV /state/group/7/playing/enabled (0.0, 0.0, 0.0, 0.0, 0.0)
2025-12-10 00:13:00 [INFO] [BRIDGE] [LOG] osc.show_bridge.in - RECV /state/group/7/color/autopilot (0.0, 0.0, 0.0, 0.0, 0.0)
2025-12-10 00:13:00 [INFO] [BRIDGE] [LOG] osc.show_bridge.in - RECV /state/group/8/transforms/autopilot (0.0, 0.0, 0.0, 0.0, 0.0, 0.0)
2025-12-10 00:13:00 [INFO] [BRIDGE] [LOG] osc.show_bridge.in - RECV /state/group/1/intensity (0.0, 0.0, 0.0, 0.0, 0.0, 0.0)
2025-12-10 00:13:00 [INFO] [BRIDGE] [LOG] osc.show_bridge.in - RECV /state/group/1/dynamic_masks/enabled (0.0, 0.0, 0.0, 0.0, 0.0, 0.0)
2025-12-10 00:13:00 [INFO] [BRIDGE] [LOG] osc.show_bridge.in - RECV /state/group/3/color/enabled (0.0, 0.0, 0.0, 0.0, 0.0)
2025-12-10 00:13:00 [INFO] [BRIDGE] [LOG] osc.show_bridge.in - RECV /state/group/3/opacity (0.0, 0.0, 0.0, 0.0, 0.0, 0.0)
2025-12-10 00:13:00 [INFO] [BRIDGE] [LOG] osc.show_bridge.in - RECV /state/group/8/color/autopilot (0.0,)
2025-12-10 00:13:00 [INFO] [BRIDGE] [LOG] osc.show_bridge.in - RECV /state/group/3/dynamic_masks/autopilot (0.0, 0.0, 0.0, 0.0, 0.0, 0.0)
2025-12-10 00:13:00 [INFO] [BRIDGE] [LOG] osc.show_bridge.in - RECV /state/group/5/transforms/autopilot (0.0, 0.0, 0.0, 0.0, 0.0)
2025-12-10 00:13:00 [INFO] [BRIDGE] [LOG] osc.show_bridge.in - RECV /state/group/7/dynamic_masks/autopilot (0.0, 0.0, 0.0, 0.0, 0.0, 0.0)
2025-12-10 00:13:00 [INFO] [BRIDGE] [LOG] osc.show_bridge.in - RECV /state/group/6/playing/autopilot (0.0, 0.0, 0.0, 0.0, 0.0, 0.0)
2025-12-10 00:13:00 [INFO] [BRIDGE] [LOG] osc.show_bridge.in - RECV /state/group/3/dynamic_masks/autopilot (0.0,)
2025-12-10 00:13:00 [INFO] [BRIDGE] [LOG] osc.show_bridge.in - RECV /state/group/8/dynamic_masks/enabled (0.0, 0.0, 0.0, 0.0, 0.0, 0.0)
2025-12-10 00:13:00 [INFO] [BRIDGE] [LOG] osc.show_bridge.in - RECV /state/group/3/playing/autopilot (0.0, 0.0, 0.0, 0.0, 0.0, 0.0)
2025-12-10 00:13:00 [INFO] [BRIDGE] [LOG] osc.show_bridge.in - RECV /state/group/5/playing/enabled (0.0, 0.0, 0.0, 0.0, 0.0, 0.0)
2025-12-10 00:13:00 [INFO] [BRIDGE] [LOG] osc.show_bridge.in - RECV /state/group/7/playing/enabled (0.0, 0.0, 0.0, 0.0, 0.0, 0.0)
2025-12-10 00:13:00 [INFO] [BRIDGE] [LOG] osc.show_bridge.in - RECV /state/group/3/transforms/enabled (0.0, 0.0, 0.0, 0.0, 0.0, 0.0)
2025-12-10 00:13:00 [INFO] [BRIDGE] [LOG] osc.show_bridge.in - RECV /state/group/7/effects/autopilot (0.0, 0.0, 0.0, 0.0, 0.0)
2025-12-10 00:13:00 [INFO] [BRIDGE] [LOG] osc.show_bridge.in - RECV /state/group/7/color/enabled (0.0, 0.0, 0.0, 0.0, 0.0)
2025-12-10 00:13:00 [INFO] [BRIDGE] [LOG] osc.show_bridge.in - RECV /state/group/8/transforms/enabled (0.0, 0.0, 0.0, 0.0, 0.0, 0.0)
2025-12-10 00:13:00 [INFO] [BRIDGE] [LOG] osc.show_bridge.in - RECV /state/group/1/playing/autopilot (0.0, 0.0, 0.0, 0.0, 0.0, 0.0)
2025-12-10 00:13:00 [INFO] [BRIDGE] [LOG] osc.show_bridge.in - RECV /state/group/1/color/autopilot (0.0, 0.0, 0.0, 0.0, 0.0, 0.0)
2025-12-10 00:13:00 [INFO] [BRIDGE] [LOG] osc.show_bridge.in - RECV /state/group/4/opacity (0.6299213171005249, 0.6299213171005249, 0.0, 0.0, 0.0)
2025-12-10 00:13:00 [INFO] [BRIDGE] [LOG] osc.show_bridge.in - RECV /state/group/3/intensity (0.0, 0.0, 0.0, 0.0, 0.0, 0.0)
2025-12-10 00:13:00 [INFO] [BRIDGE] [LOG] osc.show_bridge.in - RECV /state/group/8/color/enabled (0.0,)
2025-12-10 00:13:00 [INFO] [BRIDGE] [LOG] osc.show_bridge.in - RECV /state/group/3/dynamic_masks/enabled (0.0, 0.0, 0.0, 0.0, 0.0, 0.0)
2025-12-10 00:13:00 [INFO] [BRIDGE] [LOG] osc.show_bridge.in - RECV /state/group/5/transforms/enabled (0.0, 0.0, 0.0, 0.0, 0.0)
2025-12-10 00:13:00 [INFO] [BRIDGE] [LOG] osc.show_bridge.in - RECV /state/group/7/dynamic_masks/enabled (0.0, 0.0, 0.0, 0.0, 0.0, 0.0)
2025-12-10 00:13:00 [INFO] [BRIDGE] [LOG] osc.show_bridge.in - RECV /state/group/6/playing/enabled (0.0, 0.0, 0.0, 0.0, 0.0, 0.0)
2025-12-10 00:13:00 [INFO] [BRIDGE] [LOG] osc.show_bridge.in - RECV /state/group/3/dynamic_masks/enabled (0.0,)
2025-12-10 00:13:00 [INFO] [BRIDGE] [LOG] osc.show_bridge.in - RECV /state/group/8/color/autopilot (0.0, 0.0, 0.0, 0.0, 0.0, 0.0)
2025-12-10 00:13:00 [INFO] [BRIDGE] [LOG] osc.show_bridge.in - RECV /state/group/3/playing/enabled (0.0, 0.0, 0.0, 0.0, 0.0, 0.0)
2025-12-10 00:13:00 [INFO] [BRIDGE] [LOG] osc.show_bridge.in - RECV /state/group/5/effects/autopilot (0.0, 0.0, 0.0, 0.0, 0.0, 0.0)
2025-12-10 00:13:00 [INFO] [BRIDGE] [LOG] osc.show_bridge.in - RECV /state/group/7/effects/autopilot (0.0, 0.0, 0.0, 0.0, 0.0, 0.0)
2025-12-10 00:13:00 [INFO] [BRIDGE] [LOG] osc.show_bridge.in - RECV /state/group/3/dynamic_masks/autopilot (0.0, 0.0, 0.0, 0.0, 0.0, 0.0)
2025-12-10 00:13:00 [INFO] [BRIDGE] [LOG] osc.show_bridge.in - RECV /state/group/7/effects/enabled (0.0, 0.0, 0.0, 0.0, 0.0)
2025-12-10 00:13:00 [INFO] [BRIDGE] [LOG] osc.show_bridge.in - RECV /state/group/8/opacity (0.0, 0.0, 0.0, 0.0, 0.0)
2025-12-10 00:13:00 [INFO] [BRIDGE] [LOG] osc.show_bridge.in - RECV /state/group/8/dynamic_masks/autopilot (0.0, 0.0, 0.0, 0.0, 0.0, 0.0)
2025-12-10 00:13:00 [INFO] [BRIDGE] [LOG] osc.show_bridge.in - RECV /state/group/1/playing/enabled (0.0, 0.0, 0.0, 0.0, 0.0, 0.0)
2025-12-10 00:13:00 [INFO] [BRIDGE] [LOG] osc.show_bridge.in - RECV /state/group/1/color/enabled (0.0, 0.0, 0.0, 0.0, 0.0, 0.0)
2025-12-10 00:13:00 [INFO] [BRIDGE] [LOG] osc.show_bridge.in - RECV /state/group/4/intensity (0.0, 0.0, 0.0, 0.0, 0.0)
2025-12-10 00:13:00 [INFO] [BRIDGE] [LOG] osc.show_bridge.in - RECV /state/group/3/playing/autopilot (0.0, 0.0, 0.0, 0.0, 0.0, 0.0)
2025-12-10 00:13:00 [INFO] [BRIDGE] [LOG] osc.show_bridge.in - RECV /state/group/3/color/autopilot (0.0, 0.0, 0.0, 0.0, 0.0, 0.0)
2025-12-10 00:13:00 [INFO] [BRIDGE] [LOG] osc.show_bridge.in - RECV /state/group/5/dynamic_masks/autopilot (0.0, 0.0, 0.0, 0.0, 0.0)
2025-12-10 00:13:00 [INFO] [BRIDGE] [LOG] osc.show_bridge.in - RECV /state/group/7/color/autopilot (0.0, 0.0, 0.0, 0.0, 0.0, 0.0)
2025-12-10 00:13:00 [INFO] [BRIDGE] [LOG] osc.show_bridge.in - RECV /state/group/6/effects/autopilot (0.0, 0.0, 0.0, 0.0, 0.0, 0.0)
2025-12-10 00:13:00 [INFO] [BRIDGE] [LOG] osc.show_bridge.in - RECV /_samplerate (60.0,)
2025-12-10 00:13:00 [INFO] [BRIDGE] [LOG] osc.show_bridge.in - RECV /state/group/3/color/autopilot (0.0,)
2025-12-10 00:13:00 [INFO] [BRIDGE] [LOG] osc.show_bridge.in - RECV /state/group/8/color/enabled (0.0, 0.0, 0.0, 0.0, 0.0, 0.0)
2025-12-10 00:13:00 [INFO] [BRIDGE] [LOG] osc.show_bridge.in - RECV /state/group/3/effects/autopilot (0.0, 0.0, 0.0, 0.0, 0.0, 0.0)
2025-12-10 00:13:00 [INFO] [BRIDGE] [LOG] osc.show_bridge.in - RECV /state/group/5/effects/enabled (0.0, 0.0, 0.0, 0.0, 0.0, 0.0)
2025-12-10 00:13:00 [INFO] [BRIDGE] [LOG] osc.show_bridge.in - RECV /state/group/7/effects/enabled (0.0, 0.0, 0.0, 0.0, 0.0, 0.0)
2025-12-10 00:13:00 [INFO] [BRIDGE] [LOG] osc.show_bridge.in - RECV /state/group/3/dynamic_masks/enabled (0.0, 0.0, 0.0, 0.0, 0.0, 0.0)
2025-12-10 00:13:00 [INFO] [BRIDGE] [LOG] osc.show_bridge.in - RECV /state/group/7/transforms/autopilot (0.0, 0.0, 0.0, 0.0, 0.0)
2025-12-10 00:13:00 [INFO] [BRIDGE] [LOG] osc.show_bridge.in - RECV /state/group/8/intensity (0.0, 0.0, 0.0, 0.0, 0.0)
2025-12-10 00:13:00 [INFO] [BRIDGE] [LOG] osc.show_bridge.in - RECV /state/group/8/dynamic_masks/enabled (0.0, 0.0, 0.0, 0.0, 0.0, 0.0)
2025-12-10 00:13:00 [INFO] [BRIDGE] [LOG] osc.show_bridge.in - RECV /state/group/1/effects/autopilot (0.0, 0.0, 0.0, 0.0, 0.0, 0.0)
2025-12-10 00:13:00 [INFO] [BRIDGE] [LOG] osc.show_bridge.in - RECV /composition/sync (0.0, 0.0, 0.0, 0.0, 0.0)
2025-12-10 00:13:00 [INFO] [BRIDGE] [LOG] osc.show_bridge.in - RECV /state/group/2/opacity (0.0, 0.0, 0.0, 0.0, 0.0, 0.0)
2025-12-10 00:13:00 [INFO] [BRIDGE] [LOG] osc.show_bridge.in - RECV /state/group/4/playing/autopilot (0.0, 0.0, 0.0, 0.0, 0.0)
2025-12-10 00:13:00 [INFO] [BRIDGE] [LOG] osc.show_bridge.in - RECV /state/group/1/opacity (0.0, 0.0, 0.0, 0.0, 0.0)
2025-12-10 00:13:00 [INFO] [BRIDGE] [LOG] osc.show_bridge.in - RECV /state/group/3/playing/enabled (0.0, 0.0, 0.0, 0.0, 0.0, 0.0)
2025-12-10 00:13:00 [INFO] [BRIDGE] [LOG] osc.show_bridge.in - RECV /state/group/3/color/enabled (0.0, 0.0, 0.0, 0.0, 0.0, 0.0)
2025-12-10 00:13:00 [INFO] [BRIDGE] [LOG] osc.show_bridge.in - RECV /state/group/5/dynamic_masks/enabled (0.0, 0.0, 0.0, 0.0, 0.0)
2025-12-10 00:13:00 [INFO] [BRIDGE] [LOG] osc.show_bridge.in - RECV /state/group/7/color/enabled (0.0, 0.0, 0.0, 0.0, 0.0, 0.0)
2025-12-10 00:13:00 [INFO] [BRIDGE] [LOG] osc.show_bridge.in - RECV /state/group/6/effects/enabled (0.0, 0.0, 0.0, 0.0, 0.0, 0.0)
2025-12-10 00:13:00 [INFO] [BRIDGE] [LOG] osc.show_bridge.in - RECV /state/group/3/color/enabled (0.0,)
2025-12-10 00:13:00 [INFO] [BRIDGE] [LOG] osc.show_bridge.in - RECV /state/group/3/effects/enabled (0.0, 0.0, 0.0, 0.0, 0.0, 0.0)
2025-12-10 00:13:00 [INFO] [BRIDGE] [LOG] osc.show_bridge.in - RECV /state/group/5/transforms/autopilot (0.0, 0.0, 0.0, 0.0, 0.0, 0.0)
2025-12-10 00:13:00 [INFO] [BRIDGE] [LOG] osc.show_bridge.in - RECV /state/group/7/transforms/autopilot (0.0, 0.0, 0.0, 0.0, 0.0, 0.0)
2025-12-10 00:13:00 [INFO] [BRIDGE] [LOG] osc.show_bridge.in - RECV /state/group/3/color/autopilot (0.0, 0.0, 0.0, 0.0, 0.0, 0.0)
2025-12-10 00:13:00 [INFO] [BRIDGE] [LOG] osc.show_bridge.in - RECV /state/group/7/transforms/enabled (0.0, 0.0, 0.0, 0.0, 0.0)
2025-12-10 00:13:00 [INFO] [BRIDGE] [LOG] osc.show_bridge.in - RECV /state/group/8/playing/autopilot (0.0, 0.0, 0.0, 0.0, 0.0)
2025-12-10 00:13:00 [INFO] [BRIDGE] [LOG] osc.show_bridge.in - RECV /state/group/8/color/autopilot (0.0, 0.0, 0.0, 0.0, 0.0, 0.0)
2025-12-10 00:13:00 [INFO] [BRIDGE] [LOG] osc.show_bridge.in - RECV /state/group/1/effects/enabled (0.0, 0.0, 0.0, 0.0, 0.0, 0.0)
2025-12-10 00:13:00 [INFO] [BRIDGE] [LOG] osc.show_bridge.in - RECV /state/group/2/intensity (0.0, 0.0, 0.0, 0.0, 0.0, 0.0)
2025-12-10 00:13:00 [INFO] [BRIDGE] [LOG] osc.show_bridge.in - RECV /state/group/4/playing/enabled (0.0, 0.0, 0.0, 0.0, 0.0)
2025-12-10 00:13:00 [INFO] [BRIDGE] [LOG] osc.show_bridge.in - RECV /state/group/1/intensity (0.0, 0.0, 0.0, 0.0, 0.0)
2025-12-10 00:13:00 [INFO] [BRIDGE] [LOG] osc.show_bridge.in - RECV /state/group/3/effects/autopilot (0.0, 0.0, 0.0, 0.0, 0.0, 0.0)
2025-12-10 00:13:00 [INFO] [BRIDGE] [LOG] osc.show_bridge.in - RECV /state/group/4/opacity (0.0, 0.0, 0.0, 0.0, 0.0, 0.0)
2025-12-10 00:13:00 [INFO] [BRIDGE] [LOG] osc.show_bridge.in - RECV /_samplerate (60.0,)
2025-12-10 00:13:00 [INFO] [BRIDGE] [LOG] osc.show_bridge.in - RECV /state/group/5/color/autopilot (0.0, 0.0, 0.0, 0.0, 0.0)
2025-12-10 00:13:00 [INFO] [BRIDGE] [LOG] osc.show_bridge.in - RECV /state/group/8/opacity (0.0, 0.0, 0.0, 0.0, 0.0, 0.0)
2025-12-10 00:13:00 [INFO] [BRIDGE] [LOG] osc.show_bridge.in - RECV /state/group/6/transforms/autopilot (0.0, 0.0, 0.0, 0.0, 0.0, 0.0)
2025-12-10 00:13:00 [INFO] [BRIDGE] [LOG] osc.show_bridge.in - RECV /state/group/4/opacity (0.0,)
2025-12-10 00:13:00 [INFO] [BRIDGE] [LOG] osc.show_bridge.in - RECV /state/group/3/transforms/autopilot (0.0, 0.0, 0.0, 0.0, 0.0, 0.0)
2025-12-10 00:13:00 [INFO] [BRIDGE] [LOG] osc.show_bridge.in - RECV /state/group/5/transforms/enabled (0.0, 0.0, 0.0, 0.0, 0.0, 0.0)
2025-12-10 00:13:00 [INFO] [BRIDGE] [LOG] osc.show_bridge.in - RECV /state/group/7/transforms/enabled (0.0, 0.0, 0.0, 0.0, 0.0, 0.0)
2025-12-10 00:13:00 [INFO] [BRIDGE] [LOG] osc.show_bridge.in - RECV /state/group/3/color/enabled (0.0, 0.0, 0.0, 0.0, 0.0, 0.0)
2025-12-10 00:13:00 [INFO] [BRIDGE] [LOG] osc.show_bridge.in - RECV /state/group/7/dynamic_masks/autopilot (0.0, 0.0, 0.0, 0.0, 0.0)
2025-12-10 00:13:00 [INFO] [BRIDGE] [LOG] osc.show_bridge.in - RECV /state/group/8/playing/enabled (0.0, 0.0, 0.0, 0.0, 0.0)
2025-12-10 00:13:00 [INFO] [BRIDGE] [LOG] osc.show_bridge.in - RECV /state/group/8/color/enabled (0.0, 0.0, 0.0, 0.0, 0.0, 0.0)
2025-12-10 00:13:00 [INFO] [BRIDGE] [LOG] osc.show_bridge.in - RECV /composition/sync (0.0, 0.0, 0.0, 0.0, 0.0, 0.0)
2025-12-10 00:13:00 [INFO] [BRIDGE] [LOG] osc.show_bridge.in - RECV /state/group/1/transforms/autopilot (0.0, 0.0, 0.0, 0.0, 0.0, 0.0)
2025-12-10 00:13:00 [INFO] [BRIDGE] [LOG] osc.show_bridge.in - RECV /state/group/2/playing/autopilot (0.0, 0.0, 0.0, 0.0, 0.0, 0.0)
2025-12-10 00:13:00 [INFO] [BRIDGE] [LOG] osc.show_bridge.in - RECV /state/group/1/opacity (0.0, 0.0, 0.0, 0.0, 0.0, 0.0)
2025-12-10 00:13:00 [INFO] [BRIDGE] [LOG] osc.show_bridge.in - RECV /state/group/4/effects/autopilot (0.0, 0.0, 0.0, 0.0, 0.0)
2025-12-10 00:13:00 [INFO] [BRIDGE] [LOG] osc.show_bridge.in - RECV /state/group/1/playing/autopilot (0.0, 0.0, 0.0, 0.0, 0.0)
2025-12-10 00:13:00 [INFO] [BRIDGE] [LOG] osc.show_bridge.in - RECV /state/group/3/effects/enabled (0.0, 0.0, 0.0, 0.0, 0.0, 0.0)
2025-12-10 00:13:00 [INFO] [BRIDGE] [LOG] osc.show_bridge.in - RECV /state/group/4/intensity (0.0, 0.0, 0.0, 0.0, 0.0, 0.0)
2025-12-10 00:13:00 [INFO] [BRIDGE] [LOG] osc.show_bridge.in - RECV /state/group/5/color/enabled (0.0, 0.0, 0.0, 0.0, 0.0)
2025-12-10 00:13:00 [INFO] [BRIDGE] [LOG] osc.show_bridge.in - RECV /state/group/8/intensity (0.0, 0.0, 0.0, 0.0, 0.0, 0.0)
2025-12-10 00:13:00 [INFO] [BRIDGE] [LOG] osc.show_bridge.in - RECV /state/group/6/transforms/enabled (0.0, 0.0, 0.0, 0.0, 0.0, 0.0)
2025-12-10 00:13:00 [INFO] [BRIDGE] [LOG] osc.show_bridge.in - RECV /state/group/4/intensity (0.0,)
2025-12-10 00:13:00 [INFO] [BRIDGE] [LOG] osc.show_bridge.in - RECV /state/group/3/transforms/enabled (0.0, 0.0, 0.0, 0.0, 0.0, 0.0)
2025-12-10 00:13:00 [INFO] [BRIDGE] [LOG] osc.show_bridge.in - RECV /state/group/5/dynamic_masks/autopilot (0.0, 0.0, 0.0, 0.0, 0.0, 0.0)
2025-12-10 00:13:00 [INFO] [BRIDGE] [LOG] osc.show_bridge.in - RECV /state/group/7/dynamic_masks/autopilot (0.0, 0.0, 0.0, 0.0, 0.0, 0.0)
2025-12-10 00:13:00 [INFO] [BRIDGE] [LOG] osc.show_bridge.in - RECV /state/group/4/opacity (0.0, 0.0, 0.0, 0.0, 0.0, 0.0)
2025-12-10 00:13:00 [INFO] [BRIDGE] [LOG] osc.show_bridge.in - RECV /state/group/7/dynamic_masks/enabled (0.0, 0.0, 0.0, 0.0, 0.0)
2025-12-10 00:13:00 [INFO] [BRIDGE] [LOG] osc.show_bridge.in - RECV /state/group/8/effects/autopilot (0.0, 0.0, 0.0, 0.0, 0.0)
2025-12-10 00:13:00 [INFO] [BRIDGE] [LOG] osc.show_bridge.in - RECV /state/group/1/transforms/enabled (0.0, 0.0, 0.0, 0.0, 0.0, 0.0)
2025-12-10 00:13:00 [INFO] [BRIDGE] [LOG] osc.show_bridge.in - RECV /state/group/2/playing/enabled (0.0, 0.0, 0.0, 0.0, 0.0, 0.0)
2025-12-10 00:13:00 [INFO] [BRIDGE] [LOG] osc.show_bridge.in - RECV /state/group/1/intensity (0.0, 0.0, 0.0, 0.0, 0.0, 0.0)
2025-12-10 00:13:00 [INFO] [BRIDGE] [LOG] osc.show_bridge.in - RECV /state/group/4/effects/enabled (0.0, 0.0, 0.0, 0.0, 0.0)
2025-12-10 00:13:00 [INFO] [BRIDGE] [LOG] osc.show_bridge.in - RECV /state/group/1/playing/enabled (0.0, 0.0, 0.0, 0.0, 0.0)
2025-12-10 00:13:00 [INFO] [BRIDGE] [LOG] osc.show_bridge.in - RECV /state/group/3/transforms/autopilot (0.0, 0.0, 0.0, 0.0, 0.0, 0.0)
2025-12-10 00:13:00 [INFO] [BRIDGE] [LOG] osc.show_bridge.in - RECV /state/group/4/playing/autopilot (0.0, 0.0, 0.0, 0.0, 0.0, 0.0)
2025-12-10 00:13:00 [INFO] [BRIDGE] [LOG] osc.show_bridge.in - RECV /state/group/6/opacity (0.0, 0.0, 0.0, 0.0, 0.0)
2025-12-10 00:13:00 [INFO] [BRIDGE] [LOG] osc.show_bridge.in - RECV /state/group/8/playing/autopilot (0.0, 0.0, 0.0, 0.0, 0.0, 0.0)
2025-12-10 00:13:00 [INFO] [BRIDGE] [LOG] osc.show_bridge.in - RECV /state/group/6/dynamic_masks/autopilot (0.0, 0.0, 0.0, 0.0, 0.0, 0.0)
2025-12-10 00:13:00 [INFO] [BRIDGE] [LOG] osc.show_bridge.in - RECV /state/group/4/playing/autopilot (0.0,)
2025-12-10 00:13:00 [INFO] [BRIDGE] [LOG] osc.show_bridge.in - RECV /state/group/3/dynamic_masks/autopilot (0.0, 0.0, 0.0, 0.0, 0.0, 0.0)
2025-12-10 00:13:00 [INFO] [BRIDGE] [LOG] osc.show_bridge.in - RECV /state/group/5/dynamic_masks/enabled (0.0, 0.0, 0.0, 0.0, 0.0, 0.0)
2025-12-10 00:13:00 [INFO] [BRIDGE] [LOG] osc.show_bridge.in - RECV /state/group/7/dynamic_masks/enabled (0.0, 0.0, 0.0, 0.0, 0.0, 0.0)
2025-12-10 00:13:00 [INFO] [BRIDGE] [LOG] osc.show_bridge.in - RECV /state/group/4/transforms/autopilot (0.0, 0.0, 0.0, 0.0, 0.0)
2025-12-10 00:13:00 [INFO] [BRIDGE] [LOG] osc.show_bridge.in - RECV /state/group/7/color/autopilot (0.0, 0.0, 0.0, 0.0, 0.0)
2025-12-10 00:13:00 [INFO] [BRIDGE] [LOG] osc.show_bridge.in - RECV /state/group/8/effects/enabled (0.0, 0.0, 0.0, 0.0, 0.0)
2025-12-10 00:13:00 [INFO] [BRIDGE] [LOG] osc.show_bridge.in - RECV /state/group/1/dynamic_masks/autopilot (0.0, 0.0, 0.0, 0.0, 0.0, 0.0)
2025-12-10 00:13:00 [INFO] [BRIDGE] [LOG] osc.show_bridge.in - RECV /state/group/2/effects/autopilot (0.0, 0.0, 0.0, 0.0, 0.0, 0.0)
2025-12-10 00:13:00 [INFO] [BRIDGE] [LOG] osc.show_bridge.in - RECV /state/group/1/playing/autopilot (0.0, 0.0, 0.0, 0.0, 0.0, 0.0)
2025-12-10 00:13:00 [INFO] [BRIDGE] [LOG] osc.show_bridge.in - RECV /state/group/4/intensity (0.0, 0.0, 0.0, 0.0, 0.0, 0.0)
2025-12-10 00:13:00 [INFO] [BRIDGE] [LOG] osc.show_bridge.in - RECV /_samplerate (60.0,)
2025-12-10 00:13:00 [INFO] [BRIDGE] [LOG] osc.show_bridge.in - RECV /state/group/1/effects/autopilot (0.0, 0.0, 0.0, 0.0, 0.0)
2025-12-10 00:13:00 [INFO] [BRIDGE] [LOG] osc.show_bridge.in - RECV /state/group/3/transforms/enabled (0.0, 0.0, 0.0, 0.0, 0.0, 0.0)
2025-12-10 00:13:00 [INFO] [BRIDGE] [LOG] osc.show_bridge.in - RECV /composition/sync (0.0, 0.0, 0.0, 0.0, 0.0)
2025-12-10 00:13:00 [INFO] [BRIDGE] [LOG] osc.show_bridge.in - RECV /state/group/4/playing/enabled (0.0, 0.0, 0.0, 0.0, 0.0, 0.0)
2025-12-10 00:13:00 [INFO] [BRIDGE] [LOG] osc.show_bridge.in - RECV /state/group/1/dynamic_masks/enabled (0.0, 0.0, 0.0, 0.0, 0.0, 0.0)
2025-12-10 00:13:00 [INFO] [BRIDGE] [LOG] osc.show_bridge.in - RECV /state/group/8/playing/enabled (0.0, 0.0, 0.0, 0.0, 0.0, 0.0)
2025-12-10 00:13:00 [INFO] [BRIDGE] [LOG] osc.show_bridge.in - RECV /state/group/6/dynamic_masks/enabled (0.0, 0.0, 0.0, 0.0, 0.0, 0.0)
2025-12-10 00:13:00 [INFO] [BRIDGE] [LOG] osc.show_bridge.in - RECV /state/group/4/playing/enabled (0.0,)
2025-12-10 00:13:00 [INFO] [BRIDGE] [LOG] osc.show_bridge.in - RECV /state/group/3/dynamic_masks/enabled (0.0, 0.0, 0.0, 0.0, 0.0, 0.0)
2025-12-10 00:13:00 [INFO] [BRIDGE] [LOG] osc.show_bridge.in - RECV /state/group/5/color/autopilot (0.0, 0.0, 0.0, 0.0, 0.0, 0.0)
2025-12-10 00:13:00 [INFO] [BRIDGE] [LOG] osc.show_bridge.in - RECV /state/group/1/opacity (0.0, 0.0, 0.0, 0.0, 0.0)
2025-12-10 00:13:00 [INFO] [BRIDGE] [LOG] osc.show_bridge.in - RECV /state/group/7/color/autopilot (0.0, 0.0, 0.0, 0.0, 0.0, 0.0)
2025-12-10 00:13:00 [INFO] [BRIDGE] [LOG] osc.show_bridge.in - RECV /state/group/4/transforms/enabled (0.0, 0.0, 0.0, 0.0, 0.0)
2025-12-10 00:13:00 [INFO] [BRIDGE] [LOG] osc.show_bridge.in - RECV /state/group/7/color/enabled (0.0, 0.0, 0.0, 0.0, 0.0)
2025-12-10 00:13:00 [INFO] [BRIDGE] [LOG] osc.show_bridge.in - RECV /state/group/8/transforms/autopilot (0.0, 0.0, 0.0, 0.0, 0.0)
2025-12-10 00:13:00 [INFO] [BRIDGE] [LOG] osc.show_bridge.in - RECV /state/group/6/intensity (0.0, 0.0, 0.0, 0.0, 0.0)
2025-12-10 00:13:00 [INFO] [BRIDGE] [LOG] osc.show_bridge.in - RECV /state/group/2/effects/enabled (0.0, 0.0, 0.0, 0.0, 0.0, 0.0)
2025-12-10 00:13:00 [INFO] [BRIDGE] [LOG] osc.show_bridge.in - RECV /state/group/1/playing/enabled (0.0, 0.0, 0.0, 0.0, 0.0, 0.0)
2025-12-10 00:13:00 [INFO] [BRIDGE] [LOG] osc.show_bridge.in - RECV /state/group/4/playing/autopilot (0.0, 0.0, 0.0, 0.0, 0.0, 0.0)
2025-12-10 00:13:00 [INFO] [BRIDGE] [LOG] osc.show_bridge.in - RECV /state/group/8/effects/autopilot (0.0, 0.0, 0.0, 0.0, 0.0, 0.0)
2025-12-10 00:13:00 [INFO] [BRIDGE] [LOG] osc.show_bridge.in - RECV /state/group/1/effects/enabled (0.0, 0.0, 0.0, 0.0, 0.0)
2025-12-10 00:13:00 [INFO] [BRIDGE] [LOG] osc.show_bridge.in - RECV /state/group/3/dynamic_masks/autopilot (0.0, 0.0, 0.0, 0.0, 0.0, 0.0)
2025-12-10 00:13:00 [INFO] [BRIDGE] [LOG] osc.show_bridge.in - RECV /state/group/4/effects/autopilot (0.0, 0.0, 0.0, 0.0, 0.0, 0.0)
2025-12-10 00:13:00 [INFO] [BRIDGE] [LOG] osc.show_bridge.in - RECV /state/group/1/color/autopilot (0.0, 0.0, 0.0, 0.0, 0.0, 0.0)
2025-12-10 00:13:00 [INFO] [BRIDGE] [LOG] osc.show_bridge.in - RECV /state/group/4/effects/autopilot (0.0,)
2025-12-10 00:13:00 [INFO] [BRIDGE] [LOG] osc.show_bridge.in - RECV /state/group/3/color/autopilot (0.0, 0.0, 0.0, 0.0, 0.0, 0.0)
2025-12-10 00:13:00 [INFO] [BRIDGE] [LOG] osc.show_bridge.in - RECV /state/group/5/color/enabled (0.0, 0.0, 0.0, 0.0, 0.0, 0.0)
2025-12-10 00:13:00 [INFO] [BRIDGE] [LOG] osc.show_bridge.in - RECV /state/group/1/intensity (0.0, 0.0, 0.0, 0.0, 0.0)
2025-12-10 00:13:00 [INFO] [BRIDGE] [LOG] osc.show_bridge.in - RECV /state/group/7/color/enabled (0.0, 0.0, 0.0, 0.0, 0.0, 0.0)
2025-12-10 00:13:00 [INFO] [BRIDGE] [LOG] osc.show_bridge.in - RECV /state/group/4/dynamic_masks/autopilot (0.0, 0.0, 0.0, 0.0, 0.0)
2025-12-10 00:13:00 [INFO] [BRIDGE] [LOG] osc.show_bridge.in - RECV /state/group/8/opacity (0.0, 0.0, 0.0, 0.0, 0.0)
2025-12-10 00:13:00 [INFO] [BRIDGE] [LOG] osc.show_bridge.in - RECV /state/group/8/transforms/enabled (0.0, 0.0, 0.0, 0.0, 0.0)
2025-12-10 00:13:00 [INFO] [BRIDGE] [LOG] osc.show_bridge.in - RECV /state/group/6/playing/autopilot (0.0, 0.0, 0.0, 0.0, 0.0)
2025-12-10 00:13:00 [INFO] [BRIDGE] [LOG] osc.show_bridge.in - RECV /state/group/6/color/autopilot (0.0, 0.0, 0.0, 0.0, 0.0, 0.0)
2025-12-10 00:13:00 [INFO] [BRIDGE] [LOG] osc.show_bridge.in - RECV /state/group/2/transforms/autopilot (0.0, 0.0, 0.0, 0.0, 0.0, 0.0)
2025-12-10 00:13:00 [INFO] [BRIDGE] [LOG] osc.show_bridge.in - RECV /state/group/1/effects/autopilot (0.0, 0.0, 0.0, 0.0, 0.0, 0.0)
2025-12-10 00:13:00 [INFO] [BRIDGE] [LOG] osc.show_bridge.in - RECV /state/group/4/playing/enabled (0.0, 0.0, 0.0, 0.0, 0.0, 0.0)
2025-12-10 00:13:00 [INFO] [BRIDGE] [LOG] osc.show_bridge.in - RECV /state/group/8/effects/enabled (0.0, 0.0, 0.0, 0.0, 0.0, 0.0)
2025-12-10 00:13:00 [INFO] [BRIDGE] [LOG] osc.show_bridge.in - RECV /state/group/1/transforms/autopilot (0.0, 0.0, 0.0, 0.0, 0.0)
2025-12-10 00:13:00 [INFO] [BRIDGE] [LOG] osc.show_bridge.in - RECV /state/group/3/dynamic_masks/enabled (0.0, 0.0, 0.0, 0.0, 0.0, 0.0)
2025-12-10 00:13:00 [INFO] [BRIDGE] [LOG] osc.show_bridge.in - RECV /state/group/4/effects/enabled (0.0, 0.0, 0.0, 0.0, 0.0, 0.0)
2025-12-10 00:13:00 [INFO] [BRIDGE] [LOG] osc.show_bridge.in - RECV /state/group/1/color/enabled (0.0, 0.0, 0.0, 0.0, 0.0, 0.0)
2025-12-10 00:13:00 [INFO] [BRIDGE] [LOG] osc.show_bridge.in - RECV /state/group/4/effects/enabled (0.0,)
2025-12-10 00:13:00 [INFO] [BRIDGE] [LOG] osc.show_bridge.in - RECV /state/group/3/color/enabled (0.0, 0.0, 0.0, 0.0, 0.0, 0.0)
2025-12-10 00:13:00 [INFO] [BRIDGE] [LOG] osc.show_bridge.in - RECV /state/group/6/opacity (0.0, 0.0, 0.0, 0.0, 0.0, 0.0)
2025-12-10 00:13:00 [INFO] [BRIDGE] [LOG] osc.show_bridge.in - RECV /state/group/1/playing/autopilot (0.0, 0.0, 0.0, 0.0, 0.0)
2025-12-10 00:13:00 [INFO] [BRIDGE] [LOG] osc.show_bridge.in - RECV /state/group/8/opacity (0.0, 0.0, 0.0, 0.0, 0.0, 0.0)
2025-12-10 00:13:00 [INFO] [BRIDGE] [LOG] osc.show_bridge.in - RECV /state/group/4/dynamic_masks/enabled (0.0, 0.0, 0.0, 0.0, 0.0)
2025-12-10 00:13:00 [INFO] [BRIDGE] [LOG] osc.show_bridge.in - RECV /state/group/8/intensity (0.0, 0.0, 0.0, 0.0, 0.0)
2025-12-10 00:13:00 [INFO] [BRIDGE] [LOG] osc.show_bridge.in - RECV /state/group/8/dynamic_masks/autopilot (0.0, 0.0, 0.0, 0.0, 0.0)
2025-12-10 00:13:00 [INFO] [BRIDGE] [LOG] osc.show_bridge.in - RECV /state/group/6/playing/enabled (0.0, 0.0, 0.0, 0.0, 0.0)
2025-12-10 00:13:00 [INFO] [BRIDGE] [LOG] osc.show_bridge.in - RECV /state/group/6/color/enabled (0.0, 0.0, 0.0, 0.0, 0.0, 0.0)
2025-12-10 00:13:00 [INFO] [BRIDGE] [LOG] osc.show_bridge.in - RECV /state/group/2/transforms/enabled (0.0, 0.0, 0.0, 0.0, 0.0, 0.0)
2025-12-10 00:13:00 [INFO] [BRIDGE] [LOG] osc.show_bridge.in - RECV /_samplerate (60.0,)
2025-12-10 00:13:00 [INFO] [BRIDGE] [LOG] osc.show_bridge.in - RECV /state/group/1/effects/enabled (0.0, 0.0, 0.0, 0.0, 0.0, 0.0)
2025-12-10 00:13:00 [INFO] [BRIDGE] [LOG] osc.show_bridge.in - RECV /state/group/4/effects/autopilot (0.0, 0.0, 0.0, 0.0, 0.0, 0.0)
2025-12-10 00:13:00 [INFO] [BRIDGE] [LOG] osc.show_bridge.in - RECV /state/group/8/transforms/autopilot (0.0, 0.0, 0.0, 0.0, 0.0, 0.0)
2025-12-10 00:13:00 [INFO] [BRIDGE] [LOG] osc.show_bridge.in - RECV /state/group/1/transforms/enabled (0.0, 0.0, 0.0, 0.0, 0.0)
2025-12-10 00:13:00 [INFO] [BRIDGE] [LOG] osc.show_bridge.in - RECV /composition/sync (0.0, 0.0, 0.0, 0.0, 0.0, 0.0)
2025-12-10 00:13:00 [INFO] [BRIDGE] [LOG] osc.show_bridge.in - RECV /state/group/3/color/autopilot (0.0, 0.0, 0.0, 0.0, 0.0, 0.0)
2025-12-10 00:13:00 [INFO] [BRIDGE] [LOG] osc.show_bridge.in - RECV /state/group/4/transforms/autopilot (0.0, 0.0, 0.0, 0.0, 0.0, 0.0)
2025-12-10 00:13:00 [INFO] [BRIDGE] [LOG] osc.show_bridge.in - RECV /state/group/2/opacity (0.0, 0.0, 0.0, 0.0, 0.0, 0.0)
2025-12-10 00:13:00 [INFO] [BRIDGE] [LOG] osc.show_bridge.in - RECV /state/group/1/opacity (0.0, 0.0, 0.0, 0.0, 0.0, 0.0)
2025-12-10 00:13:00 [INFO] [BRIDGE] [LOG] osc.show_bridge.in - RECV /state/group/4/transforms/autopilot (0.0,)
2025-12-10 00:13:00 [INFO] [BRIDGE] [LOG] osc.show_bridge.in - RECV /state/group/4/opacity (0.0, 0.0, 0.0, 0.0, 0.0, 0.0)
2025-12-10 00:13:00 [INFO] [BRIDGE] [LOG] osc.show_bridge.in - RECV /state/group/6/intensity (0.0, 0.0, 0.0, 0.0, 0.0, 0.0)
2025-12-10 00:13:00 [INFO] [BRIDGE] [LOG] osc.show_bridge.in - RECV /state/group/1/playing/enabled (0.0, 0.0, 0.0, 0.0, 0.0)
2025-12-10 00:13:00 [INFO] [BRIDGE] [LOG] osc.show_bridge.in - RECV /state/group/8/intensity (0.0, 0.0, 0.0, 0.0, 0.0, 0.0)
2025-12-10 00:13:00 [INFO] [BRIDGE] [LOG] osc.show_bridge.in - RECV /state/group/4/color/autopilot (0.0, 0.0, 0.0, 0.0, 0.0)
2025-12-10 00:13:00 [INFO] [BRIDGE] [LOG] osc.show_bridge.in - RECV /state/group/8/playing/autopilot (0.0, 0.0, 0.0, 0.0, 0.0)
2025-12-10 00:13:00 [INFO] [BRIDGE] [LOG] osc.show_bridge.in - RECV /state/group/8/dynamic_masks/enabled (0.0, 0.0, 0.0, 0.0, 0.0)
2025-12-10 00:13:00 [INFO] [BRIDGE] [LOG] osc.show_bridge.in - RECV /state/group/6/effects/autopilot (0.0, 0.0, 0.0, 0.0, 0.0)
2025-12-10 00:13:00 [INFO] [BRIDGE] [LOG] osc.show_bridge.in - RECV /state/group/7/opacity (0.0, 0.0, 0.0, 0.0, 0.0, 0.0)
2025-12-10 00:13:00 [INFO] [BRIDGE] [LOG] osc.show_bridge.in - RECV /state/group/2/dynamic_masks/autopilot (0.0, 0.0, 0.0, 0.0, 0.0, 0.0)
2025-12-10 00:13:00 [INFO] [BRIDGE] [LOG] osc.show_bridge.in - RECV /state/group/1/transforms/autopilot (0.0, 0.0, 0.0, 0.0, 0.0, 0.0)
2025-12-10 00:13:00 [INFO] [BRIDGE] [LOG] osc.show_bridge.in - RECV /state/group/4/effects/enabled (0.0, 0.0, 0.0, 0.0, 0.0, 0.0)
2025-12-10 00:13:00 [INFO] [BRIDGE] [LOG] osc.show_bridge.in - RECV /state/group/8/transforms/enabled (0.0, 0.0, 0.0, 0.0, 0.0, 0.0)
2025-12-10 00:13:00 [INFO] [BRIDGE] [LOG] osc.show_bridge.in - RECV /state/group/1/dynamic_masks/autopilot (0.0, 0.0, 0.0, 0.0, 0.0)
2025-12-10 00:13:00 [INFO] [BRIDGE] [LOG] osc.show_bridge.in - RECV /state/group/3/color/enabled (0.0, 0.0, 0.0, 0.0, 0.0, 0.0)
2025-12-10 00:13:00 [INFO] [BRIDGE] [LOG] osc.show_bridge.in - RECV /state/group/4/transforms/enabled (0.0, 0.0, 0.0, 0.0, 0.0, 0.0)
2025-12-10 00:13:00 [INFO] [BRIDGE] [LOG] osc.show_bridge.in - RECV /state/group/8/playing/enabled (0.0, 0.0, 0.0, 0.0, 0.0)
2025-12-10 00:13:00 [INFO] [BRIDGE] [LOG] osc.show_bridge.in - RECV /state/group/2/intensity (0.0, 0.0, 0.0, 0.0, 0.0, 0.0)
2025-12-10 00:13:00 [INFO] [BRIDGE] [LOG] osc.show_bridge.in - RECV /state/group/1/intensity (0.0, 0.0, 0.0, 0.0, 0.0, 0.0)
2025-12-10 00:13:00 [INFO] [BRIDGE] [LOG] osc.show_bridge.in - RECV /state/group/4/transforms/enabled (0.0,)
2025-12-10 00:13:00 [INFO] [BRIDGE] [LOG] osc.show_bridge.in - RECV /state/group/4/intensity (0.0, 0.0, 0.0, 0.0, 0.0, 0.0)
2025-12-10 00:13:00 [INFO] [BRIDGE] [LOG] osc.show_bridge.in - RECV /state/group/6/playing/autopilot (0.0, 0.0, 0.0, 0.0, 0.0, 0.0)
2025-12-10 00:13:00 [INFO] [BRIDGE] [LOG] osc.show_bridge.in - RECV /state/group/1/effects/autopilot (0.0, 0.0, 0.0, 0.0, 0.0)
2025-12-10 00:13:00 [INFO] [BRIDGE] [LOG] osc.show_bridge.in - RECV /state/group/8/playing/autopilot (0.0, 0.0, 0.0, 0.0, 0.0, 0.0)
2025-12-10 00:13:00 [INFO] [BRIDGE] [LOG] osc.show_bridge.in - RECV /state/group/4/color/enabled (0.0, 0.0, 0.0, 0.0, 0.0)
2025-12-10 00:13:00 [INFO] [BRIDGE] [LOG] osc.show_bridge.in - RECV /state/group/6/effects/enabled (0.0, 0.0, 0.0, 0.0, 0.0)
2025-12-10 00:13:00 [INFO] [BRIDGE] [LOG] osc.show_bridge.in - RECV /state/group/7/intensity (0.0, 0.0, 0.0, 0.0, 0.0, 0.0)
2025-12-10 00:13:00 [INFO] [BRIDGE] [LOG] osc.show_bridge.in - RECV /state/group/2/dynamic_masks/enabled (0.0, 0.0, 0.0, 0.0, 0.0, 0.0)
2025-12-10 00:13:00 [INFO] [BRIDGE] [LOG] osc.show_bridge.in - RECV /state/group/1/transforms/enabled (0.0, 0.0, 0.0, 0.0, 0.0, 0.0)
2025-12-10 00:13:00 [INFO] [BRIDGE] [LOG] osc.show_bridge.in - RECV /state/group/4/transforms/autopilot (0.0, 0.0, 0.0, 0.0, 0.0, 0.0)
2025-12-10 00:13:00 [INFO] [BRIDGE] [LOG] osc.show_bridge.in - RECV /state/group/8/color/autopilot (0.0, 0.0, 0.0, 0.0, 0.0)
2025-12-10 00:13:00 [INFO] [BRIDGE] [LOG] osc.show_bridge.in - RECV /state/group/8/dynamic_masks/autopilot (0.0, 0.0, 0.0, 0.0, 0.0, 0.0)
2025-12-10 00:13:00 [INFO] [BRIDGE] [LOG] osc.show_bridge.in - RECV /state/group/1/dynamic_masks/enabled (0.0, 0.0, 0.0, 0.0, 0.0)
2025-12-10 00:13:00 [INFO] [BRIDGE] [LOG] osc.show_bridge.in - RECV /state/group/4/opacity (0.0, 0.0, 0.0, 0.0, 0.0, 0.0)
2025-12-10 00:13:00 [INFO] [BRIDGE] [LOG] osc.show_bridge.in - RECV /state/group/4/dynamic_masks/autopilot (0.0, 0.0, 0.0, 0.0, 0.0, 0.0)
2025-12-10 00:13:00 [INFO] [BRIDGE] [LOG] osc.show_bridge.in - RECV /state/group/8/effects/autopilot (0.0, 0.0, 0.0, 0.0, 0.0)
2025-12-10 00:13:00 [INFO] [BRIDGE] [LOG] osc.show_bridge.in - RECV /state/group/2/playing/autopilot (0.0, 0.0, 0.0, 0.0, 0.0, 0.0)
2025-12-10 00:13:00 [INFO] [BRIDGE] [LOG] osc.show_bridge.in - RECV /state/group/1/playing/autopilot (0.0, 0.0, 0.0, 0.0, 0.0, 0.0)
2025-12-10 00:13:00 [INFO] [BRIDGE] [LOG] osc.show_bridge.in - RECV /state/group/4/dynamic_masks/autopilot (0.0,)
2025-12-10 00:13:00 [INFO] [BRIDGE] [LOG] osc.show_bridge.in - RECV /state/group/4/playing/autopilot (0.0, 0.0, 0.0, 0.0, 0.0, 0.0)
2025-12-10 00:13:00 [INFO] [BRIDGE] [LOG] osc.show_bridge.in - RECV /state/group/6/playing/enabled (0.0, 0.0, 0.0, 0.0, 0.0, 0.0)
2025-12-10 00:13:00 [INFO] [BRIDGE] [LOG] osc.show_bridge.in - RECV /state/group/1/effects/enabled (0.0, 0.0, 0.0, 0.0, 0.0)
2025-12-10 00:13:00 [INFO] [BRIDGE] [LOG] osc.show_bridge.in - RECV /state/group/8/playing/enabled (0.0, 0.0, 0.0, 0.0, 0.0, 0.0)
2025-12-10 00:13:00 [INFO] [BRIDGE] [LOG] osc.show_bridge.in - RECV /state/group/5/opacity (0.0, 0.0, 0.0, 0.0, 0.0)
2025-12-10 00:13:00 [INFO] [BRIDGE] [LOG] osc.show_bridge.in - RECV /state/group/6/transforms/autopilot (0.0, 0.0, 0.0, 0.0, 0.0)
2025-12-10 00:13:00 [INFO] [BRIDGE] [LOG] osc.show_bridge.in - RECV /state/group/7/playing/autopilot (0.0, 0.0, 0.0, 0.0, 0.0, 0.0)
2025-12-10 00:13:00 [INFO] [BRIDGE] [LOG] osc.show_bridge.in - RECV /state/group/2/color/autopilot (0.0, 0.0, 0.0, 0.0, 0.0, 0.0)
2025-12-10 00:13:00 [INFO] [BRIDGE] [LOG] osc.show_bridge.in - RECV /state/group/1/dynamic_masks/autopilot (0.0, 0.0, 0.0, 0.0, 0.0, 0.0)
2025-12-10 00:13:00 [INFO] [BRIDGE] [LOG] osc.show_bridge.in - RECV /state/group/4/transforms/enabled (0.0, 0.0, 0.0, 0.0, 0.0, 0.0)
2025-12-10 00:13:00 [INFO] [BRIDGE] [LOG] osc.show_bridge.in - RECV /state/group/8/color/enabled (0.0, 0.0, 0.0, 0.0, 0.0)
2025-12-10 00:13:00 [INFO] [BRIDGE] [LOG] osc.show_bridge.in - RECV /state/group/8/dynamic_masks/enabled (0.0, 0.0, 0.0, 0.0, 0.0, 0.0)
2025-12-10 00:13:00 [INFO] [BRIDGE] [LOG] osc.show_bridge.in - RECV /state/group/1/color/autopilot (0.0, 0.0, 0.0, 0.0, 0.0)
2025-12-10 00:13:00 [INFO] [BRIDGE] [LOG] osc.show_bridge.in - RECV /state/group/4/intensity (0.0, 0.0, 0.0, 0.0, 0.0, 0.0)
2025-12-10 00:13:00 [INFO] [BRIDGE] [LOG] osc.show_bridge.in - RECV /state/group/4/playing/enabled (0.0, 0.0, 0.0, 0.0, 0.0, 0.0)
2025-12-10 00:13:00 [INFO] [BRIDGE] [LOG] osc.show_bridge.in - RECV /state/group/4/dynamic_masks/enabled (0.0, 0.0, 0.0, 0.0, 0.0, 0.0)
2025-12-10 00:13:00 [INFO] [BRIDGE] [LOG] osc.show_bridge.in - RECV /state/group/8/effects/enabled (0.0, 0.0, 0.0, 0.0, 0.0)
2025-12-10 00:13:00 [INFO] [BRIDGE] [LOG] osc.show_bridge.in - RECV /state/group/2/playing/enabled (0.0, 0.0, 0.0, 0.0, 0.0, 0.0)
2025-12-10 00:13:00 [INFO] [BRIDGE] [LOG] osc.show_bridge.in - RECV /state/group/1/playing/enabled (0.0, 0.0, 0.0, 0.0, 0.0, 0.0)
2025-12-10 00:13:00 [INFO] [BRIDGE] [LOG] osc.show_bridge.in - RECV /state/group/4/dynamic_masks/enabled (0.0,)
2025-12-10 00:13:00 [INFO] [BRIDGE] [LOG] osc.show_bridge.in - RECV /state/group/1/transforms/autopilot (0.0, 0.0, 0.0, 0.0, 0.0)
2025-12-10 00:13:00 [INFO] [BRIDGE] [LOG] osc.show_bridge.in - RECV /state/group/8/effects/autopilot (0.0, 0.0, 0.0, 0.0, 0.0, 0.0)
2025-12-10 00:13:00 [INFO] [BRIDGE] [LOG] osc.show_bridge.in - RECV /state/group/5/intensity (0.0, 0.0, 0.0, 0.0, 0.0)
2025-12-10 00:13:00 [INFO] [BRIDGE] [LOG] osc.show_bridge.in - RECV /state/group/6/transforms/enabled (0.0, 0.0, 0.0, 0.0, 0.0)
2025-12-10 00:13:00 [INFO] [BRIDGE] [LOG] osc.show_bridge.in - RECV /state/group/7/playing/enabled (0.0, 0.0, 0.0, 0.0, 0.0, 0.0)
2025-12-10 00:13:00 [INFO] [BRIDGE] [LOG] osc.show_bridge.in - RECV /state/group/2/color/enabled (0.0, 0.0, 0.0, 0.0, 0.0, 0.0)
2025-12-10 00:13:00 [INFO] [BRIDGE] [LOG] osc.show_bridge.in - RECV /state/group/1/dynamic_masks/enabled (0.0, 0.0, 0.0, 0.0, 0.0, 0.0)
2025-12-10 00:13:00 [INFO] [BRIDGE] [LOG] osc.show_bridge.in - RECV /state/group/4/dynamic_masks/autopilot (0.0, 0.0, 0.0, 0.0, 0.0, 0.0)
2025-12-10 00:13:00 [INFO] [BRIDGE] [LOG] osc.show_bridge.in - RECV /state/group/6/effects/autopilot (0.0, 0.0, 0.0, 0.0, 0.0, 0.0)
2025-12-10 00:13:00 [INFO] [BRIDGE] [LOG] osc.show_bridge.in - RECV /state/group/8/color/autopilot (0.0, 0.0, 0.0, 0.0, 0.0, 0.0)
2025-12-10 00:13:00 [INFO] [BRIDGE] [LOG] osc.show_bridge.in - RECV /state/group/1/color/enabled (0.0, 0.0, 0.0, 0.0, 0.0)
2025-12-10 00:13:00 [INFO] [BRIDGE] [LOG] osc.show_bridge.in - RECV /state/group/4/playing/autopilot (0.0, 0.0, 0.0, 0.0, 0.0, 0.0)
2025-12-10 00:13:00 [INFO] [BRIDGE] [LOG] osc.show_bridge.in - RECV /state/group/4/effects/autopilot (0.0, 0.0, 0.0, 0.0, 0.0, 0.0)
2025-12-10 00:13:00 [INFO] [BRIDGE] [LOG] osc.show_bridge.in - RECV /state/group/4/color/autopilot (0.0, 0.0, 0.0, 0.0, 0.0, 0.0)
2025-12-10 00:13:00 [INFO] [BRIDGE] [LOG] osc.show_bridge.in - RECV /state/group/8/transforms/autopilot (0.0, 0.0, 0.0, 0.0, 0.0)
2025-12-10 00:13:00 [INFO] [BRIDGE] [LOG] osc.show_bridge.in - RECV /state/group/2/effects/autopilot (0.0, 0.0, 0.0, 0.0, 0.0, 0.0)
2025-12-10 00:13:00 [INFO] [BRIDGE] [LOG] osc.show_bridge.in - RECV /state/group/1/effects/autopilot (0.0, 0.0, 0.0, 0.0, 0.0, 0.0)
2025-12-10 00:13:00 [INFO] [BRIDGE] [LOG] osc.show_bridge.in - RECV /state/group/4/color/autopilot (0.0,)
2025-12-10 00:13:00 [INFO] [BRIDGE] [LOG] osc.show_bridge.in - RECV /state/group/1/transforms/enabled (0.0, 0.0, 0.0, 0.0, 0.0)
2025-12-10 00:13:00 [INFO] [BRIDGE] [LOG] osc.show_bridge.in - RECV /state/group/8/effects/enabled (0.0, 0.0, 0.0, 0.0, 0.0, 0.0)
2025-12-10 00:13:00 [INFO] [BRIDGE] [LOG] osc.show_bridge.in - RECV /state/group/5/playing/autopilot (0.0, 0.0, 0.0, 0.0, 0.0)
2025-12-10 00:13:00 [INFO] [BRIDGE] [LOG] osc.show_bridge.in - RECV /state/group/6/dynamic_masks/autopilot (0.0, 0.0, 0.0, 0.0, 0.0)
2025-12-10 00:13:00 [INFO] [BRIDGE] [LOG] osc.show_bridge.in - RECV /state/group/7/effects/autopilot (0.0, 0.0, 0.0, 0.0, 0.0, 0.0)
2025-12-10 00:13:00 [INFO] [BRIDGE] [LOG] osc.show_bridge.in - RECV /state/group/3/opacity (0.0, 0.0, 0.0, 0.0, 0.0, 0.0)
2025-12-10 00:13:00 [INFO] [BRIDGE] [LOG] osc.show_bridge.in - RECV /state/group/1/color/autopilot (0.0, 0.0, 0.0, 0.0, 0.0, 0.0)
2025-12-10 00:13:00 [INFO] [BRIDGE] [LOG] osc.show_bridge.in - RECV /state/group/4/dynamic_masks/enabled (0.0, 0.0, 0.0, 0.0, 0.0, 0.0)
2025-12-10 00:13:00 [INFO] [BRIDGE] [LOG] osc.show_bridge.in - RECV /state/group/6/effects/enabled (0.0, 0.0, 0.0, 0.0, 0.0, 0.0)
2025-12-10 00:13:00 [INFO] [BRIDGE] [LOG] osc.show_bridge.in - RECV /state/group/8/color/enabled (0.0, 0.0, 0.0, 0.0, 0.0, 0.0)
2025-12-10 00:13:00 [INFO] [BRIDGE] [LOG] osc.show_bridge.in - RECV /state/group/2/opacity (0.0, 0.0, 0.0, 0.0, 0.0)
2025-12-10 00:13:00 [INFO] [BRIDGE] [LOG] osc.show_bridge.in - RECV /state/group/4/playing/enabled (0.0, 0.0, 0.0, 0.0, 0.0, 0.0)
2025-12-10 00:13:00 [INFO] [BRIDGE] [LOG] osc.show_bridge.in - RECV /state/group/4/effects/enabled (0.0, 0.0, 0.0, 0.0, 0.0, 0.0)
2025-12-10 00:13:00 [INFO] [BRIDGE] [LOG] osc.show_bridge.in - RECV /state/group/4/color/enabled (0.0, 0.0, 0.0, 0.0, 0.0, 0.0)
2025-12-10 00:13:00 [INFO] [BRIDGE] [LOG] osc.show_bridge.in - RECV /state/group/8/transforms/enabled (0.0, 0.0, 0.0, 0.0, 0.0)
2025-12-10 00:13:00 [INFO] [BRIDGE] [LOG] osc.show_bridge.in - RECV /state/group/2/effects/enabled (0.0, 0.0, 0.0, 0.0, 0.0, 0.0)
2025-12-10 00:13:00 [INFO] [BRIDGE] [LOG] osc.show_bridge.in - RECV /state/group/1/effects/enabled (0.0, 0.0, 0.0, 0.0, 0.0, 0.0)
2025-12-10 00:13:00 [INFO] [BRIDGE] [LOG] osc.show_bridge.in - RECV /state/group/4/color/enabled (0.0,)
2025-12-10 00:13:00 [INFO] [BRIDGE] [LOG] osc.show_bridge.in - RECV /state/group/1/dynamic_masks/autopilot (0.0, 0.0, 0.0, 0.0, 0.0)
2025-12-10 00:13:00 [INFO] [BRIDGE] [LOG] osc.show_bridge.in - RECV /state/group/8/transforms/autopilot (0.0, 0.0, 0.0, 0.0, 0.0, 0.0)
2025-12-10 00:13:00 [INFO] [BRIDGE] [LOG] osc.show_bridge.in - RECV /state/group/5/playing/enabled (0.0, 0.0, 0.0, 0.0, 0.0)
2025-12-10 00:13:00 [INFO] [BRIDGE] [LOG] osc.show_bridge.in - RECV /state/group/6/dynamic_masks/enabled (0.0, 0.0, 0.0, 0.0, 0.0)
2025-12-10 00:13:00 [INFO] [BRIDGE] [LOG] osc.show_bridge.in - RECV /state/group/7/effects/enabled (0.0, 0.0, 0.0, 0.0, 0.0, 0.0)
2025-12-10 00:13:00 [INFO] [BRIDGE] [LOG] osc.show_bridge.in - RECV /state/group/3/intensity (0.0, 0.0, 0.0, 0.0, 0.0, 0.0)
2025-12-10 00:13:00 [INFO] [BRIDGE] [LOG] osc.show_bridge.in - RECV /state/group/1/color/enabled (0.0, 0.0, 0.0, 0.0, 0.0, 0.0)
2025-12-10 00:13:00 [INFO] [BRIDGE] [LOG] osc.show_bridge.in - RECV /state/group/4/color/autopilot (0.0, 0.0, 0.0, 0.0, 0.0, 0.0)
2025-12-10 00:13:00 [INFO] [BRIDGE] [LOG] osc.show_bridge.in - RECV /state/group/6/transforms/autopilot (0.0, 0.0, 0.0, 0.0, 0.0, 0.0)
2025-12-10 00:13:00 [INFO] [BRIDGE] [LOG] osc.show_bridge.in - RECV /state/group/2/intensity (0.0, 0.0, 0.0, 0.0, 0.0)
2025-12-10 00:13:00 [INFO] [BRIDGE] [LOG] osc.show_bridge.in - RECV /state/group/4/effects/autopilot (0.0, 0.0, 0.0, 0.0, 0.0, 0.0)
2025-12-10 00:13:00 [INFO] [BRIDGE] [LOG] osc.show_bridge.in - RECV /state/group/4/transforms/autopilot (0.0, 0.0, 0.0, 0.0, 0.0, 0.0)
2025-12-10 00:13:00 [INFO] [BRIDGE] [LOG] osc.show_bridge.in - RECV /state/group/5/opacity (0.0, 0.0, 0.0, 0.0, 0.0, 0.0)
2025-12-10 00:13:00 [INFO] [BRIDGE] [LOG] osc.show_bridge.in - RECV /state/group/8/dynamic_masks/autopilot (0.0, 0.0, 0.0, 0.0, 0.0)
2025-12-10 00:13:00 [INFO] [BRIDGE] [LOG] osc.show_bridge.in - RECV /state/group/2/transforms/autopilot (0.0, 0.0, 0.0, 0.0, 0.0, 0.0)
2025-12-10 00:13:00 [INFO] [BRIDGE] [LOG] osc.show_bridge.in - RECV /state/group/1/transforms/autopilot (0.0, 0.0, 0.0, 0.0, 0.0, 0.0)
2025-12-10 00:13:00 [INFO] [BRIDGE] [LOG] osc.show_bridge.in - RECV /state/group/5/opacity (0.0,)
2025-12-10 00:13:00 [INFO] [BRIDGE] [LOG] osc.show_bridge.in - RECV /state/group/1/dynamic_masks/enabled (0.0, 0.0, 0.0, 0.0, 0.0)
2025-12-10 00:13:00 [INFO] [BRIDGE] [LOG] osc.show_bridge.in - RECV /state/group/8/transforms/enabled (0.0, 0.0, 0.0, 0.0, 0.0, 0.0)
2025-12-10 00:13:00 [INFO] [BRIDGE] [LOG] osc.show_bridge.in - RECV /state/group/5/effects/autopilot (0.0, 0.0, 0.0, 0.0, 0.0)
2025-12-10 00:13:00 [INFO] [BRIDGE] [LOG] osc.show_bridge.in - RECV /state/group/6/color/autopilot (0.0, 0.0, 0.0, 0.0, 0.0)
2025-12-10 00:13:00 [INFO] [BRIDGE] [LOG] osc.show_bridge.in - RECV /state/group/7/transforms/autopilot (0.0, 0.0, 0.0, 0.0, 0.0, 0.0)
2025-12-10 00:13:00 [INFO] [BRIDGE] [LOG] osc.show_bridge.in - RECV /state/group/3/playing/autopilot (0.0, 0.0, 0.0, 0.0, 0.0, 0.0)
2025-12-10 00:13:00 [INFO] [BRIDGE] [LOG] osc.show_bridge.in - RECV /state/group/2/opacity (0.0, 0.0, 0.0, 0.0, 0.0, 0.0)
2025-12-10 00:13:00 [INFO] [BRIDGE] [LOG] osc.show_bridge.in - RECV /state/group/4/color/enabled (0.0, 0.0, 0.0, 0.0, 0.0, 0.0)
2025-12-10 00:13:00 [INFO] [BRIDGE] [LOG] osc.show_bridge.in - RECV /state/group/6/transforms/enabled (0.0, 0.0, 0.0, 0.0, 0.0, 0.0)
2025-12-10 00:13:00 [INFO] [BRIDGE] [LOG] osc.show_bridge.in - RECV /state/group/2/playing/autopilot (0.0, 0.0, 0.0, 0.0, 0.0)
2025-12-10 00:13:00 [INFO] [BRIDGE] [LOG] osc.show_bridge.in - RECV /state/group/4/effects/enabled (0.0, 0.0, 0.0, 0.0, 0.0, 0.0)
2025-12-10 00:13:00 [INFO] [BRIDGE] [LOG] osc.show_bridge.in - RECV /state/group/4/transforms/enabled (0.0, 0.0, 0.0, 0.0, 0.0, 0.0)
2025-12-10 00:13:00 [INFO] [BRIDGE] [LOG] osc.show_bridge.in - RECV /state/group/5/intensity (0.0, 0.0, 0.0, 0.0, 0.0, 0.0)
2025-12-10 00:13:00 [INFO] [BRIDGE] [LOG] osc.show_bridge.in - RECV /state/group/8/dynamic_masks/enabled (0.0, 0.0, 0.0, 0.0, 0.0)
2025-12-10 00:13:00 [INFO] [BRIDGE] [LOG] osc.show_bridge.in - RECV /state/group/2/transforms/enabled (0.0, 0.0, 0.0, 0.0, 0.0, 0.0)
2025-12-10 00:13:00 [INFO] [BRIDGE] [LOG] osc.show_bridge.in - RECV /state/group/1/transforms/enabled (0.0, 0.0, 0.0, 0.0, 0.0, 0.0)
2025-12-10 00:13:00 [INFO] [BRIDGE] [LOG] osc.show_bridge.in - RECV /state/group/5/intensity (0.0,)
2025-12-10 00:13:00 [INFO] [BRIDGE] [LOG] osc.show_bridge.in - RECV /state/group/1/color/autopilot (0.0, 0.0, 0.0, 0.0, 0.0)
2025-12-10 00:13:00 [INFO] [BRIDGE] [LOG] osc.show_bridge.in - RECV /state/group/8/dynamic_masks/autopilot (0.0, 0.0, 0.0, 0.0, 0.0, 0.0)
2025-12-10 00:13:00 [INFO] [BRIDGE] [LOG] osc.show_bridge.in - RECV /state/group/5/effects/enabled (0.0, 0.0, 0.0, 0.0, 0.0)
2025-12-10 00:13:00 [INFO] [BRIDGE] [LOG] osc.show_bridge.in - RECV /state/group/6/color/enabled (0.0, 0.0, 0.0, 0.0, 0.0)
2025-12-10 00:13:00 [INFO] [BRIDGE] [LOG] osc.show_bridge.in - RECV /state/group/7/transforms/enabled (0.0, 0.0, 0.0, 0.0, 0.0, 0.0)
2025-12-10 00:13:00 [INFO] [BRIDGE] [LOG] osc.show_bridge.in - RECV /state/group/3/playing/enabled (0.0, 0.0, 0.0, 0.0, 0.0, 0.0)
2025-12-10 00:13:00 [INFO] [BRIDGE] [LOG] osc.show_bridge.in - RECV /state/group/2/intensity (0.0, 0.0, 0.0, 0.0, 0.0, 0.0)
2025-12-10 00:13:00 [INFO] [BRIDGE] [LOG] osc.show_bridge.in - RECV /state/group/5/opacity (0.0, 0.0, 0.0, 0.0, 0.0, 0.0)
2025-12-10 00:13:00 [INFO] [BRIDGE] [LOG] osc.show_bridge.in - RECV /state/group/6/dynamic_masks/autopilot (0.0, 0.0, 0.0, 0.0, 0.0, 0.0)
2025-12-10 00:13:00 [INFO] [BRIDGE] [LOG] osc.show_bridge.in - RECV /state/group/2/playing/enabled (0.0, 0.0, 0.0, 0.0, 0.0)
2025-12-10 00:13:00 [INFO] [BRIDGE] [LOG] osc.show_bridge.in - RECV /state/group/4/transforms/autopilot (0.0, 0.0, 0.0, 0.0, 0.0, 0.0)
2025-12-10 00:13:00 [INFO] [BRIDGE] [LOG] osc.show_bridge.in - RECV /state/group/4/dynamic_masks/autopilot (0.0, 0.0, 0.0, 0.0, 0.0, 0.0)
2025-12-10 00:13:00 [INFO] [BRIDGE] [LOG] osc.show_bridge.in - RECV /state/group/5/playing/autopilot (0.0, 0.0, 0.0, 0.0, 0.0, 0.0)
2025-12-10 00:13:00 [INFO] [BRIDGE] [LOG] osc.show_bridge.in - RECV /state/group/8/color/autopilot (0.0, 0.0, 0.0, 0.0, 0.0)
2025-12-10 00:13:00 [INFO] [BRIDGE] [LOG] osc.show_bridge.in - RECV /state/group/2/dynamic_masks/autopilot (0.0, 0.0, 0.0, 0.0, 0.0, 0.0)
2025-12-10 00:13:00 [INFO] [BRIDGE] [LOG] osc.show_bridge.in - RECV /state/group/1/dynamic_masks/autopilot (0.0, 0.0, 0.0, 0.0, 0.0, 0.0)
2025-12-10 00:13:00 [INFO] [BRIDGE] [LOG] osc.show_bridge.in - RECV /state/group/5/playing/autopilot (0.0,)
2025-12-10 00:13:00 [INFO] [BRIDGE] [LOG] osc.show_bridge.in - RECV /state/group/1/color/enabled (0.0, 0.0, 0.0, 0.0, 0.0)
2025-12-10 00:13:00 [INFO] [BRIDGE] [LOG] osc.show_bridge.in - RECV /state/group/8/dynamic_masks/enabled (0.0, 0.0, 0.0, 0.0, 0.0, 0.0)
2025-12-10 00:13:00 [INFO] [BRIDGE] [LOG] osc.show_bridge.in - RECV /state/group/5/transforms/autopilot (0.0, 0.0, 0.0, 0.0, 0.0)
2025-12-10 00:13:00 [INFO] [BRIDGE] [LOG] osc.show_bridge.in - RECV /state/group/7/opacity (0.0, 0.0, 0.0, 0.0, 0.0)
2025-12-10 00:13:00 [INFO] [BRIDGE] [LOG] osc.show_bridge.in - RECV /state/group/7/dynamic_masks/autopilot (0.0, 0.0, 0.0, 0.0, 0.0, 0.0)
2025-12-10 00:13:00 [INFO] [BRIDGE] [LOG] osc.show_bridge.in - RECV /state/group/3/effects/autopilot (0.0, 0.0, 0.0, 0.0, 0.0, 0.0)
2025-12-10 00:13:00 [INFO] [BRIDGE] [LOG] osc.show_bridge.in - RECV /state/group/2/playing/autopilot (0.0, 0.0, 0.0, 0.0, 0.0, 0.0)
2025-12-10 00:13:00 [INFO] [BRIDGE] [LOG] osc.show_bridge.in - RECV /state/group/5/intensity (0.0, 0.0, 0.0, 0.0, 0.0, 0.0)
2025-12-10 00:13:00 [INFO] [BRIDGE] [LOG] osc.show_bridge.in - RECV /state/group/6/dynamic_masks/enabled (0.0, 0.0, 0.0, 0.0, 0.0, 0.0)
2025-12-10 00:13:00 [INFO] [BRIDGE] [LOG] osc.show_bridge.in - RECV /state/group/2/effects/autopilot (0.0, 0.0, 0.0, 0.0, 0.0)
2025-12-10 00:13:00 [INFO] [BRIDGE] [LOG] osc.show_bridge.in - RECV /state/group/4/transforms/enabled (0.0, 0.0, 0.0, 0.0, 0.0, 0.0)
2025-12-10 00:13:00 [INFO] [BRIDGE] [LOG] osc.show_bridge.in - RECV /state/group/4/dynamic_masks/enabled (0.0, 0.0, 0.0, 0.0, 0.0, 0.0)
2025-12-10 00:13:00 [INFO] [BRIDGE] [LOG] osc.show_bridge.in - RECV /state/group/5/playing/enabled (0.0, 0.0, 0.0, 0.0, 0.0, 0.0)
2025-12-10 00:13:00 [INFO] [BRIDGE] [LOG] osc.show_bridge.in - RECV /state/group/8/color/enabled (0.0, 0.0, 0.0, 0.0, 0.0)
2025-12-10 00:13:00 [INFO] [BRIDGE] [LOG] osc.show_bridge.in - RECV /state/group/2/dynamic_masks/enabled (0.0, 0.0, 0.0, 0.0, 0.0, 0.0)
2025-12-10 00:13:00 [INFO] [BRIDGE] [LOG] osc.show_bridge.in - RECV /state/group/1/dynamic_masks/enabled (0.0, 0.0, 0.0, 0.0, 0.0, 0.0)
2025-12-10 00:13:00 [INFO] [BRIDGE] [LOG] osc.show_bridge.in - RECV /state/group/5/playing/enabled (0.0,)
2025-12-10 00:13:00 [INFO] [BRIDGE] [LOG] osc.show_bridge.in - RECV /state/group/2/opacity (0.0, 0.0, 0.0, 0.0, 0.0)
2025-12-10 00:13:00 [INFO] [BRIDGE] [LOG] osc.show_bridge.in - RECV /state/group/8/color/autopilot (0.0, 0.0, 0.0, 0.0, 0.0, 0.0)
2025-12-10 00:13:00 [INFO] [BRIDGE] [LOG] osc.show_bridge.in - RECV /state/group/5/transforms/enabled (0.0, 0.0, 0.0, 0.0, 0.0)
2025-12-10 00:13:00 [INFO] [BRIDGE] [LOG] osc.show_bridge.in - RECV /state/group/7/intensity (0.0, 0.0, 0.0, 0.0, 0.0)
2025-12-10 00:13:00 [INFO] [BRIDGE] [LOG] osc.show_bridge.in - RECV /state/group/7/dynamic_masks/enabled (0.0, 0.0, 0.0, 0.0, 0.0, 0.0)
2025-12-10 00:13:00 [INFO] [BRIDGE] [LOG] osc.show_bridge.in - RECV /state/group/3/effects/enabled (0.0, 0.0, 0.0, 0.0, 0.0, 0.0)
2025-12-10 00:13:00 [INFO] [BRIDGE] [LOG] osc.show_bridge.in - RECV /state/group/2/playing/enabled (0.0, 0.0, 0.0, 0.0, 0.0, 0.0)
2025-12-10 00:13:00 [INFO] [BRIDGE] [LOG] osc.show_bridge.in - RECV /state/group/5/playing/autopilot (0.0, 0.0, 0.0, 0.0, 0.0, 0.0)
2025-12-10 00:13:00 [INFO] [BRIDGE] [LOG] osc.show_bridge.in - RECV /state/group/6/color/autopilot (0.0, 0.0, 0.0, 0.0, 0.0, 0.0)
2025-12-10 00:13:00 [INFO] [BRIDGE] [LOG] osc.show_bridge.in - RECV /state/group/2/effects/enabled (0.0, 0.0, 0.0, 0.0, 0.0)
2025-12-10 00:13:00 [INFO] [BRIDGE] [LOG] osc.show_bridge.in - RECV /state/group/4/dynamic_masks/autopilot (0.0, 0.0, 0.0, 0.0, 0.0, 0.0)
2025-12-10 00:13:00 [INFO] [BRIDGE] [LOG] osc.show_bridge.in - RECV /state/group/4/color/autopilot (0.0, 0.0, 0.0, 0.0, 0.0, 0.0)
2025-12-10 00:13:00 [INFO] [BRIDGE] [LOG] osc.show_bridge.in - RECV /state/group/5/effects/autopilot (0.0, 0.0, 0.0, 0.0, 0.0, 0.0)
2025-12-10 00:13:00 [INFO] [BRIDGE] [LOG] osc.show_bridge.in - RECV /state/group/2/color/autopilot (0.0, 0.0, 0.0, 0.0, 0.0, 0.0)
2025-12-10 00:13:00 [INFO] [BRIDGE] [LOG] osc.show_bridge.in - RECV /state/group/1/color/autopilot (0.0, 0.0, 0.0, 0.0, 0.0, 0.0)
2025-12-10 00:13:00 [INFO] [BRIDGE] [LOG] osc.show_bridge.in - RECV /state/group/5/effects/autopilot (0.0,)
2025-12-10 00:13:00 [INFO] [BRIDGE] [LOG] osc.show_bridge.in - RECV /state/group/2/intensity (0.0, 0.0, 0.0, 0.0, 0.0)
2025-12-10 00:13:00 [INFO] [BRIDGE] [LOG] osc.show_bridge.in - RECV /state/group/8/color/enabled (0.0, 0.0, 0.0, 0.0, 0.0, 0.0)
2025-12-10 00:13:00 [INFO] [BRIDGE] [LOG] osc.show_bridge.in - RECV /state/group/5/dynamic_masks/autopilot (0.0, 0.0, 0.0, 0.0, 0.0)
2025-12-10 00:13:00 [INFO] [BRIDGE] [LOG] osc.show_bridge.in - RECV /state/group/7/playing/autopilot (0.0, 0.0, 0.0, 0.0, 0.0)
2025-12-10 00:13:00 [INFO] [BRIDGE] [LOG] osc.show_bridge.in - RECV /state/group/7/color/autopilot (0.0, 0.0, 0.0, 0.0, 0.0, 0.0)
2025-12-10 00:13:00 [INFO] [BRIDGE] [LOG] osc.show_bridge.in - RECV /state/group/3/transforms/autopilot (0.0, 0.0, 0.0, 0.0, 0.0, 0.0)
2025-12-10 00:13:00 [INFO] [BRIDGE] [LOG] osc.show_bridge.in - RECV /state/group/2/effects/autopilot (0.0, 0.0, 0.0, 0.0, 0.0, 0.0)
2025-12-10 00:13:00 [INFO] [BRIDGE] [LOG] osc.show_bridge.in - RECV /state/group/5/playing/enabled (0.0, 0.0, 0.0, 0.0, 0.0, 0.0)
2025-12-10 00:13:00 [INFO] [BRIDGE] [LOG] osc.show_bridge.in - RECV /state/group/6/color/enabled (0.0, 0.0, 0.0, 0.0, 0.0, 0.0)
2025-12-10 00:13:00 [INFO] [BRIDGE] [LOG] osc.show_bridge.in - RECV /state/group/2/transforms/autopilot (0.0, 0.0, 0.0, 0.0, 0.0)
2025-12-10 00:13:00 [INFO] [BRIDGE] [LOG] osc.show_bridge.in - RECV /state/group/4/dynamic_masks/enabled (0.0, 0.0, 0.0, 0.0, 0.0, 0.0)
2025-12-10 00:13:00 [INFO] [BRIDGE] [LOG] osc.show_bridge.in - RECV /state/group/4/color/enabled (0.0, 0.0, 0.0, 0.0, 0.0, 0.0)
2025-12-10 00:13:00 [INFO] [BRIDGE] [LOG] osc.show_bridge.in - RECV /state/group/5/effects/enabled (0.0, 0.0, 0.0, 0.0, 0.0, 0.0)
2025-12-10 00:13:00 [INFO] [BRIDGE] [LOG] osc.show_bridge.in - RECV /state/group/2/color/enabled (0.0, 0.0, 0.0, 0.0, 0.0, 0.0)
2025-12-10 00:13:00 [INFO] [BRIDGE] [LOG] osc.show_bridge.in - RECV /state/group/1/color/enabled (0.0, 0.0, 0.0, 0.0, 0.0, 0.0)
2025-12-10 00:13:00 [INFO] [BRIDGE] [LOG] osc.show_bridge.in - RECV /state/group/5/effects/enabled (0.0,)
2025-12-10 00:13:00 [INFO] [BRIDGE] [LOG] osc.show_bridge.in - RECV /state/group/2/playing/autopilot (0.0, 0.0, 0.0, 0.0, 0.0)
2025-12-10 00:13:00 [INFO] [BRIDGE] [LOG] osc.show_bridge.in - RECV /state/group/5/dynamic_masks/enabled (0.0, 0.0, 0.0, 0.0, 0.0)
2025-12-10 00:13:00 [INFO] [BRIDGE] [LOG] osc.show_bridge.in - RECV /state/group/7/playing/enabled (0.0, 0.0, 0.0, 0.0, 0.0)
2025-12-10 00:13:00 [INFO] [BRIDGE] [LOG] osc.show_bridge.in - RECV /state/group/7/color/enabled (0.0, 0.0, 0.0, 0.0, 0.0, 0.0)
2025-12-10 00:13:00 [INFO] [BRIDGE] [LOG] osc.show_bridge.in - RECV /state/group/3/transforms/enabled (0.0, 0.0, 0.0, 0.0, 0.0, 0.0)
2025-12-10 00:13:00 [INFO] [BRIDGE] [LOG] osc.show_bridge.in - RECV /state/group/2/effects/enabled (0.0, 0.0, 0.0, 0.0, 0.0, 0.0)
2025-12-10 00:13:00 [INFO] [BRIDGE] [LOG] osc.show_bridge.in - RECV /state/group/5/effects/autopilot (0.0, 0.0, 0.0, 0.0, 0.0, 0.0)
2025-12-10 00:13:00 [INFO] [BRIDGE] [LOG] osc.show_bridge.in - RECV /state/group/7/opacity (0.0, 0.0, 0.0, 0.0, 0.0, 0.0)
2025-12-10 00:13:00 [INFO] [BRIDGE] [LOG] osc.show_bridge.in - RECV /state/group/2/transforms/enabled (0.0, 0.0, 0.0, 0.0, 0.0)
2025-12-10 00:13:00 [INFO] [BRIDGE] [LOG] osc.show_bridge.in - RECV /state/group/4/color/autopilot (0.0, 0.0, 0.0, 0.0, 0.0, 0.0)
2025-12-10 00:13:00 [INFO] [BRIDGE] [LOG] osc.show_bridge.in - RECV /state/group/5/opacity (0.0, 0.0, 0.0, 0.0, 0.0, 0.0)
2025-12-10 00:13:00 [INFO] [BRIDGE] [LOG] osc.show_bridge.in - RECV /state/group/5/transforms/autopilot (0.0, 0.0, 0.0, 0.0, 0.0, 0.0)
2025-12-10 00:13:00 [INFO] [BRIDGE] [LOG] osc.show_bridge.in - RECV /state/group/3/opacity (0.7007874846458435, 0.7007874846458435, 0.7007874846458435, 0.7007874846458435, 0.7007874846458435, 0.7007874846458435)
2025-12-10 00:13:00 [INFO] [BRIDGE] [LOG] osc.show_bridge.in - RECV /state/group/2/opacity (0.0, 0.0, 0.0, 0.0, 0.0, 0.0)
2025-12-10 00:13:00 [INFO] [BRIDGE] [LOG] osc.show_bridge.in - RECV /state/group/5/transforms/autopilot (0.0,)
2025-12-10 00:13:00 [INFO] [BRIDGE] [LOG] osc.show_bridge.in - RECV /state/group/2/playing/enabled (0.0, 0.0, 0.0, 0.0, 0.0)
2025-12-10 00:13:00 [INFO] [BRIDGE] [LOG] osc.show_bridge.in - RECV /state/group/5/color/autopilot (0.0, 0.0, 0.0, 0.0, 0.0)
2025-12-10 00:13:00 [INFO] [BRIDGE] [LOG] osc.show_bridge.in - RECV /state/group/7/effects/autopilot (0.0, 0.0, 0.0, 0.0, 0.0)
2025-12-10 00:13:00 [INFO] [BRIDGE] [LOG] osc.show_bridge.in - RECV /state/group/8/opacity (0.0, 0.0, 0.0, 0.0, 0.0, 0.0)
2025-12-10 00:13:00 [INFO] [BRIDGE] [LOG] osc.show_bridge.in - RECV /state/group/3/dynamic_masks/autopilot (0.0, 0.0, 0.0, 0.0, 0.0, 0.0)
2025-12-10 00:13:00 [INFO] [BRIDGE] [LOG] osc.show_bridge.in - RECV /state/group/2/transforms/autopilot (0.0, 0.0, 0.0, 0.0, 0.0, 0.0)
2025-12-10 00:13:00 [INFO] [BRIDGE] [LOG] osc.show_bridge.in - RECV /state/group/5/effects/enabled (0.0, 0.0, 0.0, 0.0, 0.0, 0.0)
2025-12-10 00:13:00 [INFO] [BRIDGE] [LOG] osc.show_bridge.in - RECV /state/group/7/intensity (0.0, 0.0, 0.0, 0.0, 0.0, 0.0)
2025-12-10 00:13:00 [INFO] [BRIDGE] [LOG] osc.show_bridge.in - RECV /state/group/2/dynamic_masks/autopilot (0.0, 0.0, 0.0, 0.0, 0.0)
2025-12-10 00:13:00 [INFO] [BRIDGE] [LOG] osc.show_bridge.in - RECV /state/group/4/color/enabled (0.0, 0.0, 0.0, 0.0, 0.0, 0.0)
2025-12-10 00:13:00 [INFO] [BRIDGE] [LOG] osc.show_bridge.in - RECV /state/group/5/intensity (0.0, 0.0, 0.0, 0.0, 0.0, 0.0)
2025-12-10 00:13:01 [INFO] [BRIDGE] [LOG] osc.show_bridge.in - RECV /state/group/5/transforms/enabled (0.0, 0.0, 0.0, 0.0, 0.0, 0.0)
2025-12-10 00:13:01 [INFO] [BRIDGE] [LOG] osc.show_bridge.in - RECV /state/group/3/intensity (0.0, 0.0, 0.0, 0.0, 0.0, 0.0)
2025-12-10 00:13:01 [INFO] [BRIDGE] [LOG] osc.show_bridge.in - RECV /state/group/2/intensity (0.0, 0.0, 0.0, 0.0, 0.0, 0.0)
2025-12-10 00:13:01 [INFO] [BRIDGE] [LOG] osc.show_bridge.in - RECV /state/group/5/transforms/enabled (0.0,)
2025-12-10 00:13:01 [INFO] [BRIDGE] [LOG] osc.show_bridge.in - RECV /state/group/2/effects/autopilot (0.0, 0.0, 0.0, 0.0, 0.0)
2025-12-10 00:13:01 [INFO] [BRIDGE] [LOG] osc.show_bridge.in - RECV /state/group/5/color/enabled (0.0, 0.0, 0.0, 0.0, 0.0)
2025-12-10 00:13:01 [INFO] [BRIDGE] [LOG] osc.show_bridge.in - RECV /state/group/7/effects/enabled (0.0, 0.0, 0.0, 0.0, 0.0)
2025-12-10 00:13:01 [INFO] [BRIDGE] [LOG] osc.show_bridge.in - RECV /state/group/8/intensity (0.0, 0.0, 0.0, 0.0, 0.0, 0.0)
2025-12-10 00:13:01 [INFO] [BRIDGE] [LOG] osc.show_bridge.in - RECV /state/group/3/dynamic_masks/enabled (0.0, 0.0, 0.0, 0.0, 0.0, 0.0)
2025-12-10 00:13:01 [INFO] [BRIDGE] [LOG] osc.show_bridge.in - RECV /state/group/2/transforms/enabled (0.0, 0.0, 0.0, 0.0, 0.0, 0.0)
2025-12-10 00:13:01 [INFO] [BRIDGE] [LOG] osc.show_bridge.in - RECV /state/group/5/transforms/autopilot (0.0, 0.0, 0.0, 0.0, 0.0, 0.0)
2025-12-10 00:13:01 [INFO] [BRIDGE] [LOG] osc.show_bridge.in - RECV /state/group/7/playing/autopilot (0.0, 0.0, 0.0, 0.0, 0.0, 0.0)
2025-12-10 00:13:01 [INFO] [BRIDGE] [LOG] osc.show_bridge.in - RECV /state/group/2/dynamic_masks/enabled (0.0, 0.0, 0.0, 0.0, 0.0)
2025-12-10 00:13:01 [INFO] [BRIDGE] [LOG] osc.show_bridge.in - RECV /state/group/5/opacity (0.0, 0.0, 0.0, 0.0, 0.0, 0.0)
2025-12-10 00:13:01 [INFO] [BRIDGE] [LOG] osc.show_bridge.in - RECV /state/group/5/playing/autopilot (0.0, 0.0, 0.0, 0.0, 0.0, 0.0)
2025-12-10 00:13:01 [INFO] [BRIDGE] [LOG] osc.show_bridge.in - RECV /state/group/5/dynamic_masks/autopilot (0.0, 0.0, 0.0, 0.0, 0.0, 0.0)
2025-12-10 00:13:01 [INFO] [BRIDGE] [LOG] osc.show_bridge.in - RECV /state/group/3/playing/autopilot (0.0, 0.0, 0.0, 0.0, 0.0, 0.0)
2025-12-10 00:13:01 [INFO] [BRIDGE] [LOG] osc.show_bridge.in - RECV /state/group/2/playing/autopilot (0.0, 0.0, 0.0, 0.0, 0.0, 0.0)
2025-12-10 00:13:01 [INFO] [BRIDGE] [LOG] osc.show_bridge.in - RECV /state/group/5/dynamic_masks/autopilot (0.0,)
2025-12-10 00:13:01 [INFO] [BRIDGE] [LOG] osc.show_bridge.in - RECV /state/group/2/effects/enabled (0.0, 0.0, 0.0, 0.0, 0.0)
2025-12-10 00:13:01 [INFO] [BRIDGE] [LOG] osc.show_bridge.in - RECV /state/group/6/opacity (0.0, 0.0, 0.0, 0.0, 0.0)
2025-12-10 00:13:01 [INFO] [BRIDGE] [LOG] osc.show_bridge.in - RECV /state/group/7/transforms/autopilot (0.0, 0.0, 0.0, 0.0, 0.0)
2025-12-10 00:13:01 [INFO] [BRIDGE] [LOG] osc.show_bridge.in - RECV /state/group/8/playing/autopilot (0.0, 0.0, 0.0, 0.0, 0.0, 0.0)
2025-12-10 00:13:01 [INFO] [BRIDGE] [LOG] osc.show_bridge.in - RECV /state/group/3/color/autopilot (0.0, 0.0, 0.0, 0.0, 0.0, 0.0)
2025-12-10 00:13:01 [INFO] [BRIDGE] [LOG] osc.show_bridge.in - RECV /state/group/2/dynamic_masks/autopilot (0.0, 0.0, 0.0, 0.0, 0.0, 0.0)
2025-12-10 00:13:01 [INFO] [BRIDGE] [LOG] osc.show_bridge.in - RECV /state/group/5/transforms/enabled (0.0, 0.0, 0.0, 0.0, 0.0, 0.0)
2025-12-10 00:13:01 [INFO] [BRIDGE] [LOG] osc.show_bridge.in - RECV /state/group/7/playing/enabled (0.0, 0.0, 0.0, 0.0, 0.0, 0.0)
2025-12-10 00:13:01 [INFO] [BRIDGE] [LOG] osc.show_bridge.in - RECV /state/group/2/color/autopilot (0.0, 0.0, 0.0, 0.0, 0.0)
2025-12-10 00:13:01 [INFO] [BRIDGE] [LOG] osc.show_bridge.in - RECV /state/group/5/intensity (0.0, 0.0, 0.0, 0.0, 0.0, 0.0)
2025-12-10 00:13:01 [INFO] [BRIDGE] [LOG] osc.show_bridge.in - RECV /state/group/5/playing/enabled (0.0, 0.0, 0.0, 0.0, 0.0, 0.0)
2025-12-10 00:13:01 [INFO] [BRIDGE] [LOG] osc.show_bridge.in - RECV /state/group/5/dynamic_masks/enabled (0.0, 0.0, 0.0, 0.0, 0.0, 0.0)
2025-12-10 00:13:01 [INFO] [BRIDGE] [LOG] osc.show_bridge.in - RECV /state/group/3/playing/enabled (0.0, 0.0, 0.0, 0.0, 0.0, 0.0)
2025-12-10 00:13:01 [INFO] [BRIDGE] [LOG] osc.show_bridge.in - RECV /state/group/2/playing/enabled (0.0, 0.0, 0.0, 0.0, 0.0, 0.0)
2025-12-10 00:13:01 [INFO] [BRIDGE] [LOG] osc.show_bridge.in - RECV /state/group/5/dynamic_masks/enabled (0.0,)
2025-12-10 00:13:01 [INFO] [BRIDGE] [LOG] osc.show_bridge.in - RECV /state/group/2/transforms/autopilot (0.0, 0.0, 0.0, 0.0, 0.0)
2025-12-10 00:13:01 [INFO] [BRIDGE] [LOG] osc.show_bridge.in - RECV /state/group/6/intensity (0.0, 0.0, 0.0, 0.0, 0.0)
2025-12-10 00:13:01 [INFO] [BRIDGE] [LOG] osc.show_bridge.in - RECV /state/group/7/transforms/enabled (0.0, 0.0, 0.0, 0.0, 0.0)
2025-12-10 00:13:01 [INFO] [BRIDGE] [LOG] osc.show_bridge.in - RECV /state/group/8/playing/enabled (0.0, 0.0, 0.0, 0.0, 0.0, 0.0)
2025-12-10 00:13:01 [INFO] [BRIDGE] [LOG] osc.show_bridge.in - RECV /state/group/3/color/enabled (0.0, 0.0, 0.0, 0.0, 0.0, 0.0)
2025-12-10 00:13:01 [INFO] [BRIDGE] [LOG] osc.show_bridge.in - RECV /state/group/2/dynamic_masks/enabled (0.0, 0.0, 0.0, 0.0, 0.0, 0.0)
2025-12-10 00:13:01 [INFO] [BRIDGE] [LOG] osc.show_bridge.in - RECV /state/group/5/dynamic_masks/autopilot (0.0, 0.0, 0.0, 0.0, 0.0, 0.0)
2025-12-10 00:13:01 [INFO] [BRIDGE] [LOG] osc.show_bridge.in - RECV /state/group/7/effects/autopilot (0.0, 0.0, 0.0, 0.0, 0.0, 0.0)
2025-12-10 00:13:01 [INFO] [BRIDGE] [LOG] osc.show_bridge.in - RECV /state/group/2/color/enabled (0.0, 0.0, 0.0, 0.0, 0.0)
2025-12-10 00:13:01 [INFO] [BRIDGE] [LOG] osc.show_bridge.in - RECV /state/group/5/playing/autopilot (0.0, 0.0, 0.0, 0.0, 0.0, 0.0)
2025-12-10 00:13:01 [INFO] [BRIDGE] [LOG] osc.show_bridge.in - RECV /state/group/5/effects/autopilot (0.0, 0.0, 0.0, 0.0, 0.0, 0.0)
2025-12-10 00:13:01 [INFO] [BRIDGE] [LOG] osc.show_bridge.in - RECV /state/group/5/color/autopilot (0.0, 0.0, 0.0, 0.0, 0.0, 0.0)
2025-12-10 00:13:01 [INFO] [BRIDGE] [LOG] osc.show_bridge.in - RECV /state/group/3/effects/autopilot (0.0, 0.0, 0.0, 0.0, 0.0, 0.0)
2025-12-10 00:13:01 [INFO] [BRIDGE] [LOG] osc.show_bridge.in - RECV /state/group/2/effects/autopilot (0.0, 0.0, 0.0, 0.0, 0.0, 0.0)
2025-12-10 00:13:01 [INFO] [BRIDGE] [LOG] osc.show_bridge.in - RECV /state/group/5/color/autopilot (0.0,)
2025-12-10 00:13:01 [INFO] [BRIDGE] [LOG] osc.show_bridge.in - RECV /state/group/2/transforms/enabled (0.0, 0.0, 0.0, 0.0, 0.0)
2025-12-10 00:13:01 [INFO] [BRIDGE] [LOG] osc.show_bridge.in - RECV /state/group/6/playing/autopilot (0.0, 0.0, 0.0, 0.0, 0.0)
2025-12-10 00:13:01 [INFO] [BRIDGE] [LOG] osc.show_bridge.in - RECV /state/group/7/dynamic_masks/autopilot (0.0, 0.0, 0.0, 0.0, 0.0)
2025-12-10 00:13:01 [INFO] [BRIDGE] [LOG] osc.show_bridge.in - RECV /state/group/8/effects/autopilot (0.0, 0.0, 0.0, 0.0, 0.0, 0.0)
2025-12-10 00:13:01 [INFO] [BRIDGE] [LOG] osc.show_bridge.in - RECV /state/group/4/opacity (0.6299213171005249, 0.6299213171005249, 0.6299213171005249, 0.6299213171005249, 0.6299213171005249, 0.6299213171005249)
2025-12-10 00:13:01 [INFO] [BRIDGE] [LOG] osc.show_bridge.in - RECV /state/group/2/color/autopilot (0.0, 0.0, 0.0, 0.0, 0.0, 0.0)
2025-12-10 00:13:01 [INFO] [BRIDGE] [LOG] osc.show_bridge.in - RECV /state/group/5/dynamic_masks/enabled (0.0, 0.0, 0.0, 0.0, 0.0, 0.0)
2025-12-10 00:13:01 [INFO] [BRIDGE] [LOG] osc.show_bridge.in - RECV /state/group/7/effects/enabled (0.0, 0.0, 0.0, 0.0, 0.0, 0.0)
2025-12-10 00:13:01 [INFO] [BRIDGE] [LOG] osc.show_bridge.in - RECV /state/group/3/opacity (0.0, 0.7007875442504883, 0.0, 0.0, 0.0)
2025-12-10 00:13:01 [INFO] [BRIDGE] [LOG] osc.show_bridge.in - RECV /state/group/5/playing/enabled (0.0, 0.0, 0.0, 0.0, 0.0, 0.0)
2025-12-10 00:13:01 [INFO] [BRIDGE] [LOG] osc.show_bridge.in - RECV /state/group/5/effects/enabled (0.0, 0.0, 0.0, 0.0, 0.0, 0.0)
2025-12-10 00:13:01 [INFO] [BRIDGE] [LOG] osc.show_bridge.in - RECV /state/group/5/color/enabled (0.0, 0.0, 0.0, 0.0, 0.0, 0.0)
2025-12-10 00:13:01 [INFO] [BRIDGE] [LOG] osc.show_bridge.in - RECV /state/group/4/intensity (0.0, 0.0, 0.0, 0.0, 0.0, 0.0)
2025-12-10 00:13:01 [INFO] [BRIDGE] [LOG] osc.show_bridge.in - RECV /state/group/3/effects/enabled (0.0, 0.0, 0.0, 0.0, 0.0, 0.0)
2025-12-10 00:13:01 [INFO] [BRIDGE] [LOG] osc.show_bridge.in - RECV /state/group/2/effects/enabled (0.0, 0.0, 0.0, 0.0, 0.0, 0.0)
2025-12-10 00:13:01 [INFO] [BRIDGE] [LOG] osc.show_bridge.in - RECV /state/group/5/color/enabled (0.0,)
2025-12-10 00:13:01 [INFO] [BRIDGE] [LOG] osc.show_bridge.in - RECV /state/group/2/dynamic_masks/autopilot (0.0, 0.0, 0.0, 0.0, 0.0)
2025-12-10 00:13:01 [INFO] [BRIDGE] [LOG] osc.show_bridge.in - RECV /state/group/6/playing/enabled (0.0, 0.0, 0.0, 0.0, 0.0)
2025-12-10 00:13:01 [INFO] [BRIDGE] [LOG] osc.show_bridge.in - RECV /state/group/7/dynamic_masks/enabled (0.0, 0.0, 0.0, 0.0, 0.0)
2025-12-10 00:13:01 [INFO] [BRIDGE] [LOG] osc.show_bridge.in - RECV /state/group/8/effects/enabled (0.0, 0.0, 0.0, 0.0, 0.0, 0.0)
2025-12-10 00:13:01 [INFO] [BRIDGE] [LOG] osc.show_bridge.in - RECV /state/group/2/color/enabled (0.0, 0.0, 0.0, 0.0, 0.0, 0.0)
2025-12-10 00:13:01 [INFO] [BRIDGE] [LOG] osc.show_bridge.in - RECV /state/group/7/transforms/autopilot (0.0, 0.0, 0.0, 0.0, 0.0, 0.0)
2025-12-10 00:13:01 [INFO] [BRIDGE] [LOG] osc.show_bridge.in - RECV /state/group/3/intensity (0.0, 0.0, 0.0, 0.0, 0.0)
2025-12-10 00:13:01 [INFO] [BRIDGE] [LOG] osc.show_bridge.in - RECV /state/group/5/effects/autopilot (0.0, 0.0, 0.0, 0.0, 0.0, 0.0)
2025-12-10 00:13:01 [INFO] [BRIDGE] [LOG] osc.show_bridge.in - RECV /state/group/5/color/autopilot (0.0, 0.0, 0.0, 0.0, 0.0, 0.0)
2025-12-10 00:13:01 [INFO] [BRIDGE] [LOG] osc.show_bridge.in - RECV /state/group/5/transforms/autopilot (0.0, 0.0, 0.0, 0.0, 0.0, 0.0)
2025-12-10 00:13:01 [INFO] [BRIDGE] [LOG] osc.show_bridge.in - RECV /state/group/6/opacity (0.0, 0.0, 0.0, 0.0, 0.0, 0.0)
2025-12-10 00:13:01 [INFO] [BRIDGE] [LOG] osc.show_bridge.in - RECV /state/group/4/playing/autopilot (0.0, 0.0, 0.0, 0.0, 0.0, 0.0)
2025-12-10 00:13:01 [INFO] [BRIDGE] [LOG] osc.show_bridge.in - RECV /state/group/3/transforms/autopilot (0.0, 0.0, 0.0, 0.0, 0.0, 0.0)
2025-12-10 00:13:01 [INFO] [BRIDGE] [LOG] osc.show_bridge.in - RECV /state/group/2/transforms/autopilot (0.0, 0.0, 0.0, 0.0, 0.0, 0.0)
2025-12-10 00:13:01 [INFO] [BRIDGE] [LOG] osc.show_bridge.in - RECV /state/group/6/opacity (0.0,)
2025-12-10 00:13:01 [INFO] [BRIDGE] [LOG] osc.show_bridge.in - RECV /state/group/2/dynamic_masks/enabled (0.0, 0.0, 0.0, 0.0, 0.0)
2025-12-10 00:13:01 [INFO] [BRIDGE] [LOG] osc.show_bridge.in - RECV /state/group/6/effects/autopilot (0.0, 0.0, 0.0, 0.0, 0.0)
2025-12-10 00:13:01 [INFO] [BRIDGE] [LOG] osc.show_bridge.in - RECV /state/group/7/color/autopilot (0.0, 0.0, 0.0, 0.0, 0.0)
2025-12-10 00:13:01 [INFO] [BRIDGE] [LOG] osc.show_bridge.in - RECV /state/group/8/transforms/autopilot (0.0, 0.0, 0.0, 0.0, 0.0, 0.0)
2025-12-10 00:13:01 [INFO] [BRIDGE] [LOG] osc.show_bridge.in - RECV /state/group/3/opacity (0.0, 0.0, 0.0, 0.0, 0.0, 0.0)
2025-12-10 00:13:01 [INFO] [BRIDGE] [LOG] osc.show_bridge.in - RECV /state/group/7/transforms/enabled (0.0, 0.0, 0.0, 0.0, 0.0, 0.0)
2025-12-10 00:13:01 [INFO] [BRIDGE] [LOG] osc.show_bridge.in - RECV /state/group/3/playing/autopilot (0.0, 0.0, 0.0, 0.0, 0.0)
2025-12-10 00:13:01 [INFO] [BRIDGE] [LOG] osc.show_bridge.in - RECV /state/group/5/effects/enabled (0.0, 0.0, 0.0, 0.0, 0.0, 0.0)
2025-12-10 00:13:01 [INFO] [BRIDGE] [LOG] osc.show_bridge.in - RECV /state/group/5/color/enabled (0.0, 0.0, 0.0, 0.0, 0.0, 0.0)
2025-12-10 00:13:01 [INFO] [BRIDGE] [LOG] osc.show_bridge.in - RECV /state/group/5/transforms/enabled (0.0, 0.0, 0.0, 0.0, 0.0, 0.0)
2025-12-10 00:13:01 [INFO] [BRIDGE] [LOG] osc.show_bridge.in - RECV /state/group/6/intensity (0.0, 0.0, 0.0, 0.0, 0.0, 0.0)
2025-12-10 00:13:01 [INFO] [BRIDGE] [LOG] osc.show_bridge.in - RECV /state/group/4/playing/enabled (0.0, 0.0, 0.0, 0.0, 0.0, 0.0)
2025-12-10 00:13:01 [INFO] [BRIDGE] [LOG] osc.show_bridge.in - RECV /state/group/3/transforms/enabled (0.0, 0.0, 0.0, 0.0, 0.0, 0.0)
2025-12-10 00:13:01 [INFO] [BRIDGE] [LOG] osc.show_bridge.in - RECV /state/group/2/transforms/enabled (0.0, 0.0, 0.0, 0.0, 0.0, 0.0)
2025-12-10 00:13:01 [INFO] [BRIDGE] [LOG] osc.show_bridge.in - RECV /state/group/6/intensity (0.0,)
2025-12-10 00:13:01 [INFO] [BRIDGE] [LOG] osc.show_bridge.in - RECV /state/group/2/color/autopilot (0.0, 0.0, 0.0, 0.0, 0.0)
2025-12-10 00:13:01 [INFO] [BRIDGE] [LOG] osc.show_bridge.in - RECV /state/group/6/effects/enabled (0.0, 0.0, 0.0, 0.0, 0.0)
2025-12-10 00:13:01 [INFO] [BRIDGE] [LOG] osc.show_bridge.in - RECV /state/group/7/color/enabled (0.0, 0.0, 0.0, 0.0, 0.0)
2025-12-10 00:13:01 [INFO] [BRIDGE] [LOG] osc.show_bridge.in - RECV /state/group/8/transforms/enabled (0.0, 0.0, 0.0, 0.0, 0.0, 0.0)
2025-12-10 00:13:01 [INFO] [BRIDGE] [LOG] osc.show_bridge.in - RECV /state/group/3/intensity (0.0, 0.0, 0.0, 0.0, 0.0, 0.0)
2025-12-10 00:13:01 [INFO] [BRIDGE] [LOG] osc.show_bridge.in - RECV /state/group/7/dynamic_masks/autopilot (0.0, 0.0, 0.0, 0.0, 0.0, 0.0)
2025-12-10 00:13:01 [INFO] [BRIDGE] [LOG] osc.show_bridge.in - RECV /state/group/3/playing/enabled (0.0, 0.0, 0.0, 0.0, 0.0)
2025-12-10 00:13:01 [INFO] [BRIDGE] [LOG] osc.show_bridge.in - RECV /state/group/5/transforms/autopilot (0.0, 0.0, 0.0, 0.0, 0.0, 0.0)
2025-12-10 00:13:01 [INFO] [BRIDGE] [LOG] osc.show_bridge.in - RECV /state/group/6/opacity (0.0, 0.0, 0.0, 0.0, 0.0, 0.0)
2025-12-10 00:13:01 [INFO] [BRIDGE] [LOG] osc.show_bridge.in - RECV /state/group/5/dynamic_masks/autopilot (0.0, 0.0, 0.0, 0.0, 0.0, 0.0)
2025-12-10 00:13:01 [INFO] [BRIDGE] [LOG] osc.show_bridge.in - RECV /state/group/6/playing/autopilot (0.0, 0.0, 0.0, 0.0, 0.0, 0.0)
2025-12-10 00:13:01 [INFO] [BRIDGE] [LOG] osc.show_bridge.in - RECV /state/group/4/effects/autopilot (0.0, 0.0, 0.0, 0.0, 0.0, 0.0)
2025-12-10 00:13:01 [INFO] [BRIDGE] [LOG] osc.show_bridge.in - RECV /state/group/3/dynamic_masks/autopilot (0.0, 0.0, 0.0, 0.0, 0.0, 0.0)
2025-12-10 00:13:01 [INFO] [BRIDGE] [LOG] osc.show_bridge.in - RECV /state/group/2/dynamic_masks/autopilot (0.0, 0.0, 0.0, 0.0, 0.0, 0.0)
2025-12-10 00:13:01 [INFO] [BRIDGE] [LOG] osc.show_bridge.in - RECV /state/group/6/playing/autopilot (0.0,)
2025-12-10 00:13:01 [INFO] [BRIDGE] [LOG] osc.show_bridge.in - RECV /state/group/2/color/enabled (0.0, 0.0, 0.0, 0.0, 0.0)
2025-12-10 00:13:01 [INFO] [BRIDGE] [LOG] osc.show_bridge.in - RECV /state/group/6/transforms/autopilot (0.0, 0.0, 0.0, 0.0, 0.0)
2025-12-10 00:13:01 [INFO] [BRIDGE] [LOG] osc.show_bridge.in - RECV /state/group/8/opacity (0.0, 0.0, 0.0, 0.0, 0.0)
2025-12-10 00:13:01 [INFO] [BRIDGE] [LOG] osc.show_bridge.in - RECV /state/group/8/dynamic_masks/autopilot (0.0, 0.0, 0.0, 0.0, 0.0, 0.0)
2025-12-10 00:13:01 [INFO] [BRIDGE] [LOG] osc.show_bridge.in - RECV /state/group/3/playing/autopilot (0.0, 0.0, 0.0, 0.0, 0.0, 0.0)
2025-12-10 00:13:01 [INFO] [BRIDGE] [LOG] osc.show_bridge.in - RECV /state/group/7/dynamic_masks/enabled (0.0, 0.0, 0.0, 0.0, 0.0, 0.0)
2025-12-10 00:13:01 [INFO] [BRIDGE] [LOG] osc.show_bridge.in - RECV /state/group/3/effects/autopilot (0.0, 0.0, 0.0, 0.0, 0.0)
2025-12-10 00:13:01 [INFO] [BRIDGE] [LOG] osc.show_bridge.in - RECV /state/group/5/transforms/enabled (0.0, 0.0, 0.0, 0.0, 0.0, 0.0)
2025-12-10 00:13:01 [INFO] [BRIDGE] [LOG] osc.show_bridge.in - RECV /state/group/6/intensity (0.0, 0.0, 0.0, 0.0, 0.0, 0.0)
2025-12-10 00:13:01 [INFO] [BRIDGE] [LOG] osc.show_bridge.in - RECV /_samplerate (60.0,)
2025-12-10 00:13:01 [INFO] [BRIDGE] [LOG] osc.show_bridge.in - RECV /state/group/5/dynamic_masks/enabled (0.0, 0.0, 0.0, 0.0, 0.0, 0.0)
2025-12-10 00:13:01 [INFO] [BRIDGE] [LOG] osc.show_bridge.in - RECV /state/group/6/playing/enabled (0.0, 0.0, 0.0, 0.0, 0.0, 0.0)
2025-12-10 00:13:01 [INFO] [BRIDGE] [LOG] osc.show_bridge.in - RECV /state/group/4/effects/enabled (0.0, 0.0, 0.0, 0.0, 0.0, 0.0)
2025-12-10 00:13:01 [INFO] [BRIDGE] [LOG] osc.show_bridge.in - RECV /state/group/3/dynamic_masks/enabled (0.0, 0.0, 0.0, 0.0, 0.0, 0.0)
2025-12-10 00:13:01 [INFO] [BRIDGE] [LOG] osc.show_bridge.in - RECV /state/group/2/dynamic_masks/enabled (0.0, 0.0, 0.0, 0.0, 0.0, 0.0)
2025-12-10 00:13:01 [INFO] [BRIDGE] [LOG] osc.show_bridge.in - RECV /state/group/6/playing/enabled (0.0,)
2025-12-10 00:13:01 [INFO] [BRIDGE] [LOG] osc.show_bridge.in - RECV /state/group/3/opacity (0.0, 0.0, 0.0, 0.0, 0.0)
2025-12-10 00:13:01 [INFO] [BRIDGE] [LOG] osc.show_bridge.in - RECV /composition/sync (0.0, 0.0, 0.0, 0.0, 0.0, 0.0)
2025-12-10 00:13:01 [INFO] [BRIDGE] [LOG] osc.show_bridge.in - RECV /state/group/6/transforms/enabled (0.0, 0.0, 0.0, 0.0, 0.0)
2025-12-10 00:13:01 [INFO] [BRIDGE] [LOG] osc.show_bridge.in - RECV /state/group/8/intensity (0.0, 0.0, 0.0, 0.0, 0.0)
2025-12-10 00:13:01 [INFO] [BRIDGE] [LOG] osc.show_bridge.in - RECV /state/group/8/dynamic_masks/enabled (0.0, 0.0, 0.0, 0.0, 0.0, 0.0)
2025-12-10 00:13:01 [INFO] [BRIDGE] [LOG] osc.show_bridge.in - RECV /state/group/3/playing/enabled (0.0, 0.0, 0.0, 0.0, 0.0, 0.0)
2025-12-10 00:13:01 [INFO] [BRIDGE] [LOG] osc.show_bridge.in - RECV /state/group/7/color/autopilot (0.0, 0.0, 0.0, 0.0, 0.0, 0.0)
2025-12-10 00:13:01 [INFO] [BRIDGE] [LOG] osc.show_bridge.in - RECV /state/group/3/effects/enabled (0.0, 0.0, 0.0, 0.0, 0.0)
2025-12-10 00:13:01 [INFO] [BRIDGE] [LOG] osc.show_bridge.in - RECV /state/group/5/dynamic_masks/autopilot (0.0, 0.0, 0.0, 0.0, 0.0, 0.0)
2025-12-10 00:13:01 [INFO] [BRIDGE] [LOG] osc.show_bridge.in - RECV /state/group/1/opacity (0.0, 0.0, 0.0, 0.0, 0.0, 0.0)
2025-12-10 00:13:01 [INFO] [BRIDGE] [LOG] osc.show_bridge.in - RECV /state/group/6/playing/autopilot (0.0, 0.0, 0.0, 0.0, 0.0, 0.0)
2025-12-10 00:13:01 [INFO] [BRIDGE] [LOG] osc.show_bridge.in - RECV /state/group/5/color/autopilot (0.0, 0.0, 0.0, 0.0, 0.0, 0.0)
2025-12-10 00:13:01 [INFO] [BRIDGE] [LOG] osc.show_bridge.in - RECV /state/group/6/effects/autopilot (0.0, 0.0, 0.0, 0.0, 0.0, 0.0)
2025-12-10 00:13:01 [INFO] [BRIDGE] [LOG] osc.show_bridge.in - RECV /state/group/4/transforms/autopilot (0.0, 0.0, 0.0, 0.0, 0.0, 0.0)
2025-12-10 00:13:01 [INFO] [BRIDGE] [LOG] osc.show_bridge.in - RECV /state/group/3/color/autopilot (0.0, 0.0, 0.0, 0.0, 0.0, 0.0)
2025-12-10 00:13:01 [INFO] [BRIDGE] [LOG] osc.show_bridge.in - RECV /state/group/2/color/autopilot (0.0, 0.0, 0.0, 0.0, 0.0, 0.0)
2025-12-10 00:13:01 [INFO] [BRIDGE] [LOG] osc.show_bridge.in - RECV /state/group/6/effects/autopilot (0.0,)
2025-12-10 00:13:01 [INFO] [BRIDGE] [LOG] osc.show_bridge.in - RECV /state/group/3/intensity (0.0, 0.0, 0.0, 0.0, 0.0)
2025-12-10 00:13:01 [INFO] [BRIDGE] [LOG] osc.show_bridge.in - RECV /state/group/6/dynamic_masks/autopilot (0.0, 0.0, 0.0, 0.0, 0.0)
2025-12-10 00:13:01 [INFO] [BRIDGE] [LOG] osc.show_bridge.in - RECV /state/group/8/playing/autopilot (0.0, 0.0, 0.0, 0.0, 0.0)
2025-12-10 00:13:01 [INFO] [BRIDGE] [LOG] osc.show_bridge.in - RECV /state/group/8/color/autopilot (0.0, 0.0, 0.0, 0.0, 0.0, 0.0)
2025-12-10 00:13:01 [INFO] [BRIDGE] [LOG] osc.show_bridge.in - RECV /state/group/3/effects/autopilot (0.0, 0.0, 0.0, 0.0, 0.0, 0.0)
2025-12-10 00:13:01 [INFO] [BRIDGE] [LOG] osc.show_bridge.in - RECV /state/group/7/color/enabled (0.0, 0.0, 0.0, 0.0, 0.0, 0.0)
2025-12-10 00:13:01 [INFO] [BRIDGE] [LOG] osc.show_bridge.in - RECV /state/group/3/transforms/autopilot (0.0, 0.0, 0.0, 0.0, 0.0)
2025-12-10 00:13:01 [INFO] [BRIDGE] [LOG] osc.show_bridge.in - RECV /state/group/5/dynamic_masks/enabled (0.0, 0.0, 0.0, 0.0, 0.0, 0.0)
2025-12-10 00:13:01 [INFO] [BRIDGE] [LOG] osc.show_bridge.in - RECV /state/group/1/intensity (0.0, 0.0, 0.0, 0.0, 0.0, 0.0)
2025-12-10 00:13:01 [INFO] [BRIDGE] [LOG] osc.show_bridge.in - RECV /state/group/6/playing/enabled (0.0, 0.0, 0.0, 0.0, 0.0, 0.0)
2025-12-10 00:13:01 [INFO] [BRIDGE] [LOG] osc.show_bridge.in - RECV /state/group/5/color/enabled (0.0, 0.0, 0.0, 0.0, 0.0, 0.0)
2025-12-10 00:13:01 [INFO] [BRIDGE] [LOG] osc.show_bridge.in - RECV /state/group/6/effects/enabled (0.0, 0.0, 0.0, 0.0, 0.0, 0.0)
2025-12-10 00:13:01 [INFO] [BRIDGE] [LOG] osc.show_bridge.in - RECV /state/group/4/transforms/enabled (0.0, 0.0, 0.0, 0.0, 0.0, 0.0)
2025-12-10 00:13:01 [INFO] [BRIDGE] [LOG] osc.show_bridge.in - RECV /state/group/3/color/enabled (0.0, 0.0, 0.0, 0.0, 0.0, 0.0)
2025-12-10 00:13:01 [INFO] [BRIDGE] [LOG] osc.show_bridge.in - RECV /state/group/2/color/enabled (0.0, 0.0, 0.0, 0.0, 0.0, 0.0)
2025-12-10 00:13:01 [INFO] [BRIDGE] [LOG] osc.show_bridge.in - RECV /state/group/6/effects/enabled (0.0,)
2025-12-10 00:13:01 [INFO] [BRIDGE] [LOG] osc.show_bridge.in - RECV /state/group/3/playing/autopilot (0.0, 0.0, 0.0, 0.0, 0.0)
2025-12-10 00:13:01 [INFO] [BRIDGE] [LOG] osc.show_bridge.in - RECV /state/group/6/dynamic_masks/enabled (0.0, 0.0, 0.0, 0.0, 0.0)
2025-12-10 00:13:01 [INFO] [BRIDGE] [LOG] osc.show_bridge.in - RECV /state/group/8/playing/enabled (0.0, 0.0, 0.0, 0.0, 0.0)
2025-12-10 00:13:01 [INFO] [BRIDGE] [LOG] osc.show_bridge.in - RECV /state/group/8/color/enabled (0.0, 0.0, 0.0, 0.0, 0.0, 0.0)
2025-12-10 00:13:01 [INFO] [BRIDGE] [LOG] osc.show_bridge.in - RECV /state/group/3/effects/enabled (0.0, 0.0, 0.0, 0.0, 0.0, 0.0)
2025-12-10 00:13:01 [INFO] [BRIDGE] [LOG] osc.show_bridge.in - RECV /state/group/8/opacity (0.0, 0.0, 0.0, 0.0, 0.0, 0.0)
2025-12-10 00:13:01 [INFO] [BRIDGE] [LOG] osc.show_bridge.in - RECV /state/group/3/transforms/enabled (0.0, 0.0, 0.0, 0.0, 0.0)
2025-12-10 00:13:01 [INFO] [BRIDGE] [LOG] osc.show_bridge.in - RECV /state/group/5/color/autopilot (0.0, 0.0, 0.0, 0.0, 0.0, 0.0)
2025-12-10 00:13:01 [INFO] [BRIDGE] [LOG] osc.show_bridge.in - RECV /state/group/1/playing/autopilot (0.0, 0.0, 0.0, 0.0, 0.0, 0.0)
2025-12-10 00:13:01 [INFO] [BRIDGE] [LOG] osc.show_bridge.in - RECV /state/group/6/effects/autopilot (0.0, 0.0, 0.0, 0.0, 0.0, 0.0)
2025-12-10 00:13:01 [INFO] [BRIDGE] [LOG] osc.show_bridge.in - RECV /state/group/6/opacity (0.0, 0.0, 0.0, 0.0, 0.0, 0.0)
2025-12-10 00:13:01 [INFO] [BRIDGE] [LOG] osc.show_bridge.in - RECV /state/group/6/transforms/autopilot (0.0, 0.0, 0.0, 0.0, 0.0, 0.0)
2025-12-10 00:13:01 [INFO] [BRIDGE] [LOG] osc.show_bridge.in - RECV /state/group/4/dynamic_masks/autopilot (0.0, 0.0, 0.0, 0.0, 0.0, 0.0)
2025-12-10 00:13:01 [INFO] [BRIDGE] [LOG] osc.show_bridge.in - RECV /state/group/4/opacity (0.6299213171005249, 0.6299213171005249, 0.6299213171005249, 0.6299213171005249, 0.6299213171005249, 0.6299213171005249)
2025-12-10 00:13:01 [INFO] [BRIDGE] [LOG] osc.show_bridge.in - RECV /state/group/3/opacity (0.0, 0.0, 0.0, 0.0, 0.0, 0.0)
2025-12-10 00:13:01 [INFO] [BRIDGE] [LOG] osc.show_bridge.in - RECV /state/group/6/transforms/autopilot (0.0,)
2025-12-10 00:13:01 [INFO] [BRIDGE] [LOG] osc.show_bridge.in - RECV /state/group/3/playing/enabled (0.0, 0.0, 0.0, 0.0, 0.0)
2025-12-10 00:13:01 [INFO] [BRIDGE] [LOG] osc.show_bridge.in - RECV /state/group/6/color/autopilot (0.0, 0.0, 0.0, 0.0, 0.0)
2025-12-10 00:13:01 [INFO] [BRIDGE] [LOG] osc.show_bridge.in - RECV /state/group/8/effects/autopilot (0.0, 0.0, 0.0, 0.0, 0.0)
2025-12-10 00:13:01 [INFO] [BRIDGE] [LOG] osc.show_bridge.in - RECV /state/group/3/transforms/autopilot (0.0, 0.0, 0.0, 0.0, 0.0, 0.0)
2025-12-10 00:13:01 [INFO] [BRIDGE] [LOG] osc.show_bridge.in - RECV /state/group/8/intensity (0.0, 0.0, 0.0, 0.0, 0.0, 0.0)
2025-12-10 00:13:01 [INFO] [BRIDGE] [LOG] osc.show_bridge.in - RECV /state/group/3/dynamic_masks/autopilot (0.0, 0.0, 0.0, 0.0, 0.0)
2025-12-10 00:13:01 [INFO] [BRIDGE] [LOG] osc.show_bridge.in - RECV /state/group/5/color/enabled (0.0, 0.0, 0.0, 0.0, 0.0, 0.0)
2025-12-10 00:13:01 [INFO] [BRIDGE] [LOG] osc.show_bridge.in - RECV /state/group/1/playing/enabled (0.0, 0.0, 0.0, 0.0, 0.0, 0.0)
2025-12-10 00:13:01 [INFO] [BRIDGE] [LOG] osc.show_bridge.in - RECV /state/group/6/effects/enabled (0.0, 0.0, 0.0, 0.0, 0.0, 0.0)
2025-12-10 00:13:01 [INFO] [BRIDGE] [LOG] osc.show_bridge.in - RECV /state/group/6/intensity (0.0, 0.0, 0.0, 0.0, 0.0, 0.0)
2025-12-10 00:13:01 [INFO] [BRIDGE] [LOG] osc.show_bridge.in - RECV /state/group/6/transforms/enabled (0.0, 0.0, 0.0, 0.0, 0.0, 0.0)
2025-12-10 00:13:01 [INFO] [BRIDGE] [LOG] osc.show_bridge.in - RECV /state/group/4/dynamic_masks/enabled (0.0, 0.0, 0.0, 0.0, 0.0, 0.0)
2025-12-10 00:13:01 [INFO] [BRIDGE] [LOG] osc.show_bridge.in - RECV /state/group/4/intensity (0.0, 0.0, 0.0, 0.0, 0.0, 0.0)
2025-12-10 00:13:01 [INFO] [BRIDGE] [LOG] osc.show_bridge.in - RECV /state/group/3/intensity (0.0, 0.0, 0.0, 0.0, 0.0, 0.0)
2025-12-10 00:13:01 [INFO] [BRIDGE] [LOG] osc.show_bridge.in - RECV /state/group/6/transforms/enabled (0.0,)
2025-12-10 00:13:01 [INFO] [BRIDGE] [LOG] osc.show_bridge.in - RECV /state/group/3/effects/autopilot (0.0, 0.0, 0.0, 0.0, 0.0)
2025-12-10 00:13:01 [INFO] [BRIDGE] [LOG] osc.show_bridge.in - RECV /state/group/6/color/enabled (0.0, 0.0, 0.0, 0.0, 0.0)
2025-12-10 00:13:01 [INFO] [BRIDGE] [LOG] osc.show_bridge.in - RECV /state/group/8/effects/enabled (0.0, 0.0, 0.0, 0.0, 0.0)
2025-12-10 00:13:01 [INFO] [BRIDGE] [LOG] osc.show_bridge.in - RECV /state/group/3/transforms/enabled (0.0, 0.0, 0.0, 0.0, 0.0, 0.0)
2025-12-10 00:13:01 [INFO] [BRIDGE] [LOG] osc.show_bridge.in - RECV /state/group/8/playing/autopilot (0.0, 0.0, 0.0, 0.0, 0.0, 0.0)
2025-12-10 00:13:01 [INFO] [BRIDGE] [LOG] osc.show_bridge.in - RECV /state/group/3/dynamic_masks/enabled (0.0, 0.0, 0.0, 0.0, 0.0)
2025-12-10 00:13:01 [INFO] [BRIDGE] [LOG] osc.show_bridge.in - RECV /state/group/6/opacity (0.0, 0.0, 0.0, 0.0, 0.0, 0.0)
2025-12-10 00:13:01 [INFO] [BRIDGE] [LOG] osc.show_bridge.in - RECV /_samplerate (60.0,)
2025-12-10 00:13:01 [INFO] [BRIDGE] [LOG] osc.show_bridge.in - RECV /state/group/1/effects/autopilot (0.0, 0.0, 0.0, 0.0, 0.0, 0.0)
2025-12-10 00:13:01 [INFO] [BRIDGE] [LOG] osc.show_bridge.in - RECV /composition/sync (0.0, 0.0, 0.0, 0.0, 0.0, 0.0)
2025-12-10 00:13:01 [INFO] [BRIDGE] [LOG] osc.show_bridge.in - RECV /state/group/6/transforms/autopilot (0.0, 0.0, 0.0, 0.0, 0.0, 0.0)
2025-12-10 00:13:01 [INFO] [BRIDGE] [LOG] osc.show_bridge.in - RECV /state/group/6/playing/autopilot (0.0, 0.0, 0.0, 0.0, 0.0, 0.0)
2025-12-10 00:13:01 [INFO] [BRIDGE] [LOG] osc.show_bridge.in - RECV /state/group/6/dynamic_masks/autopilot (0.0, 0.0, 0.0, 0.0, 0.0, 0.0)
2025-12-10 00:13:01 [INFO] [BRIDGE] [LOG] osc.show_bridge.in - RECV /state/group/4/color/autopilot (0.0, 0.0, 0.0, 0.0, 0.0, 0.0)
2025-12-10 00:13:01 [INFO] [BRIDGE] [LOG] osc.show_bridge.in - RECV /state/group/4/playing/autopilot (0.0, 0.0, 0.0, 0.0, 0.0, 0.0)
2025-12-10 00:13:01 [INFO] [BRIDGE] [LOG] osc.show_bridge.in - RECV /state/group/1/opacity (0.0, 0.0, 0.0, 0.0, 0.0, 0.0)
2025-12-10 00:13:01 [INFO] [BRIDGE] [LOG] osc.show_bridge.in - RECV /state/group/3/playing/autopilot (0.0, 0.0, 0.0, 0.0, 0.0, 0.0)
2025-12-10 00:13:01 [INFO] [BRIDGE] [LOG] osc.show_bridge.in - RECV /state/group/6/dynamic_masks/autopilot (0.0,)
2025-12-10 00:13:01 [INFO] [BRIDGE] [LOG] osc.show_bridge.in - RECV /state/group/3/effects/enabled (0.0, 0.0, 0.0, 0.0, 0.0)
2025-12-10 00:13:01 [INFO] [BRIDGE] [LOG] osc.show_bridge.in - RECV /state/group/7/opacity (0.0, 0.0, 0.0, 0.0, 0.0)
2025-12-10 00:13:01 [INFO] [BRIDGE] [LOG] osc.show_bridge.in - RECV /state/group/8/transforms/autopilot (0.0, 0.0, 0.0, 0.0, 0.0)
2025-12-10 00:13:01 [INFO] [BRIDGE] [LOG] osc.show_bridge.in - RECV /state/group/3/dynamic_masks/autopilot (0.0, 0.0, 0.0, 0.0, 0.0, 0.0)
2025-12-10 00:13:01 [INFO] [BRIDGE] [LOG] osc.show_bridge.in - RECV /state/group/8/playing/enabled (0.0, 0.0, 0.0, 0.0, 0.0, 0.0)
2025-12-10 00:13:01 [INFO] [BRIDGE] [LOG] osc.show_bridge.in - RECV /state/group/3/color/autopilot (0.0, 0.0, 0.0, 0.0, 0.0)
2025-12-10 00:13:01 [INFO] [BRIDGE] [LOG] osc.show_bridge.in - RECV /state/group/6/intensity (0.0, 0.0, 0.0, 0.0, 0.0, 0.0)
2025-12-10 00:13:01 [INFO] [BRIDGE] [LOG] osc.show_bridge.in - RECV /state/group/1/effects/enabled (0.0, 0.0, 0.0, 0.0, 0.0, 0.0)
2025-12-10 00:13:01 [INFO] [BRIDGE] [LOG] osc.show_bridge.in - RECV /state/group/6/transforms/enabled (0.0, 0.0, 0.0, 0.0, 0.0, 0.0)
2025-12-10 00:13:01 [INFO] [BRIDGE] [LOG] osc.show_bridge.in - RECV /state/group/6/playing/enabled (0.0, 0.0, 0.0, 0.0, 0.0, 0.0)
2025-12-10 00:13:01 [INFO] [BRIDGE] [LOG] osc.show_bridge.in - RECV /state/group/6/dynamic_masks/enabled (0.0, 0.0, 0.0, 0.0, 0.0, 0.0)
2025-12-10 00:13:01 [INFO] [BRIDGE] [LOG] osc.show_bridge.in - RECV /state/group/4/color/enabled (0.0, 0.0, 0.0, 0.0, 0.0, 0.0)
2025-12-10 00:13:01 [INFO] [BRIDGE] [LOG] osc.show_bridge.in - RECV /state/group/4/playing/enabled (0.0, 0.0, 0.0, 0.0, 0.0, 0.0)
2025-12-10 00:13:01 [INFO] [BRIDGE] [LOG] osc.show_bridge.in - RECV /state/group/1/intensity (0.0, 0.0, 0.0, 0.0, 0.0, 0.0)
2025-12-10 00:13:01 [INFO] [BRIDGE] [LOG] osc.show_bridge.in - RECV /state/group/3/playing/enabled (0.0, 0.0, 0.0, 0.0, 0.0, 0.0)
2025-12-10 00:13:01 [INFO] [BRIDGE] [LOG] osc.show_bridge.in - RECV /state/group/6/dynamic_masks/enabled (0.0,)
2025-12-10 00:13:01 [INFO] [BRIDGE] [LOG] osc.show_bridge.in - RECV /state/group/3/transforms/autopilot (0.0, 0.0, 0.0, 0.0, 0.0)
2025-12-10 00:13:01 [INFO] [BRIDGE] [LOG] osc.show_bridge.in - RECV /state/group/7/intensity (0.0, 0.0, 0.0, 0.0, 0.0)
2025-12-10 00:13:01 [INFO] [BRIDGE] [LOG] osc.show_bridge.in - RECV /state/group/8/transforms/enabled (0.0, 0.0, 0.0, 0.0, 0.0)
2025-12-10 00:13:01 [INFO] [BRIDGE] [LOG] osc.show_bridge.in - RECV /state/group/3/dynamic_masks/enabled (0.0, 0.0, 0.0, 0.0, 0.0, 0.0)
2025-12-10 00:13:01 [INFO] [BRIDGE] [LOG] osc.show_bridge.in - RECV /state/group/8/effects/autopilot (0.0, 0.0, 0.0, 0.0, 0.0, 0.0)
2025-12-10 00:13:01 [INFO] [BRIDGE] [LOG] osc.show_bridge.in - RECV /state/group/3/color/enabled (0.0, 0.0, 0.0, 0.0, 0.0)
2025-12-10 00:13:01 [INFO] [BRIDGE] [LOG] osc.show_bridge.in - RECV /state/group/6/playing/autopilot (0.0, 0.0, 0.0, 0.0, 0.0, 0.0)
2025-12-10 00:13:01 [INFO] [BRIDGE] [LOG] osc.show_bridge.in - RECV /state/group/1/transforms/autopilot (0.0, 0.0, 0.0, 0.0, 0.0, 0.0)
2025-12-10 00:13:01 [INFO] [BRIDGE] [LOG] osc.show_bridge.in - RECV /state/group/6/dynamic_masks/autopilot (0.0, 0.0, 0.0, 0.0, 0.0, 0.0)
2025-12-10 00:13:01 [INFO] [BRIDGE] [LOG] osc.show_bridge.in - RECV /state/group/6/effects/autopilot (0.0, 0.0, 0.0, 0.0, 0.0, 0.0)
2025-12-10 00:13:01 [INFO] [BRIDGE] [LOG] osc.show_bridge.in - RECV /state/group/6/color/autopilot (0.0, 0.0, 0.0, 0.0, 0.0, 0.0)
2025-12-10 00:13:01 [INFO] [BRIDGE] [LOG] osc.show_bridge.in - RECV /state/group/5/opacity (0.0, 0.0, 0.0, 0.0, 0.0, 0.0)
2025-12-10 00:13:01 [INFO] [BRIDGE] [LOG] osc.show_bridge.in - RECV /state/group/4/effects/autopilot (0.0, 0.0, 0.0, 0.0, 0.0, 0.0)
2025-12-10 00:13:01 [INFO] [BRIDGE] [LOG] osc.show_bridge.in - RECV /state/group/1/playing/autopilot (0.0, 0.0, 0.0, 0.0, 0.0, 0.0)
2025-12-10 00:13:01 [INFO] [BRIDGE] [LOG] osc.show_bridge.in - RECV /state/group/3/effects/autopilot (0.0, 0.0, 0.0, 0.0, 0.0, 0.0)
2025-12-10 00:13:01 [INFO] [BRIDGE] [LOG] osc.show_bridge.in - RECV /state/group/6/color/autopilot (0.0,)
2025-12-10 00:13:01 [INFO] [BRIDGE] [LOG] osc.show_bridge.in - RECV /state/group/3/transforms/enabled (0.0, 0.0, 0.0, 0.0, 0.0)
2025-12-10 00:13:01 [INFO] [BRIDGE] [LOG] osc.show_bridge.in - RECV /state/group/7/playing/autopilot (0.0, 0.0, 0.0, 0.0, 0.0)
2025-12-10 00:13:01 [INFO] [BRIDGE] [LOG] osc.show_bridge.in - RECV /state/group/8/dynamic_masks/autopilot (0.0, 0.0, 0.0, 0.0, 0.0)
2025-12-10 00:13:01 [INFO] [BRIDGE] [LOG] osc.show_bridge.in - RECV /state/group/3/color/autopilot (0.0, 0.0, 0.0, 0.0, 0.0, 0.0)
2025-12-10 00:13:01 [INFO] [BRIDGE] [LOG] osc.show_bridge.in - RECV /state/group/8/effects/enabled (0.0, 0.0, 0.0, 0.0, 0.0, 0.0)
2025-12-10 00:13:01 [INFO] [BRIDGE] [LOG] osc.show_bridge.in - RECV /state/group/4/opacity (0.6299213171005249, 0.6299213171005249, 0.6299213171005249, 0.6299213171005249, 0.6299213171005249)
2025-12-10 00:13:01 [INFO] [BRIDGE] [LOG] osc.show_bridge.in - RECV /state/group/6/playing/enabled (0.0, 0.0, 0.0, 0.0, 0.0, 0.0)
2025-12-10 00:13:01 [INFO] [BRIDGE] [LOG] osc.show_bridge.in - RECV /state/group/1/transforms/enabled (0.0, 0.0, 0.0, 0.0, 0.0, 0.0)
2025-12-10 00:13:01 [INFO] [BRIDGE] [LOG] osc.show_bridge.in - RECV /state/group/6/dynamic_masks/enabled (0.0, 0.0, 0.0, 0.0, 0.0, 0.0)
2025-12-10 00:13:01 [INFO] [BRIDGE] [LOG] osc.show_bridge.in - RECV /state/group/4/effects/enabled (0.0, 0.0, 0.0, 0.0, 0.0, 0.0)
2025-12-10 00:13:01 [INFO] [BRIDGE] [LOG] osc.show_bridge.in - RECV /state/group/6/effects/enabled (0.0, 0.0, 0.0, 0.0, 0.0, 0.0)
2025-12-10 00:13:01 [INFO] [BRIDGE] [LOG] osc.show_bridge.in - RECV /state/group/6/color/enabled (0.0, 0.0, 0.0, 0.0, 0.0, 0.0)
2025-12-10 00:13:01 [INFO] [BRIDGE] [LOG] osc.show_bridge.in - RECV /state/group/5/intensity (0.0, 0.0, 0.0, 0.0, 0.0, 0.0)
2025-12-10 00:13:01 [INFO] [BRIDGE] [LOG] osc.show_bridge.in - RECV /state/group/1/playing/enabled (0.0, 0.0, 0.0, 0.0, 0.0, 0.0)
2025-12-10 00:13:01 [INFO] [BRIDGE] [LOG] osc.show_bridge.in - RECV /state/group/3/effects/enabled (0.0, 0.0, 0.0, 0.0, 0.0, 0.0)
2025-12-10 00:13:01 [INFO] [BRIDGE] [LOG] osc.show_bridge.in - RECV /state/group/3/dynamic_masks/autopilot (0.0, 0.0, 0.0, 0.0, 0.0)
2025-12-10 00:13:01 [INFO] [BRIDGE] [LOG] osc.show_bridge.in - RECV /state/group/7/playing/enabled (0.0, 0.0, 0.0, 0.0, 0.0)
2025-12-10 00:13:01 [INFO] [BRIDGE] [LOG] osc.show_bridge.in - RECV /state/group/8/dynamic_masks/enabled (0.0, 0.0, 0.0, 0.0, 0.0)
2025-12-10 00:13:01 [INFO] [BRIDGE] [LOG] osc.show_bridge.in - RECV /state/group/3/color/enabled (0.0, 0.0, 0.0, 0.0, 0.0, 0.0)
2025-12-10 00:13:01 [INFO] [BRIDGE] [LOG] osc.show_bridge.in - RECV /state/group/8/transforms/autopilot (0.0, 0.0, 0.0, 0.0, 0.0, 0.0)
2025-12-10 00:13:01 [INFO] [BRIDGE] [LOG] osc.show_bridge.in - RECV /state/group/4/intensity (0.0, 0.0, 0.0, 0.0, 0.0)
2025-12-10 00:13:01 [INFO] [BRIDGE] [LOG] osc.show_bridge.in - RECV /state/group/6/effects/autopilot (0.0, 0.0, 0.0, 0.0, 0.0, 0.0)
2025-12-10 00:13:01 [INFO] [BRIDGE] [LOG] osc.show_bridge.in - RECV /state/group/1/dynamic_masks/autopilot (0.0, 0.0, 0.0, 0.0, 0.0, 0.0)
2025-12-10 00:13:01 [INFO] [BRIDGE] [LOG] osc.show_bridge.in - RECV /state/group/6/color/enabled (0.0,)
2025-12-10 00:13:01 [INFO] [BRIDGE] [LOG] osc.show_bridge.in - RECV /state/group/6/transforms/autopilot (0.0, 0.0, 0.0, 0.0, 0.0, 0.0)
2025-12-10 00:13:01 [INFO] [BRIDGE] [LOG] osc.show_bridge.in - RECV /state/group/7/opacity (0.0, 0.0, 0.0, 0.0, 0.0, 0.0)
2025-12-10 00:13:01 [INFO] [BRIDGE] [LOG] osc.show_bridge.in - RECV /state/group/4/transforms/autopilot (0.0, 0.0, 0.0, 0.0, 0.0, 0.0)
2025-12-10 00:13:01 [INFO] [BRIDGE] [LOG] osc.show_bridge.in - RECV /state/group/8/color/autopilot (0.0, 0.0, 0.0, 0.0, 0.0)
2025-12-10 00:13:01 [INFO] [BRIDGE] [LOG] osc.show_bridge.in - RECV /state/group/8/transforms/enabled (0.0, 0.0, 0.0, 0.0, 0.0, 0.0)
2025-12-10 00:13:01 [INFO] [BRIDGE] [LOG] osc.show_bridge.in - RECV /state/group/6/color/autopilot (0.0, 0.0, 0.0, 0.0, 0.0, 0.0)
2025-12-10 00:13:01 [INFO] [BRIDGE] [LOG] osc.show_bridge.in - RECV /state/group/1/effects/autopilot (0.0, 0.0, 0.0, 0.0, 0.0, 0.0)
2025-12-10 00:13:01 [INFO] [BRIDGE] [LOG] osc.show_bridge.in - RECV /state/group/3/transforms/autopilot (0.0, 0.0, 0.0, 0.0, 0.0, 0.0)
2025-12-10 00:13:01 [INFO] [BRIDGE] [LOG] osc.show_bridge.in - RECV /state/group/3/dynamic_masks/enabled (0.0, 0.0, 0.0, 0.0, 0.0)
2025-12-10 00:13:01 [INFO] [BRIDGE] [LOG] osc.show_bridge.in - RECV /state/group/7/effects/autopilot (0.0, 0.0, 0.0, 0.0, 0.0)
2025-12-10 00:13:01 [INFO] [BRIDGE] [LOG] osc.show_bridge.in - RECV /state/group/4/playing/autopilot (0.0, 0.0, 0.0, 0.0, 0.0)
2025-12-10 00:13:01 [INFO] [BRIDGE] [LOG] osc.show_bridge.in - RECV /state/group/1/dynamic_masks/enabled (0.0, 0.0, 0.0, 0.0, 0.0, 0.0)
2025-12-10 00:13:01 [INFO] [BRIDGE] [LOG] osc.show_bridge.in - RECV /state/group/5/playing/autopilot (0.0, 0.0, 0.0, 0.0, 0.0, 0.0)
2025-12-10 00:13:01 [INFO] [BRIDGE] [LOG] osc.show_bridge.in - RECV /state/group/7/opacity (0.0,)
2025-12-10 00:13:01 [INFO] [BRIDGE] [LOG] osc.show_bridge.in - RECV /state/group/4/opacity (0.6299213171005249, 0.6299213171005249, 0.6299213171005249, 0.6299213171005249, 0.6299213171005249, 0.6299213171005249)
2025-12-10 00:13:01 [INFO] [BRIDGE] [LOG] osc.show_bridge.in - RECV /state/group/6/transforms/enabled (0.0, 0.0, 0.0, 0.0, 0.0, 0.0)
2025-12-10 00:13:01 [INFO] [BRIDGE] [LOG] osc.show_bridge.in - RECV /state/group/6/effects/enabled (0.0, 0.0, 0.0, 0.0, 0.0, 0.0)
2025-12-10 00:13:01 [INFO] [BRIDGE] [LOG] osc.show_bridge.in - RECV /state/group/7/intensity (0.0, 0.0, 0.0, 0.0, 0.0, 0.0)
2025-12-10 00:13:01 [INFO] [BRIDGE] [LOG] osc.show_bridge.in - RECV /state/group/4/transforms/enabled (0.0, 0.0, 0.0, 0.0, 0.0, 0.0)
2025-12-10 00:13:01 [INFO] [BRIDGE] [LOG] osc.show_bridge.in - RECV /state/group/8/color/enabled (0.0, 0.0, 0.0, 0.0, 0.0)
2025-12-10 00:13:01 [INFO] [BRIDGE] [LOG] osc.show_bridge.in - RECV /state/group/8/dynamic_masks/autopilot (0.0, 0.0, 0.0, 0.0, 0.0, 0.0)
2025-12-10 00:13:01 [INFO] [BRIDGE] [LOG] osc.show_bridge.in - RECV /state/group/6/color/enabled (0.0, 0.0, 0.0, 0.0, 0.0, 0.0)
2025-12-10 00:13:01 [INFO] [BRIDGE] [LOG] osc.show_bridge.in - RECV /state/group/1/effects/enabled (0.0, 0.0, 0.0, 0.0, 0.0, 0.0)
2025-12-10 00:13:01 [INFO] [BRIDGE] [LOG] osc.show_bridge.in - RECV /state/group/3/transforms/enabled (0.0, 0.0, 0.0, 0.0, 0.0, 0.0)
2025-12-10 00:13:01 [INFO] [BRIDGE] [LOG] osc.show_bridge.in - RECV /state/group/3/color/autopilot (0.0, 0.0, 0.0, 0.0, 0.0)
2025-12-10 00:13:01 [INFO] [BRIDGE] [LOG] osc.show_bridge.in - RECV /state/group/7/effects/enabled (0.0, 0.0, 0.0, 0.0, 0.0)
2025-12-10 00:13:01 [INFO] [BRIDGE] [LOG] osc.show_bridge.in - RECV /state/group/6/dynamic_masks/autopilot (0.0, 0.0, 0.0, 0.0, 0.0, 0.0)
2025-12-10 00:13:01 [INFO] [BRIDGE] [LOG] osc.show_bridge.in - RECV /state/group/1/color/autopilot (0.0, 0.0, 0.0, 0.0, 0.0, 0.0)
2025-12-10 00:13:01 [INFO] [BRIDGE] [LOG] osc.show_bridge.in - RECV /state/group/5/playing/enabled (0.0, 0.0, 0.0, 0.0, 0.0, 0.0)
2025-12-10 00:13:01 [INFO] [BRIDGE] [LOG] osc.show_bridge.in - RECV /state/group/7/intensity (0.0,)
2025-12-10 00:13:01 [INFO] [BRIDGE] [LOG] osc.show_bridge.in - RECV /state/group/4/intensity (0.0, 0.0, 0.0, 0.0, 0.0, 0.0)
2025-12-10 00:13:01 [INFO] [BRIDGE] [LOG] osc.show_bridge.in - RECV /state/group/4/playing/enabled (0.0, 0.0, 0.0, 0.0, 0.0)
2025-12-10 00:13:01 [INFO] [BRIDGE] [LOG] osc.show_bridge.in - RECV /state/group/6/transforms/autopilot (0.0, 0.0, 0.0, 0.0, 0.0, 0.0)
2025-12-10 00:13:01 [INFO] [BRIDGE] [LOG] osc.show_bridge.in - RECV /state/group/7/playing/autopilot (0.0, 0.0, 0.0, 0.0, 0.0, 0.0)
2025-12-10 00:13:01 [INFO] [BRIDGE] [LOG] osc.show_bridge.in - RECV /state/group/4/dynamic_masks/autopilot (0.0, 0.0, 0.0, 0.0, 0.0, 0.0)
2025-12-10 00:13:01 [INFO] [BRIDGE] [LOG] osc.show_bridge.in - RECV /state/group/8/dynamic_masks/enabled (0.0, 0.0, 0.0, 0.0, 0.0, 0.0)
2025-12-10 00:13:01 [INFO] [BRIDGE] [LOG] osc.show_bridge.in - RECV /state/group/7/opacity (0.0, 0.0, 0.0, 0.0, 0.0, 0.0)
2025-12-10 00:13:01 [INFO] [BRIDGE] [LOG] osc.show_bridge.in - RECV /state/group/1/transforms/autopilot (0.0, 0.0, 0.0, 0.0, 0.0, 0.0)
2025-12-10 00:13:01 [INFO] [BRIDGE] [LOG] osc.show_bridge.in - RECV /state/group/3/dynamic_masks/autopilot (0.0, 0.0, 0.0, 0.0, 0.0, 0.0)
2025-12-10 00:13:01 [INFO] [BRIDGE] [LOG] osc.show_bridge.in - RECV /state/group/3/color/enabled (0.0, 0.0, 0.0, 0.0, 0.0)
2025-12-10 00:13:01 [INFO] [BRIDGE] [LOG] osc.show_bridge.in - RECV /state/group/7/transforms/autopilot (0.0, 0.0, 0.0, 0.0, 0.0)
2025-12-10 00:13:01 [INFO] [BRIDGE] [LOG] osc.show_bridge.in - RECV /state/group/6/dynamic_masks/enabled (0.0, 0.0, 0.0, 0.0, 0.0, 0.0)
2025-12-10 00:13:01 [INFO] [BRIDGE] [LOG] osc.show_bridge.in - RECV /state/group/1/color/enabled (0.0, 0.0, 0.0, 0.0, 0.0, 0.0)
2025-12-10 00:13:01 [INFO] [BRIDGE] [LOG] osc.show_bridge.in - RECV /state/group/5/effects/autopilot (0.0, 0.0, 0.0, 0.0, 0.0, 0.0)
2025-12-10 00:13:01 [INFO] [BRIDGE] [LOG] osc.show_bridge.in - RECV /state/group/7/playing/autopilot (0.0,)
2025-12-10 00:13:01 [INFO] [BRIDGE] [LOG] osc.show_bridge.in - RECV /state/group/4/playing/autopilot (0.0, 0.0, 0.0, 0.0, 0.0, 0.0)
2025-12-10 00:13:01 [INFO] [BRIDGE] [LOG] osc.show_bridge.in - RECV /state/group/4/effects/autopilot (0.0, 0.0, 0.0, 0.0, 0.0)
2025-12-10 00:13:01 [INFO] [BRIDGE] [LOG] osc.show_bridge.in - RECV /state/group/6/transforms/enabled (0.0, 0.0, 0.0, 0.0, 0.0, 0.0)
2025-12-10 00:13:01 [INFO] [BRIDGE] [LOG] osc.show_bridge.in - RECV /state/group/7/playing/enabled (0.0, 0.0, 0.0, 0.0, 0.0, 0.0)
2025-12-10 00:13:01 [INFO] [BRIDGE] [LOG] osc.show_bridge.in - RECV /state/group/4/dynamic_masks/enabled (0.0, 0.0, 0.0, 0.0, 0.0, 0.0)
2025-12-10 00:13:01 [INFO] [BRIDGE] [LOG] osc.show_bridge.in - RECV /state/group/8/color/autopilot (0.0, 0.0, 0.0, 0.0, 0.0, 0.0)
2025-12-10 00:13:01 [INFO] [BRIDGE] [LOG] osc.show_bridge.in - RECV /state/group/7/intensity (0.0, 0.0, 0.0, 0.0, 0.0, 0.0)
2025-12-10 00:13:01 [INFO] [BRIDGE] [LOG] osc.show_bridge.in - RECV /state/group/1/transforms/enabled (0.0, 0.0, 0.0, 0.0, 0.0, 0.0)
2025-12-10 00:13:01 [INFO] [BRIDGE] [LOG] osc.show_bridge.in - RECV /state/group/3/dynamic_masks/enabled (0.0, 0.0, 0.0, 0.0, 0.0, 0.0)
2025-12-10 00:13:01 [INFO] [BRIDGE] [LOG] osc.show_bridge.in - RECV /state/group/4/opacity (0.6299213171005249, 0.6299213171005249, 0.0, 0.0, 0.0)
2025-12-10 00:13:01 [INFO] [BRIDGE] [LOG] osc.show_bridge.in - RECV /state/group/7/transforms/enabled (0.0, 0.0, 0.0, 0.0, 0.0)
2025-12-10 00:13:01 [INFO] [BRIDGE] [LOG] osc.show_bridge.in - RECV /state/group/6/color/autopilot (0.0, 0.0, 0.0, 0.0, 0.0, 0.0)
2025-12-10 00:13:01 [INFO] [BRIDGE] [LOG] osc.show_bridge.in - RECV /state/group/2/opacity (0.0, 0.0, 0.0, 0.0, 0.0, 0.0)
2025-12-10 00:13:01 [INFO] [BRIDGE] [LOG] osc.show_bridge.in - RECV /state/group/5/effects/enabled (0.0, 0.0, 0.0, 0.0, 0.0, 0.0)
2025-12-10 00:13:01 [INFO] [BRIDGE] [LOG] osc.show_bridge.in - RECV /state/group/7/playing/enabled (0.0,)
2025-12-10 00:13:01 [INFO] [BRIDGE] [LOG] osc.show_bridge.in - RECV /state/group/4/playing/enabled (0.0, 0.0, 0.0, 0.0, 0.0, 0.0)
2025-12-10 00:13:01 [INFO] [BRIDGE] [LOG] osc.show_bridge.in - RECV /state/group/4/effects/enabled (0.0, 0.0, 0.0, 0.0, 0.0)
2025-12-10 00:13:01 [INFO] [BRIDGE] [LOG] osc.show_bridge.in - RECV /state/group/6/dynamic_masks/autopilot (0.0, 0.0, 0.0, 0.0, 0.0, 0.0)
2025-12-10 00:13:01 [INFO] [BRIDGE] [LOG] osc.show_bridge.in - RECV /state/group/7/effects/autopilot (0.0, 0.0, 0.0, 0.0, 0.0, 0.0)
2025-12-10 00:13:01 [INFO] [BRIDGE] [LOG] osc.show_bridge.in - RECV /state/group/4/color/autopilot (0.0, 0.0, 0.0, 0.0, 0.0, 0.0)
2025-12-10 00:13:01 [INFO] [BRIDGE] [LOG] osc.show_bridge.in - RECV /state/group/8/color/enabled (0.0, 0.0, 0.0, 0.0, 0.0, 0.0)
2025-12-10 00:13:01 [INFO] [BRIDGE] [LOG] osc.show_bridge.in - RECV /state/group/7/playing/autopilot (0.0, 0.0, 0.0, 0.0, 0.0, 0.0)
2025-12-10 00:13:01 [INFO] [BRIDGE] [LOG] osc.show_bridge.in - RECV /state/group/7/effects/autopilot (0.0,)
2025-12-10 00:13:01 [INFO] [BRIDGE] [LOG] osc.show_bridge.in - RECV /state/group/3/color/autopilot (0.0, 0.0, 0.0, 0.0, 0.0, 0.0)
2025-12-10 00:13:01 [INFO] [BRIDGE] [LOG] osc.show_bridge.in - RECV /state/group/4/intensity (0.0, 0.0, 0.0, 0.0, 0.0)
2025-12-10 00:13:01 [INFO] [BRIDGE] [LOG] osc.show_bridge.in - RECV /state/group/7/dynamic_masks/autopilot (0.0, 0.0, 0.0, 0.0, 0.0)
2025-12-10 00:13:01 [INFO] [BRIDGE] [LOG] osc.show_bridge.in - RECV /state/group/6/color/enabled (0.0, 0.0, 0.0, 0.0, 0.0, 0.0)
2025-12-10 00:13:01 [INFO] [BRIDGE] [LOG] osc.show_bridge.in - RECV /state/group/2/intensity (0.0, 0.0, 0.0, 0.0, 0.0, 0.0)
2025-12-10 00:13:01 [INFO] [BRIDGE] [LOG] osc.show_bridge.in - RECV /state/group/5/transforms/autopilot (0.0, 0.0, 0.0, 0.0, 0.0, 0.0)
2025-12-10 00:13:01 [INFO] [BRIDGE] [LOG] osc.show_bridge.in - RECV /state/group/1/dynamic_masks/autopilot (0.0, 0.0, 0.0, 0.0, 0.0, 0.0)
2025-12-10 00:13:01 [INFO] [BRIDGE] [LOG] osc.show_bridge.in - RECV /state/group/4/effects/autopilot (0.0, 0.0, 0.0, 0.0, 0.0, 0.0)
2025-12-10 00:13:01 [INFO] [BRIDGE] [LOG] osc.show_bridge.in - RECV /state/group/4/transforms/autopilot (0.0, 0.0, 0.0, 0.0, 0.0)
2025-12-10 00:13:01 [INFO] [BRIDGE] [LOG] osc.show_bridge.in - RECV /state/group/6/dynamic_masks/enabled (0.0, 0.0, 0.0, 0.0, 0.0, 0.0)
2025-12-10 00:13:01 [INFO] [BRIDGE] [LOG] osc.show_bridge.in - RECV /state/group/7/effects/enabled (0.0, 0.0, 0.0, 0.0, 0.0, 0.0)
2025-12-10 00:13:01 [INFO] [BRIDGE] [LOG] osc.show_bridge.in - RECV /state/group/4/color/enabled (0.0, 0.0, 0.0, 0.0, 0.0, 0.0)
2025-12-10 00:13:01 [INFO] [BRIDGE] [LOG] osc.show_bridge.in - RECV /state/group/7/playing/enabled (0.0, 0.0, 0.0, 0.0, 0.0, 0.0)
2025-12-10 00:13:01 [INFO] [BRIDGE] [LOG] osc.show_bridge.in - RECV /state/group/7/effects/enabled (0.0,)
2025-12-10 00:13:01 [INFO] [BRIDGE] [LOG] osc.show_bridge.in - RECV /state/group/3/color/enabled (0.0, 0.0, 0.0, 0.0, 0.0, 0.0)
2025-12-10 00:13:01 [INFO] [BRIDGE] [LOG] osc.show_bridge.in - RECV /state/group/4/playing/autopilot (0.0, 0.0, 0.0, 0.0, 0.0)
2025-12-10 00:13:01 [INFO] [BRIDGE] [LOG] osc.show_bridge.in - RECV /state/group/7/dynamic_masks/enabled (0.0, 0.0, 0.0, 0.0, 0.0)
2025-12-10 00:13:01 [INFO] [BRIDGE] [LOG] osc.show_bridge.in - RECV /state/group/7/opacity (0.0, 0.0, 0.0, 0.0, 0.0, 0.0)
2025-12-10 00:13:01 [INFO] [BRIDGE] [LOG] osc.show_bridge.in - RECV /state/group/2/playing/autopilot (0.0, 0.0, 0.0, 0.0, 0.0, 0.0)
2025-12-10 00:13:01 [INFO] [BRIDGE] [LOG] osc.show_bridge.in - RECV /state/group/5/transforms/enabled (0.0, 0.0, 0.0, 0.0, 0.0, 0.0)
2025-12-10 00:13:01 [INFO] [BRIDGE] [LOG] osc.show_bridge.in - RECV /state/group/1/dynamic_masks/enabled (0.0, 0.0, 0.0, 0.0, 0.0, 0.0)
2025-12-10 00:13:01 [INFO] [BRIDGE] [LOG] osc.show_bridge.in - RECV /state/group/4/effects/enabled (0.0, 0.0, 0.0, 0.0, 0.0, 0.0)
2025-12-10 00:13:01 [INFO] [BRIDGE] [LOG] osc.show_bridge.in - RECV /state/group/4/transforms/enabled (0.0, 0.0, 0.0, 0.0, 0.0)
2025-12-10 00:13:01 [INFO] [BRIDGE] [LOG] osc.show_bridge.in - RECV /state/group/6/color/autopilot (0.0, 0.0, 0.0, 0.0, 0.0, 0.0)
2025-12-10 00:13:01 [INFO] [BRIDGE] [LOG] osc.show_bridge.in - RECV /state/group/7/transforms/autopilot (0.0, 0.0, 0.0, 0.0, 0.0, 0.0)
2025-12-10 00:13:01 [INFO] [BRIDGE] [LOG] osc.show_bridge.in - RECV /state/group/5/opacity (0.0, 0.0, 0.0, 0.0, 0.0, 0.0)
2025-12-10 00:13:01 [INFO] [BRIDGE] [LOG] osc.show_bridge.in - RECV /state/group/7/effects/autopilot (0.0, 0.0, 0.0, 0.0, 0.0, 0.0)
2025-12-10 00:13:01 [INFO] [BRIDGE] [LOG] osc.show_bridge.in - RECV /state/group/7/transforms/autopilot (0.0,)
2025-12-10 00:13:01 [INFO] [BRIDGE] [LOG] osc.show_bridge.in - RECV /state/group/4/opacity (0.0, 0.0, 0.0, 0.0, 0.0, 0.0)
2025-12-10 00:13:01 [INFO] [BRIDGE] [LOG] osc.show_bridge.in - RECV /state/group/4/playing/enabled (0.0, 0.0, 0.0, 0.0, 0.0)
2025-12-10 00:13:01 [INFO] [BRIDGE] [LOG] osc.show_bridge.in - RECV /state/group/7/color/autopilot (0.0, 0.0, 0.0, 0.0, 0.0)
2025-12-10 00:13:01 [INFO] [BRIDGE] [LOG] osc.show_bridge.in - RECV /state/group/7/intensity (0.0, 0.0, 0.0, 0.0, 0.0, 0.0)
2025-12-10 00:13:01 [INFO] [BRIDGE] [LOG] osc.show_bridge.in - RECV /state/group/2/playing/enabled (0.0, 0.0, 0.0, 0.0, 0.0, 0.0)
2025-12-10 00:13:01 [INFO] [BRIDGE] [LOG] osc.show_bridge.in - RECV /state/group/5/dynamic_masks/autopilot (0.0, 0.0, 0.0, 0.0, 0.0, 0.0)
2025-12-10 00:13:01 [INFO] [BRIDGE] [LOG] osc.show_bridge.in - RECV /state/group/1/color/autopilot (0.0, 0.0, 0.0, 0.0, 0.0, 0.0)
2025-12-10 00:13:01 [INFO] [BRIDGE] [LOG] osc.show_bridge.in - RECV /state/group/4/transforms/autopilot (0.0, 0.0, 0.0, 0.0, 0.0, 0.0)
2025-12-10 00:13:01 [INFO] [BRIDGE] [LOG] osc.show_bridge.in - RECV /state/group/4/dynamic_masks/autopilot (0.0, 0.0, 0.0, 0.0, 0.0)
2025-12-10 00:13:01 [INFO] [BRIDGE] [LOG] osc.show_bridge.in - RECV /state/group/6/color/enabled (0.0, 0.0, 0.0, 0.0, 0.0, 0.0)
2025-12-10 00:13:01 [INFO] [BRIDGE] [LOG] osc.show_bridge.in - RECV /state/group/7/transforms/enabled (0.0, 0.0, 0.0, 0.0, 0.0, 0.0)
2025-12-10 00:13:01 [INFO] [BRIDGE] [LOG] osc.show_bridge.in - RECV /state/group/5/intensity (0.0, 0.0, 0.0, 0.0, 0.0, 0.0)
2025-12-10 00:13:01 [INFO] [BRIDGE] [LOG] osc.show_bridge.in - RECV /state/group/7/effects/enabled (0.0, 0.0, 0.0, 0.0, 0.0, 0.0)
2025-12-10 00:13:01 [INFO] [BRIDGE] [LOG] osc.show_bridge.in - RECV /state/group/7/transforms/enabled (0.0,)
2025-12-10 00:13:01 [INFO] [BRIDGE] [LOG] osc.show_bridge.in - RECV /state/group/4/intensity (0.0, 0.0, 0.0, 0.0, 0.0, 0.0)
2025-12-10 00:13:01 [INFO] [BRIDGE] [LOG] osc.show_bridge.in - RECV /state/group/4/effects/autopilot (0.0, 0.0, 0.0, 0.0, 0.0)
2025-12-10 00:13:01 [INFO] [BRIDGE] [LOG] osc.show_bridge.in - RECV /state/group/7/color/enabled (0.0, 0.0, 0.0, 0.0, 0.0)
2025-12-10 00:13:01 [INFO] [BRIDGE] [LOG] osc.show_bridge.in - RECV /state/group/7/playing/autopilot (0.0, 0.0, 0.0, 0.0, 0.0, 0.0)
2025-12-10 00:13:01 [INFO] [BRIDGE] [LOG] osc.show_bridge.in - RECV /state/group/2/effects/autopilot (0.0, 0.0, 0.0, 0.0, 0.0, 0.0)
2025-12-10 00:13:01 [INFO] [BRIDGE] [LOG] osc.show_bridge.in - RECV /state/group/5/dynamic_masks/enabled (0.0, 0.0, 0.0, 0.0, 0.0, 0.0)
2025-12-10 00:13:01 [INFO] [BRIDGE] [LOG] osc.show_bridge.in - RECV /state/group/1/color/enabled (0.0, 0.0, 0.0, 0.0, 0.0, 0.0)
2025-12-10 00:13:01 [INFO] [BRIDGE] [LOG] osc.show_bridge.in - RECV /state/group/4/transforms/enabled (0.0, 0.0, 0.0, 0.0, 0.0, 0.0)
2025-12-10 00:13:01 [INFO] [BRIDGE] [LOG] osc.show_bridge.in - RECV /state/group/4/dynamic_masks/enabled (0.0, 0.0, 0.0, 0.0, 0.0)
2025-12-10 00:13:01 [INFO] [BRIDGE] [LOG] osc.show_bridge.in - RECV /state/group/7/opacity (0.0, 0.0, 0.0, 0.0, 0.0, 0.0)
2025-12-10 00:13:01 [INFO] [BRIDGE] [LOG] osc.show_bridge.in - RECV /state/group/7/dynamic_masks/autopilot (0.0, 0.0, 0.0, 0.0, 0.0, 0.0)
2025-12-10 00:13:01 [INFO] [BRIDGE] [LOG] osc.show_bridge.in - RECV /state/group/5/playing/autopilot (0.0, 0.0, 0.0, 0.0, 0.0, 0.0)
2025-12-10 00:13:01 [INFO] [BRIDGE] [LOG] osc.show_bridge.in - RECV /state/group/7/transforms/autopilot (0.0, 0.0, 0.0, 0.0, 0.0, 0.0)
2025-12-10 00:13:01 [INFO] [BRIDGE] [LOG] osc.show_bridge.in - RECV /state/group/7/dynamic_masks/autopilot (0.0,)
2025-12-10 00:13:01 [INFO] [BRIDGE] [LOG] osc.show_bridge.in - RECV /state/group/4/playing/autopilot (0.0, 0.0, 0.0, 0.0, 0.0, 0.0)
2025-12-10 00:13:01 [INFO] [BRIDGE] [LOG] osc.show_bridge.in - RECV /state/group/4/effects/enabled (0.0, 0.0, 0.0, 0.0, 0.0)
2025-12-10 00:13:01 [INFO] [BRIDGE] [LOG] osc.show_bridge.in - RECV /state/group/8/opacity (0.0, 0.0, 0.0, 0.0, 0.0)
2025-12-10 00:13:01 [INFO] [BRIDGE] [LOG] osc.show_bridge.in - RECV /state/group/7/playing/enabled (0.0, 0.0, 0.0, 0.0, 0.0, 0.0)
2025-12-10 00:13:01 [INFO] [BRIDGE] [LOG] osc.show_bridge.in - RECV /state/group/2/effects/enabled (0.0, 0.0, 0.0, 0.0, 0.0, 0.0)
2025-12-10 00:13:01 [INFO] [BRIDGE] [LOG] osc.show_bridge.in - RECV /state/group/5/color/autopilot (0.0, 0.0, 0.0, 0.0, 0.0, 0.0)
2025-12-10 00:13:01 [INFO] [BRIDGE] [LOG] osc.show_bridge.in - RECV /state/group/2/opacity (0.0, 0.0, 0.0, 0.0, 0.0, 0.0)
2025-12-10 00:13:01 [INFO] [BRIDGE] [LOG] osc.show_bridge.in - RECV /state/group/4/dynamic_masks/autopilot (0.0, 0.0, 0.0, 0.0, 0.0, 0.0)
2025-12-10 00:13:01 [INFO] [BRIDGE] [LOG] osc.show_bridge.in - RECV /state/group/4/color/autopilot (0.0, 0.0, 0.0, 0.0, 0.0)
2025-12-10 00:13:01 [INFO] [BRIDGE] [LOG] osc.show_bridge.in - RECV /state/group/7/intensity (0.0, 0.0, 0.0, 0.0, 0.0, 0.0)
2025-12-10 00:13:01 [INFO] [BRIDGE] [LOG] osc.show_bridge.in - RECV /_samplerate (60.0,)
2025-12-10 00:13:01 [INFO] [BRIDGE] [LOG] osc.show_bridge.in - RECV /state/group/7/dynamic_masks/enabled (0.0, 0.0, 0.0, 0.0, 0.0, 0.0)
2025-12-10 00:13:01 [INFO] [BRIDGE] [LOG] osc.show_bridge.in - RECV /state/group/5/playing/enabled (0.0, 0.0, 0.0, 0.0, 0.0, 0.0)
2025-12-10 00:13:01 [INFO] [BRIDGE] [LOG] osc.show_bridge.in - RECV /state/group/7/transforms/enabled (0.0, 0.0, 0.0, 0.0, 0.0, 0.0)
2025-12-10 00:13:01 [INFO] [BRIDGE] [LOG] osc.show_bridge.in - RECV /state/group/7/dynamic_masks/enabled (0.0,)
2025-12-10 00:13:01 [INFO] [BRIDGE] [LOG] osc.show_bridge.in - RECV /state/group/4/playing/enabled (0.0, 0.0, 0.0, 0.0, 0.0, 0.0)
2025-12-10 00:13:01 [INFO] [BRIDGE] [LOG] osc.show_bridge.in - RECV /composition/sync (0.0, 0.0, 0.0, 0.0)
2025-12-10 00:13:01 [INFO] [BRIDGE] [LOG] osc.show_bridge.in - RECV /state/group/4/transforms/autopilot (0.0, 0.0, 0.0, 0.0, 0.0)
2025-12-10 00:13:01 [INFO] [BRIDGE] [LOG] osc.show_bridge.in - RECV /state/group/8/intensity (0.0, 0.0, 0.0, 0.0, 0.0)
2025-12-10 00:13:01 [INFO] [BRIDGE] [LOG] osc.show_bridge.in - RECV /state/group/7/effects/autopilot (0.0, 0.0, 0.0, 0.0, 0.0, 0.0)
2025-12-10 00:13:01 [INFO] [BRIDGE] [LOG] osc.show_bridge.in - RECV /state/group/2/transforms/autopilot (0.0, 0.0, 0.0, 0.0, 0.0, 0.0)
2025-12-10 00:13:01 [INFO] [BRIDGE] [LOG] osc.show_bridge.in - RECV /state/group/5/color/enabled (0.0, 0.0, 0.0, 0.0, 0.0, 0.0)
2025-12-10 00:13:01 [INFO] [BRIDGE] [LOG] osc.show_bridge.in - RECV /state/group/2/intensity (0.0, 0.0, 0.0, 0.0, 0.0, 0.0)
2025-12-10 00:13:01 [INFO] [BRIDGE] [LOG] osc.show_bridge.in - RECV /state/group/4/dynamic_masks/enabled (0.0, 0.0, 0.0, 0.0, 0.0, 0.0)
2025-12-10 00:13:01 [INFO] [BRIDGE] [LOG] osc.show_bridge.in - RECV /state/group/1/opacity (0.0, 0.0, 0.0, 0.0)
2025-12-10 00:13:01 [INFO] [BRIDGE] [LOG] osc.show_bridge.in - RECV /state/group/4/color/enabled (0.0, 0.0, 0.0, 0.0, 0.0)
2025-12-10 00:13:01 [INFO] [BRIDGE] [LOG] osc.show_bridge.in - RECV /state/group/7/playing/autopilot (0.0, 0.0, 0.0, 0.0, 0.0, 0.0)
2025-12-10 00:13:01 [INFO] [BRIDGE] [LOG] osc.show_bridge.in - RECV /state/group/7/color/autopilot (0.0, 0.0, 0.0, 0.0, 0.0, 0.0)
2025-12-10 00:13:01 [INFO] [BRIDGE] [LOG] osc.show_bridge.in - RECV /state/group/5/effects/autopilot (0.0, 0.0, 0.0, 0.0, 0.0, 0.0)
2025-12-10 00:13:01 [INFO] [BRIDGE] [LOG] osc.show_bridge.in - RECV /state/group/7/dynamic_masks/autopilot (0.0, 0.0, 0.0, 0.0, 0.0, 0.0)
2025-12-10 00:13:01 [INFO] [BRIDGE] [LOG] osc.show_bridge.in - RECV /state/group/7/color/autopilot (0.0,)
2025-12-10 00:13:01 [INFO] [BRIDGE] [LOG] osc.show_bridge.in - RECV /state/group/4/effects/autopilot (0.0, 0.0, 0.0, 0.0, 0.0, 0.0)
2025-12-10 00:13:01 [INFO] [BRIDGE] [LOG] osc.show_bridge.in - RECV /state/group/4/transforms/enabled (0.0, 0.0, 0.0, 0.0, 0.0)
2025-12-10 00:13:01 [INFO] [BRIDGE] [LOG] osc.show_bridge.in - RECV /state/group/8/playing/autopilot (0.0, 0.0, 0.0, 0.0, 0.0)
2025-12-10 00:13:01 [INFO] [BRIDGE] [LOG] osc.show_bridge.in - RECV /state/group/7/effects/enabled (0.0, 0.0, 0.0, 0.0, 0.0, 0.0)
2025-12-10 00:13:01 [INFO] [BRIDGE] [LOG] osc.show_bridge.in - RECV /state/group/2/transforms/enabled (0.0, 0.0, 0.0, 0.0, 0.0, 0.0)
2025-12-10 00:13:01 [INFO] [BRIDGE] [LOG] osc.show_bridge.in - RECV /state/group/6/opacity (0.0, 0.0, 0.0, 0.0, 0.0, 0.0)
2025-12-10 00:13:01 [INFO] [BRIDGE] [LOG] osc.show_bridge.in - RECV /state/group/2/playing/autopilot (0.0, 0.0, 0.0, 0.0, 0.0, 0.0)
2025-12-10 00:13:01 [INFO] [BRIDGE] [LOG] osc.show_bridge.in - RECV /state/group/4/color/autopilot (0.0, 0.0, 0.0, 0.0, 0.0, 0.0)
2025-12-10 00:13:01 [INFO] [BRIDGE] [LOG] osc.show_bridge.in - RECV /state/group/1/intensity (0.0, 0.0, 0.0, 0.0)
2025-12-10 00:13:01 [INFO] [BRIDGE] [LOG] osc.show_bridge.in - RECV /state/group/5/opacity (0.0, 0.0, 0.0, 0.0, 0.0)
2025-12-10 00:13:01 [INFO] [BRIDGE] [LOG] osc.show_bridge.in - RECV /state/group/7/playing/enabled (0.0, 0.0, 0.0, 0.0, 0.0, 0.0)
2025-12-10 00:13:01 [INFO] [BRIDGE] [LOG] osc.show_bridge.in - RECV /state/group/7/color/enabled (0.0, 0.0, 0.0, 0.0, 0.0, 0.0)
2025-12-10 00:13:01 [INFO] [BRIDGE] [LOG] osc.show_bridge.in - RECV /state/group/5/effects/enabled (0.0, 0.0, 0.0, 0.0, 0.0, 0.0)
2025-12-10 00:13:01 [INFO] [BRIDGE] [LOG] osc.show_bridge.in - RECV /state/group/7/dynamic_masks/enabled (0.0, 0.0, 0.0, 0.0, 0.0, 0.0)
2025-12-10 00:13:01 [INFO] [BRIDGE] [LOG] osc.show_bridge.in - RECV /state/group/7/color/enabled (0.0,)
2025-12-10 00:13:01 [INFO] [BRIDGE] [LOG] osc.show_bridge.in - RECV /state/group/4/effects/enabled (0.0, 0.0, 0.0, 0.0, 0.0, 0.0)
2025-12-10 00:13:01 [INFO] [BRIDGE] [LOG] osc.show_bridge.in - RECV /state/group/4/dynamic_masks/autopilot (0.0, 0.0, 0.0, 0.0, 0.0)
2025-12-10 00:13:01 [INFO] [BRIDGE] [LOG] osc.show_bridge.in - RECV /state/group/8/playing/enabled (0.0, 0.0, 0.0, 0.0, 0.0)
2025-12-10 00:13:01 [INFO] [BRIDGE] [LOG] osc.show_bridge.in - RECV /state/group/7/transforms/autopilot (0.0, 0.0, 0.0, 0.0, 0.0, 0.0)
2025-12-10 00:13:01 [INFO] [BRIDGE] [LOG] osc.show_bridge.in - RECV /state/group/2/dynamic_masks/autopilot (0.0, 0.0, 0.0, 0.0, 0.0, 0.0)
2025-12-10 00:13:01 [INFO] [BRIDGE] [LOG] osc.show_bridge.in - RECV /state/group/6/intensity (0.0, 0.0, 0.0, 0.0, 0.0, 0.0)
2025-12-10 00:13:01 [INFO] [BRIDGE] [LOG] osc.show_bridge.in - RECV /state/group/2/playing/enabled (0.0, 0.0, 0.0, 0.0, 0.0, 0.0)
2025-12-10 00:13:01 [INFO] [BRIDGE] [LOG] osc.show_bridge.in - RECV /state/group/4/color/enabled (0.0, 0.0, 0.0, 0.0, 0.0, 0.0)
2025-12-10 00:13:01 [INFO] [BRIDGE] [LOG] osc.show_bridge.in - RECV /state/group/1/playing/autopilot (0.0, 0.0, 0.0, 0.0)
2025-12-10 00:13:01 [INFO] [BRIDGE] [LOG] osc.show_bridge.in - RECV /state/group/5/intensity (0.0, 0.0, 0.0, 0.0, 0.0)
2025-12-10 00:13:01 [INFO] [BRIDGE] [LOG] osc.show_bridge.in - RECV /state/group/7/effects/autopilot (0.0, 0.0, 0.0, 0.0, 0.0, 0.0)
2025-12-10 00:13:01 [INFO] [BRIDGE] [LOG] osc.show_bridge.in - RECV /state/group/8/opacity (0.0, 0.0, 0.0, 0.0, 0.0, 0.0)
2025-12-10 00:13:01 [INFO] [BRIDGE] [LOG] osc.show_bridge.in - RECV /state/group/5/transforms/autopilot (0.0, 0.0, 0.0, 0.0, 0.0, 0.0)
2025-12-10 00:13:01 [INFO] [BRIDGE] [LOG] osc.show_bridge.in - RECV /state/group/7/color/autopilot (0.0, 0.0, 0.0, 0.0, 0.0, 0.0)
2025-12-10 00:13:01 [INFO] [BRIDGE] [LOG] osc.show_bridge.in - RECV /state/group/8/opacity (0.0,)
2025-12-10 00:13:01 [INFO] [BRIDGE] [LOG] osc.show_bridge.in - RECV /state/group/4/transforms/autopilot (0.0, 0.0, 0.0, 0.0, 0.0, 0.0)
2025-12-10 00:13:01 [INFO] [BRIDGE] [LOG] osc.show_bridge.in - RECV /state/group/4/dynamic_masks/enabled (0.0, 0.0, 0.0, 0.0, 0.0)
2025-12-10 00:13:01 [INFO] [BRIDGE] [LOG] osc.show_bridge.in - RECV /state/group/8/effects/autopilot (0.0, 0.0, 0.0, 0.0, 0.0)
2025-12-10 00:13:01 [INFO] [BRIDGE] [LOG] osc.show_bridge.in - RECV /state/group/7/transforms/enabled (0.0, 0.0, 0.0, 0.0, 0.0, 0.0)
2025-12-10 00:13:01 [INFO] [BRIDGE] [LOG] osc.show_bridge.in - RECV /state/group/2/dynamic_masks/enabled (0.0, 0.0, 0.0, 0.0, 0.0, 0.0)
2025-12-10 00:13:01 [INFO] [BRIDGE] [LOG] osc.show_bridge.in - RECV /state/group/6/playing/autopilot (0.0, 0.0, 0.0, 0.0, 0.0, 0.0)
2025-12-10 00:13:01 [INFO] [BRIDGE] [LOG] osc.show_bridge.in - RECV /state/group/2/effects/autopilot (0.0, 0.0, 0.0, 0.0, 0.0, 0.0)
2025-12-10 00:13:01 [INFO] [BRIDGE] [LOG] osc.show_bridge.in - RECV /state/group/5/opacity (0.0, 0.0, 0.0, 0.0, 0.0, 0.0)
2025-12-10 00:13:01 [INFO] [BRIDGE] [LOG] osc.show_bridge.in - RECV /state/group/1/playing/enabled (0.0, 0.0, 0.0, 0.0)
2025-12-10 00:13:01 [INFO] [BRIDGE] [LOG] osc.show_bridge.in - RECV /state/group/5/playing/autopilot (0.0, 0.0, 0.0, 0.0, 0.0)
2025-12-10 00:13:01 [INFO] [BRIDGE] [LOG] osc.show_bridge.in - RECV /state/group/7/effects/enabled (0.0, 0.0, 0.0, 0.0, 0.0, 0.0)
2025-12-10 00:13:01 [INFO] [BRIDGE] [LOG] osc.show_bridge.in - RECV /_samplerate (60.0,)
2025-12-10 00:13:01 [INFO] [BRIDGE] [LOG] osc.show_bridge.in - RECV /state/group/4/transforms/enabled (0.0, 0.0, 0.0, 0.0, 0.0, 0.0)
2025-12-10 00:13:01 [INFO] [BRIDGE] [LOG] osc.show_bridge.in - RECV /state/group/5/transforms/enabled (0.0, 0.0, 0.0, 0.0, 0.0, 0.0)
2025-12-10 00:13:01 [INFO] [BRIDGE] [LOG] osc.show_bridge.in - RECV /composition/sync (0.0, 0.0, 0.0, 0.0, 0.0, 0.0)
2025-12-10 00:13:01 [INFO] [BRIDGE] [LOG] osc.show_bridge.in - RECV /state/group/7/color/enabled (0.0, 0.0, 0.0, 0.0, 0.0, 0.0)
2025-12-10 00:13:01 [INFO] [BRIDGE] [LOG] osc.show_bridge.in - RECV /state/group/8/intensity (0.0,)
2025-12-10 00:13:01 [INFO] [BRIDGE] [LOG] osc.show_bridge.in - RECV /state/group/8/intensity (0.0, 0.0, 0.0, 0.0, 0.0, 0.0)
2025-12-10 00:13:01 [INFO] [BRIDGE] [LOG] osc.show_bridge.in - RECV /state/group/4/color/autopilot (0.0, 0.0, 0.0, 0.0, 0.0)
2025-12-10 00:13:01 [INFO] [BRIDGE] [LOG] osc.show_bridge.in - RECV /state/group/8/effects/enabled (0.0, 0.0, 0.0, 0.0, 0.0)
2025-12-10 00:13:01 [INFO] [BRIDGE] [LOG] osc.show_bridge.in - RECV /state/group/7/dynamic_masks/autopilot (0.0, 0.0, 0.0, 0.0, 0.0, 0.0)
2025-12-10 00:13:01 [INFO] [BRIDGE] [LOG] osc.show_bridge.in - RECV /state/group/1/opacity (0.0, 0.0, 0.0, 0.0, 0.0, 0.0)
2025-12-10 00:13:01 [INFO] [BRIDGE] [LOG] osc.show_bridge.in - RECV /state/group/2/color/autopilot (0.0, 0.0, 0.0, 0.0, 0.0, 0.0)
2025-12-10 00:13:01 [INFO] [BRIDGE] [LOG] osc.show_bridge.in - RECV /state/group/6/playing/enabled (0.0, 0.0, 0.0, 0.0, 0.0, 0.0)
2025-12-10 00:13:01 [INFO] [BRIDGE] [LOG] osc.show_bridge.in - RECV /state/group/2/effects/enabled (0.0, 0.0, 0.0, 0.0, 0.0, 0.0)
2025-12-10 00:13:01 [INFO] [BRIDGE] [LOG] osc.show_bridge.in - RECV /state/group/5/intensity (0.0, 0.0, 0.0, 0.0, 0.0, 0.0)
2025-12-10 00:13:01 [INFO] [BRIDGE] [LOG] osc.show_bridge.in - RECV /state/group/1/effects/autopilot (0.0, 0.0, 0.0, 0.0)
2025-12-10 00:13:01 [INFO] [BRIDGE] [LOG] osc.show_bridge.in - RECV /state/group/5/playing/enabled (0.0, 0.0, 0.0, 0.0, 0.0)
2025-12-10 00:13:01 [INFO] [BRIDGE] [LOG] osc.show_bridge.in - RECV /state/group/7/transforms/autopilot (0.0, 0.0, 0.0, 0.0, 0.0, 0.0)
2025-12-10 00:13:01 [INFO] [BRIDGE] [LOG] osc.show_bridge.in - RECV /state/group/4/dynamic_masks/autopilot (0.0, 0.0, 0.0, 0.0, 0.0, 0.0)
2025-12-10 00:13:01 [INFO] [BRIDGE] [LOG] osc.show_bridge.in - RECV /state/group/5/dynamic_masks/autopilot (0.0, 0.0, 0.0, 0.0, 0.0, 0.0)
2025-12-10 00:13:01 [INFO] [BRIDGE] [LOG] osc.show_bridge.in - RECV /state/group/8/opacity (0.0, 0.0, 0.0, 0.0, 0.0, 0.0)
2025-12-10 00:13:01 [INFO] [BRIDGE] [LOG] osc.show_bridge.in - RECV /state/group/8/playing/autopilot (0.0,)
2025-12-10 00:13:01 [INFO] [BRIDGE] [LOG] osc.show_bridge.in - RECV /state/group/8/playing/autopilot (0.0, 0.0, 0.0, 0.0, 0.0, 0.0)
2025-12-10 00:13:01 [INFO] [BRIDGE] [LOG] osc.show_bridge.in - RECV /state/group/4/color/enabled (0.0, 0.0, 0.0, 0.0, 0.0)
2025-12-10 00:13:01 [INFO] [BRIDGE] [LOG] osc.show_bridge.in - RECV /state/group/8/transforms/autopilot (0.0, 0.0, 0.0, 0.0, 0.0)
2025-12-10 00:13:01 [INFO] [BRIDGE] [LOG] osc.show_bridge.in - RECV /state/group/7/dynamic_masks/enabled (0.0, 0.0, 0.0, 0.0, 0.0, 0.0)
2025-12-10 00:13:01 [INFO] [BRIDGE] [LOG] osc.show_bridge.in - RECV /state/group/1/intensity (0.0, 0.0, 0.0, 0.0, 0.0, 0.0)
2025-12-10 00:13:01 [INFO] [BRIDGE] [LOG] osc.show_bridge.in - RECV /state/group/2/color/enabled (0.0, 0.0, 0.0, 0.0, 0.0, 0.0)
2025-12-10 00:13:01 [INFO] [BRIDGE] [LOG] osc.show_bridge.in - RECV /state/group/6/effects/autopilot (0.0, 0.0, 0.0, 0.0, 0.0, 0.0)
2025-12-10 00:13:01 [INFO] [BRIDGE] [LOG] osc.show_bridge.in - RECV /state/group/2/transforms/autopilot (0.0, 0.0, 0.0, 0.0, 0.0, 0.0)
2025-12-10 00:13:01 [INFO] [BRIDGE] [LOG] osc.show_bridge.in - RECV /state/group/5/playing/autopilot (0.0, 0.0, 0.0, 0.0, 0.0, 0.0)
2025-12-10 00:13:01 [INFO] [BRIDGE] [LOG] osc.show_bridge.in - RECV /state/group/1/effects/enabled (0.0, 0.0, 0.0, 0.0)
2025-12-10 00:13:01 [INFO] [BRIDGE] [LOG] osc.show_bridge.in - RECV /state/group/5/effects/autopilot (0.0, 0.0, 0.0, 0.0, 0.0)
2025-12-10 00:13:01 [INFO] [BRIDGE] [LOG] osc.show_bridge.in - RECV /state/group/7/transforms/enabled (0.0, 0.0, 0.0, 0.0, 0.0, 0.0)
2025-12-10 00:13:01 [INFO] [BRIDGE] [LOG] osc.show_bridge.in - RECV /state/group/4/dynamic_masks/enabled (0.0, 0.0, 0.0, 0.0, 0.0, 0.0)
2025-12-10 00:13:01 [INFO] [BRIDGE] [LOG] osc.show_bridge.in - RECV /state/group/5/dynamic_masks/enabled (0.0, 0.0, 0.0, 0.0, 0.0, 0.0)
2025-12-10 00:13:01 [INFO] [BRIDGE] [LOG] osc.show_bridge.in - RECV /state/group/8/intensity (0.0, 0.0, 0.0, 0.0, 0.0, 0.0)
2025-12-10 00:13:01 [INFO] [BRIDGE] [LOG] osc.show_bridge.in - RECV /state/group/8/playing/enabled (0.0,)
2025-12-10 00:13:01 [INFO] [BRIDGE] [LOG] osc.show_bridge.in - RECV /state/group/8/playing/enabled (0.0, 0.0, 0.0, 0.0, 0.0, 0.0)
2025-12-10 00:13:01 [INFO] [BRIDGE] [LOG] osc.show_bridge.in - RECV /state/group/5/opacity (0.0, 0.0, 0.0, 0.0, 0.0)
2025-12-10 00:13:01 [INFO] [BRIDGE] [LOG] osc.show_bridge.in - RECV /state/group/8/transforms/enabled (0.0, 0.0, 0.0, 0.0, 0.0)
2025-12-10 00:13:01 [INFO] [BRIDGE] [LOG] osc.show_bridge.in - RECV /state/group/7/color/autopilot (0.0, 0.0, 0.0, 0.0, 0.0, 0.0)
2025-12-10 00:13:01 [INFO] [BRIDGE] [LOG] osc.show_bridge.in - RECV /state/group/1/playing/autopilot (0.0, 0.0, 0.0, 0.0, 0.0, 0.0)
2025-12-10 00:13:01 [INFO] [BRIDGE] [LOG] osc.show_bridge.in - RECV /state/group/3/opacity (0.0, 0.7007875442504883, 0.0, 0.0, 0.0, 0.0)
2025-12-10 00:13:01 [INFO] [BRIDGE] [LOG] osc.show_bridge.in - RECV /state/group/6/effects/enabled (0.0, 0.0, 0.0, 0.0, 0.0, 0.0)
2025-12-10 00:13:01 [INFO] [BRIDGE] [LOG] osc.show_bridge.in - RECV /state/group/2/transforms/enabled (0.0, 0.0, 0.0, 0.0, 0.0, 0.0)
2025-12-10 00:13:01 [INFO] [BRIDGE] [LOG] osc.show_bridge.in - RECV /state/group/5/playing/enabled (0.0, 0.0, 0.0, 0.0, 0.0, 0.0)
2025-12-10 00:13:01 [INFO] [BRIDGE] [LOG] osc.show_bridge.in - RECV /state/group/1/transforms/autopilot (0.0, 0.0, 0.0, 0.0)
2025-12-10 00:13:01 [INFO] [BRIDGE] [LOG] osc.show_bridge.in - RECV /state/group/5/effects/enabled (0.0, 0.0, 0.0, 0.0, 0.0)
2025-12-10 00:13:01 [INFO] [BRIDGE] [LOG] osc.show_bridge.in - RECV /state/group/7/dynamic_masks/autopilot (0.0, 0.0, 0.0, 0.0, 0.0, 0.0)
2025-12-10 00:13:01 [INFO] [BRIDGE] [LOG] osc.show_bridge.in - RECV /state/group/4/color/autopilot (0.0, 0.0, 0.0, 0.0, 0.0, 0.0)
2025-12-10 00:13:01 [INFO] [BRIDGE] [LOG] osc.show_bridge.in - RECV /state/group/5/color/autopilot (0.0, 0.0, 0.0, 0.0, 0.0, 0.0)
2025-12-10 00:13:01 [INFO] [BRIDGE] [LOG] osc.show_bridge.in - RECV /state/group/8/playing/autopilot (0.0, 0.0, 0.0, 0.0, 0.0, 0.0)
2025-12-10 00:13:01 [INFO] [BRIDGE] [LOG] osc.show_bridge.in - RECV /state/group/8/effects/autopilot (0.0,)
2025-12-10 00:13:01 [INFO] [BRIDGE] [LOG] osc.show_bridge.in - RECV /state/group/8/effects/autopilot (0.0, 0.0, 0.0, 0.0, 0.0, 0.0)
2025-12-10 00:13:01 [INFO] [BRIDGE] [LOG] osc.show_bridge.in - RECV /state/group/5/intensity (0.0, 0.0, 0.0, 0.0, 0.0)
2025-12-10 00:13:01 [INFO] [BRIDGE] [LOG] osc.show_bridge.in - RECV /state/group/8/dynamic_masks/autopilot (0.0, 0.0, 0.0, 0.0, 0.0)
2025-12-10 00:13:01 [INFO] [BRIDGE] [LOG] osc.show_bridge.in - RECV /state/group/7/color/enabled (0.0, 0.0, 0.0, 0.0, 0.0, 0.0)
2025-12-10 00:13:01 [INFO] [BRIDGE] [LOG] osc.show_bridge.in - RECV /state/group/1/playing/enabled (0.0, 0.0, 0.0, 0.0, 0.0, 0.0)
2025-12-10 00:13:01 [INFO] [BRIDGE] [LOG] osc.show_bridge.in - RECV /state/group/3/intensity (0.0, 0.0, 0.0, 0.0, 0.0, 0.0)
2025-12-10 00:13:01 [INFO] [BRIDGE] [LOG] osc.show_bridge.in - RECV /state/group/6/transforms/autopilot (0.0, 0.0, 0.0, 0.0, 0.0, 0.0)
2025-12-10 00:13:01 [INFO] [BRIDGE] [LOG] osc.show_bridge.in - RECV /state/group/2/dynamic_masks/autopilot (0.0, 0.0, 0.0, 0.0, 0.0, 0.0)
2025-12-10 00:13:01 [INFO] [BRIDGE] [LOG] osc.show_bridge.in - RECV /state/group/5/effects/autopilot (0.0, 0.0, 0.0, 0.0, 0.0, 0.0)
2025-12-10 00:13:01 [INFO] [BRIDGE] [LOG] osc.show_bridge.in - RECV /state/group/1/transforms/enabled (0.0, 0.0, 0.0, 0.0)
2025-12-10 00:13:01 [INFO] [BRIDGE] [LOG] osc.show_bridge.in - RECV /state/group/5/transforms/autopilot (0.0, 0.0, 0.0, 0.0, 0.0)
2025-12-10 00:13:01 [INFO] [BRIDGE] [LOG] osc.show_bridge.in - RECV /_samplerate (60.0,)
2025-12-10 00:13:01 [INFO] [BRIDGE] [LOG] osc.show_bridge.in - RECV /state/group/7/dynamic_masks/enabled (0.0, 0.0, 0.0, 0.0, 0.0, 0.0)
2025-12-10 00:13:01 [INFO] [BRIDGE] [LOG] osc.show_bridge.in - RECV /state/group/4/color/enabled (0.0, 0.0, 0.0, 0.0, 0.0, 0.0)
2025-12-10 00:13:01 [INFO] [BRIDGE] [LOG] osc.show_bridge.in - RECV /state/group/5/color/enabled (0.0, 0.0, 0.0, 0.0, 0.0, 0.0)
2025-12-10 00:13:01 [INFO] [BRIDGE] [LOG] osc.show_bridge.in - RECV /composition/sync (0.0, 0.0, 0.0, 0.0, 0.0, 0.0)
2025-12-10 00:13:01 [INFO] [BRIDGE] [LOG] osc.show_bridge.in - RECV /state/group/8/playing/enabled (0.0, 0.0, 0.0, 0.0, 0.0, 0.0)
2025-12-10 00:13:01 [INFO] [BRIDGE] [LOG] osc.show_bridge.in - RECV /state/group/8/effects/enabled (0.0,)
2025-12-10 00:13:01 [INFO] [BRIDGE] [LOG] osc.show_bridge.in - RECV /state/group/8/effects/enabled (0.0, 0.0, 0.0, 0.0, 0.0, 0.0)
2025-12-10 00:13:01 [INFO] [BRIDGE] [LOG] osc.show_bridge.in - RECV /state/group/5/playing/autopilot (0.0, 0.0, 0.0, 0.0, 0.0)
2025-12-10 00:13:01 [INFO] [BRIDGE] [LOG] osc.show_bridge.in - RECV /state/group/8/dynamic_masks/enabled (0.0, 0.0, 0.0, 0.0, 0.0)
2025-12-10 00:13:01 [INFO] [BRIDGE] [LOG] osc.show_bridge.in - RECV /state/group/8/opacity (0.0, 0.0, 0.0, 0.0, 0.0, 0.0)
2025-12-10 00:13:01 [INFO] [BRIDGE] [LOG] osc.show_bridge.in - RECV /state/group/1/opacity (0.0, 0.0, 0.0, 0.0, 0.0, 0.0)
2025-12-10 00:13:01 [INFO] [BRIDGE] [LOG] osc.show_bridge.in - RECV /state/group/1/effects/autopilot (0.0, 0.0, 0.0, 0.0, 0.0, 0.0)
2025-12-10 00:13:01 [INFO] [BRIDGE] [LOG] osc.show_bridge.in - RECV /state/group/3/playing/autopilot (0.0, 0.0, 0.0, 0.0, 0.0, 0.0)
2025-12-10 00:13:01 [INFO] [BRIDGE] [LOG] osc.show_bridge.in - RECV /state/group/6/transforms/enabled (0.0, 0.0, 0.0, 0.0, 0.0, 0.0)
2025-12-10 00:13:01 [INFO] [BRIDGE] [LOG] osc.show_bridge.in - RECV /state/group/2/dynamic_masks/enabled (0.0, 0.0, 0.0, 0.0, 0.0, 0.0)
2025-12-10 00:13:01 [INFO] [BRIDGE] [LOG] osc.show_bridge.in - RECV /state/group/5/effects/enabled (0.0, 0.0, 0.0, 0.0, 0.0, 0.0)
2025-12-10 00:13:01 [INFO] [BRIDGE] [LOG] osc.show_bridge.in - RECV /state/group/1/dynamic_masks/autopilot (0.0, 0.0, 0.0, 0.0)
2025-12-10 00:13:01 [INFO] [BRIDGE] [LOG] osc.show_bridge.in - RECV /state/group/5/transforms/enabled (0.0, 0.0, 0.0, 0.0, 0.0)
2025-12-10 00:13:01 [INFO] [BRIDGE] [LOG] osc.show_bridge.in - RECV /state/group/7/color/autopilot (0.0, 0.0, 0.0, 0.0, 0.0, 0.0)
2025-12-10 00:13:01 [INFO] [BRIDGE] [LOG] osc.show_bridge.in - RECV /state/group/5/opacity (0.0, 0.0, 0.0, 0.0, 0.0, 0.0)
2025-12-10 00:13:01 [INFO] [BRIDGE] [LOG] osc.show_bridge.in - RECV /state/group/6/opacity (0.0, 0.0, 0.0, 0.0, 0.0, 0.0)
2025-12-10 00:13:01 [INFO] [BRIDGE] [LOG] osc.show_bridge.in - RECV /state/group/8/effects/autopilot (0.0, 0.0, 0.0, 0.0, 0.0, 0.0)
2025-12-10 00:13:01 [INFO] [BRIDGE] [LOG] osc.show_bridge.in - RECV /state/group/8/transforms/autopilot (0.0,)
2025-12-10 00:13:01 [INFO] [BRIDGE] [LOG] osc.show_bridge.in - RECV /state/group/8/transforms/autopilot (0.0, 0.0, 0.0, 0.0, 0.0, 0.0)
2025-12-10 00:13:01 [INFO] [BRIDGE] [LOG] osc.show_bridge.in - RECV /state/group/5/playing/enabled (0.0, 0.0, 0.0, 0.0, 0.0)
2025-12-10 00:13:01 [INFO] [BRIDGE] [LOG] osc.show_bridge.in - RECV /state/group/8/color/autopilot (0.0, 0.0, 0.0, 0.0, 0.0)
2025-12-10 00:13:01 [INFO] [BRIDGE] [LOG] osc.show_bridge.in - RECV /state/group/8/intensity (0.0, 0.0, 0.0, 0.0, 0.0, 0.0)
2025-12-10 00:13:01 [INFO] [BRIDGE] [LOG] osc.show_bridge.in - RECV /state/group/1/intensity (0.0, 0.0, 0.0, 0.0, 0.0, 0.0)
2025-12-10 00:13:01 [INFO] [BRIDGE] [LOG] osc.show_bridge.in - RECV /state/group/1/effects/enabled (0.0, 0.0, 0.0, 0.0, 0.0, 0.0)
2025-12-10 00:13:01 [INFO] [BRIDGE] [LOG] osc.show_bridge.in - RECV /state/group/6/dynamic_masks/autopilot (0.0, 0.0, 0.0, 0.0, 0.0, 0.0)
2025-12-10 00:13:01 [INFO] [BRIDGE] [LOG] osc.show_bridge.in - RECV /state/group/3/playing/enabled (0.0, 0.0, 0.0, 0.0, 0.0, 0.0)
2025-12-10 00:13:01 [INFO] [BRIDGE] [LOG] osc.show_bridge.in - RECV /state/group/2/color/autopilot (0.0, 0.0, 0.0, 0.0, 0.0, 0.0)
2025-12-10 00:13:01 [INFO] [BRIDGE] [LOG] osc.show_bridge.in - RECV /state/group/5/transforms/autopilot (0.0, 0.0, 0.0, 0.0, 0.0, 0.0)
2025-12-10 00:13:01 [INFO] [BRIDGE] [LOG] osc.show_bridge.in - RECV /state/group/1/dynamic_masks/enabled (0.0, 0.0, 0.0, 0.0)
2025-12-10 00:13:01 [INFO] [BRIDGE] [LOG] osc.show_bridge.in - RECV /state/group/5/dynamic_masks/autopilot (0.0, 0.0, 0.0, 0.0, 0.0)
2025-12-10 00:13:01 [INFO] [BRIDGE] [LOG] osc.show_bridge.in - RECV /state/group/7/color/enabled (0.0, 0.0, 0.0, 0.0, 0.0, 0.0)
2025-12-10 00:13:02 [INFO] [BRIDGE] [LOG] osc.show_bridge.in - RECV /state/group/5/intensity (0.0, 0.0, 0.0, 0.0, 0.0, 0.0)
2025-12-10 00:13:02 [INFO] [BRIDGE] [LOG] osc.show_bridge.in - RECV /state/group/6/intensity (0.0, 0.0, 0.0, 0.0, 0.0, 0.0)
2025-12-10 00:13:02 [INFO] [BRIDGE] [LOG] osc.show_bridge.in - RECV /state/group/8/effects/enabled (0.0, 0.0, 0.0, 0.0, 0.0, 0.0)
2025-12-10 00:13:02 [INFO] [BRIDGE] [LOG] osc.show_bridge.in - RECV /state/group/8/transforms/enabled (0.0,)
2025-12-10 00:13:02 [INFO] [BRIDGE] [LOG] osc.show_bridge.in - RECV /state/group/8/transforms/enabled (0.0, 0.0, 0.0, 0.0, 0.0, 0.0)
2025-12-10 00:13:02 [INFO] [BRIDGE] [LOG] osc.show_bridge.in - RECV /state/group/5/effects/autopilot (0.0, 0.0, 0.0, 0.0, 0.0)
2025-12-10 00:13:02 [INFO] [BRIDGE] [LOG] osc.show_bridge.in - RECV /state/group/8/color/enabled (0.0, 0.0, 0.0, 0.0, 0.0)
2025-12-10 00:13:02 [INFO] [BRIDGE] [LOG] osc.show_bridge.in - RECV /state/group/8/playing/autopilot (0.0, 0.0, 0.0, 0.0, 0.0, 0.0)
2025-12-10 00:13:02 [INFO] [BRIDGE] [LOG] osc.show_bridge.in - RECV /state/group/1/playing/autopilot (0.0, 0.0, 0.0, 0.0, 0.0, 0.0)
2025-12-10 00:13:02 [INFO] [BRIDGE] [LOG] osc.show_bridge.in - RECV /state/group/1/transforms/autopilot (0.0, 0.0, 0.0, 0.0, 0.0, 0.0)
2025-12-10 00:13:02 [INFO] [BRIDGE] [LOG] osc.show_bridge.in - RECV /state/group/6/dynamic_masks/enabled (0.0, 0.0, 0.0, 0.0, 0.0, 0.0)
2025-12-10 00:13:02 [INFO] [BRIDGE] [LOG] osc.show_bridge.in - RECV /state/group/3/effects/autopilot (0.0, 0.0, 0.0, 0.0, 0.0, 0.0)
2025-12-10 00:13:02 [INFO] [BRIDGE] [LOG] osc.show_bridge.in - RECV /state/group/2/color/enabled (0.0, 0.0, 0.0, 0.0, 0.0, 0.0)
2025-12-10 00:13:02 [INFO] [BRIDGE] [LOG] osc.show_bridge.in - RECV /state/group/5/transforms/enabled (0.0, 0.0, 0.0, 0.0, 0.0, 0.0)
2025-12-10 00:13:02 [INFO] [BRIDGE] [LOG] osc.show_bridge.in - RECV /state/group/1/color/autopilot (0.0, 0.0, 0.0, 0.0)
2025-12-10 00:13:02 [INFO] [BRIDGE] [LOG] osc.show_bridge.in - RECV /state/group/5/dynamic_masks/enabled (0.0, 0.0, 0.0, 0.0, 0.0)
2025-12-10 00:13:02 [INFO] [BRIDGE] [LOG] osc.show_bridge.in - RECV /state/group/8/opacity (0.0, 0.0, 0.0, 0.0, 0.0, 0.0)
2025-12-10 00:13:02 [INFO] [BRIDGE] [LOG] osc.show_bridge.in - RECV /state/group/5/playing/autopilot (0.0, 0.0, 0.0, 0.0, 0.0, 0.0)
2025-12-10 00:13:02 [INFO] [BRIDGE] [LOG] osc.show_bridge.in - RECV /state/group/6/playing/autopilot (0.0, 0.0, 0.0, 0.0, 0.0, 0.0)
2025-12-10 00:13:02 [INFO] [BRIDGE] [LOG] osc.show_bridge.in - RECV /state/group/8/transforms/autopilot (0.0, 0.0, 0.0, 0.0, 0.0, 0.0)
2025-12-10 00:13:02 [INFO] [BRIDGE] [LOG] osc.show_bridge.in - RECV /state/group/8/dynamic_masks/autopilot (0.0,)
2025-12-10 00:13:02 [INFO] [BRIDGE] [LOG] osc.show_bridge.in - RECV /state/group/8/dynamic_masks/autopilot (0.0, 0.0, 0.0, 0.0, 0.0, 0.0)
2025-12-10 00:13:02 [INFO] [BRIDGE] [LOG] osc.show_bridge.in - RECV /state/group/5/effects/enabled (0.0, 0.0, 0.0, 0.0, 0.0)
2025-12-10 00:13:02 [INFO] [BRIDGE] [LOG] osc.show_bridge.in - RECV /state/group/8/playing/enabled (0.0, 0.0, 0.0, 0.0, 0.0, 0.0)
2025-12-10 00:13:02 [INFO] [BRIDGE] [LOG] osc.show_bridge.in - RECV /state/group/1/playing/enabled (0.0, 0.0, 0.0, 0.0, 0.0, 0.0)
2025-12-10 00:13:02 [INFO] [BRIDGE] [LOG] osc.show_bridge.in - RECV /state/group/1/transforms/enabled (0.0, 0.0, 0.0, 0.0, 0.0, 0.0)
2025-12-10 00:13:02 [INFO] [BRIDGE] [LOG] osc.show_bridge.in - RECV /state/group/6/color/autopilot (0.0, 0.0, 0.0, 0.0, 0.0, 0.0)
2025-12-10 00:13:02 [INFO] [BRIDGE] [LOG] osc.show_bridge.in - RECV /state/group/3/effects/enabled (0.0, 0.0, 0.0, 0.0, 0.0, 0.0)
2025-12-10 00:13:02 [INFO] [BRIDGE] [LOG] osc.show_bridge.in - RECV /state/group/3/opacity (0.0, 0.0, 0.0, 0.0, 0.0, 0.0)
2025-12-10 00:13:02 [INFO] [BRIDGE] [LOG] osc.show_bridge.in - RECV /state/group/5/dynamic_masks/autopilot (0.0, 0.0, 0.0, 0.0, 0.0, 0.0)
2025-12-10 00:13:02 [INFO] [BRIDGE] [LOG] osc.show_bridge.in - RECV /state/group/1/color/enabled (0.0, 0.0, 0.0, 0.0)
2025-12-10 00:13:02 [INFO] [BRIDGE] [LOG] osc.show_bridge.in - RECV /state/group/5/color/autopilot (0.0, 0.0, 0.0, 0.0, 0.0)
2025-12-10 00:13:02 [INFO] [BRIDGE] [LOG] osc.show_bridge.in - RECV /state/group/8/intensity (0.0, 0.0, 0.0, 0.0, 0.0, 0.0)
2025-12-10 00:13:02 [INFO] [BRIDGE] [LOG] osc.show_bridge.in - RECV /state/group/5/playing/enabled (0.0, 0.0, 0.0, 0.0, 0.0, 0.0)
2025-12-10 00:13:02 [INFO] [BRIDGE] [LOG] osc.show_bridge.in - RECV /state/group/6/playing/enabled (0.0, 0.0, 0.0, 0.0, 0.0, 0.0)
2025-12-10 00:13:02 [INFO] [BRIDGE] [LOG] osc.show_bridge.in - RECV /state/group/8/transforms/enabled (0.0, 0.0, 0.0, 0.0, 0.0, 0.0)
2025-12-10 00:13:02 [INFO] [BRIDGE] [LOG] osc.show_bridge.in - RECV /state/group/8/dynamic_masks/enabled (0.0,)
2025-12-10 00:13:02 [INFO] [BRIDGE] [LOG] osc.show_bridge.in - RECV /state/group/8/dynamic_masks/enabled (0.0, 0.0, 0.0, 0.0, 0.0, 0.0)
2025-12-10 00:13:02 [INFO] [BRIDGE] [LOG] osc.show_bridge.in - RECV /state/group/5/transforms/autopilot (0.0, 0.0, 0.0, 0.0, 0.0)
2025-12-10 00:13:02 [INFO] [BRIDGE] [LOG] osc.show_bridge.in - RECV /state/group/8/effects/autopilot (0.0, 0.0, 0.0, 0.0, 0.0, 0.0)
2025-12-10 00:13:02 [INFO] [BRIDGE] [LOG] osc.show_bridge.in - RECV /state/group/1/effects/autopilot (0.0, 0.0, 0.0, 0.0, 0.0, 0.0)
2025-12-10 00:13:02 [INFO] [BRIDGE] [LOG] osc.show_bridge.in - RECV /state/group/1/dynamic_masks/autopilot (0.0, 0.0, 0.0, 0.0, 0.0, 0.0)
2025-12-10 00:13:02 [INFO] [BRIDGE] [LOG] osc.show_bridge.in - RECV /state/group/6/color/enabled (0.0, 0.0, 0.0, 0.0, 0.0, 0.0)
2025-12-10 00:13:02 [INFO] [BRIDGE] [LOG] osc.show_bridge.in - RECV /state/group/3/transforms/autopilot (0.0, 0.0, 0.0, 0.0, 0.0, 0.0)
2025-12-10 00:13:02 [INFO] [BRIDGE] [LOG] osc.show_bridge.in - RECV /state/group/3/intensity (0.0, 0.0, 0.0, 0.0, 0.0, 0.0)
2025-12-10 00:13:02 [INFO] [BRIDGE] [LOG] osc.show_bridge.in - RECV /state/group/5/dynamic_masks/enabled (0.0, 0.0, 0.0, 0.0, 0.0, 0.0)
2025-12-10 00:13:02 [INFO] [BRIDGE] [LOG] osc.show_bridge.in - RECV /state/group/2/opacity (0.0, 0.0, 0.0, 0.0)
2025-12-10 00:13:02 [INFO] [BRIDGE] [LOG] osc.show_bridge.in - RECV /state/group/5/color/enabled (0.0, 0.0, 0.0, 0.0, 0.0)
2025-12-10 00:13:02 [INFO] [BRIDGE] [LOG] osc.show_bridge.in - RECV /state/group/8/playing/autopilot (0.0, 0.0, 0.0, 0.0, 0.0, 0.0)
2025-12-10 00:13:02 [INFO] [BRIDGE] [LOG] osc.show_bridge.in - RECV /state/group/5/effects/autopilot (0.0, 0.0, 0.0, 0.0, 0.0, 0.0)
2025-12-10 00:13:02 [INFO] [BRIDGE] [LOG] osc.show_bridge.in - RECV /state/group/6/effects/autopilot (0.0, 0.0, 0.0, 0.0, 0.0, 0.0)
2025-12-10 00:13:02 [INFO] [BRIDGE] [LOG] osc.show_bridge.in - RECV /state/group/8/dynamic_masks/autopilot (0.0, 0.0, 0.0, 0.0, 0.0, 0.0)
2025-12-10 00:13:02 [INFO] [BRIDGE] [LOG] osc.show_bridge.in - RECV /state/group/8/color/autopilot (0.0,)
2025-12-10 00:13:02 [INFO] [BRIDGE] [LOG] osc.show_bridge.in - RECV /state/group/8/color/autopilot (0.0, 0.0, 0.0, 0.0, 0.0, 0.0)
2025-12-10 00:13:02 [INFO] [BRIDGE] [LOG] osc.show_bridge.in - RECV /state/group/5/transforms/enabled (0.0, 0.0, 0.0, 0.0, 0.0)
2025-12-10 00:13:02 [INFO] [BRIDGE] [LOG] osc.show_bridge.in - RECV /state/group/8/effects/enabled (0.0, 0.0, 0.0, 0.0, 0.0, 0.0)
2025-12-10 00:13:02 [INFO] [BRIDGE] [LOG] osc.show_bridge.in - RECV /state/group/1/effects/enabled (0.0, 0.0, 0.0, 0.0, 0.0, 0.0)
2025-12-10 00:13:02 [INFO] [BRIDGE] [LOG] osc.show_bridge.in - RECV /state/group/1/dynamic_masks/enabled (0.0, 0.0, 0.0, 0.0, 0.0, 0.0)
2025-12-10 00:13:02 [INFO] [BRIDGE] [LOG] osc.show_bridge.in - RECV /state/group/7/opacity (0.0, 0.0, 0.0, 0.0, 0.0, 0.0)
2025-12-10 00:13:02 [INFO] [BRIDGE] [LOG] osc.show_bridge.in - RECV /state/group/3/transforms/enabled (0.0, 0.0, 0.0, 0.0, 0.0, 0.0)
2025-12-10 00:13:02 [INFO] [BRIDGE] [LOG] osc.show_bridge.in - RECV /state/group/3/playing/autopilot (0.0, 0.0, 0.0, 0.0, 0.0, 0.0)
2025-12-10 00:13:02 [INFO] [BRIDGE] [LOG] osc.show_bridge.in - RECV /state/group/5/color/autopilot (0.0, 0.0, 0.0, 0.0, 0.0, 0.0)
2025-12-10 00:13:02 [INFO] [BRIDGE] [LOG] osc.show_bridge.in - RECV /state/group/2/intensity (0.0, 0.0, 0.0, 0.0)
2025-12-10 00:13:02 [INFO] [BRIDGE] [LOG] osc.show_bridge.in - RECV /state/group/6/opacity (0.0, 0.0, 0.0, 0.0, 0.0)
2025-12-10 00:13:02 [INFO] [BRIDGE] [LOG] osc.show_bridge.in - RECV /state/group/8/playing/enabled (0.0, 0.0, 0.0, 0.0, 0.0, 0.0)
2025-12-10 00:13:02 [INFO] [BRIDGE] [LOG] osc.show_bridge.in - RECV /state/group/5/effects/enabled (0.0, 0.0, 0.0, 0.0, 0.0, 0.0)
2025-12-10 00:13:02 [INFO] [BRIDGE] [LOG] osc.show_bridge.in - RECV /state/group/6/effects/enabled (0.0, 0.0, 0.0, 0.0, 0.0, 0.0)
2025-12-10 00:13:02 [INFO] [BRIDGE] [LOG] osc.show_bridge.in - RECV /state/group/8/dynamic_masks/enabled (0.0, 0.0, 0.0, 0.0, 0.0, 0.0)
2025-12-10 00:13:02 [INFO] [BRIDGE] [LOG] osc.show_bridge.in - RECV /state/group/8/color/enabled (0.0,)
2025-12-10 00:13:02 [INFO] [BRIDGE] [LOG] osc.show_bridge.in - RECV /state/group/8/color/enabled (0.0, 0.0, 0.0, 0.0, 0.0, 0.0)
2025-12-10 00:13:02 [INFO] [BRIDGE] [LOG] osc.show_bridge.in - RECV /state/group/5/dynamic_masks/autopilot (0.0, 0.0, 0.0, 0.0, 0.0)
2025-12-10 00:13:02 [INFO] [BRIDGE] [LOG] osc.show_bridge.in - RECV /state/group/8/transforms/autopilot (0.0, 0.0, 0.0, 0.0, 0.0, 0.0)
2025-12-10 00:13:02 [INFO] [BRIDGE] [LOG] osc.show_bridge.in - RECV /state/group/1/transforms/autopilot (0.0, 0.0, 0.0, 0.0, 0.0, 0.0)
2025-12-10 00:13:02 [INFO] [BRIDGE] [LOG] osc.show_bridge.in - RECV /state/group/1/color/autopilot (0.0, 0.0, 0.0, 0.0, 0.0, 0.0)
2025-12-10 00:13:02 [INFO] [BRIDGE] [LOG] osc.show_bridge.in - RECV /state/group/7/intensity (0.0, 0.0, 0.0, 0.0, 0.0, 0.0)
2025-12-10 00:13:02 [INFO] [BRIDGE] [LOG] osc.show_bridge.in - RECV /state/group/3/dynamic_masks/autopilot (0.0, 0.0, 0.0, 0.0, 0.0, 0.0)
2025-12-10 00:13:02 [INFO] [BRIDGE] [LOG] osc.show_bridge.in - RECV /state/group/3/playing/enabled (0.0, 0.0, 0.0, 0.0, 0.0, 0.0)
2025-12-10 00:13:02 [INFO] [BRIDGE] [LOG] osc.show_bridge.in - RECV /state/group/5/color/enabled (0.0, 0.0, 0.0, 0.0, 0.0, 0.0)
2025-12-10 00:13:02 [INFO] [BRIDGE] [LOG] osc.show_bridge.in - RECV /state/group/2/playing/autopilot (0.0, 0.0, 0.0, 0.0)
2025-12-10 00:13:02 [INFO] [BRIDGE] [LOG] osc.show_bridge.in - RECV /state/group/6/intensity (0.0, 0.0, 0.0, 0.0, 0.0)
2025-12-10 00:13:02 [INFO] [BRIDGE] [LOG] osc.show_bridge.in - RECV /state/group/8/effects/autopilot (0.0, 0.0, 0.0, 0.0, 0.0, 0.0)
2025-12-10 00:13:02 [INFO] [BRIDGE] [LOG] osc.show_bridge.in - RECV /state/group/5/transforms/autopilot (0.0, 0.0, 0.0, 0.0, 0.0, 0.0)
2025-12-10 00:13:02 [INFO] [BRIDGE] [LOG] osc.show_bridge.in - RECV /state/group/6/transforms/autopilot (0.0, 0.0, 0.0, 0.0, 0.0, 0.0)
2025-12-10 00:13:02 [INFO] [BRIDGE] [LOG] osc.show_bridge.in - RECV /state/group/8/color/autopilot (0.0, 0.0, 0.0, 0.0, 0.0, 0.0)
2025-12-10 00:13:02 [INFO] [BRIDGE] [LOG] osc.show_bridge.in - RECV /state/group/5/dynamic_masks/enabled (0.0, 0.0, 0.0, 0.0, 0.0)
2025-12-10 00:13:02 [INFO] [BRIDGE] [LOG] osc.show_bridge.in - RECV /state/group/8/transforms/enabled (0.0, 0.0, 0.0, 0.0, 0.0, 0.0)
2025-12-10 00:13:02 [INFO] [BRIDGE] [LOG] osc.show_bridge.in - RECV /state/group/1/transforms/enabled (0.0, 0.0, 0.0, 0.0, 0.0, 0.0)
2025-12-10 00:13:02 [INFO] [BRIDGE] [LOG] osc.show_bridge.in - RECV /state/group/1/color/enabled (0.0, 0.0, 0.0, 0.0, 0.0, 0.0)
2025-12-10 00:13:02 [INFO] [BRIDGE] [LOG] osc.show_bridge.in - RECV /state/group/7/playing/autopilot (0.0, 0.0, 0.0, 0.0, 0.0, 0.0)
2025-12-10 00:13:02 [INFO] [BRIDGE] [LOG] osc.show_bridge.in - RECV /state/group/3/dynamic_masks/enabled (0.0, 0.0, 0.0, 0.0, 0.0, 0.0)
2025-12-10 00:13:02 [INFO] [BRIDGE] [LOG] osc.show_bridge.in - RECV /state/group/3/effects/autopilot (0.0, 0.0, 0.0, 0.0, 0.0, 0.0)
2025-12-10 00:13:02 [INFO] [BRIDGE] [LOG] osc.show_bridge.in - RECV /state/group/6/opacity (0.0, 0.0, 0.0, 0.0, 0.0, 0.0)
2025-12-10 00:13:02 [INFO] [BRIDGE] [LOG] osc.show_bridge.in - RECV /state/group/2/playing/enabled (0.0, 0.0, 0.0, 0.0)
2025-12-10 00:13:02 [INFO] [BRIDGE] [LOG] osc.show_bridge.in - RECV /state/group/6/playing/autopilot (0.0, 0.0, 0.0, 0.0, 0.0)
2025-12-10 00:13:02 [INFO] [BRIDGE] [LOG] osc.show_bridge.in - RECV /state/group/8/effects/enabled (0.0, 0.0, 0.0, 0.0, 0.0, 0.0)
2025-12-10 00:13:02 [INFO] [BRIDGE] [LOG] osc.show_bridge.in - RECV /state/group/5/transforms/enabled (0.0, 0.0, 0.0, 0.0, 0.0, 0.0)
2025-12-10 00:13:02 [INFO] [BRIDGE] [LOG] osc.show_bridge.in - RECV /state/group/6/transforms/enabled (0.0, 0.0, 0.0, 0.0, 0.0, 0.0)
2025-12-10 00:13:02 [INFO] [BRIDGE] [LOG] osc.show_bridge.in - RECV /state/group/8/color/enabled (0.0, 0.0, 0.0, 0.0, 0.0, 0.0)
2025-12-10 00:13:02 [INFO] [BRIDGE] [LOG] osc.show_bridge.in - RECV /state/group/5/color/autopilot (0.0, 0.0, 0.0, 0.0, 0.0)
2025-12-10 00:13:02 [INFO] [BRIDGE] [LOG] osc.show_bridge.in - RECV /state/group/8/dynamic_masks/autopilot (0.0, 0.0, 0.0, 0.0, 0.0, 0.0)
2025-12-10 00:13:02 [INFO] [BRIDGE] [LOG] osc.show_bridge.in - RECV /state/group/1/dynamic_masks/autopilot (0.0, 0.0, 0.0, 0.0, 0.0, 0.0)
2025-12-10 00:13:02 [INFO] [BRIDGE] [LOG] osc.show_bridge.in - RECV /state/group/2/opacity (0.0, 0.0, 0.0, 0.0, 0.0, 0.0)
2025-12-10 00:13:02 [INFO] [BRIDGE] [LOG] osc.show_bridge.in - RECV /state/group/7/playing/enabled (0.0, 0.0, 0.0, 0.0, 0.0, 0.0)
2025-12-10 00:13:02 [INFO] [BRIDGE] [LOG] osc.show_bridge.in - RECV /state/group/3/color/autopilot (0.0, 0.0, 0.0, 0.0, 0.0, 0.0)
2025-12-10 00:13:02 [INFO] [BRIDGE] [LOG] osc.show_bridge.in - RECV /state/group/3/effects/enabled (0.0, 0.0, 0.0, 0.0, 0.0, 0.0)
2025-12-10 00:13:02 [INFO] [BRIDGE] [LOG] osc.show_bridge.in - RECV /state/group/6/intensity (0.0, 0.0, 0.0, 0.0, 0.0, 0.0)
2025-12-10 00:13:02 [INFO] [BRIDGE] [LOG] osc.show_bridge.in - RECV /state/group/2/effects/autopilot (0.0, 0.0, 0.0, 0.0)
2025-12-10 00:13:02 [INFO] [BRIDGE] [LOG] osc.show_bridge.in - RECV /state/group/6/playing/enabled (0.0, 0.0, 0.0, 0.0, 0.0)
2025-12-10 00:13:02 [INFO] [BRIDGE] [LOG] osc.show_bridge.in - RECV /state/group/8/transforms/autopilot (0.0, 0.0, 0.0, 0.0, 0.0, 0.0)
2025-12-10 00:13:02 [INFO] [BRIDGE] [LOG] osc.show_bridge.in - RECV /state/group/5/dynamic_masks/autopilot (0.0, 0.0, 0.0, 0.0, 0.0, 0.0)
2025-12-10 00:13:02 [INFO] [BRIDGE] [LOG] osc.show_bridge.in - RECV /state/group/6/dynamic_masks/autopilot (0.0, 0.0, 0.0, 0.0, 0.0, 0.0)
2025-12-10 00:13:02 [INFO] [BRIDGE] [LOG] osc.show_bridge.in - RECV /state/group/8/dynamic_masks/enabled (0.0, 0.0, 0.0, 0.0, 0.0, 0.0)
2025-12-10 00:13:02 [INFO] [BRIDGE] [LOG] osc.show_bridge.in - RECV /state/group/5/color/enabled (0.0, 0.0, 0.0, 0.0, 0.0)
2025-12-10 00:13:02 [INFO] [BRIDGE] [LOG] osc.show_bridge.in - RECV /state/group/1/dynamic_masks/enabled (0.0, 0.0, 0.0, 0.0, 0.0, 0.0)
2025-12-10 00:13:02 [INFO] [BRIDGE] [LOG] osc.show_bridge.in - RECV /state/group/2/intensity (0.0, 0.0, 0.0, 0.0, 0.0, 0.0)
2025-12-10 00:13:02 [INFO] [BRIDGE] [LOG] osc.show_bridge.in - RECV /state/group/7/effects/autopilot (0.0, 0.0, 0.0, 0.0, 0.0, 0.0)
2025-12-10 00:13:02 [INFO] [BRIDGE] [LOG] osc.show_bridge.in - RECV /state/group/3/color/enabled (0.0, 0.0, 0.0, 0.0, 0.0, 0.0)
2025-12-10 00:13:02 [INFO] [BRIDGE] [LOG] osc.show_bridge.in - RECV /state/group/3/transforms/autopilot (0.0, 0.0, 0.0, 0.0, 0.0, 0.0)
2025-12-10 00:13:02 [INFO] [BRIDGE] [LOG] osc.show_bridge.in - RECV /state/group/6/playing/autopilot (0.0, 0.0, 0.0, 0.0, 0.0, 0.0)
2025-12-10 00:13:02 [INFO] [BRIDGE] [LOG] osc.show_bridge.in - RECV /state/group/2/effects/enabled (0.0, 0.0, 0.0, 0.0)
2025-12-10 00:13:02 [INFO] [BRIDGE] [LOG] osc.show_bridge.in - RECV /state/group/6/effects/autopilot (0.0, 0.0, 0.0, 0.0, 0.0)
2025-12-10 00:13:02 [INFO] [BRIDGE] [LOG] osc.show_bridge.in - RECV /state/group/8/transforms/enabled (0.0, 0.0, 0.0, 0.0, 0.0, 0.0)
2025-12-10 00:13:02 [INFO] [BRIDGE] [LOG] osc.show_bridge.in - RECV /state/group/5/dynamic_masks/enabled (0.0, 0.0, 0.0, 0.0, 0.0, 0.0)
2025-12-10 00:13:02 [INFO] [BRIDGE] [LOG] osc.show_bridge.in - RECV /state/group/6/dynamic_masks/enabled (0.0, 0.0, 0.0, 0.0, 0.0, 0.0)
2025-12-10 00:13:02 [INFO] [BRIDGE] [LOG] osc.show_bridge.in - RECV /state/group/8/color/autopilot (0.0, 0.0, 0.0, 0.0, 0.0, 0.0)
2025-12-10 00:13:02 [INFO] [BRIDGE] [LOG] osc.show_bridge.in - RECV /state/group/6/opacity (0.0, 0.0, 0.0, 0.0, 0.0)
2025-12-10 00:13:02 [INFO] [BRIDGE] [LOG] osc.show_bridge.in - RECV /state/group/1/color/autopilot (0.0, 0.0, 0.0, 0.0, 0.0, 0.0)
2025-12-10 00:13:02 [INFO] [BRIDGE] [LOG] osc.show_bridge.in - RECV /state/group/2/playing/autopilot (0.0, 0.0, 0.0, 0.0, 0.0, 0.0)
2025-12-10 00:13:02 [INFO] [BRIDGE] [LOG] osc.show_bridge.in - RECV /state/group/7/effects/enabled (0.0, 0.0, 0.0, 0.0, 0.0, 0.0)
2025-12-10 00:13:02 [INFO] [BRIDGE] [LOG] osc.show_bridge.in - RECV /state/group/4/opacity (0.0, 0.0, 0.0, 0.0, 0.0, 0.6299213171005249)
2025-12-10 00:13:02 [INFO] [BRIDGE] [LOG] osc.show_bridge.in - RECV /state/group/3/transforms/enabled (0.0, 0.0, 0.0, 0.0, 0.0, 0.0)
2025-12-10 00:13:02 [INFO] [BRIDGE] [LOG] osc.show_bridge.in - RECV /state/group/6/playing/enabled (0.0, 0.0, 0.0, 0.0, 0.0, 0.0)
2025-12-10 00:13:02 [INFO] [BRIDGE] [LOG] osc.show_bridge.in - RECV /state/group/2/transforms/autopilot (0.0, 0.0, 0.0, 0.0)
2025-12-10 00:13:02 [INFO] [BRIDGE] [LOG] osc.show_bridge.in - RECV /state/group/6/effects/enabled (0.0, 0.0, 0.0, 0.0, 0.0)
2025-12-10 00:13:02 [INFO] [BRIDGE] [LOG] osc.show_bridge.in - RECV /state/group/8/dynamic_masks/autopilot (0.0, 0.0, 0.0, 0.0, 0.0, 0.0)
2025-12-10 00:13:02 [INFO] [BRIDGE] [LOG] osc.show_bridge.in - RECV /state/group/5/color/autopilot (0.0, 0.0, 0.0, 0.0, 0.0, 0.0)
2025-12-10 00:13:02 [INFO] [BRIDGE] [LOG] osc.show_bridge.in - RECV /state/group/6/effects/autopilot (0.0, 0.0, 0.0, 0.0, 0.0, 0.0)
2025-12-10 00:13:02 [INFO] [BRIDGE] [LOG] osc.show_bridge.in - RECV /state/group/6/color/autopilot (0.0, 0.0, 0.0, 0.0, 0.0, 0.0)
2025-12-10 00:13:02 [INFO] [BRIDGE] [LOG] osc.show_bridge.in - RECV /state/group/8/color/enabled (0.0, 0.0, 0.0, 0.0, 0.0, 0.0)
2025-12-10 00:13:02 [INFO] [BRIDGE] [LOG] osc.show_bridge.in - RECV /state/group/6/intensity (0.0, 0.0, 0.0, 0.0, 0.0)
2025-12-10 00:13:02 [INFO] [BRIDGE] [LOG] osc.show_bridge.in - RECV /state/group/1/color/enabled (0.0, 0.0, 0.0, 0.0, 0.0, 0.0)
2025-12-10 00:13:02 [INFO] [BRIDGE] [LOG] osc.show_bridge.in - RECV /state/group/2/playing/enabled (0.0, 0.0, 0.0, 0.0, 0.0, 0.0)
2025-12-10 00:13:02 [INFO] [BRIDGE] [LOG] osc.show_bridge.in - RECV /state/group/7/transforms/autopilot (0.0, 0.0, 0.0, 0.0, 0.0, 0.0)
2025-12-10 00:13:02 [INFO] [BRIDGE] [LOG] osc.show_bridge.in - RECV /state/group/4/intensity (0.0, 0.0, 0.0, 0.0, 0.0, 0.0)
2025-12-10 00:13:02 [INFO] [BRIDGE] [LOG] osc.show_bridge.in - RECV /state/group/3/dynamic_masks/autopilot (0.0, 0.0, 0.0, 0.0, 0.0, 0.0)
2025-12-10 00:13:02 [INFO] [BRIDGE] [LOG] osc.show_bridge.in - RECV /state/group/6/transforms/autopilot (0.0, 0.0, 0.0, 0.0, 0.0)
2025-12-10 00:13:02 [INFO] [BRIDGE] [LOG] osc.show_bridge.in - RECV /state/group/8/dynamic_masks/enabled (0.0, 0.0, 0.0, 0.0, 0.0, 0.0)
2025-12-10 00:13:02 [INFO] [BRIDGE] [LOG] osc.show_bridge.in - RECV /state/group/2/transforms/enabled (0.0, 0.0, 0.0, 0.0)
2025-12-10 00:13:02 [INFO] [BRIDGE] [LOG] osc.show_bridge.in - RECV /state/group/5/color/enabled (0.0, 0.0, 0.0, 0.0, 0.0, 0.0)
2025-12-10 00:13:02 [INFO] [BRIDGE] [LOG] osc.show_bridge.in - RECV /state/group/6/effects/enabled (0.0, 0.0, 0.0, 0.0, 0.0, 0.0)
2025-12-10 00:13:02 [INFO] [BRIDGE] [LOG] osc.show_bridge.in - RECV /state/group/6/color/enabled (0.0, 0.0, 0.0, 0.0, 0.0, 0.0)
2025-12-10 00:13:02 [INFO] [BRIDGE] [LOG] osc.show_bridge.in - RECV /state/group/6/playing/autopilot (0.0, 0.0, 0.0, 0.0, 0.0)
2025-12-10 00:13:02 [INFO] [BRIDGE] [LOG] osc.show_bridge.in - RECV /state/group/2/opacity (0.0, 0.0, 0.0, 0.0, 0.0, 0.0)
2025-12-10 00:13:02 [INFO] [BRIDGE] [LOG] osc.show_bridge.in - RECV /state/group/2/effects/autopilot (0.0, 0.0, 0.0, 0.0, 0.0, 0.0)
2025-12-10 00:13:02 [INFO] [BRIDGE] [LOG] osc.show_bridge.in - RECV /state/group/7/transforms/enabled (0.0, 0.0, 0.0, 0.0, 0.0, 0.0)
2025-12-10 00:13:02 [INFO] [BRIDGE] [LOG] osc.show_bridge.in - RECV /state/group/4/playing/autopilot (0.0, 0.0, 0.0, 0.0, 0.0, 0.0)
2025-12-10 00:13:02 [INFO] [BRIDGE] [LOG] osc.show_bridge.in - RECV /state/group/3/dynamic_masks/enabled (0.0, 0.0, 0.0, 0.0, 0.0, 0.0)
2025-12-10 00:13:02 [INFO] [BRIDGE] [LOG] osc.show_bridge.in - RECV /state/group/6/transforms/enabled (0.0, 0.0, 0.0, 0.0, 0.0)
2025-12-10 00:13:02 [INFO] [BRIDGE] [LOG] osc.show_bridge.in - RECV /state/group/8/color/autopilot (0.0, 0.0, 0.0, 0.0, 0.0, 0.0)
2025-12-10 00:13:02 [INFO] [BRIDGE] [LOG] osc.show_bridge.in - RECV /state/group/2/dynamic_masks/autopilot (0.0, 0.0, 0.0, 0.0)
2025-12-10 00:13:02 [INFO] [BRIDGE] [LOG] osc.show_bridge.in - RECV /state/group/6/opacity (0.0, 0.0, 0.0, 0.0, 0.0, 0.0)
2025-12-10 00:13:02 [INFO] [BRIDGE] [LOG] osc.show_bridge.in - RECV /state/group/4/playing/enabled (0.0, 0.0, 0.0, 0.0, 0.0, 0.0)
2025-12-10 00:13:02 [INFO] [BRIDGE] [LOG] osc.show_bridge.in - RECV /state/group/6/transforms/autopilot (0.0, 0.0, 0.0, 0.0, 0.0, 0.0)
2025-12-10 00:13:02 [INFO] [BRIDGE] [LOG] osc.show_bridge.in - RECV /state/group/7/opacity (0.0, 0.0, 0.0, 0.0, 0.0, 0.0)
2025-12-10 00:13:02 [INFO] [BRIDGE] [LOG] osc.show_bridge.in - RECV /state/group/6/playing/enabled (0.0, 0.0, 0.0, 0.0, 0.0)
2025-12-10 00:13:02 [INFO] [BRIDGE] [LOG] osc.show_bridge.in - RECV /state/group/2/intensity (0.0, 0.0, 0.0, 0.0, 0.0, 0.0)
2025-12-10 00:13:02 [INFO] [BRIDGE] [LOG] osc.show_bridge.in - RECV /state/group/2/effects/enabled (0.0, 0.0, 0.0, 0.0, 0.0, 0.0)
2025-12-10 00:13:02 [INFO] [BRIDGE] [LOG] osc.show_bridge.in - RECV /state/group/7/dynamic_masks/autopilot (0.0, 0.0, 0.0, 0.0, 0.0, 0.0)
2025-12-10 00:13:02 [INFO] [BRIDGE] [LOG] osc.show_bridge.in - RECV /state/group/6/dynamic_masks/autopilot (0.0, 0.0, 0.0, 0.0, 0.0)
2025-12-10 00:13:02 [INFO] [BRIDGE] [LOG] osc.show_bridge.in - RECV /state/group/8/color/enabled (0.0, 0.0, 0.0, 0.0, 0.0, 0.0)
2025-12-10 00:13:02 [INFO] [BRIDGE] [LOG] osc.show_bridge.in - RECV /state/group/3/color/autopilot (0.0, 0.0, 0.0, 0.0, 0.0, 0.0)
2025-12-10 00:13:02 [INFO] [BRIDGE] [LOG] osc.show_bridge.in - RECV /state/group/2/dynamic_masks/enabled (0.0, 0.0, 0.0, 0.0)
2025-12-10 00:13:02 [INFO] [BRIDGE] [LOG] osc.show_bridge.in - RECV /state/group/6/intensity (0.0, 0.0, 0.0, 0.0, 0.0, 0.0)
2025-12-10 00:13:02 [INFO] [BRIDGE] [LOG] osc.show_bridge.in - RECV /state/group/4/effects/autopilot (0.0, 0.0, 0.0, 0.0, 0.0, 0.0)
2025-12-10 00:13:02 [INFO] [BRIDGE] [LOG] osc.show_bridge.in - RECV /state/group/6/transforms/enabled (0.0, 0.0, 0.0, 0.0, 0.0, 0.0)
2025-12-10 00:13:02 [INFO] [BRIDGE] [LOG] osc.show_bridge.in - RECV /state/group/7/intensity (0.0, 0.0, 0.0, 0.0, 0.0, 0.0)
2025-12-10 00:13:02 [INFO] [BRIDGE] [LOG] osc.show_bridge.in - RECV /state/group/6/effects/autopilot (0.0, 0.0, 0.0, 0.0, 0.0)
2025-12-10 00:13:02 [INFO] [BRIDGE] [LOG] osc.show_bridge.in - RECV /state/group/2/playing/autopilot (0.0, 0.0, 0.0, 0.0, 0.0, 0.0)
2025-12-10 00:13:02 [INFO] [BRIDGE] [LOG] osc.show_bridge.in - RECV /state/group/2/transforms/autopilot (0.0, 0.0, 0.0, 0.0, 0.0, 0.0)
2025-12-10 00:13:02 [INFO] [BRIDGE] [LOG] osc.show_bridge.in - RECV /state/group/7/dynamic_masks/enabled (0.0, 0.0, 0.0, 0.0, 0.0, 0.0)
2025-12-10 00:13:02 [INFO] [BRIDGE] [LOG] osc.show_bridge.in - RECV /state/group/6/dynamic_masks/enabled (0.0, 0.0, 0.0, 0.0, 0.0)
2025-12-10 00:13:02 [INFO] [BRIDGE] [LOG] osc.show_bridge.in - RECV /state/group/3/color/enabled (0.0, 0.0, 0.0, 0.0, 0.0, 0.0)
2025-12-10 00:13:02 [INFO] [BRIDGE] [LOG] osc.show_bridge.in - RECV /state/group/2/color/autopilot (0.0, 0.0, 0.0, 0.0)
2025-12-10 00:13:02 [INFO] [BRIDGE] [LOG] osc.show_bridge.in - RECV /state/group/6/playing/autopilot (0.0, 0.0, 0.0, 0.0, 0.0, 0.0)
2025-12-10 00:13:02 [INFO] [BRIDGE] [LOG] osc.show_bridge.in - RECV /state/group/4/effects/enabled (0.0, 0.0, 0.0, 0.0, 0.0, 0.0)
2025-12-10 00:13:02 [INFO] [BRIDGE] [LOG] osc.show_bridge.in - RECV /state/group/6/dynamic_masks/autopilot (0.0, 0.0, 0.0, 0.0, 0.0, 0.0)
2025-12-10 00:13:02 [INFO] [BRIDGE] [LOG] osc.show_bridge.in - RECV /state/group/7/playing/autopilot (0.0, 0.0, 0.0, 0.0, 0.0, 0.0)
2025-12-10 00:13:02 [INFO] [BRIDGE] [LOG] osc.show_bridge.in - RECV /state/group/6/effects/enabled (0.0, 0.0, 0.0, 0.0, 0.0)
2025-12-10 00:13:02 [INFO] [BRIDGE] [LOG] osc.show_bridge.in - RECV /state/group/2/playing/enabled (0.0, 0.0, 0.0, 0.0, 0.0, 0.0)
2025-12-10 00:13:02 [INFO] [BRIDGE] [LOG] osc.show_bridge.in - RECV /state/group/2/transforms/enabled (0.0, 0.0, 0.0, 0.0, 0.0, 0.0)
2025-12-10 00:13:02 [INFO] [BRIDGE] [LOG] osc.show_bridge.in - RECV /state/group/7/color/autopilot (0.0, 0.0, 0.0, 0.0, 0.0, 0.0)
2025-12-10 00:13:02 [INFO] [BRIDGE] [LOG] osc.show_bridge.in - RECV /state/group/6/color/autopilot (0.0, 0.0, 0.0, 0.0, 0.0)
2025-12-10 00:13:02 [INFO] [BRIDGE] [LOG] osc.show_bridge.in - RECV /state/group/4/opacity (0.6299213171005249, 0.6299213171005249, 0.6299213171005249, 0.6299213171005249, 0.6299213171005249, 0.6299213171005249)
2025-12-10 00:13:02 [INFO] [BRIDGE] [LOG] osc.show_bridge.in - RECV /state/group/2/color/enabled (0.0, 0.0, 0.0, 0.0)
2025-12-10 00:13:02 [INFO] [BRIDGE] [LOG] osc.show_bridge.in - RECV /state/group/6/playing/enabled (0.0, 0.0, 0.0, 0.0, 0.0, 0.0)
2025-12-10 00:13:02 [INFO] [BRIDGE] [LOG] osc.show_bridge.in - RECV /state/group/4/transforms/autopilot (0.0, 0.0, 0.0, 0.0, 0.0, 0.0)
2025-12-10 00:13:02 [INFO] [BRIDGE] [LOG] osc.show_bridge.in - RECV /state/group/6/dynamic_masks/enabled (0.0, 0.0, 0.0, 0.0, 0.0, 0.0)
2025-12-10 00:13:02 [INFO] [BRIDGE] [LOG] osc.show_bridge.in - RECV /state/group/7/playing/enabled (0.0, 0.0, 0.0, 0.0, 0.0, 0.0)
2025-12-10 00:13:02 [INFO] [BRIDGE] [LOG] osc.show_bridge.in - RECV /state/group/6/transforms/autopilot (0.0, 0.0, 0.0, 0.0, 0.0)
2025-12-10 00:13:02 [INFO] [BRIDGE] [LOG] osc.show_bridge.in - RECV /state/group/2/effects/autopilot (0.0, 0.0, 0.0, 0.0, 0.0, 0.0)
2025-12-10 00:13:02 [INFO] [BRIDGE] [LOG] osc.show_bridge.in - RECV /state/group/2/dynamic_masks/autopilot (0.0, 0.0, 0.0, 0.0, 0.0, 0.0)
2025-12-10 00:13:02 [INFO] [BRIDGE] [LOG] osc.show_bridge.in - RECV /state/group/7/color/enabled (0.0, 0.0, 0.0, 0.0, 0.0, 0.0)
2025-12-10 00:13:02 [INFO] [BRIDGE] [LOG] osc.show_bridge.in - RECV /state/group/6/color/enabled (0.0, 0.0, 0.0, 0.0, 0.0)
2025-12-10 00:13:02 [INFO] [BRIDGE] [LOG] osc.show_bridge.in - RECV /state/group/4/intensity (0.0, 0.0, 0.0, 0.0, 0.0, 0.0)
2025-12-10 00:13:02 [INFO] [BRIDGE] [LOG] osc.show_bridge.in - RECV /state/group/3/opacity (0.0, 0.0, 0.0, 0.0)
2025-12-10 00:13:02 [INFO] [BRIDGE] [LOG] osc.show_bridge.in - RECV /state/group/6/effects/autopilot (0.0, 0.0, 0.0, 0.0, 0.0, 0.0)
2025-12-10 00:13:02 [INFO] [BRIDGE] [LOG] osc.show_bridge.in - RECV /state/group/4/transforms/enabled (0.0, 0.0, 0.0, 0.0, 0.0, 0.0)
2025-12-10 00:13:02 [INFO] [BRIDGE] [LOG] osc.show_bridge.in - RECV /state/group/6/color/autopilot (0.0, 0.0, 0.0, 0.0, 0.0, 0.0)
2025-12-10 00:13:02 [INFO] [BRIDGE] [LOG] osc.show_bridge.in - RECV /state/group/7/effects/autopilot (0.0, 0.0, 0.0, 0.0, 0.0, 0.0)
2025-12-10 00:13:02 [INFO] [BRIDGE] [LOG] osc.show_bridge.in - RECV /state/group/6/transforms/enabled (0.0, 0.0, 0.0, 0.0, 0.0)
2025-12-10 00:13:02 [INFO] [BRIDGE] [LOG] osc.show_bridge.in - RECV /state/group/2/effects/enabled (0.0, 0.0, 0.0, 0.0, 0.0, 0.0)
2025-12-10 00:13:02 [INFO] [BRIDGE] [LOG] osc.show_bridge.in - RECV /state/group/2/dynamic_masks/enabled (0.0, 0.0, 0.0, 0.0, 0.0, 0.0)
2025-12-10 00:13:02 [INFO] [BRIDGE] [LOG] osc.show_bridge.in - RECV /state/group/8/opacity (0.0, 0.0, 0.0, 0.0, 0.0, 0.0)
2025-12-10 00:13:02 [INFO] [BRIDGE] [LOG] osc.show_bridge.in - RECV /state/group/7/opacity (0.0, 0.0, 0.0, 0.0, 0.0)
2025-12-10 00:13:02 [INFO] [BRIDGE] [LOG] osc.show_bridge.in - RECV /state/group/4/playing/autopilot (0.0, 0.0, 0.0, 0.0, 0.0, 0.0)
2025-12-10 00:13:02 [INFO] [BRIDGE] [LOG] osc.show_bridge.in - RECV /state/group/3/intensity (0.0, 0.0, 0.0, 0.0)
2025-12-10 00:13:02 [INFO] [BRIDGE] [LOG] osc.show_bridge.in - RECV /state/group/6/effects/enabled (0.0, 0.0, 0.0, 0.0, 0.0, 0.0)
2025-12-10 00:13:02 [INFO] [BRIDGE] [LOG] osc.show_bridge.in - RECV /state/group/4/dynamic_masks/autopilot (0.0, 0.0, 0.0, 0.0, 0.0, 0.0)
2025-12-10 00:13:02 [INFO] [BRIDGE] [LOG] osc.show_bridge.in - RECV /state/group/6/color/enabled (0.0, 0.0, 0.0, 0.0, 0.0, 0.0)
2025-12-10 00:13:02 [INFO] [BRIDGE] [LOG] osc.show_bridge.in - RECV /state/group/7/effects/enabled (0.0, 0.0, 0.0, 0.0, 0.0, 0.0)
2025-12-10 00:13:02 [INFO] [BRIDGE] [LOG] osc.show_bridge.in - RECV /state/group/6/dynamic_masks/autopilot (0.0, 0.0, 0.0, 0.0, 0.0)
2025-12-10 00:13:02 [INFO] [BRIDGE] [LOG] osc.show_bridge.in - RECV /state/group/2/transforms/autopilot (0.0, 0.0, 0.0, 0.0, 0.0, 0.0)
2025-12-10 00:13:02 [INFO] [BRIDGE] [LOG] osc.show_bridge.in - RECV /state/group/2/color/autopilot (0.0, 0.0, 0.0, 0.0, 0.0, 0.0)
2025-12-10 00:13:02 [INFO] [BRIDGE] [LOG] osc.show_bridge.in - RECV /state/group/8/intensity (0.0, 0.0, 0.0, 0.0, 0.0, 0.0)
2025-12-10 00:13:02 [INFO] [BRIDGE] [LOG] osc.show_bridge.in - RECV /state/group/7/intensity (0.0, 0.0, 0.0, 0.0, 0.0)
2025-12-10 00:13:02 [INFO] [BRIDGE] [LOG] osc.show_bridge.in - RECV /state/group/4/playing/enabled (0.0, 0.0, 0.0, 0.0, 0.0, 0.0)
2025-12-10 00:13:02 [INFO] [BRIDGE] [LOG] osc.show_bridge.in - RECV /state/group/3/playing/autopilot (0.0, 0.0, 0.0, 0.0)
2025-12-10 00:13:02 [INFO] [BRIDGE] [LOG] osc.show_bridge.in - RECV /state/group/6/transforms/autopilot (0.0, 0.0, 0.0, 0.0, 0.0, 0.0)
2025-12-10 00:13:02 [INFO] [BRIDGE] [LOG] osc.show_bridge.in - RECV /state/group/4/dynamic_masks/enabled (0.0, 0.0, 0.0, 0.0, 0.0, 0.0)
2025-12-10 00:13:02 [INFO] [BRIDGE] [LOG] osc.show_bridge.in - RECV /state/group/7/opacity (0.0, 0.0, 0.0, 0.0, 0.0, 0.0)
2025-12-10 00:13:02 [INFO] [BRIDGE] [LOG] osc.show_bridge.in - RECV /state/group/7/transforms/autopilot (0.0, 0.0, 0.0, 0.0, 0.0, 0.0)
2025-12-10 00:13:02 [INFO] [BRIDGE] [LOG] osc.show_bridge.in - RECV /state/group/6/dynamic_masks/enabled (0.0, 0.0, 0.0, 0.0, 0.0)
2025-12-10 00:13:02 [INFO] [BRIDGE] [LOG] osc.show_bridge.in - RECV /state/group/2/transforms/enabled (0.0, 0.0, 0.0, 0.0, 0.0, 0.0)
2025-12-10 00:13:02 [INFO] [BRIDGE] [LOG] osc.show_bridge.in - RECV /state/group/2/color/enabled (0.0, 0.0, 0.0, 0.0, 0.0, 0.0)
2025-12-10 00:13:02 [INFO] [BRIDGE] [LOG] osc.show_bridge.in - RECV /state/group/8/playing/autopilot (0.0, 0.0, 0.0, 0.0, 0.0, 0.0)
2025-12-10 00:13:02 [INFO] [BRIDGE] [LOG] osc.show_bridge.in - RECV /state/group/7/playing/autopilot (0.0, 0.0, 0.0, 0.0, 0.0)
2025-12-10 00:13:02 [INFO] [BRIDGE] [LOG] osc.show_bridge.in - RECV /state/group/4/effects/autopilot (0.0, 0.0, 0.0, 0.0, 0.0, 0.0)
2025-12-10 00:13:02 [INFO] [BRIDGE] [LOG] osc.show_bridge.in - RECV /state/group/3/playing/enabled (0.0, 0.0, 0.0, 0.0)
2025-12-10 00:13:02 [INFO] [BRIDGE] [LOG] osc.show_bridge.in - RECV /state/group/6/transforms/enabled (0.0, 0.0, 0.0, 0.0, 0.0, 0.0)
2025-12-10 00:13:02 [INFO] [BRIDGE] [LOG] osc.show_bridge.in - RECV /state/group/4/color/autopilot (0.0, 0.0, 0.0, 0.0, 0.0, 0.0)
2025-12-10 00:13:02 [INFO] [BRIDGE] [LOG] osc.show_bridge.in - RECV /state/group/7/intensity (0.0, 0.0, 0.0, 0.0, 0.0, 0.0)
2025-12-10 00:13:02 [INFO] [BRIDGE] [LOG] osc.show_bridge.in - RECV /state/group/7/transforms/enabled (0.0, 0.0, 0.0, 0.0, 0.0, 0.0)
2025-12-10 00:13:02 [INFO] [BRIDGE] [LOG] osc.show_bridge.in - RECV /state/group/6/color/autopilot (0.0, 0.0, 0.0, 0.0, 0.0)
2025-12-10 00:13:02 [INFO] [BRIDGE] [LOG] osc.show_bridge.in - RECV /state/group/2/dynamic_masks/autopilot (0.0, 0.0, 0.0, 0.0, 0.0, 0.0)
2025-12-10 00:13:02 [INFO] [BRIDGE] [LOG] osc.show_bridge.in - RECV /state/group/3/opacity (0.0, 0.0, 0.0, 0.0, 0.0, 0.0)
2025-12-10 00:13:02 [INFO] [BRIDGE] [LOG] osc.show_bridge.in - RECV /state/group/8/playing/enabled (0.0, 0.0, 0.0, 0.0, 0.0, 0.0)
2025-12-10 00:13:02 [INFO] [BRIDGE] [LOG] osc.show_bridge.in - RECV /state/group/7/playing/enabled (0.0, 0.0, 0.0, 0.0, 0.0)
2025-12-10 00:13:02 [INFO] [BRIDGE] [LOG] osc.show_bridge.in - RECV /state/group/4/effects/enabled (0.0, 0.0, 0.0, 0.0, 0.0, 0.0)
2025-12-10 00:13:02 [INFO] [BRIDGE] [LOG] osc.show_bridge.in - RECV /state/group/3/effects/autopilot (0.0, 0.0, 0.0, 0.0)
2025-12-10 00:13:02 [INFO] [BRIDGE] [LOG] osc.show_bridge.in - RECV /state/group/7/dynamic_masks/autopilot (0.0, 0.0, 0.0, 0.0, 0.0, 0.0)
2025-12-10 00:13:02 [INFO] [BRIDGE] [LOG] osc.show_bridge.in - RECV /state/group/6/dynamic_masks/autopilot (0.0, 0.0, 0.0, 0.0, 0.0, 0.0)
2025-12-10 00:13:02 [INFO] [BRIDGE] [LOG] osc.show_bridge.in - RECV /state/group/4/color/enabled (0.0, 0.0, 0.0, 0.0, 0.0, 0.0)
2025-12-10 00:13:02 [INFO] [BRIDGE] [LOG] osc.show_bridge.in - RECV /state/group/7/playing/autopilot (0.0, 0.0, 0.0, 0.0, 0.0, 0.0)
2025-12-10 00:13:02 [INFO] [BRIDGE] [LOG] osc.show_bridge.in - RECV /state/group/2/dynamic_masks/enabled (0.0, 0.0, 0.0, 0.0, 0.0, 0.0)
2025-12-10 00:13:02 [INFO] [BRIDGE] [LOG] osc.show_bridge.in - RECV /state/group/3/intensity (0.0, 0.0, 0.0, 0.0, 0.0, 0.0)
2025-12-10 00:13:02 [INFO] [BRIDGE] [LOG] osc.show_bridge.in - RECV /state/group/8/effects/autopilot (0.0, 0.0, 0.0, 0.0, 0.0, 0.0)
2025-12-10 00:13:02 [INFO] [BRIDGE] [LOG] osc.show_bridge.in - RECV /state/group/7/effects/autopilot (0.0, 0.0, 0.0, 0.0, 0.0)
2025-12-10 00:13:02 [INFO] [BRIDGE] [LOG] osc.show_bridge.in - RECV /state/group/6/color/enabled (0.0, 0.0, 0.0, 0.0, 0.0)
2025-12-10 00:13:02 [INFO] [BRIDGE] [LOG] osc.show_bridge.in - RECV /state/group/4/transforms/autopilot (0.0, 0.0, 0.0, 0.0, 0.0, 0.0)
2025-12-10 00:13:02 [INFO] [BRIDGE] [LOG] osc.show_bridge.in - RECV /state/group/3/effects/enabled (0.0, 0.0, 0.0, 0.0)
2025-12-10 00:13:02 [INFO] [BRIDGE] [LOG] osc.show_bridge.in - RECV /state/group/7/dynamic_masks/enabled (0.0, 0.0, 0.0, 0.0, 0.0, 0.0)
2025-12-10 00:13:02 [INFO] [BRIDGE] [LOG] osc.show_bridge.in - RECV /state/group/6/dynamic_masks/enabled (0.0, 0.0, 0.0, 0.0, 0.0, 0.0)
2025-12-10 00:13:02 [INFO] [BRIDGE] [LOG] osc.show_bridge.in - RECV /state/group/5/opacity (0.0, 0.0, 0.0, 0.0, 0.0, 0.0)
2025-12-10 00:13:02 [INFO] [BRIDGE] [LOG] osc.show_bridge.in - RECV /state/group/7/playing/enabled (0.0, 0.0, 0.0, 0.0, 0.0, 0.0)
2025-12-10 00:13:02 [INFO] [BRIDGE] [LOG] osc.show_bridge.in - RECV /state/group/2/color/autopilot (0.0, 0.0, 0.0, 0.0, 0.0, 0.0)
2025-12-10 00:13:02 [INFO] [BRIDGE] [LOG] osc.show_bridge.in - RECV /state/group/3/playing/autopilot (0.0, 0.0, 0.0, 0.0, 0.0, 0.0)
2025-12-10 00:13:02 [INFO] [BRIDGE] [LOG] osc.show_bridge.in - RECV /state/group/8/effects/enabled (0.0, 0.0, 0.0, 0.0, 0.0, 0.0)
2025-12-10 00:13:02 [INFO] [BRIDGE] [LOG] osc.show_bridge.in - RECV /state/group/7/effects/enabled (0.0, 0.0, 0.0, 0.0, 0.0)
2025-12-10 00:13:02 [INFO] [BRIDGE] [LOG] osc.show_bridge.in - RECV /state/group/7/opacity (0.0, 0.0, 0.0, 0.0, 0.0)
2025-12-10 00:13:02 [INFO] [BRIDGE] [LOG] osc.show_bridge.in - RECV /state/group/4/transforms/enabled (0.0, 0.0, 0.0, 0.0, 0.0, 0.0)
2025-12-10 00:13:02 [INFO] [BRIDGE] [LOG] osc.show_bridge.in - RECV /state/group/3/transforms/autopilot (0.0, 0.0, 0.0, 0.0)
2025-12-10 00:13:02 [INFO] [BRIDGE] [LOG] osc.show_bridge.in - RECV /state/group/7/color/autopilot (0.0, 0.0, 0.0, 0.0, 0.0, 0.0)
2025-12-10 00:13:02 [INFO] [BRIDGE] [LOG] osc.show_bridge.in - RECV /state/group/6/color/autopilot (0.0, 0.0, 0.0, 0.0, 0.0, 0.0)
2025-12-10 00:13:02 [INFO] [BRIDGE] [LOG] osc.show_bridge.in - RECV /state/group/5/intensity (0.0, 0.0, 0.0, 0.0, 0.0, 0.0)
2025-12-10 00:13:02 [INFO] [BRIDGE] [LOG] osc.show_bridge.in - RECV /state/group/7/effects/autopilot (0.0, 0.0, 0.0, 0.0, 0.0, 0.0)
2025-12-10 00:13:02 [INFO] [BRIDGE] [LOG] osc.show_bridge.in - RECV /state/group/2/color/enabled (0.0, 0.0, 0.0, 0.0, 0.0, 0.0)
2025-12-10 00:13:02 [INFO] [BRIDGE] [LOG] osc.show_bridge.in - RECV /state/group/3/playing/enabled (0.0, 0.0, 0.0, 0.0, 0.0, 0.0)
2025-12-10 00:13:02 [INFO] [BRIDGE] [LOG] osc.show_bridge.in - RECV /state/group/8/transforms/autopilot (0.0, 0.0, 0.0, 0.0, 0.0, 0.0)
2025-12-10 00:13:02 [INFO] [BRIDGE] [LOG] osc.show_bridge.in - RECV /state/group/7/transforms/autopilot (0.0, 0.0, 0.0, 0.0, 0.0)
2025-12-10 00:13:02 [INFO] [BRIDGE] [LOG] osc.show_bridge.in - RECV /state/group/7/intensity (0.0, 0.0, 0.0, 0.0, 0.0)
2025-12-10 00:13:02 [INFO] [BRIDGE] [LOG] osc.show_bridge.in - RECV /state/group/4/dynamic_masks/autopilot (0.0, 0.0, 0.0, 0.0, 0.0, 0.0)
2025-12-10 00:13:02 [INFO] [BRIDGE] [LOG] osc.show_bridge.in - RECV /state/group/3/transforms/enabled (0.0, 0.0, 0.0, 0.0)
2025-12-10 00:13:02 [INFO] [BRIDGE] [LOG] osc.show_bridge.in - RECV /state/group/7/color/enabled (0.0, 0.0, 0.0, 0.0, 0.0, 0.0)
2025-12-10 00:13:02 [INFO] [BRIDGE] [LOG] osc.show_bridge.in - RECV /state/group/6/color/enabled (0.0, 0.0, 0.0, 0.0, 0.0, 0.0)
2025-12-10 00:13:02 [INFO] [BRIDGE] [LOG] osc.show_bridge.in - RECV /state/group/5/playing/autopilot (0.0, 0.0, 0.0, 0.0, 0.0, 0.0)
2025-12-10 00:13:02 [INFO] [BRIDGE] [LOG] osc.show_bridge.in - RECV /state/group/7/effects/enabled (0.0, 0.0, 0.0, 0.0, 0.0, 0.0)
2025-12-10 00:13:02 [INFO] [BRIDGE] [LOG] osc.show_bridge.in - RECV /state/group/3/opacity (0.0, 0.0, 0.0, 0.0, 0.0, 0.0)
2025-12-10 00:13:02 [INFO] [BRIDGE] [LOG] osc.show_bridge.in - RECV /state/group/3/effects/autopilot (0.0, 0.0, 0.0, 0.0, 0.0, 0.0)
2025-12-10 00:13:02 [INFO] [BRIDGE] [LOG] osc.show_bridge.in - RECV /state/group/8/transforms/enabled (0.0, 0.0, 0.0, 0.0, 0.0, 0.0)
2025-12-10 00:13:02 [INFO] [BRIDGE] [LOG] osc.show_bridge.in - RECV /state/group/7/transforms/enabled (0.0, 0.0, 0.0, 0.0, 0.0)
2025-12-10 00:13:02 [INFO] [BRIDGE] [LOG] osc.show_bridge.in - RECV /state/group/7/playing/autopilot (0.0, 0.0, 0.0, 0.0, 0.0)
2025-12-10 00:13:02 [INFO] [BRIDGE] [LOG] osc.show_bridge.in - RECV /state/group/4/dynamic_masks/enabled (0.0, 0.0, 0.0, 0.0, 0.0, 0.0)
2025-12-10 00:13:02 [INFO] [BRIDGE] [LOG] osc.show_bridge.in - RECV /state/group/3/dynamic_masks/autopilot (0.0, 0.0, 0.0, 0.0)
2025-12-10 00:13:02 [INFO] [BRIDGE] [LOG] osc.show_bridge.in - RECV /state/group/8/opacity (0.0, 0.0, 0.0, 0.0, 0.0, 0.0)
2025-12-10 00:13:02 [INFO] [BRIDGE] [LOG] osc.show_bridge.in - RECV /state/group/7/opacity (0.0, 0.0, 0.0, 0.0, 0.0, 0.0)
2025-12-10 00:13:02 [INFO] [BRIDGE] [LOG] osc.show_bridge.in - RECV /state/group/5/playing/enabled (0.0, 0.0, 0.0, 0.0, 0.0, 0.0)
2025-12-10 00:13:02 [INFO] [BRIDGE] [LOG] osc.show_bridge.in - RECV /state/group/7/transforms/autopilot (0.0, 0.0, 0.0, 0.0, 0.0, 0.0)
2025-12-10 00:13:02 [INFO] [BRIDGE] [LOG] osc.show_bridge.in - RECV /state/group/3/intensity (0.0, 0.0, 0.0, 0.0, 0.0, 0.0)
2025-12-10 00:13:02 [INFO] [BRIDGE] [LOG] osc.show_bridge.in - RECV /state/group/3/effects/enabled (0.0, 0.0, 0.0, 0.0, 0.0, 0.0)
2025-12-10 00:13:02 [INFO] [BRIDGE] [LOG] osc.show_bridge.in - RECV /state/group/8/dynamic_masks/autopilot (0.0, 0.0, 0.0, 0.0, 0.0, 0.0)
2025-12-10 00:13:02 [INFO] [BRIDGE] [LOG] osc.show_bridge.in - RECV /state/group/7/dynamic_masks/autopilot (0.0, 0.0, 0.0, 0.0, 0.0)
2025-12-10 00:13:02 [INFO] [BRIDGE] [LOG] osc.show_bridge.in - RECV /state/group/7/playing/enabled (0.0, 0.0, 0.0, 0.0, 0.0)
2025-12-10 00:13:02 [INFO] [BRIDGE] [LOG] osc.show_bridge.in - RECV /state/group/4/color/autopilot (0.0, 0.0, 0.0, 0.0, 0.0, 0.0)
2025-12-10 00:13:02 [INFO] [BRIDGE] [LOG] osc.show_bridge.in - RECV /state/group/3/dynamic_masks/enabled (0.0, 0.0, 0.0, 0.0)
2025-12-10 00:13:02 [INFO] [BRIDGE] [LOG] osc.show_bridge.in - RECV /state/group/8/intensity (0.0, 0.0, 0.0, 0.0, 0.0, 0.0)
2025-12-10 00:13:02 [INFO] [BRIDGE] [LOG] osc.show_bridge.in - RECV /state/group/7/intensity (0.0, 0.0, 0.0, 0.0, 0.0, 0.0)
2025-12-10 00:13:02 [INFO] [BRIDGE] [LOG] osc.show_bridge.in - RECV /state/group/5/effects/autopilot (0.0, 0.0, 0.0, 0.0, 0.0, 0.0)
2025-12-10 00:13:02 [INFO] [BRIDGE] [LOG] osc.show_bridge.in - RECV /state/group/7/transforms/enabled (0.0, 0.0, 0.0, 0.0, 0.0, 0.0)
2025-12-10 00:13:02 [INFO] [BRIDGE] [LOG] osc.show_bridge.in - RECV /state/group/3/playing/autopilot (0.0, 0.0, 0.0, 0.0, 0.0, 0.0)
2025-12-10 00:13:02 [INFO] [BRIDGE] [LOG] osc.show_bridge.in - RECV /state/group/3/transforms/autopilot (0.0, 0.0, 0.0, 0.0, 0.0, 0.0)
2025-12-10 00:13:02 [INFO] [BRIDGE] [LOG] osc.show_bridge.in - RECV /state/group/8/dynamic_masks/enabled (0.0, 0.0, 0.0, 0.0, 0.0, 0.0)
2025-12-10 00:13:02 [INFO] [BRIDGE] [LOG] osc.show_bridge.in - RECV /state/group/7/dynamic_masks/enabled (0.0, 0.0, 0.0, 0.0, 0.0)
2025-12-10 00:13:02 [INFO] [BRIDGE] [LOG] osc.show_bridge.in - RECV /state/group/7/effects/autopilot (0.0, 0.0, 0.0, 0.0, 0.0)
2025-12-10 00:13:02 [INFO] [BRIDGE] [LOG] osc.show_bridge.in - RECV /state/group/4/color/enabled (0.0, 0.0, 0.0, 0.0, 0.0, 0.0)
2025-12-10 00:13:02 [INFO] [BRIDGE] [LOG] osc.show_bridge.in - RECV /state/group/3/color/autopilot (0.0, 0.0, 0.0, 0.0)
2025-12-10 00:13:02 [INFO] [BRIDGE] [LOG] osc.show_bridge.in - RECV /state/group/8/playing/autopilot (0.0, 0.0, 0.0, 0.0, 0.0, 0.0)
2025-12-10 00:13:02 [INFO] [BRIDGE] [LOG] osc.show_bridge.in - RECV /state/group/7/playing/autopilot (0.0, 0.0, 0.0, 0.0, 0.0, 0.0)
2025-12-10 00:13:02 [INFO] [BRIDGE] [LOG] osc.show_bridge.in - RECV /state/group/5/effects/enabled (0.0, 0.0, 0.0, 0.0, 0.0, 0.0)
2025-12-10 00:13:02 [INFO] [BRIDGE] [LOG] osc.show_bridge.in - RECV /state/group/7/dynamic_masks/autopilot (0.0, 0.0, 0.0, 0.0, 0.0, 0.0)
2025-12-10 00:13:02 [INFO] [BRIDGE] [LOG] osc.show_bridge.in - RECV /state/group/3/playing/enabled (0.0, 0.0, 0.0, 0.0, 0.0, 0.0)
2025-12-10 00:13:02 [INFO] [BRIDGE] [LOG] osc.show_bridge.in - RECV /state/group/3/transforms/enabled (0.0, 0.0, 0.0, 0.0, 0.0, 0.0)
2025-12-10 00:13:02 [INFO] [BRIDGE] [LOG] osc.show_bridge.in - RECV /state/group/8/color/autopilot (0.0, 0.0, 0.0, 0.0, 0.0, 0.0)
2025-12-10 00:13:02 [INFO] [BRIDGE] [LOG] osc.show_bridge.in - RECV /state/group/7/color/autopilot (0.0, 0.0, 0.0, 0.0, 0.0)
2025-12-10 00:13:02 [INFO] [BRIDGE] [LOG] osc.show_bridge.in - RECV /state/group/7/effects/enabled (0.0, 0.0, 0.0, 0.0, 0.0)
2025-12-10 00:13:02 [INFO] [BRIDGE] [LOG] osc.show_bridge.in - RECV /state/group/5/opacity (0.0, 0.0, 0.0, 0.0, 0.0, 0.0)
2025-12-10 00:13:02 [INFO] [BRIDGE] [LOG] osc.show_bridge.in - RECV /state/group/3/color/enabled (0.0, 0.0, 0.0, 0.0)
2025-12-10 00:13:02 [INFO] [BRIDGE] [LOG] osc.show_bridge.in - RECV /state/group/8/playing/enabled (0.0, 0.0, 0.0, 0.0, 0.0, 0.0)
2025-12-10 00:13:02 [INFO] [BRIDGE] [LOG] osc.show_bridge.in - RECV /_samplerate (60.0,)
2025-12-10 00:13:02 [INFO] [BRIDGE] [LOG] osc.show_bridge.in - RECV /state/group/7/playing/enabled (0.0, 0.0, 0.0, 0.0, 0.0, 0.0)
2025-12-10 00:13:02 [INFO] [BRIDGE] [LOG] osc.show_bridge.in - RECV /state/group/5/transforms/autopilot (0.0, 0.0, 0.0, 0.0, 0.0, 0.0)
2025-12-10 00:13:02 [INFO] [BRIDGE] [LOG] osc.show_bridge.in - RECV /state/group/7/dynamic_masks/enabled (0.0, 0.0, 0.0, 0.0, 0.0, 0.0)
2025-12-10 00:13:02 [INFO] [BRIDGE] [LOG] osc.show_bridge.in - RECV /composition/sync (0.0, 0.0, 0.0, 0.0, 0.0, 0.0)
2025-12-10 00:13:02 [INFO] [BRIDGE] [LOG] osc.show_bridge.in - RECV /state/group/3/effects/autopilot (0.0, 0.0, 0.0, 0.0, 0.0, 0.0)
2025-12-10 00:13:02 [INFO] [BRIDGE] [LOG] osc.show_bridge.in - RECV /state/group/3/dynamic_masks/autopilot (0.0, 0.0, 0.0, 0.0, 0.0, 0.0)
2025-12-10 00:13:02 [INFO] [BRIDGE] [LOG] osc.show_bridge.in - RECV /state/group/8/color/enabled (0.0, 0.0, 0.0, 0.0, 0.0, 0.0)
2025-12-10 00:13:02 [INFO] [BRIDGE] [LOG] osc.show_bridge.in - RECV /state/group/7/color/enabled (0.0, 0.0, 0.0, 0.0, 0.0)
2025-12-10 00:13:02 [INFO] [BRIDGE] [LOG] osc.show_bridge.in - RECV /state/group/7/transforms/autopilot (0.0, 0.0, 0.0, 0.0, 0.0)
2025-12-10 00:13:02 [INFO] [BRIDGE] [LOG] osc.show_bridge.in - RECV /state/group/5/intensity (0.0, 0.0, 0.0, 0.0, 0.0, 0.0)
2025-12-10 00:13:02 [INFO] [BRIDGE] [LOG] osc.show_bridge.in - RECV /state/group/1/opacity (0.0, 0.0, 0.0, 0.0, 0.0, 0.0)
2025-12-10 00:13:02 [INFO] [BRIDGE] [LOG] osc.show_bridge.in - RECV /state/group/8/effects/autopilot (0.0, 0.0, 0.0, 0.0, 0.0, 0.0)
2025-12-10 00:13:02 [INFO] [BRIDGE] [LOG] osc.show_bridge.in - RECV /state/group/4/opacity (0.6299213171005249, 0.6299213171005249, 0.0, 0.0)
2025-12-10 00:13:02 [INFO] [BRIDGE] [LOG] osc.show_bridge.in - RECV /state/group/5/transforms/enabled (0.0, 0.0, 0.0, 0.0, 0.0, 0.0)
2025-12-10 00:13:02 [INFO] [BRIDGE] [LOG] osc.show_bridge.in - RECV /state/group/7/effects/autopilot (0.0, 0.0, 0.0, 0.0, 0.0, 0.0)
2025-12-10 00:13:02 [INFO] [BRIDGE] [LOG] osc.show_bridge.in - RECV /state/group/7/color/autopilot (0.0, 0.0, 0.0, 0.0, 0.0, 0.0)
2025-12-10 00:13:02 [INFO] [BRIDGE] [LOG] osc.show_bridge.in - RECV /state/group/3/effects/enabled (0.0, 0.0, 0.0, 0.0, 0.0, 0.0)
2025-12-10 00:13:02 [INFO] [BRIDGE] [LOG] osc.show_bridge.in - RECV /state/group/3/dynamic_masks/enabled (0.0, 0.0, 0.0, 0.0, 0.0, 0.0)
2025-12-10 00:13:02 [INFO] [BRIDGE] [LOG] osc.show_bridge.in - RECV /state/group/8/opacity (0.0, 0.0, 0.0, 0.0, 0.0)
2025-12-10 00:13:02 [INFO] [BRIDGE] [LOG] osc.show_bridge.in - RECV /state/group/7/transforms/enabled (0.0, 0.0, 0.0, 0.0, 0.0)
2025-12-10 00:13:02 [INFO] [BRIDGE] [LOG] osc.show_bridge.in - RECV /state/group/5/playing/autopilot (0.0, 0.0, 0.0, 0.0, 0.0, 0.0)
2025-12-10 00:13:02 [INFO] [BRIDGE] [LOG] osc.show_bridge.in - RECV /state/group/1/intensity (0.0, 0.0, 0.0, 0.0, 0.0, 0.0)
2025-12-10 00:13:02 [INFO] [BRIDGE] [LOG] osc.show_bridge.in - RECV /state/group/8/effects/enabled (0.0, 0.0, 0.0, 0.0, 0.0, 0.0)
2025-12-10 00:13:02 [INFO] [BRIDGE] [LOG] osc.show_bridge.in - RECV /state/group/4/intensity (0.0, 0.0, 0.0, 0.0)
2025-12-10 00:13:02 [INFO] [BRIDGE] [LOG] osc.show_bridge.in - RECV /state/group/5/dynamic_masks/autopilot (0.0, 0.0, 0.0, 0.0, 0.0, 0.0)
2025-12-10 00:13:02 [INFO] [BRIDGE] [LOG] osc.show_bridge.in - RECV /state/group/7/effects/enabled (0.0, 0.0, 0.0, 0.0, 0.0, 0.0)
2025-12-10 00:13:02 [INFO] [BRIDGE] [LOG] osc.show_bridge.in - RECV /state/group/7/color/enabled (0.0, 0.0, 0.0, 0.0, 0.0, 0.0)
2025-12-10 00:13:02 [INFO] [BRIDGE] [LOG] osc.show_bridge.in - RECV /state/group/3/transforms/autopilot (0.0, 0.0, 0.0, 0.0, 0.0, 0.0)
2025-12-10 00:13:02 [INFO] [BRIDGE] [LOG] osc.show_bridge.in - RECV /state/group/3/color/autopilot (0.0, 0.0, 0.0, 0.0, 0.0, 0.0)
2025-12-10 00:13:02 [INFO] [BRIDGE] [LOG] osc.show_bridge.in - RECV /state/group/8/intensity (0.0, 0.0, 0.0, 0.0, 0.0)
2025-12-10 00:13:02 [INFO] [BRIDGE] [LOG] osc.show_bridge.in - RECV /state/group/7/dynamic_masks/autopilot (0.0, 0.0, 0.0, 0.0, 0.0)
2025-12-10 00:13:02 [INFO] [BRIDGE] [LOG] osc.show_bridge.in - RECV /state/group/5/playing/enabled (0.0, 0.0, 0.0, 0.0, 0.0, 0.0)
2025-12-10 00:13:02 [INFO] [BRIDGE] [LOG] osc.show_bridge.in - RECV /state/group/1/playing/autopilot (0.0, 0.0, 0.0, 0.0, 0.0, 0.0)
2025-12-10 00:13:02 [INFO] [BRIDGE] [LOG] osc.show_bridge.in - RECV /state/group/8/transforms/autopilot (0.0, 0.0, 0.0, 0.0, 0.0, 0.0)
2025-12-10 00:13:02 [INFO] [BRIDGE] [LOG] osc.show_bridge.in - RECV /state/group/4/playing/autopilot (0.0, 0.0, 0.0, 0.0)
2025-12-10 00:13:02 [INFO] [BRIDGE] [LOG] osc.show_bridge.in - RECV /state/group/5/dynamic_masks/enabled (0.0, 0.0, 0.0, 0.0, 0.0, 0.0)
2025-12-10 00:13:02 [INFO] [BRIDGE] [LOG] osc.show_bridge.in - RECV /state/group/7/transforms/autopilot (0.0, 0.0, 0.0, 0.0, 0.0, 0.0)
2025-12-10 00:13:02 [INFO] [BRIDGE] [LOG] osc.show_bridge.in - RECV /state/group/8/opacity (0.0, 0.0, 0.0, 0.0, 0.0, 0.0)
2025-12-10 00:13:02 [INFO] [BRIDGE] [LOG] osc.show_bridge.in - RECV /state/group/3/transforms/enabled (0.0, 0.0, 0.0, 0.0, 0.0, 0.0)
2025-12-10 00:13:02 [INFO] [BRIDGE] [LOG] osc.show_bridge.in - RECV /state/group/3/color/enabled (0.0, 0.0, 0.0, 0.0, 0.0, 0.0)
2025-12-10 00:13:02 [INFO] [BRIDGE] [LOG] osc.show_bridge.in - RECV /state/group/8/playing/autopilot (0.0, 0.0, 0.0, 0.0, 0.0)
2025-12-10 00:13:02 [INFO] [BRIDGE] [LOG] osc.show_bridge.in - RECV /state/group/7/dynamic_masks/enabled (0.0, 0.0, 0.0, 0.0, 0.0)
2025-12-10 00:13:02 [INFO] [BRIDGE] [LOG] osc.show_bridge.in - RECV /state/group/5/effects/autopilot (0.0, 0.0, 0.0, 0.0, 0.0, 0.0)
2025-12-10 00:13:02 [INFO] [BRIDGE] [LOG] osc.show_bridge.in - RECV /state/group/1/playing/enabled (0.0, 0.0, 0.0, 0.0, 0.0, 0.0)
2025-12-10 00:13:02 [INFO] [BRIDGE] [LOG] osc.show_bridge.in - RECV /state/group/8/transforms/enabled (0.0, 0.0, 0.0, 0.0, 0.0, 0.0)
2025-12-10 00:13:02 [INFO] [BRIDGE] [LOG] osc.show_bridge.in - RECV /state/group/4/playing/enabled (0.0, 0.0, 0.0, 0.0)
2025-12-10 00:13:02 [INFO] [BRIDGE] [LOG] osc.show_bridge.in - RECV /state/group/5/color/autopilot (0.0, 0.0, 0.0, 0.0, 0.0, 0.0)
2025-12-10 00:13:02 [INFO] [BRIDGE] [LOG] osc.show_bridge.in - RECV /state/group/7/transforms/enabled (0.0, 0.0, 0.0, 0.0, 0.0, 0.0)
2025-12-10 00:13:02 [INFO] [BRIDGE] [LOG] osc.show_bridge.in - RECV /state/group/8/intensity (0.0, 0.0, 0.0, 0.0, 0.0, 0.0)
2025-12-10 00:13:02 [INFO] [BRIDGE] [LOG] osc.show_bridge.in - RECV /state/group/3/dynamic_masks/autopilot (0.0, 0.0, 0.0, 0.0, 0.0, 0.0)
2025-12-10 00:13:02 [INFO] [BRIDGE] [LOG] osc.show_bridge.in - RECV /state/group/4/opacity (0.0, 0.16425397992134094, 0.0, 0.0, 0.0, 0.0)
2025-12-10 00:13:02 [INFO] [BRIDGE] [LOG] osc.show_bridge.in - RECV /state/group/8/playing/enabled (0.0, 0.0, 0.0, 0.0, 0.0)
2025-12-10 00:13:02 [INFO] [BRIDGE] [LOG] osc.show_bridge.in - RECV /state/group/7/color/autopilot (0.0, 0.0, 0.0, 0.0, 0.0)
2025-12-10 00:13:02 [INFO] [BRIDGE] [LOG] osc.show_bridge.in - RECV /state/group/5/effects/enabled (0.0, 0.0, 0.0, 0.0, 0.0, 0.0)
2025-12-10 00:13:02 [INFO] [BRIDGE] [LOG] osc.show_bridge.in - RECV /state/group/1/effects/autopilot (0.0, 0.0, 0.0, 0.0, 0.0, 0.0)
2025-12-10 00:13:02 [INFO] [BRIDGE] [LOG] osc.show_bridge.in - RECV /state/group/8/dynamic_masks/autopilot (0.0, 0.0, 0.0, 0.0, 0.0, 0.0)
2025-12-10 00:13:02 [INFO] [BRIDGE] [LOG] osc.show_bridge.in - RECV /state/group/4/effects/autopilot (0.0, 0.0, 0.0, 0.0)
2025-12-10 00:13:02 [INFO] [BRIDGE] [LOG] osc.show_bridge.in - RECV /state/group/5/color/enabled (0.0, 0.0, 0.0, 0.0, 0.0, 0.0)
2025-12-10 00:13:02 [INFO] [BRIDGE] [LOG] osc.show_bridge.in - RECV /state/group/7/dynamic_masks/autopilot (0.0, 0.0, 0.0, 0.0, 0.0, 0.0)
2025-12-10 00:13:02 [INFO] [BRIDGE] [LOG] osc.show_bridge.in - RECV /state/group/8/playing/autopilot (0.0, 0.0, 0.0, 0.0, 0.0, 0.0)
2025-12-10 00:13:02 [INFO] [BRIDGE] [LOG] osc.show_bridge.in - RECV /state/group/3/dynamic_masks/enabled (0.0, 0.0, 0.0, 0.0, 0.0, 0.0)
2025-12-10 00:13:02 [INFO] [BRIDGE] [LOG] osc.show_bridge.in - RECV /state/group/4/intensity (0.0, 0.0, 0.0, 0.0, 0.0, 0.0)
2025-12-10 00:13:02 [INFO] [BRIDGE] [LOG] osc.show_bridge.in - RECV /state/group/8/effects/autopilot (0.0, 0.0, 0.0, 0.0, 0.0)
2025-12-10 00:13:02 [INFO] [BRIDGE] [LOG] osc.show_bridge.in - RECV /state/group/7/color/enabled (0.0, 0.0, 0.0, 0.0, 0.0)
2025-12-10 00:13:02 [INFO] [BRIDGE] [LOG] osc.show_bridge.in - RECV /state/group/5/transforms/autopilot (0.0, 0.0, 0.0, 0.0, 0.0, 0.0)
2025-12-10 00:13:02 [INFO] [BRIDGE] [LOG] osc.show_bridge.in - RECV /state/group/1/effects/enabled (0.0, 0.0, 0.0, 0.0, 0.0, 0.0)
2025-12-10 00:13:02 [INFO] [BRIDGE] [LOG] osc.show_bridge.in - RECV /state/group/8/dynamic_masks/enabled (0.0, 0.0, 0.0, 0.0, 0.0, 0.0)
2025-12-10 00:13:02 [INFO] [BRIDGE] [LOG] osc.show_bridge.in - RECV /state/group/4/effects/enabled (0.0, 0.0, 0.0, 0.0)
2025-12-10 00:13:02 [INFO] [BRIDGE] [LOG] osc.show_bridge.in - RECV /state/group/6/opacity (0.0, 0.0, 0.0, 0.0, 0.0, 0.0)
2025-12-10 00:13:02 [INFO] [BRIDGE] [LOG] osc.show_bridge.in - RECV /state/group/7/dynamic_masks/enabled (0.0, 0.0, 0.0, 0.0, 0.0, 0.0)
2025-12-10 00:13:02 [INFO] [BRIDGE] [LOG] osc.show_bridge.in - RECV /state/group/8/playing/enabled (0.0, 0.0, 0.0, 0.0, 0.0, 0.0)
2025-12-10 00:13:02 [INFO] [BRIDGE] [LOG] osc.show_bridge.in - RECV /state/group/3/color/autopilot (0.0, 0.0, 0.0, 0.0, 0.0, 0.0)
2025-12-10 00:13:02 [INFO] [BRIDGE] [LOG] osc.show_bridge.in - RECV /state/group/4/playing/autopilot (0.0, 0.0, 0.0, 0.0, 0.0, 0.0)
2025-12-10 00:13:02 [INFO] [BRIDGE] [LOG] osc.show_bridge.in - RECV /state/group/8/effects/enabled (0.0, 0.0, 0.0, 0.0, 0.0)
2025-12-10 00:13:02 [INFO] [BRIDGE] [LOG] osc.show_bridge.in - RECV /state/group/8/opacity (0.0, 0.0, 0.0, 0.0, 0.0)
2025-12-10 00:13:02 [INFO] [BRIDGE] [LOG] osc.show_bridge.in - RECV /state/group/5/transforms/enabled (0.0, 0.0, 0.0, 0.0, 0.0, 0.0)
2025-12-10 00:13:02 [INFO] [BRIDGE] [LOG] osc.show_bridge.in - RECV /state/group/1/transforms/autopilot (0.0, 0.0, 0.0, 0.0, 0.0, 0.0)
2025-12-10 00:13:02 [INFO] [BRIDGE] [LOG] osc.show_bridge.in - RECV /state/group/8/color/autopilot (0.0, 0.0, 0.0, 0.0, 0.0, 0.0)
2025-12-10 00:13:02 [INFO] [BRIDGE] [LOG] osc.show_bridge.in - RECV /state/group/4/transforms/autopilot (0.0, 0.0, 0.0, 0.0)
2025-12-10 00:13:02 [INFO] [BRIDGE] [LOG] osc.show_bridge.in - RECV /state/group/6/intensity (0.0, 0.0, 0.0, 0.0, 0.0, 0.0)
2025-12-10 00:13:02 [INFO] [BRIDGE] [LOG] osc.show_bridge.in - RECV /_samplerate (60.0,)
2025-12-10 00:13:02 [INFO] [BRIDGE] [LOG] osc.show_bridge.in - RECV /state/group/7/color/autopilot (0.0, 0.0, 0.0, 0.0, 0.0, 0.0)
2025-12-10 00:13:02 [INFO] [BRIDGE] [LOG] osc.show_bridge.in - RECV /state/group/8/effects/autopilot (0.0, 0.0, 0.0, 0.0, 0.0, 0.0)
2025-12-10 00:13:02 [INFO] [BRIDGE] [LOG] osc.show_bridge.in - RECV /state/group/3/color/enabled (0.0, 0.0, 0.0, 0.0, 0.0, 0.0)
2025-12-10 00:13:02 [INFO] [BRIDGE] [LOG] osc.show_bridge.in - RECV /composition/sync (0.0, 0.0, 0.0, 0.0, 0.0)
2025-12-10 00:13:02 [INFO] [BRIDGE] [LOG] osc.show_bridge.in - RECV /state/group/4/playing/enabled (0.0, 0.0, 0.0, 0.0, 0.0, 0.0)
2025-12-10 00:13:02 [INFO] [BRIDGE] [LOG] osc.show_bridge.in - RECV /state/group/8/transforms/autopilot (0.0, 0.0, 0.0, 0.0, 0.0)
2025-12-10 00:13:02 [INFO] [BRIDGE] [LOG] osc.show_bridge.in - RECV /state/group/8/color/enabled (0.0, 0.0, 0.0, 0.0, 0.0, 0.0)
2025-12-10 00:13:02 [INFO] [BRIDGE] [LOG] osc.show_bridge.in - RECV /state/group/8/intensity (0.0, 0.0, 0.0, 0.0, 0.0)
2025-12-10 00:13:02 [INFO] [BRIDGE] [LOG] osc.show_bridge.in - RECV /state/group/1/opacity (0.0, 0.0, 0.0, 0.0, 0.0)
2025-12-10 00:13:02 [INFO] [BRIDGE] [LOG] osc.show_bridge.in - RECV /state/group/5/dynamic_masks/autopilot (0.0, 0.0, 0.0, 0.0, 0.0, 0.0)
2025-12-10 00:13:02 [INFO] [BRIDGE] [LOG] osc.show_bridge.in - RECV /state/group/1/transforms/enabled (0.0, 0.0, 0.0, 0.0, 0.0, 0.0)
2025-12-10 00:13:02 [INFO] [BRIDGE] [LOG] osc.show_bridge.in - RECV /state/group/6/playing/autopilot (0.0, 0.0, 0.0, 0.0, 0.0, 0.0)
2025-12-10 00:13:02 [INFO] [BRIDGE] [LOG] osc.show_bridge.in - RECV /state/group/7/color/enabled (0.0, 0.0, 0.0, 0.0, 0.0, 0.0)
2025-12-10 00:13:02 [INFO] [BRIDGE] [LOG] osc.show_bridge.in - RECV /state/group/4/transforms/enabled (0.0, 0.0, 0.0, 0.0)
2025-12-10 00:13:02 [INFO] [BRIDGE] [LOG] osc.show_bridge.in - RECV /state/group/8/effects/enabled (0.0, 0.0, 0.0, 0.0, 0.0, 0.0)
2025-12-10 00:13:02 [INFO] [BRIDGE] [LOG] osc.show_bridge.in - RECV /state/group/4/opacity (0.0, 0.0, 0.0, 0.0, 0.0, 0.0)
2025-12-10 00:13:02 [INFO] [BRIDGE] [LOG] osc.show_bridge.in - RECV /state/group/4/effects/autopilot (0.0, 0.0, 0.0, 0.0, 0.0, 0.0)
2025-12-10 00:13:02 [INFO] [BRIDGE] [LOG] osc.show_bridge.in - RECV /state/group/8/transforms/enabled (0.0, 0.0, 0.0, 0.0, 0.0)
2025-12-10 00:13:02 [INFO] [BRIDGE] [LOG] osc.show_bridge.in - RECV /state/group/8/playing/autopilot (0.0, 0.0, 0.0, 0.0, 0.0)
2025-12-10 00:13:02 [INFO] [BRIDGE] [LOG] osc.show_bridge.in - RECV /state/group/1/intensity (0.0, 0.0, 0.0, 0.0, 0.0)
2025-12-10 00:13:02 [INFO] [BRIDGE] [LOG] osc.show_bridge.in - RECV /state/group/5/dynamic_masks/enabled (0.0, 0.0, 0.0, 0.0, 0.0, 0.0)
2025-12-10 00:13:02 [INFO] [BRIDGE] [LOG] osc.show_bridge.in - RECV /state/group/1/dynamic_masks/autopilot (0.0, 0.0, 0.0, 0.0, 0.0, 0.0)
2025-12-10 00:13:02 [INFO] [BRIDGE] [LOG] osc.show_bridge.in - RECV /state/group/6/playing/enabled (0.0, 0.0, 0.0, 0.0, 0.0, 0.0)
2025-12-10 00:13:02 [INFO] [BRIDGE] [LOG] osc.show_bridge.in - RECV /state/group/8/opacity (0.0, 0.0, 0.0, 0.0, 0.0, 0.0)
2025-12-10 00:13:02 [INFO] [BRIDGE] [LOG] osc.show_bridge.in - RECV /state/group/4/dynamic_masks/autopilot (0.0, 0.0, 0.0, 0.0)
2025-12-10 00:13:02 [INFO] [BRIDGE] [LOG] osc.show_bridge.in - RECV /state/group/8/transforms/autopilot (0.0, 0.0, 0.0, 0.0, 0.0, 0.0)
2025-12-10 00:13:02 [INFO] [BRIDGE] [LOG] osc.show_bridge.in - RECV /state/group/4/intensity (0.0, 0.0, 0.0, 0.0, 0.0, 0.0)
2025-12-10 00:13:02 [INFO] [BRIDGE] [LOG] osc.show_bridge.in - RECV /state/group/4/effects/enabled (0.0, 0.0, 0.0, 0.0, 0.0, 0.0)
2025-12-10 00:13:02 [INFO] [BRIDGE] [LOG] osc.show_bridge.in - RECV /state/group/8/dynamic_masks/autopilot (0.0, 0.0, 0.0, 0.0, 0.0)
2025-12-10 00:13:02 [INFO] [BRIDGE] [LOG] osc.show_bridge.in - RECV /state/group/8/playing/enabled (0.0, 0.0, 0.0, 0.0, 0.0)
2025-12-10 00:13:02 [INFO] [BRIDGE] [LOG] osc.show_bridge.in - RECV /state/group/1/playing/autopilot (0.0, 0.0, 0.0, 0.0, 0.0)
2025-12-10 00:13:02 [INFO] [BRIDGE] [LOG] osc.show_bridge.in - RECV /state/group/5/color/autopilot (0.0, 0.0, 0.0, 0.0, 0.0, 0.0)
2025-12-10 00:13:02 [INFO] [BRIDGE] [LOG] osc.show_bridge.in - RECV /state/group/1/dynamic_masks/enabled (0.0, 0.0, 0.0, 0.0, 0.0, 0.0)
2025-12-10 00:13:02 [INFO] [BRIDGE] [LOG] osc.show_bridge.in - RECV /state/group/6/effects/autopilot (0.0, 0.0, 0.0, 0.0, 0.0, 0.0)
2025-12-10 00:13:02 [INFO] [BRIDGE] [LOG] osc.show_bridge.in - RECV /state/group/8/intensity (0.0, 0.0, 0.0, 0.0, 0.0, 0.0)
2025-12-10 00:13:02 [INFO] [BRIDGE] [LOG] osc.show_bridge.in - RECV /state/group/4/dynamic_masks/enabled (0.0, 0.0, 0.0, 0.0)
2025-12-10 00:13:02 [INFO] [BRIDGE] [LOG] osc.show_bridge.in - RECV /state/group/8/transforms/enabled (0.0, 0.0, 0.0, 0.0, 0.0, 0.0)
2025-12-10 00:13:02 [INFO] [BRIDGE] [LOG] osc.show_bridge.in - RECV /state/group/4/playing/autopilot (0.0, 0.0, 0.0, 0.0, 0.0, 0.0)
2025-12-10 00:13:02 [INFO] [BRIDGE] [LOG] osc.show_bridge.in - RECV /state/group/4/transforms/autopilot (0.0, 0.0, 0.0, 0.0, 0.0, 0.0)
2025-12-10 00:13:02 [INFO] [BRIDGE] [LOG] osc.show_bridge.in - RECV /state/group/8/dynamic_masks/enabled (0.0, 0.0, 0.0, 0.0, 0.0)
2025-12-10 00:13:02 [INFO] [BRIDGE] [LOG] osc.show_bridge.in - RECV /state/group/8/effects/autopilot (0.0, 0.0, 0.0, 0.0, 0.0)
2025-12-10 00:13:02 [INFO] [BRIDGE] [LOG] osc.show_bridge.in - RECV /state/group/1/playing/enabled (0.0, 0.0, 0.0, 0.0, 0.0)
2025-12-10 00:13:02 [INFO] [BRIDGE] [LOG] osc.show_bridge.in - RECV /state/group/5/color/enabled (0.0, 0.0, 0.0, 0.0, 0.0, 0.0)
2025-12-10 00:13:02 [INFO] [BRIDGE] [LOG] osc.show_bridge.in - RECV /state/group/1/color/autopilot (0.0, 0.0, 0.0, 0.0, 0.0, 0.0)
2025-12-10 00:13:02 [INFO] [BRIDGE] [LOG] osc.show_bridge.in - RECV /state/group/6/effects/enabled (0.0, 0.0, 0.0, 0.0, 0.0, 0.0)
2025-12-10 00:13:02 [INFO] [BRIDGE] [LOG] osc.show_bridge.in - RECV /state/group/8/playing/autopilot (0.0, 0.0, 0.0, 0.0, 0.0, 0.0)
2025-12-10 00:13:02 [INFO] [BRIDGE] [LOG] osc.show_bridge.in - RECV /state/group/4/color/autopilot (0.0, 0.0, 0.0, 0.0)
2025-12-10 00:13:02 [INFO] [BRIDGE] [LOG] osc.show_bridge.in - RECV /state/group/8/dynamic_masks/autopilot (0.0, 0.0, 0.0, 0.0, 0.0, 0.0)
2025-12-10 00:13:02 [INFO] [BRIDGE] [LOG] osc.show_bridge.in - RECV /state/group/4/playing/enabled (0.0, 0.0, 0.0, 0.0, 0.0, 0.0)
2025-12-10 00:13:02 [INFO] [BRIDGE] [LOG] osc.show_bridge.in - RECV /state/group/4/transforms/enabled (0.0, 0.0, 0.0, 0.0, 0.0, 0.0)
2025-12-10 00:13:02 [INFO] [BRIDGE] [LOG] osc.show_bridge.in - RECV /state/group/8/color/autopilot (0.0, 0.0, 0.0, 0.0, 0.0)
2025-12-10 00:13:02 [INFO] [BRIDGE] [LOG] osc.show_bridge.in - RECV /state/group/8/effects/enabled (0.0, 0.0, 0.0, 0.0, 0.0)
2025-12-10 00:13:02 [INFO] [BRIDGE] [LOG] osc.show_bridge.in - RECV /state/group/1/effects/autopilot (0.0, 0.0, 0.0, 0.0, 0.0)
2025-12-10 00:13:02 [INFO] [BRIDGE] [LOG] osc.show_bridge.in - RECV /state/group/6/opacity (0.0, 0.0, 0.0, 0.0, 0.0, 0.0)
2025-12-10 00:13:02 [INFO] [BRIDGE] [LOG] osc.show_bridge.in - RECV /state/group/1/color/enabled (0.0, 0.0, 0.0, 0.0, 0.0, 0.0)
2025-12-10 00:13:02 [INFO] [BRIDGE] [LOG] osc.show_bridge.in - RECV /state/group/6/transforms/autopilot (0.0, 0.0, 0.0, 0.0, 0.0, 0.0)
2025-12-10 00:13:02 [INFO] [BRIDGE] [LOG] osc.show_bridge.in - RECV /state/group/8/playing/enabled (0.0, 0.0, 0.0, 0.0, 0.0, 0.0)
2025-12-10 00:13:02 [INFO] [BRIDGE] [LOG] osc.show_bridge.in - RECV /state/group/4/color/enabled (0.0, 0.0, 0.0, 0.0)
2025-12-10 00:13:02 [INFO] [BRIDGE] [LOG] osc.show_bridge.in - RECV /state/group/8/dynamic_masks/enabled (0.0, 0.0, 0.0, 0.0, 0.0, 0.0)
2025-12-10 00:13:02 [INFO] [BRIDGE] [LOG] osc.show_bridge.in - RECV /state/group/4/effects/autopilot (0.0, 0.0, 0.0, 0.0, 0.0, 0.0)
2025-12-10 00:13:02 [INFO] [BRIDGE] [LOG] osc.show_bridge.in - RECV /state/group/4/dynamic_masks/autopilot (0.0, 0.0, 0.0, 0.0, 0.0, 0.0)
2025-12-10 00:13:02 [INFO] [BRIDGE] [LOG] osc.show_bridge.in - RECV /state/group/8/color/enabled (0.0, 0.0, 0.0, 0.0, 0.0)
2025-12-10 00:13:02 [INFO] [BRIDGE] [LOG] osc.show_bridge.in - RECV /state/group/8/transforms/autopilot (0.0, 0.0, 0.0, 0.0, 0.0)
2025-12-10 00:13:02 [INFO] [BRIDGE] [LOG] osc.show_bridge.in - RECV /state/group/1/effects/enabled (0.0, 0.0, 0.0, 0.0, 0.0)
2025-12-10 00:13:02 [INFO] [BRIDGE] [LOG] osc.show_bridge.in - RECV /state/group/6/intensity (0.0, 0.0, 0.0, 0.0, 0.0, 0.0)
2025-12-10 00:13:02 [INFO] [BRIDGE] [LOG] osc.show_bridge.in - RECV /state/group/2/opacity (0.0, 0.0, 0.0, 0.0, 0.0, 0.0)
2025-12-10 00:13:02 [INFO] [BRIDGE] [LOG] osc.show_bridge.in - RECV /state/group/6/transforms/enabled (0.0, 0.0, 0.0, 0.0, 0.0, 0.0)
2025-12-10 00:13:02 [INFO] [BRIDGE] [LOG] osc.show_bridge.in - RECV /state/group/8/effects/autopilot (0.0, 0.0, 0.0, 0.0, 0.0, 0.0)
2025-12-10 00:13:02 [INFO] [BRIDGE] [LOG] osc.show_bridge.in - RECV /state/group/5/opacity (0.0, 0.0, 0.0, 0.0)
2025-12-10 00:13:02 [INFO] [BRIDGE] [LOG] osc.show_bridge.in - RECV /state/group/8/color/autopilot (0.0, 0.0, 0.0, 0.0, 0.0, 0.0)
2025-12-10 00:13:02 [INFO] [BRIDGE] [LOG] osc.show_bridge.in - RECV /state/group/4/effects/enabled (0.0, 0.0, 0.0, 0.0, 0.0, 0.0)
2025-12-10 00:13:02 [INFO] [BRIDGE] [LOG] osc.show_bridge.in - RECV /state/group/4/dynamic_masks/enabled (0.0, 0.0, 0.0, 0.0, 0.0, 0.0)
2025-12-10 00:13:02 [INFO] [BRIDGE] [LOG] osc.show_bridge.in - RECV /state/group/8/transforms/enabled (0.0, 0.0, 0.0, 0.0, 0.0)
2025-12-10 00:13:02 [INFO] [BRIDGE] [LOG] osc.show_bridge.in - RECV /state/group/1/transforms/autopilot (0.0, 0.0, 0.0, 0.0, 0.0)
2025-12-10 00:13:02 [INFO] [BRIDGE] [LOG] osc.show_bridge.in - RECV /state/group/6/playing/autopilot (0.0, 0.0, 0.0, 0.0, 0.0, 0.0)
2025-12-10 00:13:02 [INFO] [BRIDGE] [LOG] osc.show_bridge.in - RECV /state/group/2/intensity (0.0, 0.0, 0.0, 0.0, 0.0, 0.0)
2025-12-10 00:13:02 [INFO] [BRIDGE] [LOG] osc.show_bridge.in - RECV /state/group/6/dynamic_masks/autopilot (0.0, 0.0, 0.0, 0.0, 0.0, 0.0)
2025-12-10 00:13:02 [INFO] [BRIDGE] [LOG] osc.show_bridge.in - RECV /_samplerate (60.0,)
2025-12-10 00:13:02 [INFO] [BRIDGE] [LOG] osc.show_bridge.in - RECV /state/group/8/effects/enabled (0.0, 0.0, 0.0, 0.0, 0.0, 0.0)
2025-12-10 00:13:02 [INFO] [BRIDGE] [LOG] osc.show_bridge.in - RECV /state/group/5/intensity (0.0, 0.0, 0.0, 0.0)
2025-12-10 00:13:02 [INFO] [BRIDGE] [LOG] osc.show_bridge.in - RECV /composition/sync (0.0, 0.0, 0.0, 0.0, 0.0, 0.0)
2025-12-10 00:13:02 [INFO] [BRIDGE] [LOG] osc.show_bridge.in - RECV /state/group/8/color/enabled (0.0, 0.0, 0.0, 0.0, 0.0, 0.0)
2025-12-10 00:13:02 [INFO] [BRIDGE] [LOG] osc.show_bridge.in - RECV /state/group/4/transforms/autopilot (0.0, 0.0, 0.0, 0.0, 0.0, 0.0)
2025-12-10 00:13:02 [INFO] [BRIDGE] [LOG] osc.show_bridge.in - RECV /state/group/4/color/autopilot (0.0, 0.0, 0.0, 0.0, 0.0, 0.0)
2025-12-10 00:13:02 [INFO] [BRIDGE] [LOG] osc.show_bridge.in - RECV /state/group/1/opacity (0.0, 0.0, 0.0, 0.0, 0.0, 0.0)
2025-12-10 00:13:02 [INFO] [BRIDGE] [LOG] osc.show_bridge.in - RECV /state/group/8/dynamic_masks/autopilot (0.0, 0.0, 0.0, 0.0, 0.0)
2025-12-10 00:13:02 [INFO] [BRIDGE] [LOG] osc.show_bridge.in - RECV /state/group/1/transforms/enabled (0.0, 0.0, 0.0, 0.0, 0.0)
2025-12-10 00:13:02 [INFO] [BRIDGE] [LOG] osc.show_bridge.in - RECV /state/group/6/playing/enabled (0.0, 0.0, 0.0, 0.0, 0.0, 0.0)
2025-12-10 00:13:02 [INFO] [BRIDGE] [LOG] osc.show_bridge.in - RECV /state/group/2/playing/autopilot (0.0, 0.0, 0.0, 0.0, 0.0, 0.0)
2025-12-10 00:13:02 [INFO] [BRIDGE] [LOG] osc.show_bridge.in - RECV /state/group/6/dynamic_masks/enabled (0.0, 0.0, 0.0, 0.0, 0.0, 0.0)
2025-12-10 00:13:02 [INFO] [BRIDGE] [LOG] osc.show_bridge.in - RECV /state/group/8/transforms/autopilot (0.0, 0.0, 0.0, 0.0, 0.0, 0.0)
2025-12-10 00:13:02 [INFO] [BRIDGE] [LOG] osc.show_bridge.in - RECV /state/group/5/playing/autopilot (0.0, 0.0, 0.0, 0.0)
2025-12-10 00:13:02 [INFO] [BRIDGE] [LOG] osc.show_bridge.in - RECV /state/group/4/transforms/enabled (0.0, 0.0, 0.0, 0.0, 0.0, 0.0)
2025-12-10 00:13:02 [INFO] [BRIDGE] [LOG] osc.show_bridge.in - RECV /state/group/4/color/enabled (0.0, 0.0, 0.0, 0.0, 0.0, 0.0)
2025-12-10 00:13:02 [INFO] [BRIDGE] [LOG] osc.show_bridge.in - RECV /state/group/1/intensity (0.0, 0.0, 0.0, 0.0, 0.0, 0.0)
2025-12-10 00:13:02 [INFO] [BRIDGE] [LOG] osc.show_bridge.in - RECV /state/group/8/dynamic_masks/enabled (0.0, 0.0, 0.0, 0.0, 0.0)
2025-12-10 00:13:02 [INFO] [BRIDGE] [LOG] osc.show_bridge.in - RECV /state/group/1/dynamic_masks/autopilot (0.0, 0.0, 0.0, 0.0, 0.0)
2025-12-10 00:13:02 [INFO] [BRIDGE] [LOG] osc.show_bridge.in - RECV /state/group/6/effects/autopilot (0.0, 0.0, 0.0, 0.0, 0.0, 0.0)
2025-12-10 00:13:02 [INFO] [BRIDGE] [LOG] osc.show_bridge.in - RECV /state/group/2/playing/enabled (0.0, 0.0, 0.0, 0.0, 0.0, 0.0)
2025-12-10 00:13:02 [INFO] [BRIDGE] [LOG] osc.show_bridge.in - RECV /state/group/6/color/autopilot (0.0, 0.0, 0.0, 0.0, 0.0, 0.0)
2025-12-10 00:13:02 [INFO] [BRIDGE] [LOG] osc.show_bridge.in - RECV /state/group/8/transforms/enabled (0.0, 0.0, 0.0, 0.0, 0.0, 0.0)
2025-12-10 00:13:02 [INFO] [BRIDGE] [LOG] osc.show_bridge.in - RECV /state/group/5/playing/enabled (0.0, 0.0, 0.0, 0.0)
2025-12-10 00:13:02 [INFO] [BRIDGE] [LOG] osc.show_bridge.in - RECV /state/group/4/dynamic_masks/autopilot (0.0, 0.0, 0.0, 0.0, 0.0, 0.0)
2025-12-10 00:13:02 [INFO] [BRIDGE] [LOG] osc.show_bridge.in - RECV /state/group/5/opacity (0.0, 0.0, 0.0, 0.0, 0.0, 0.0)
2025-12-10 00:13:02 [INFO] [BRIDGE] [LOG] osc.show_bridge.in - RECV /state/group/1/playing/autopilot (0.0, 0.0, 0.0, 0.0, 0.0, 0.0)
2025-12-10 00:13:02 [INFO] [BRIDGE] [LOG] osc.show_bridge.in - RECV /state/group/8/color/autopilot (0.0, 0.0, 0.0, 0.0, 0.0)
2025-12-10 00:13:02 [INFO] [BRIDGE] [LOG] osc.show_bridge.in - RECV /state/group/1/dynamic_masks/enabled (0.0, 0.0, 0.0, 0.0, 0.0)
2025-12-10 00:13:02 [INFO] [BRIDGE] [LOG] osc.show_bridge.in - RECV /state/group/6/effects/enabled (0.0, 0.0, 0.0, 0.0, 0.0, 0.0)
2025-12-10 00:13:02 [INFO] [BRIDGE] [LOG] osc.show_bridge.in - RECV /state/group/2/effects/autopilot (0.0, 0.0, 0.0, 0.0, 0.0, 0.0)
2025-12-10 00:13:02 [INFO] [BRIDGE] [LOG] osc.show_bridge.in - RECV /state/group/6/color/enabled (0.0, 0.0, 0.0, 0.0, 0.0, 0.0)
2025-12-10 00:13:02 [INFO] [BRIDGE] [LOG] osc.show_bridge.in - RECV /state/group/8/dynamic_masks/autopilot (0.0, 0.0, 0.0, 0.0, 0.0, 0.0)
2025-12-10 00:13:02 [INFO] [BRIDGE] [LOG] osc.show_bridge.in - RECV /state/group/5/effects/autopilot (0.0, 0.0, 0.0, 0.0)
2025-12-10 00:13:02 [INFO] [BRIDGE] [LOG] osc.show_bridge.in - RECV /state/group/4/dynamic_masks/enabled (0.0, 0.0, 0.0, 0.0, 0.0, 0.0)
2025-12-10 00:13:02 [INFO] [BRIDGE] [LOG] osc.show_bridge.in - RECV /state/group/5/intensity (0.0, 0.0, 0.0, 0.0, 0.0, 0.0)
2025-12-10 00:13:02 [INFO] [BRIDGE] [LOG] osc.show_bridge.in - RECV /state/group/1/playing/enabled (0.0, 0.0, 0.0, 0.0, 0.0, 0.0)
2025-12-10 00:13:02 [INFO] [BRIDGE] [LOG] osc.show_bridge.in - RECV /state/group/8/color/enabled (0.0, 0.0, 0.0, 0.0, 0.0)
2025-12-10 00:13:02 [INFO] [BRIDGE] [LOG] osc.show_bridge.in - RECV /state/group/1/color/autopilot (0.0, 0.0, 0.0, 0.0, 0.0)
2025-12-10 00:13:02 [INFO] [BRIDGE] [LOG] osc.show_bridge.in - RECV /state/group/6/transforms/autopilot (0.0, 0.0, 0.0, 0.0, 0.0, 0.0)
2025-12-10 00:13:02 [INFO] [BRIDGE] [LOG] osc.show_bridge.in - RECV /state/group/2/effects/enabled (0.0, 0.0, 0.0, 0.0, 0.0, 0.0)
2025-12-10 00:13:02 [INFO] [BRIDGE] [LOG] osc.show_bridge.in - RECV /state/group/7/opacity (0.0, 0.0, 0.0, 0.0, 0.0, 0.0)
2025-12-10 00:13:02 [INFO] [BRIDGE] [LOG] osc.show_bridge.in - RECV /state/group/8/dynamic_masks/enabled (0.0, 0.0, 0.0, 0.0, 0.0, 0.0)
2025-12-10 00:13:02 [INFO] [BRIDGE] [LOG] osc.show_bridge.in - RECV /state/group/5/effects/enabled (0.0, 0.0, 0.0, 0.0)
2025-12-10 00:13:02 [INFO] [BRIDGE] [LOG] osc.show_bridge.in - RECV /state/group/4/color/autopilot (0.0, 0.0, 0.0, 0.0, 0.0, 0.0)
2025-12-10 00:13:02 [INFO] [BRIDGE] [LOG] osc.show_bridge.in - RECV /state/group/5/playing/autopilot (0.0, 0.0, 0.0, 0.0, 0.0, 0.0)
2025-12-10 00:13:02 [INFO] [BRIDGE] [LOG] osc.show_bridge.in - RECV /state/group/1/effects/autopilot (0.0, 0.0, 0.0, 0.0, 0.0, 0.0)
2025-12-10 00:13:02 [INFO] [BRIDGE] [LOG] osc.show_bridge.in - RECV /state/group/1/color/enabled (0.0, 0.0, 0.0, 0.0, 0.0)
2025-12-10 00:13:02 [INFO] [BRIDGE] [LOG] osc.show_bridge.in - RECV /state/group/6/transforms/enabled (0.0, 0.0, 0.0, 0.0, 0.0, 0.0)
2025-12-10 00:13:02 [INFO] [BRIDGE] [LOG] osc.show_bridge.in - RECV /state/group/2/transforms/autopilot (0.0, 0.0, 0.0, 0.0, 0.0, 0.0)
2025-12-10 00:13:02 [INFO] [BRIDGE] [LOG] osc.show_bridge.in - RECV /state/group/7/intensity (0.0, 0.0, 0.0, 0.0, 0.0, 0.0)
2025-12-10 00:13:02 [INFO] [BRIDGE] [LOG] osc.show_bridge.in - RECV /state/group/8/color/autopilot (0.0, 0.0, 0.0, 0.0, 0.0, 0.0)
2025-12-10 00:13:02 [INFO] [BRIDGE] [LOG] osc.show_bridge.in - RECV /state/group/5/transforms/autopilot (0.0, 0.0, 0.0, 0.0)
2025-12-10 00:13:02 [INFO] [BRIDGE] [LOG] osc.show_bridge.in - RECV /state/group/4/color/enabled (0.0, 0.0, 0.0, 0.0, 0.0, 0.0)
2025-12-10 00:13:02 [INFO] [BRIDGE] [LOG] osc.show_bridge.in - RECV /state/group/5/playing/enabled (0.0, 0.0, 0.0, 0.0, 0.0, 0.0)
2025-12-10 00:13:02 [INFO] [BRIDGE] [LOG] osc.show_bridge.in - RECV /state/group/1/effects/enabled (0.0, 0.0, 0.0, 0.0, 0.0, 0.0)
2025-12-10 00:13:02 [INFO] [BRIDGE] [LOG] osc.show_bridge.in - RECV /state/group/2/opacity (0.0, 0.0, 0.0, 0.0, 0.0)
2025-12-10 00:13:02 [INFO] [BRIDGE] [LOG] osc.show_bridge.in - RECV /state/group/6/dynamic_masks/autopilot (0.0, 0.0, 0.0, 0.0, 0.0, 0.0)
2025-12-10 00:13:02 [INFO] [BRIDGE] [LOG] osc.show_bridge.in - RECV /state/group/2/transforms/enabled (0.0, 0.0, 0.0, 0.0, 0.0, 0.0)
2025-12-10 00:13:02 [INFO] [BRIDGE] [LOG] osc.show_bridge.in - RECV /state/group/7/playing/autopilot (0.0, 0.0, 0.0, 0.0, 0.0, 0.0)
2025-12-10 00:13:02 [INFO] [BRIDGE] [LOG] osc.show_bridge.in - RECV /state/group/8/color/enabled (0.0, 0.0, 0.0, 0.0, 0.0, 0.0)
2025-12-10 00:13:02 [INFO] [BRIDGE] [LOG] osc.show_bridge.in - RECV /state/group/5/transforms/enabled (0.0, 0.0, 0.0, 0.0)
2025-12-10 00:13:02 [INFO] [BRIDGE] [LOG] osc.show_bridge.in - RECV /state/group/5/opacity (0.0, 0.0, 0.0, 0.0, 0.0, 0.0)
2025-12-10 00:13:02 [INFO] [BRIDGE] [LOG] osc.show_bridge.in - RECV /state/group/5/effects/autopilot (0.0, 0.0, 0.0, 0.0, 0.0, 0.0)
2025-12-10 00:13:02 [INFO] [BRIDGE] [LOG] osc.show_bridge.in - RECV /state/group/1/transforms/autopilot (0.0, 0.0, 0.0, 0.0, 0.0, 0.0)
2025-12-10 00:13:02 [INFO] [BRIDGE] [LOG] osc.show_bridge.in - RECV /state/group/2/intensity (0.0, 0.0, 0.0, 0.0, 0.0)
2025-12-10 00:13:02 [INFO] [BRIDGE] [LOG] osc.show_bridge.in - RECV /state/group/6/dynamic_masks/enabled (0.0, 0.0, 0.0, 0.0, 0.0, 0.0)
2025-12-10 00:13:02 [INFO] [BRIDGE] [LOG] osc.show_bridge.in - RECV /state/group/2/dynamic_masks/autopilot (0.0, 0.0, 0.0, 0.0, 0.0, 0.0)
2025-12-10 00:13:02 [INFO] [BRIDGE] [LOG] osc.show_bridge.in - RECV /state/group/7/playing/enabled (0.0, 0.0, 0.0, 0.0, 0.0, 0.0)
2025-12-10 00:13:02 [INFO] [BRIDGE] [LOG] osc.show_bridge.in - RECV /state/group/5/dynamic_masks/autopilot (0.0, 0.0, 0.0, 0.0)
2025-12-10 00:13:02 [INFO] [BRIDGE] [LOG] osc.show_bridge.in - RECV /state/group/5/intensity (0.0, 0.0, 0.0, 0.0, 0.0, 0.0)
2025-12-10 00:13:02 [INFO] [BRIDGE] [LOG] osc.show_bridge.in - RECV /state/group/5/effects/enabled (0.0, 0.0, 0.0, 0.0, 0.0, 0.0)
2025-12-10 00:13:02 [INFO] [BRIDGE] [LOG] osc.show_bridge.in - RECV /state/group/1/transforms/enabled (0.0, 0.0, 0.0, 0.0, 0.0, 0.0)
2025-12-10 00:13:02 [INFO] [BRIDGE] [LOG] osc.show_bridge.in - RECV /state/group/2/playing/autopilot (0.0, 0.0, 0.0, 0.0, 0.0)
2025-12-10 00:13:02 [INFO] [BRIDGE] [LOG] osc.show_bridge.in - RECV /state/group/6/color/autopilot (0.0, 0.0, 0.0, 0.0, 0.0, 0.0)
2025-12-10 00:13:02 [INFO] [BRIDGE] [LOG] osc.show_bridge.in - RECV /state/group/2/dynamic_masks/enabled (0.0, 0.0, 0.0, 0.0, 0.0, 0.0)
2025-12-10 00:13:02 [INFO] [BRIDGE] [LOG] osc.show_bridge.in - RECV /state/group/7/effects/autopilot (0.0, 0.0, 0.0, 0.0, 0.0, 0.0)
2025-12-10 00:13:02 [INFO] [BRIDGE] [LOG] osc.show_bridge.in - RECV /state/group/5/dynamic_masks/enabled (0.0, 0.0, 0.0, 0.0)
2025-12-10 00:13:02 [INFO] [BRIDGE] [LOG] osc.show_bridge.in - RECV /state/group/5/playing/autopilot (0.0, 0.0, 0.0, 0.0, 0.0, 0.0)
2025-12-10 00:13:02 [INFO] [BRIDGE] [LOG] osc.show_bridge.in - RECV /state/group/5/transforms/autopilot (0.0, 0.0, 0.0, 0.0, 0.0, 0.0)
2025-12-10 00:13:02 [INFO] [BRIDGE] [LOG] osc.show_bridge.in - RECV /state/group/1/dynamic_masks/autopilot (0.0, 0.0, 0.0, 0.0, 0.0, 0.0)
2025-12-10 00:13:02 [INFO] [BRIDGE] [LOG] osc.show_bridge.in - RECV /state/group/2/playing/enabled (0.0, 0.0, 0.0, 0.0, 0.0)
2025-12-10 00:13:02 [INFO] [BRIDGE] [LOG] osc.show_bridge.in - RECV /state/group/6/color/enabled (0.0, 0.0, 0.0, 0.0, 0.0, 0.0)
2025-12-10 00:13:02 [INFO] [BRIDGE] [LOG] osc.show_bridge.in - RECV /state/group/2/color/autopilot (0.0, 0.0, 0.0, 0.0, 0.0, 0.0)
2025-12-10 00:13:02 [INFO] [BRIDGE] [LOG] osc.show_bridge.in - RECV /state/group/7/effects/enabled (0.0, 0.0, 0.0, 0.0, 0.0, 0.0)
2025-12-10 00:13:02 [INFO] [BRIDGE] [LOG] osc.show_bridge.in - RECV /state/group/5/color/autopilot (0.0, 0.0, 0.0, 0.0)
2025-12-10 00:13:02 [INFO] [BRIDGE] [LOG] osc.show_bridge.in - RECV /state/group/5/playing/enabled (0.0, 0.0, 0.0, 0.0, 0.0, 0.0)
2025-12-10 00:13:02 [INFO] [BRIDGE] [LOG] osc.show_bridge.in - RECV /state/group/5/transforms/enabled (0.0, 0.0, 0.0, 0.0, 0.0, 0.0)
2025-12-10 00:13:02 [INFO] [BRIDGE] [LOG] osc.show_bridge.in - RECV /state/group/1/dynamic_masks/enabled (0.0, 0.0, 0.0, 0.0, 0.0, 0.0)
2025-12-10 00:13:02 [INFO] [BRIDGE] [LOG] osc.show_bridge.in - RECV /state/group/2/effects/autopilot (0.0, 0.0, 0.0, 0.0, 0.0)
2025-12-10 00:13:02 [INFO] [BRIDGE] [LOG] osc.show_bridge.in - RECV /state/group/7/opacity (0.0, 0.0, 0.0, 0.0, 0.0, 0.0)
2025-12-10 00:13:02 [INFO] [BRIDGE] [LOG] osc.show_bridge.in - RECV /state/group/2/color/enabled (0.0, 0.0, 0.0, 0.0, 0.0, 0.0)
2025-12-10 00:13:02 [INFO] [BRIDGE] [LOG] osc.show_bridge.in - RECV /state/group/7/transforms/autopilot (0.0, 0.0, 0.0, 0.0, 0.0, 0.0)
2025-12-10 00:13:02 [INFO] [BRIDGE] [LOG] osc.show_bridge.in - RECV /state/group/5/color/enabled (0.0, 0.0, 0.0, 0.0)
2025-12-10 00:13:02 [INFO] [BRIDGE] [LOG] osc.show_bridge.in - RECV /state/group/5/effects/autopilot (0.0, 0.0, 0.0, 0.0, 0.0, 0.0)
2025-12-10 00:13:02 [INFO] [BRIDGE] [LOG] osc.show_bridge.in - RECV /state/group/5/dynamic_masks/autopilot (0.0, 0.0, 0.0, 0.0, 0.0, 0.0)
2025-12-10 00:13:02 [INFO] [BRIDGE] [LOG] osc.show_bridge.in - RECV /state/group/1/color/autopilot (0.0, 0.0, 0.0, 0.0, 0.0, 0.0)
2025-12-10 00:13:02 [INFO] [BRIDGE] [LOG] osc.show_bridge.in - RECV /state/group/2/effects/enabled (0.0, 0.0, 0.0, 0.0, 0.0)
2025-12-10 00:13:02 [INFO] [BRIDGE] [LOG] osc.show_bridge.in - RECV /state/group/7/intensity (0.0, 0.0, 0.0, 0.0, 0.0, 0.0)
2025-12-10 00:13:02 [INFO] [BRIDGE] [LOG] osc.show_bridge.in - RECV /state/group/3/opacity (0.0, 0.0, 0.0, 0.0, 0.0, 0.0)
2025-12-10 00:13:02 [INFO] [BRIDGE] [LOG] osc.show_bridge.in - RECV /state/group/7/transforms/enabled (0.0, 0.0, 0.0, 0.0, 0.0, 0.0)
2025-12-10 00:13:02 [INFO] [BRIDGE] [LOG] osc.show_bridge.in - RECV /state/group/6/opacity (0.0, 0.0, 0.0, 0.0)
2025-12-10 00:13:02 [INFO] [BRIDGE] [LOG] osc.show_bridge.in - RECV /state/group/5/effects/enabled (0.0, 0.0, 0.0, 0.0, 0.0, 0.0)
2025-12-10 00:13:03 [INFO] [BRIDGE] [LOG] osc.show_bridge.in - RECV /state/group/5/dynamic_masks/enabled (0.0, 0.0, 0.0, 0.0, 0.0, 0.0)
2025-12-10 00:13:03 [INFO] [BRIDGE] [LOG] osc.show_bridge.in - RECV /state/group/1/color/enabled (0.0, 0.0, 0.0, 0.0, 0.0, 0.0)
2025-12-10 00:13:03 [INFO] [BRIDGE] [LOG] osc.show_bridge.in - RECV /state/group/2/transforms/autopilot (0.0, 0.0, 0.0, 0.0, 0.0)
2025-12-10 00:13:03 [INFO] [BRIDGE] [LOG] osc.show_bridge.in - RECV /state/group/7/playing/autopilot (0.0, 0.0, 0.0, 0.0, 0.0, 0.0)
2025-12-10 00:13:03 [INFO] [BRIDGE] [LOG] osc.show_bridge.in - RECV /state/group/3/intensity (0.0, 0.0, 0.0, 0.0, 0.0, 0.0)
2025-12-10 00:13:03 [INFO] [BRIDGE] [LOG] osc.show_bridge.in - RECV /state/group/7/dynamic_masks/autopilot (0.0, 0.0, 0.0, 0.0, 0.0, 0.0)
2025-12-10 00:13:03 [INFO] [BRIDGE] [LOG] osc.show_bridge.in - RECV /state/group/6/intensity (0.0, 0.0, 0.0, 0.0)
2025-12-10 00:13:03 [INFO] [BRIDGE] [LOG] osc.show_bridge.in - RECV /state/group/5/transforms/autopilot (0.0, 0.0, 0.0, 0.0, 0.0, 0.0)
2025-12-10 00:13:03 [INFO] [BRIDGE] [LOG] osc.show_bridge.in - RECV /state/group/5/color/autopilot (0.0, 0.0, 0.0, 0.0, 0.0, 0.0)
2025-12-10 00:13:03 [INFO] [BRIDGE] [LOG] osc.show_bridge.in - RECV /state/group/2/opacity (0.0, 0.0, 0.0, 0.0, 0.0, 0.0)
2025-12-10 00:13:03 [INFO] [BRIDGE] [LOG] osc.show_bridge.in - RECV /state/group/2/transforms/enabled (0.0, 0.0, 0.0, 0.0, 0.0)
2025-12-10 00:13:03 [INFO] [BRIDGE] [LOG] osc.show_bridge.in - RECV /state/group/7/playing/enabled (0.0, 0.0, 0.0, 0.0, 0.0, 0.0)
2025-12-10 00:13:03 [INFO] [BRIDGE] [LOG] osc.show_bridge.in - RECV /state/group/3/playing/autopilot (0.0, 0.0, 0.0, 0.0, 0.0, 0.0)
2025-12-10 00:13:03 [INFO] [BRIDGE] [LOG] osc.show_bridge.in - RECV /state/group/7/dynamic_masks/enabled (0.0, 0.0, 0.0, 0.0, 0.0, 0.0)
2025-12-10 00:13:03 [INFO] [BRIDGE] [LOG] osc.show_bridge.in - RECV /state/group/6/playing/autopilot (0.0, 0.0, 0.0, 0.0)
2025-12-10 00:13:03 [INFO] [BRIDGE] [LOG] osc.show_bridge.in - RECV /state/group/5/transforms/enabled (0.0, 0.0, 0.0, 0.0, 0.0, 0.0)
2025-12-10 00:13:03 [INFO] [BRIDGE] [LOG] osc.show_bridge.in - RECV /state/group/5/color/enabled (0.0, 0.0, 0.0, 0.0, 0.0, 0.0)
2025-12-10 00:13:03 [INFO] [BRIDGE] [LOG] osc.show_bridge.in - RECV /state/group/2/intensity (0.0, 0.0, 0.0, 0.0, 0.0, 0.0)
2025-12-10 00:13:03 [INFO] [BRIDGE] [LOG] osc.show_bridge.in - RECV /state/group/2/dynamic_masks/autopilot (0.0, 0.0, 0.0, 0.0, 0.0)
2025-12-10 00:13:03 [INFO] [BRIDGE] [LOG] osc.show_bridge.in - RECV /state/group/7/effects/autopilot (0.0, 0.0, 0.0, 0.0, 0.0, 0.0)
2025-12-10 00:13:03 [INFO] [BRIDGE] [LOG] osc.show_bridge.in - RECV /state/group/3/playing/enabled (0.0, 0.0, 0.0, 0.0, 0.0, 0.0)
2025-12-10 00:13:03 [INFO] [BRIDGE] [LOG] osc.show_bridge.in - RECV /state/group/7/color/autopilot (0.0, 0.0, 0.0, 0.0, 0.0, 0.0)
2025-12-10 00:13:03 [INFO] [BRIDGE] [LOG] osc.show_bridge.in - RECV /state/group/6/playing/enabled (0.0, 0.0, 0.0, 0.0)
2025-12-10 00:13:03 [INFO] [BRIDGE] [LOG] osc.show_bridge.in - RECV /state/group/5/dynamic_masks/autopilot (0.0, 0.0, 0.0, 0.0, 0.0, 0.0)
2025-12-10 00:13:03 [INFO] [BRIDGE] [LOG] osc.show_bridge.in - RECV /state/group/6/opacity (0.0, 0.0, 0.0, 0.0, 0.0, 0.0)
2025-12-10 00:13:03 [INFO] [BRIDGE] [LOG] osc.show_bridge.in - RECV /state/group/2/playing/autopilot (0.0, 0.0, 0.0, 0.0, 0.0, 0.0)
2025-12-10 00:13:03 [INFO] [BRIDGE] [LOG] osc.show_bridge.in - RECV /state/group/2/dynamic_masks/enabled (0.0, 0.0, 0.0, 0.0, 0.0)
2025-12-10 00:13:03 [INFO] [BRIDGE] [LOG] osc.show_bridge.in - RECV /state/group/7/effects/enabled (0.0, 0.0, 0.0, 0.0, 0.0, 0.0)
2025-12-10 00:13:03 [INFO] [BRIDGE] [LOG] osc.show_bridge.in - RECV /state/group/3/effects/autopilot (0.0, 0.0, 0.0, 0.0, 0.0, 0.0)
2025-12-10 00:13:03 [INFO] [BRIDGE] [LOG] osc.show_bridge.in - RECV /state/group/7/color/enabled (0.0, 0.0, 0.0, 0.0, 0.0, 0.0)
2025-12-10 00:13:03 [INFO] [BRIDGE] [LOG] osc.show_bridge.in - RECV /state/group/6/effects/autopilot (0.0, 0.0, 0.0, 0.0)
2025-12-10 00:13:03 [INFO] [BRIDGE] [LOG] osc.show_bridge.in - RECV /state/group/5/dynamic_masks/enabled (0.0, 0.0, 0.0, 0.0, 0.0, 0.0)
2025-12-10 00:13:03 [INFO] [BRIDGE] [LOG] osc.show_bridge.in - RECV /state/group/6/intensity (0.0, 0.0, 0.0, 0.0, 0.0, 0.0)
2025-12-10 00:13:03 [INFO] [BRIDGE] [LOG] osc.show_bridge.in - RECV /state/group/2/playing/enabled (0.0, 0.0, 0.0, 0.0, 0.0, 0.0)
2025-12-10 00:13:03 [INFO] [BRIDGE] [LOG] osc.show_bridge.in - RECV /state/group/2/color/autopilot (0.0, 0.0, 0.0, 0.0, 0.0)
2025-12-10 00:13:03 [INFO] [BRIDGE] [LOG] osc.show_bridge.in - RECV /state/group/7/transforms/autopilot (0.0, 0.0, 0.0, 0.0, 0.0, 0.0)
2025-12-10 00:13:03 [INFO] [BRIDGE] [LOG] osc.show_bridge.in - RECV /state/group/3/effects/enabled (0.0, 0.0, 0.0, 0.0, 0.0, 0.0)
2025-12-10 00:13:03 [INFO] [BRIDGE] [LOG] osc.show_bridge.in - RECV /state/group/8/opacity (0.0, 0.0, 0.0, 0.0, 0.0, 0.0)
2025-12-10 00:13:03 [INFO] [BRIDGE] [LOG] osc.show_bridge.in - RECV /state/group/6/effects/enabled (0.0, 0.0, 0.0, 0.0)
2025-12-10 00:13:03 [INFO] [BRIDGE] [LOG] osc.show_bridge.in - RECV /state/group/5/color/autopilot (0.0, 0.0, 0.0, 0.0, 0.0, 0.0)
2025-12-10 00:13:03 [INFO] [BRIDGE] [LOG] osc.show_bridge.in - RECV /state/group/6/playing/autopilot (0.0, 0.0, 0.0, 0.0, 0.0, 0.0)
2025-12-10 00:13:03 [INFO] [BRIDGE] [LOG] osc.show_bridge.in - RECV /state/group/2/effects/autopilot (0.0, 0.0, 0.0, 0.0, 0.0, 0.0)
2025-12-10 00:13:03 [INFO] [BRIDGE] [LOG] osc.show_bridge.in - RECV /state/group/2/color/enabled (0.0, 0.0, 0.0, 0.0, 0.0)
2025-12-10 00:13:03 [INFO] [BRIDGE] [LOG] osc.show_bridge.in - RECV /state/group/7/transforms/enabled (0.0, 0.0, 0.0, 0.0, 0.0, 0.0)
2025-12-10 00:13:03 [INFO] [BRIDGE] [LOG] osc.show_bridge.in - RECV /state/group/3/transforms/autopilot (0.0, 0.0, 0.0, 0.0, 0.0, 0.0)
2025-12-10 00:13:03 [INFO] [BRIDGE] [LOG] osc.show_bridge.in - RECV /state/group/8/intensity (0.0, 0.0, 0.0, 0.0, 0.0, 0.0)
2025-12-10 00:13:03 [INFO] [BRIDGE] [LOG] osc.show_bridge.in - RECV /state/group/6/transforms/autopilot (0.0, 0.0, 0.0, 0.0)
2025-12-10 00:13:03 [INFO] [BRIDGE] [LOG] osc.show_bridge.in - RECV /state/group/5/color/enabled (0.0, 0.0, 0.0, 0.0, 0.0, 0.0)
2025-12-10 00:13:03 [INFO] [BRIDGE] [LOG] osc.show_bridge.in - RECV /state/group/6/playing/enabled (0.0, 0.0, 0.0, 0.0, 0.0, 0.0)
2025-12-10 00:13:03 [INFO] [BRIDGE] [LOG] osc.show_bridge.in - RECV /state/group/2/effects/enabled (0.0, 0.0, 0.0, 0.0, 0.0, 0.0)
2025-12-10 00:13:03 [INFO] [BRIDGE] [LOG] osc.show_bridge.in - RECV /state/group/3/opacity (0.0, 0.0, 0.0, 0.0, 0.0)
2025-12-10 00:13:03 [INFO] [BRIDGE] [LOG] osc.show_bridge.in - RECV /state/group/7/dynamic_masks/autopilot (0.0, 0.0, 0.0, 0.0, 0.0, 0.0)
2025-12-10 00:13:03 [INFO] [BRIDGE] [LOG] osc.show_bridge.in - RECV /state/group/3/transforms/enabled (0.0, 0.0, 0.0, 0.0, 0.0, 0.0)
2025-12-10 00:13:03 [INFO] [BRIDGE] [LOG] osc.show_bridge.in - RECV /state/group/8/playing/autopilot (0.0, 0.0, 0.0, 0.0, 0.0, 0.0)
2025-12-10 00:13:03 [INFO] [BRIDGE] [LOG] osc.show_bridge.in - RECV /state/group/6/transforms/enabled (0.0, 0.0, 0.0, 0.0)
2025-12-10 00:13:03 [INFO] [BRIDGE] [LOG] osc.show_bridge.in - RECV /state/group/6/opacity (0.0, 0.0, 0.0, 0.0, 0.0, 0.0)
2025-12-10 00:13:03 [INFO] [BRIDGE] [LOG] osc.show_bridge.in - RECV /state/group/6/effects/autopilot (0.0, 0.0, 0.0, 0.0, 0.0, 0.0)
2025-12-10 00:13:03 [INFO] [BRIDGE] [LOG] osc.show_bridge.in - RECV /state/group/2/transforms/autopilot (0.0, 0.0, 0.0, 0.0, 0.0, 0.0)
2025-12-10 00:13:03 [INFO] [BRIDGE] [LOG] osc.show_bridge.in - RECV /state/group/3/intensity (0.0, 0.0, 0.0, 0.0, 0.0)
2025-12-10 00:13:03 [INFO] [BRIDGE] [LOG] osc.show_bridge.in - RECV /state/group/7/dynamic_masks/enabled (0.0, 0.0, 0.0, 0.0, 0.0, 0.0)
2025-12-10 00:13:03 [INFO] [BRIDGE] [LOG] osc.show_bridge.in - RECV /state/group/3/dynamic_masks/autopilot (0.0, 0.0, 0.0, 0.0, 0.0, 0.0)
2025-12-10 00:13:03 [INFO] [BRIDGE] [LOG] osc.show_bridge.in - RECV /state/group/8/playing/enabled (0.0, 0.0, 0.0, 0.0, 0.0, 0.0)
2025-12-10 00:13:03 [INFO] [BRIDGE] [LOG] osc.show_bridge.in - RECV /state/group/6/dynamic_masks/autopilot (0.0, 0.0, 0.0, 0.0)
2025-12-10 00:13:03 [INFO] [BRIDGE] [LOG] osc.show_bridge.in - RECV /state/group/6/intensity (0.0, 0.0, 0.0, 0.0, 0.0, 0.0)
2025-12-10 00:13:03 [INFO] [BRIDGE] [LOG] osc.show_bridge.in - RECV /state/group/6/effects/enabled (0.0, 0.0, 0.0, 0.0, 0.0, 0.0)
2025-12-10 00:13:03 [INFO] [BRIDGE] [LOG] osc.show_bridge.in - RECV /state/group/2/transforms/enabled (0.0, 0.0, 0.0, 0.0, 0.0, 0.0)
2025-12-10 00:13:03 [INFO] [BRIDGE] [LOG] osc.show_bridge.in - RECV /state/group/3/playing/autopilot (0.0, 0.0, 0.0, 0.0, 0.0)
2025-12-10 00:13:03 [INFO] [BRIDGE] [LOG] osc.show_bridge.in - RECV /state/group/7/color/autopilot (0.0, 0.0, 0.0, 0.0, 0.0, 0.0)
2025-12-10 00:13:03 [INFO] [BRIDGE] [LOG] osc.show_bridge.in - RECV /state/group/3/dynamic_masks/enabled (0.0, 0.0, 0.0, 0.0, 0.0, 0.0)
2025-12-10 00:13:03 [INFO] [BRIDGE] [LOG] osc.show_bridge.in - RECV /state/group/8/effects/autopilot (0.0, 0.0, 0.0, 0.0, 0.0, 0.0)
2025-12-10 00:13:03 [INFO] [BRIDGE] [LOG] osc.show_bridge.in - RECV /state/group/6/dynamic_masks/enabled (0.0, 0.0, 0.0, 0.0)
2025-12-10 00:13:03 [INFO] [BRIDGE] [LOG] osc.show_bridge.in - RECV /state/group/6/playing/autopilot (0.0, 0.0, 0.0, 0.0, 0.0, 0.0)
2025-12-10 00:13:03 [INFO] [BRIDGE] [LOG] osc.show_bridge.in - RECV /state/group/6/transforms/autopilot (0.0, 0.0, 0.0, 0.0, 0.0, 0.0)
2025-12-10 00:13:03 [INFO] [BRIDGE] [LOG] osc.show_bridge.in - RECV /state/group/2/dynamic_masks/autopilot (0.0, 0.0, 0.0, 0.0, 0.0, 0.0)
2025-12-10 00:13:03 [INFO] [BRIDGE] [LOG] osc.show_bridge.in - RECV /state/group/3/playing/enabled (0.0, 0.0, 0.0, 0.0, 0.0)
2025-12-10 00:13:03 [INFO] [BRIDGE] [LOG] osc.show_bridge.in - RECV /state/group/7/color/enabled (0.0, 0.0, 0.0, 0.0, 0.0, 0.0)
2025-12-10 00:13:03 [INFO] [BRIDGE] [LOG] osc.show_bridge.in - RECV /state/group/3/color/autopilot (0.0, 0.0, 0.0, 0.0, 0.0, 0.0)
2025-12-10 00:13:03 [INFO] [BRIDGE] [LOG] osc.show_bridge.in - RECV /state/group/8/effects/enabled (0.0, 0.0, 0.0, 0.0, 0.0, 0.0)
2025-12-10 00:13:03 [INFO] [BRIDGE] [LOG] osc.show_bridge.in - RECV /state/group/6/color/autopilot (0.0, 0.0, 0.0, 0.0)
2025-12-10 00:13:03 [INFO] [BRIDGE] [LOG] osc.show_bridge.in - RECV /state/group/6/playing/enabled (0.0, 0.0, 0.0, 0.0, 0.0, 0.0)
2025-12-10 00:13:03 [INFO] [BRIDGE] [LOG] osc.show_bridge.in - RECV /state/group/6/transforms/enabled (0.0, 0.0, 0.0, 0.0, 0.0, 0.0)
2025-12-10 00:13:03 [INFO] [BRIDGE] [LOG] osc.show_bridge.in - RECV /state/group/2/dynamic_masks/enabled (0.0, 0.0, 0.0, 0.0, 0.0, 0.0)
2025-12-10 00:13:03 [INFO] [BRIDGE] [LOG] osc.show_bridge.in - RECV /state/group/3/effects/autopilot (0.0, 0.0, 0.0, 0.0, 0.0)
2025-12-10 00:13:03 [INFO] [BRIDGE] [LOG] osc.show_bridge.in - RECV /state/group/8/opacity (0.0, 0.0, 0.0, 0.0, 0.0, 0.0)
2025-12-10 00:13:03 [INFO] [BRIDGE] [LOG] osc.show_bridge.in - RECV /state/group/3/color/enabled (0.0, 0.0, 0.0, 0.0, 0.0, 0.0)
2025-12-10 00:13:03 [INFO] [BRIDGE] [LOG] osc.show_bridge.in - RECV /state/group/8/transforms/autopilot (0.0, 0.0, 0.0, 0.0, 0.0, 0.0)
2025-12-10 00:13:03 [INFO] [BRIDGE] [LOG] osc.show_bridge.in - RECV /state/group/6/color/enabled (0.0, 0.0, 0.0, 0.0)
2025-12-10 00:13:03 [INFO] [BRIDGE] [LOG] osc.show_bridge.in - RECV /state/group/6/effects/autopilot (0.0, 0.0, 0.0, 0.0, 0.0, 0.0)
2025-12-10 00:13:03 [INFO] [BRIDGE] [LOG] osc.show_bridge.in - RECV /state/group/6/dynamic_masks/autopilot (0.0, 0.0, 0.0, 0.0, 0.0, 0.0)
2025-12-10 00:13:03 [INFO] [BRIDGE] [LOG] osc.show_bridge.in - RECV /state/group/2/color/autopilot (0.0, 0.0, 0.0, 0.0, 0.0, 0.0)
2025-12-10 00:13:03 [INFO] [BRIDGE] [LOG] osc.show_bridge.in - RECV /state/group/3/effects/enabled (0.0, 0.0, 0.0, 0.0, 0.0)
2025-12-10 00:13:03 [INFO] [BRIDGE] [LOG] osc.show_bridge.in - RECV /state/group/8/intensity (0.0, 0.0, 0.0, 0.0, 0.0, 0.0)
2025-12-10 00:13:03 [INFO] [BRIDGE] [LOG] osc.show_bridge.in - RECV /state/group/4/opacity (0.6299213171005249, 0.6299213171005249, 0.6299213171005249, 0.6299213171005249, 0.6299213171005249, 0.6299213171005249)
2025-12-10 00:13:03 [INFO] [BRIDGE] [LOG] osc.show_bridge.in - RECV /state/group/8/transforms/enabled (0.0, 0.0, 0.0, 0.0, 0.0, 0.0)
2025-12-10 00:13:03 [INFO] [BRIDGE] [LOG] osc.show_bridge.in - RECV /state/group/7/opacity (0.0, 0.0, 0.0, 0.0)
2025-12-10 00:13:03 [INFO] [BRIDGE] [LOG] osc.show_bridge.in - RECV /state/group/6/effects/enabled (0.0, 0.0, 0.0, 0.0, 0.0, 0.0)
2025-12-10 00:13:03 [INFO] [BRIDGE] [LOG] osc.show_bridge.in - RECV /state/group/6/dynamic_masks/enabled (0.0, 0.0, 0.0, 0.0, 0.0, 0.0)
2025-12-10 00:13:03 [INFO] [BRIDGE] [LOG] osc.show_bridge.in - RECV /state/group/2/color/enabled (0.0, 0.0, 0.0, 0.0, 0.0, 0.0)
2025-12-10 00:13:03 [INFO] [BRIDGE] [LOG] osc.show_bridge.in - RECV /state/group/3/transforms/autopilot (0.0, 0.0, 0.0, 0.0, 0.0)
2025-12-10 00:13:03 [INFO] [BRIDGE] [LOG] osc.show_bridge.in - RECV /state/group/8/playing/autopilot (0.0, 0.0, 0.0, 0.0, 0.0, 0.0)
2025-12-10 00:13:03 [INFO] [BRIDGE] [LOG] osc.show_bridge.in - RECV /state/group/4/intensity (0.0, 0.0, 0.0, 0.0, 0.0, 0.0)
2025-12-10 00:13:03 [INFO] [BRIDGE] [LOG] osc.show_bridge.in - RECV /state/group/8/dynamic_masks/autopilot (0.0, 0.0, 0.0, 0.0, 0.0, 0.0)
2025-12-10 00:13:03 [INFO] [BRIDGE] [LOG] osc.show_bridge.in - RECV /state/group/7/intensity (0.0, 0.0, 0.0, 0.0)
2025-12-10 00:13:03 [INFO] [BRIDGE] [LOG] osc.show_bridge.in - RECV /state/group/6/transforms/autopilot (0.0, 0.0, 0.0, 0.0, 0.0, 0.0)
2025-12-10 00:13:03 [INFO] [BRIDGE] [LOG] osc.show_bridge.in - RECV /state/group/6/color/autopilot (0.0, 0.0, 0.0, 0.0, 0.0, 0.0)
2025-12-10 00:13:03 [INFO] [BRIDGE] [LOG] osc.show_bridge.in - RECV /state/group/3/opacity (0.0, 0.0, 0.0, 0.0, 0.0, 0.0)
2025-12-10 00:13:03 [INFO] [BRIDGE] [LOG] osc.show_bridge.in - RECV /state/group/3/transforms/enabled (0.0, 0.0, 0.0, 0.0, 0.0)
2025-12-10 00:13:03 [INFO] [BRIDGE] [LOG] osc.show_bridge.in - RECV /state/group/8/playing/enabled (0.0, 0.0, 0.0, 0.0, 0.0, 0.0)
2025-12-10 00:13:03 [INFO] [BRIDGE] [LOG] osc.show_bridge.in - RECV /state/group/4/playing/autopilot (0.0, 0.0, 0.0, 0.0, 0.0, 0.0)
2025-12-10 00:13:03 [INFO] [BRIDGE] [LOG] osc.show_bridge.in - RECV /state/group/8/dynamic_masks/enabled (0.0, 0.0, 0.0, 0.0, 0.0, 0.0)
2025-12-10 00:13:03 [INFO] [BRIDGE] [LOG] osc.show_bridge.in - RECV /state/group/7/playing/autopilot (0.0, 0.0, 0.0, 0.0)
2025-12-10 00:13:03 [INFO] [BRIDGE] [LOG] osc.show_bridge.in - RECV /state/group/6/transforms/enabled (0.0, 0.0, 0.0, 0.0, 0.0, 0.0)
2025-12-10 00:13:03 [INFO] [BRIDGE] [LOG] osc.show_bridge.in - RECV /state/group/6/color/enabled (0.0, 0.0, 0.0, 0.0, 0.0, 0.0)
2025-12-10 00:13:03 [INFO] [BRIDGE] [LOG] osc.show_bridge.in - RECV /state/group/3/intensity (0.0, 0.0, 0.0, 0.0, 0.0, 0.0)
2025-12-10 00:13:03 [INFO] [BRIDGE] [LOG] osc.show_bridge.in - RECV /state/group/3/dynamic_masks/autopilot (0.0, 0.0, 0.0, 0.0, 0.0)
2025-12-10 00:13:03 [INFO] [BRIDGE] [LOG] osc.show_bridge.in - RECV /state/group/8/effects/autopilot (0.0, 0.0, 0.0, 0.0, 0.0, 0.0)
2025-12-10 00:13:03 [INFO] [BRIDGE] [LOG] osc.show_bridge.in - RECV /state/group/4/playing/enabled (0.0, 0.0, 0.0, 0.0, 0.0, 0.0)
2025-12-10 00:13:03 [INFO] [BRIDGE] [LOG] osc.show_bridge.in - RECV /state/group/8/color/autopilot (0.0, 0.0, 0.0, 0.0, 0.0, 0.0)
2025-12-10 00:13:03 [INFO] [BRIDGE] [LOG] osc.show_bridge.in - RECV /state/group/7/playing/enabled (0.0, 0.0, 0.0, 0.0)
2025-12-10 00:13:03 [INFO] [BRIDGE] [LOG] osc.show_bridge.in - RECV /state/group/6/dynamic_masks/autopilot (0.0, 0.0, 0.0, 0.0, 0.0, 0.0)
2025-12-10 00:13:03 [INFO] [BRIDGE] [LOG] osc.show_bridge.in - RECV /state/group/7/opacity (0.0, 0.0, 0.0, 0.0, 0.0, 0.0)
2025-12-10 00:13:03 [INFO] [BRIDGE] [LOG] osc.show_bridge.in - RECV /state/group/3/playing/autopilot (0.0, 0.0, 0.0, 0.0, 0.0, 0.0)
2025-12-10 00:13:03 [INFO] [BRIDGE] [LOG] osc.show_bridge.in - RECV /state/group/3/dynamic_masks/enabled (0.0, 0.0, 0.0, 0.0, 0.0)
2025-12-10 00:13:03 [INFO] [BRIDGE] [LOG] osc.show_bridge.in - RECV /state/group/8/effects/enabled (0.0, 0.0, 0.0, 0.0, 0.0, 0.0)
2025-12-10 00:13:03 [INFO] [BRIDGE] [LOG] osc.show_bridge.in - RECV /state/group/4/effects/autopilot (0.0, 0.0, 0.0, 0.0, 0.0, 0.0)
2025-12-10 00:13:03 [INFO] [BRIDGE] [LOG] osc.show_bridge.in - RECV /state/group/8/color/enabled (0.0, 0.0, 0.0, 0.0, 0.0, 0.0)
2025-12-10 00:13:03 [INFO] [BRIDGE] [LOG] osc.show_bridge.in - RECV /state/group/7/effects/autopilot (0.0, 0.0, 0.0, 0.0)
2025-12-10 00:13:03 [INFO] [BRIDGE] [LOG] osc.show_bridge.in - RECV /state/group/6/dynamic_masks/enabled (0.0, 0.0, 0.0, 0.0, 0.0, 0.0)
2025-12-10 00:13:03 [INFO] [BRIDGE] [LOG] osc.show_bridge.in - RECV /state/group/7/intensity (0.0, 0.0, 0.0, 0.0, 0.0, 0.0)
2025-12-10 00:13:03 [INFO] [BRIDGE] [LOG] osc.show_bridge.in - RECV /state/group/3/playing/enabled (0.0, 0.0, 0.0, 0.0, 0.0, 0.0)
2025-12-10 00:13:03 [INFO] [BRIDGE] [LOG] osc.show_bridge.in - RECV /state/group/3/color/autopilot (0.0, 0.0, 0.0, 0.0, 0.0)
2025-12-10 00:13:03 [INFO] [BRIDGE] [LOG] osc.show_bridge.in - RECV /state/group/8/transforms/autopilot (0.0, 0.0, 0.0, 0.0, 0.0, 0.0)
2025-12-10 00:13:03 [INFO] [BRIDGE] [LOG] osc.show_bridge.in - RECV /state/group/4/effects/enabled (0.0, 0.0, 0.0, 0.0, 0.0, 0.0)
2025-12-10 00:13:03 [INFO] [BRIDGE] [LOG] osc.show_bridge.in - RECV /state/group/7/playing/autopilot (0.0, 0.0, 0.0, 0.0, 0.0, 0.0)
2025-12-10 00:13:03 [INFO] [BRIDGE] [LOG] osc.show_bridge.in - RECV /state/group/7/effects/enabled (0.0, 0.0, 0.0, 0.0)
2025-12-10 00:13:03 [INFO] [BRIDGE] [LOG] osc.show_bridge.in - RECV /state/group/6/color/autopilot (0.0, 0.0, 0.0, 0.0, 0.0, 0.0)
2025-12-10 00:13:03 [INFO] [BRIDGE] [LOG] osc.show_bridge.in - RECV /state/group/3/effects/autopilot (0.0, 0.0, 0.0, 0.0, 0.0, 0.0)
2025-12-10 00:13:03 [INFO] [BRIDGE] [LOG] osc.show_bridge.in - RECV /state/group/3/color/enabled (0.0, 0.0, 0.0, 0.0, 0.0)
2025-12-10 00:13:03 [INFO] [BRIDGE] [LOG] osc.show_bridge.in - RECV /state/group/4/transforms/autopilot (0.0, 0.0, 0.0, 0.0, 0.0, 0.0)
2025-12-10 00:13:03 [INFO] [BRIDGE] [LOG] osc.show_bridge.in - RECV /state/group/8/transforms/enabled (0.0, 0.0, 0.0, 0.0, 0.0, 0.0)
2025-12-10 00:13:03 [INFO] [BRIDGE] [LOG] osc.show_bridge.in - RECV /state/group/7/playing/enabled (0.0, 0.0, 0.0, 0.0, 0.0, 0.0)
2025-12-10 00:13:03 [INFO] [BRIDGE] [LOG] osc.show_bridge.in - RECV /state/group/7/transforms/autopilot (0.0, 0.0, 0.0, 0.0)
2025-12-10 00:13:03 [INFO] [BRIDGE] [LOG] osc.show_bridge.in - RECV /state/group/6/color/enabled (0.0, 0.0, 0.0, 0.0, 0.0, 0.0)
2025-12-10 00:13:03 [INFO] [BRIDGE] [LOG] osc.show_bridge.in - RECV /state/group/3/effects/enabled (0.0, 0.0, 0.0, 0.0, 0.0, 0.0)
2025-12-10 00:13:03 [INFO] [BRIDGE] [LOG] osc.show_bridge.in - RECV /state/group/4/opacity (0.6299213171005249, 0.6299213171005249, 0.0, 0.0, 0.0)
2025-12-10 00:13:03 [INFO] [BRIDGE] [LOG] osc.show_bridge.in - RECV /state/group/4/transforms/enabled (0.0, 0.0, 0.0, 0.0, 0.0, 0.0)
2025-12-10 00:13:03 [INFO] [BRIDGE] [LOG] osc.show_bridge.in - RECV /state/group/8/dynamic_masks/autopilot (0.0, 0.0, 0.0, 0.0, 0.0, 0.0)
2025-12-10 00:13:03 [INFO] [BRIDGE] [LOG] osc.show_bridge.in - RECV /state/group/7/effects/autopilot (0.0, 0.0, 0.0, 0.0, 0.0, 0.0)
2025-12-10 00:13:03 [INFO] [BRIDGE] [LOG] osc.show_bridge.in - RECV /state/group/7/transforms/enabled (0.0, 0.0, 0.0, 0.0)
2025-12-10 00:13:03 [INFO] [BRIDGE] [LOG] osc.show_bridge.in - RECV /state/group/7/opacity (0.0, 0.0, 0.0, 0.0, 0.0, 0.0)
2025-12-10 00:13:03 [INFO] [BRIDGE] [LOG] osc.show_bridge.in - RECV /state/group/3/transforms/autopilot (0.0, 0.0, 0.0, 0.0, 0.0, 0.0)
2025-12-10 00:13:03 [INFO] [BRIDGE] [LOG] osc.show_bridge.in - RECV /state/group/4/intensity (0.0, 0.0, 0.0, 0.0, 0.0)
2025-12-10 00:13:03 [INFO] [BRIDGE] [LOG] osc.show_bridge.in - RECV /state/group/4/dynamic_masks/autopilot (0.0, 0.0, 0.0, 0.0, 0.0, 0.0)
2025-12-10 00:13:03 [INFO] [BRIDGE] [LOG] osc.show_bridge.in - RECV /state/group/8/dynamic_masks/enabled (0.0, 0.0, 0.0, 0.0, 0.0, 0.0)
2025-12-10 00:13:03 [INFO] [BRIDGE] [LOG] osc.show_bridge.in - RECV /state/group/7/effects/enabled (0.0, 0.0, 0.0, 0.0, 0.0, 0.0)
2025-12-10 00:13:03 [INFO] [BRIDGE] [LOG] osc.show_bridge.in - RECV /state/group/7/dynamic_masks/autopilot (0.0, 0.0, 0.0, 0.0)
2025-12-10 00:13:03 [INFO] [BRIDGE] [LOG] osc.show_bridge.in - RECV /state/group/7/intensity (0.0, 0.0, 0.0, 0.0, 0.0, 0.0)
2025-12-10 00:13:03 [INFO] [BRIDGE] [LOG] osc.show_bridge.in - RECV /state/group/3/transforms/enabled (0.0, 0.0, 0.0, 0.0, 0.0, 0.0)
2025-12-10 00:13:03 [INFO] [BRIDGE] [LOG] osc.show_bridge.in - RECV /state/group/4/playing/autopilot (0.0, 0.0, 0.0, 0.0, 0.0)
2025-12-10 00:13:03 [INFO] [BRIDGE] [LOG] osc.show_bridge.in - RECV /state/group/4/dynamic_masks/enabled (0.0, 0.0, 0.0, 0.0, 0.0, 0.0)
2025-12-10 00:13:03 [INFO] [BRIDGE] [LOG] osc.show_bridge.in - RECV /state/group/8/color/autopilot (0.0, 0.0, 0.0, 0.0, 0.0, 0.0)
2025-12-10 00:13:03 [INFO] [BRIDGE] [LOG] osc.show_bridge.in - RECV /state/group/7/transforms/autopilot (0.0, 0.0, 0.0, 0.0, 0.0, 0.0)
2025-12-10 00:13:03 [INFO] [BRIDGE] [LOG] osc.show_bridge.in - RECV /state/group/7/dynamic_masks/enabled (0.0, 0.0, 0.0, 0.0)
2025-12-10 00:13:03 [INFO] [BRIDGE] [LOG] osc.show_bridge.in - RECV /state/group/7/playing/autopilot (0.0, 0.0, 0.0, 0.0, 0.0, 0.0)
2025-12-10 00:13:03 [INFO] [BRIDGE] [LOG] osc.show_bridge.in - RECV /state/group/3/dynamic_masks/autopilot (0.0, 0.0, 0.0, 0.0, 0.0, 0.0)
2025-12-10 00:13:03 [INFO] [BRIDGE] [LOG] osc.show_bridge.in - RECV /state/group/4/playing/enabled (0.0, 0.0, 0.0, 0.0, 0.0)
2025-12-10 00:13:03 [INFO] [BRIDGE] [LOG] osc.show_bridge.in - RECV /state/group/4/color/autopilot (0.0, 0.0, 0.0, 0.0, 0.0, 0.0)
2025-12-10 00:13:03 [INFO] [BRIDGE] [LOG] osc.show_bridge.in - RECV /state/group/8/color/enabled (0.0, 0.0, 0.0, 0.0, 0.0, 0.0)
2025-12-10 00:13:03 [INFO] [BRIDGE] [LOG] osc.show_bridge.in - RECV /state/group/7/transforms/enabled (0.0, 0.0, 0.0, 0.0, 0.0, 0.0)
2025-12-10 00:13:03 [INFO] [BRIDGE] [LOG] osc.show_bridge.in - RECV /state/group/7/color/autopilot (0.0, 0.0, 0.0, 0.0)
2025-12-10 00:13:03 [INFO] [BRIDGE] [LOG] osc.show_bridge.in - RECV /state/group/7/playing/enabled (0.0, 0.0, 0.0, 0.0, 0.0, 0.0)
2025-12-10 00:13:03 [INFO] [BRIDGE] [LOG] osc.show_bridge.in - RECV /state/group/3/dynamic_masks/enabled (0.0, 0.0, 0.0, 0.0, 0.0, 0.0)
2025-12-10 00:13:03 [INFO] [BRIDGE] [LOG] osc.show_bridge.in - RECV /state/group/4/effects/autopilot (0.0, 0.0, 0.0, 0.0, 0.0)
2025-12-10 00:13:03 [INFO] [BRIDGE] [LOG] osc.show_bridge.in - RECV /state/group/4/color/enabled (0.0, 0.0, 0.0, 0.0, 0.0, 0.0)
2025-12-10 00:13:03 [INFO] [BRIDGE] [LOG] osc.show_bridge.in - RECV /state/group/7/dynamic_masks/autopilot (0.0, 0.0, 0.0, 0.0, 0.0, 0.0)
2025-12-10 00:13:03 [INFO] [BRIDGE] [LOG] osc.show_bridge.in - RECV /state/group/7/color/enabled (0.0, 0.0, 0.0, 0.0)
2025-12-10 00:13:03 [INFO] [BRIDGE] [LOG] osc.show_bridge.in - RECV /state/group/3/color/autopilot (0.0, 0.0, 0.0, 0.0, 0.0, 0.0)
2025-12-10 00:13:03 [INFO] [BRIDGE] [LOG] osc.show_bridge.in - RECV /state/group/7/effects/autopilot (0.0, 0.0, 0.0, 0.0, 0.0, 0.0)
2025-12-10 00:13:03 [INFO] [BRIDGE] [LOG] osc.show_bridge.in - RECV /state/group/4/effects/enabled (0.0, 0.0, 0.0, 0.0, 0.0)
2025-12-10 00:13:03 [INFO] [BRIDGE] [LOG] osc.show_bridge.in - RECV /state/group/5/opacity (0.0, 0.0, 0.0, 0.0, 0.0, 0.0)
2025-12-10 00:13:03 [INFO] [BRIDGE] [LOG] osc.show_bridge.in - RECV /state/group/7/dynamic_masks/enabled (0.0, 0.0, 0.0, 0.0, 0.0, 0.0)
2025-12-10 00:13:03 [INFO] [BRIDGE] [LOG] osc.show_bridge.in - RECV /state/group/8/opacity (0.0, 0.0, 0.0, 0.0)
2025-12-10 00:13:03 [INFO] [BRIDGE] [LOG] osc.show_bridge.in - RECV /state/group/3/color/enabled (0.0, 0.0, 0.0, 0.0, 0.0, 0.0)
2025-12-10 00:13:03 [INFO] [BRIDGE] [LOG] osc.show_bridge.in - RECV /state/group/7/effects/enabled (0.0, 0.0, 0.0, 0.0, 0.0, 0.0)
2025-12-10 00:13:03 [INFO] [BRIDGE] [LOG] osc.show_bridge.in - RECV /state/group/4/transforms/autopilot (0.0, 0.0, 0.0, 0.0, 0.0)
2025-12-10 00:13:03 [INFO] [BRIDGE] [LOG] osc.show_bridge.in - RECV /state/group/5/intensity (0.0, 0.0, 0.0, 0.0, 0.0, 0.0)
2025-12-10 00:13:03 [INFO] [BRIDGE] [LOG] osc.show_bridge.in - RECV /state/group/7/color/autopilot (0.0, 0.0, 0.0, 0.0, 0.0, 0.0)
2025-12-10 00:13:03 [INFO] [BRIDGE] [LOG] osc.show_bridge.in - RECV /state/group/8/intensity (0.0, 0.0, 0.0, 0.0)
2025-12-10 00:13:03 [INFO] [BRIDGE] [LOG] osc.show_bridge.in - RECV /state/group/4/opacity (0.0, 0.0, 0.0, 0.0, 0.0, 0.0)
2025-12-10 00:13:03 [INFO] [BRIDGE] [LOG] osc.show_bridge.in - RECV /state/group/7/transforms/autopilot (0.0, 0.0, 0.0, 0.0, 0.0, 0.0)
2025-12-10 00:13:03 [INFO] [BRIDGE] [LOG] osc.show_bridge.in - RECV /state/group/4/transforms/enabled (0.0, 0.0, 0.0, 0.0, 0.0)
2025-12-10 00:13:03 [INFO] [BRIDGE] [LOG] osc.show_bridge.in - RECV /state/group/5/playing/autopilot (0.0, 0.0, 0.0, 0.0, 0.0, 0.0)
2025-12-10 00:13:03 [INFO] [BRIDGE] [LOG] osc.show_bridge.in - RECV /state/group/7/color/enabled (0.0, 0.0, 0.0, 0.0, 0.0, 0.0)
2025-12-10 00:13:03 [INFO] [BRIDGE] [LOG] osc.show_bridge.in - RECV /state/group/8/playing/autopilot (0.0, 0.0, 0.0, 0.0)
2025-12-10 00:13:03 [INFO] [BRIDGE] [LOG] osc.show_bridge.in - RECV /state/group/4/intensity (0.0, 0.0, 0.0, 0.0, 0.0, 0.0)
2025-12-10 00:13:03 [INFO] [BRIDGE] [LOG] osc.show_bridge.in - RECV /state/group/7/transforms/enabled (0.0, 0.0, 0.0, 0.0, 0.0, 0.0)
2025-12-10 00:13:03 [INFO] [BRIDGE] [LOG] osc.show_bridge.in - RECV /state/group/4/dynamic_masks/autopilot (0.0, 0.0, 0.0, 0.0, 0.0)
2025-12-10 00:13:03 [INFO] [BRIDGE] [LOG] osc.show_bridge.in - RECV /state/group/5/playing/enabled (0.0, 0.0, 0.0, 0.0, 0.0, 0.0)
2025-12-10 00:13:03 [INFO] [BRIDGE] [LOG] osc.show_bridge.in - RECV /state/group/8/opacity (0.0, 0.0, 0.0, 0.0, 0.0, 0.0)
2025-12-10 00:13:03 [INFO] [BRIDGE] [LOG] osc.show_bridge.in - RECV /state/group/8/playing/enabled (0.0, 0.0, 0.0, 0.0)
2025-12-10 00:13:03 [INFO] [BRIDGE] [LOG] osc.show_bridge.in - RECV /state/group/4/playing/autopilot (0.0, 0.0, 0.0, 0.0, 0.0, 0.0)
2025-12-10 00:13:03 [INFO] [BRIDGE] [LOG] osc.show_bridge.in - RECV /state/group/7/dynamic_masks/autopilot (0.0, 0.0, 0.0, 0.0, 0.0, 0.0)
2025-12-10 00:13:03 [INFO] [BRIDGE] [LOG] osc.show_bridge.in - RECV /state/group/4/dynamic_masks/enabled (0.0, 0.0, 0.0, 0.0, 0.0)
2025-12-10 00:13:03 [INFO] [BRIDGE] [LOG] osc.show_bridge.in - RECV /state/group/5/effects/autopilot (0.0, 0.0, 0.0, 0.0, 0.0, 0.0)
2025-12-10 00:13:03 [INFO] [BRIDGE] [LOG] osc.show_bridge.in - RECV /state/group/8/intensity (0.0, 0.0, 0.0, 0.0, 0.0, 0.0)
2025-12-10 00:13:03 [INFO] [BRIDGE] [LOG] osc.show_bridge.in - RECV /state/group/8/effects/autopilot (0.0, 0.0, 0.0, 0.0)
2025-12-10 00:13:03 [INFO] [BRIDGE] [LOG] osc.show_bridge.in - RECV /state/group/4/playing/enabled (0.0, 0.0, 0.0, 0.0, 0.0, 0.0)
2025-12-10 00:13:03 [INFO] [BRIDGE] [LOG] osc.show_bridge.in - RECV /state/group/7/dynamic_masks/enabled (0.0, 0.0, 0.0, 0.0, 0.0, 0.0)
2025-12-10 00:13:03 [INFO] [BRIDGE] [LOG] osc.show_bridge.in - RECV /state/group/4/color/autopilot (0.0, 0.0, 0.0, 0.0, 0.0)
2025-12-10 00:13:03 [INFO] [BRIDGE] [LOG] osc.show_bridge.in - RECV /state/group/5/effects/enabled (0.0, 0.0, 0.0, 0.0, 0.0, 0.0)
2025-12-10 00:13:03 [INFO] [BRIDGE] [LOG] osc.show_bridge.in - RECV /state/group/8/playing/autopilot (0.0, 0.0, 0.0, 0.0, 0.0, 0.0)
2025-12-10 00:13:03 [INFO] [BRIDGE] [LOG] osc.show_bridge.in - RECV /state/group/8/effects/enabled (0.0, 0.0, 0.0, 0.0)
2025-12-10 00:13:03 [INFO] [BRIDGE] [LOG] osc.show_bridge.in - RECV /state/group/4/effects/autopilot (0.0, 0.0, 0.0, 0.0, 0.0, 0.0)
2025-12-10 00:13:03 [INFO] [BRIDGE] [LOG] osc.show_bridge.in - RECV /state/group/7/color/autopilot (0.0, 0.0, 0.0, 0.0, 0.0, 0.0)
2025-12-10 00:13:03 [INFO] [BRIDGE] [LOG] osc.show_bridge.in - RECV /state/group/4/color/enabled (0.0, 0.0, 0.0, 0.0, 0.0)
2025-12-10 00:13:03 [INFO] [BRIDGE] [LOG] osc.show_bridge.in - RECV /state/group/5/transforms/autopilot (0.0, 0.0, 0.0, 0.0, 0.0, 0.0)
2025-12-10 00:13:03 [INFO] [BRIDGE] [LOG] osc.show_bridge.in - RECV /state/group/8/playing/enabled (0.0, 0.0, 0.0, 0.0, 0.0, 0.0)
2025-12-10 00:13:03 [INFO] [BRIDGE] [LOG] osc.show_bridge.in - RECV /state/group/8/transforms/autopilot (0.0, 0.0, 0.0, 0.0)
2025-12-10 00:13:03 [INFO] [BRIDGE] [LOG] osc.show_bridge.in - RECV /state/group/4/effects/enabled (0.0, 0.0, 0.0, 0.0, 0.0, 0.0)
2025-12-10 00:13:03 [INFO] [BRIDGE] [LOG] osc.show_bridge.in - RECV /state/group/7/color/enabled (0.0, 0.0, 0.0, 0.0, 0.0, 0.0)
2025-12-10 00:13:03 [INFO] [BRIDGE] [LOG] osc.show_bridge.in - RECV /_samplerate (60.0,)
2025-12-10 00:13:03 [INFO] [BRIDGE] [LOG] osc.show_bridge.in - RECV /state/group/5/opacity (0.0, 0.0, 0.0, 0.0, 0.0)
2025-12-10 00:13:03 [INFO] [BRIDGE] [LOG] osc.show_bridge.in - RECV /state/group/5/transforms/enabled (0.0, 0.0, 0.0, 0.0, 0.0, 0.0)
2025-12-10 00:13:03 [INFO] [BRIDGE] [LOG] osc.show_bridge.in - RECV /composition/sync (0.0, 0.0, 0.0, 0.0, 0.0, 0.0)
2025-12-10 00:13:03 [INFO] [BRIDGE] [LOG] osc.show_bridge.in - RECV /state/group/1/opacity (0.0, 0.0, 0.0, 0.0, 0.0, 0.0)
2025-12-10 00:13:03 [INFO] [BRIDGE] [LOG] osc.show_bridge.in - RECV /state/group/8/effects/autopilot (0.0, 0.0, 0.0, 0.0, 0.0, 0.0)
2025-12-10 00:13:03 [INFO] [BRIDGE] [LOG] osc.show_bridge.in - RECV /state/group/8/transforms/enabled (0.0, 0.0, 0.0, 0.0)
2025-12-10 00:13:03 [INFO] [BRIDGE] [LOG] osc.show_bridge.in - RECV /state/group/4/transforms/autopilot (0.0, 0.0, 0.0, 0.0, 0.0, 0.0)
2025-12-10 00:13:03 [INFO] [BRIDGE] [LOG] osc.show_bridge.in - RECV /state/group/8/opacity (0.0, 0.0, 0.0, 0.0, 0.0, 0.0)
2025-12-10 00:13:03 [INFO] [BRIDGE] [LOG] osc.show_bridge.in - RECV /state/group/5/intensity (0.0, 0.0, 0.0, 0.0, 0.0)
2025-12-10 00:13:03 [INFO] [BRIDGE] [LOG] osc.show_bridge.in - RECV /state/group/5/dynamic_masks/autopilot (0.0, 0.0, 0.0, 0.0, 0.0, 0.0)
2025-12-10 00:13:03 [INFO] [BRIDGE] [LOG] osc.show_bridge.in - RECV /state/group/1/intensity (0.0, 0.0, 0.0, 0.0, 0.0, 0.0)
2025-12-10 00:13:03 [INFO] [BRIDGE] [LOG] osc.show_bridge.in - RECV /state/group/8/effects/enabled (0.0, 0.0, 0.0, 0.0, 0.0, 0.0)
2025-12-10 00:13:03 [INFO] [BRIDGE] [LOG] osc.show_bridge.in - RECV /state/group/8/dynamic_masks/autopilot (0.0, 0.0, 0.0, 0.0)
2025-12-10 00:13:03 [INFO] [BRIDGE] [LOG] osc.show_bridge.in - RECV /state/group/4/transforms/enabled (0.0, 0.0, 0.0, 0.0, 0.0, 0.0)
2025-12-10 00:13:03 [INFO] [BRIDGE] [LOG] osc.show_bridge.in - RECV /state/group/8/intensity (0.0, 0.0, 0.0, 0.0, 0.0, 0.0)
2025-12-10 00:13:03 [INFO] [BRIDGE] [LOG] osc.show_bridge.in - RECV /state/group/5/playing/autopilot (0.0, 0.0, 0.0, 0.0, 0.0)
2025-12-10 00:13:03 [INFO] [BRIDGE] [LOG] osc.show_bridge.in - RECV /state/group/5/dynamic_masks/enabled (0.0, 0.0, 0.0, 0.0, 0.0, 0.0)
2025-12-10 00:13:03 [INFO] [BRIDGE] [LOG] osc.show_bridge.in - RECV /state/group/1/playing/autopilot (0.0, 0.0, 0.0, 0.0, 0.0, 0.0)
2025-12-10 00:13:03 [INFO] [BRIDGE] [LOG] osc.show_bridge.in - RECV /state/group/8/transforms/autopilot (0.0, 0.0, 0.0, 0.0, 0.0, 0.0)
2025-12-10 00:13:03 [INFO] [BRIDGE] [LOG] osc.show_bridge.in - RECV /state/group/8/dynamic_masks/enabled (0.0, 0.0, 0.0, 0.0)
2025-12-10 00:13:03 [INFO] [BRIDGE] [LOG] osc.show_bridge.in - RECV /state/group/4/dynamic_masks/autopilot (0.0, 0.0, 0.0, 0.0, 0.0, 0.0)
2025-12-10 00:13:03 [INFO] [BRIDGE] [LOG] osc.show_bridge.in - RECV /state/group/8/playing/autopilot (0.0, 0.0, 0.0, 0.0, 0.0, 0.0)
2025-12-10 00:13:03 [INFO] [BRIDGE] [LOG] osc.show_bridge.in - RECV /state/group/5/playing/enabled (0.0, 0.0, 0.0, 0.0, 0.0)
2025-12-10 00:13:03 [INFO] [BRIDGE] [LOG] osc.show_bridge.in - RECV /state/group/5/color/autopilot (0.0, 0.0, 0.0, 0.0, 0.0, 0.0)
2025-12-10 00:13:03 [INFO] [BRIDGE] [LOG] osc.show_bridge.in - RECV /state/group/1/playing/enabled (0.0, 0.0, 0.0, 0.0, 0.0, 0.0)
2025-12-10 00:13:03 [INFO] [BRIDGE] [LOG] osc.show_bridge.in - RECV /state/group/8/transforms/enabled (0.0, 0.0, 0.0, 0.0, 0.0, 0.0)
2025-12-10 00:13:03 [INFO] [BRIDGE] [LOG] osc.show_bridge.in - RECV /state/group/8/color/autopilot (0.0, 0.0, 0.0, 0.0)
2025-12-10 00:13:03 [INFO] [BRIDGE] [LOG] osc.show_bridge.in - RECV /state/group/4/dynamic_masks/enabled (0.0, 0.0, 0.0, 0.0, 0.0, 0.0)
2025-12-10 00:13:03 [INFO] [BRIDGE] [LOG] osc.show_bridge.in - RECV /state/group/8/playing/enabled (0.0, 0.0, 0.0, 0.0, 0.0, 0.0)
2025-12-10 00:13:03 [INFO] [BRIDGE] [LOG] osc.show_bridge.in - RECV /state/group/5/effects/autopilot (0.0, 0.0, 0.0, 0.0, 0.0)
2025-12-10 00:13:03 [INFO] [BRIDGE] [LOG] osc.show_bridge.in - RECV /state/group/5/color/enabled (0.0, 0.0, 0.0, 0.0, 0.0, 0.0)
2025-12-10 00:13:03 [INFO] [BRIDGE] [LOG] osc.show_bridge.in - RECV /state/group/1/effects/autopilot (0.0, 0.0, 0.0, 0.0, 0.0, 0.0)
2025-12-10 00:13:03 [INFO] [BRIDGE] [LOG] osc.show_bridge.in - RECV /state/group/8/dynamic_masks/autopilot (0.0, 0.0, 0.0, 0.0, 0.0, 0.0)
2025-12-10 00:13:03 [INFO] [BRIDGE] [LOG] osc.show_bridge.in - RECV /state/group/8/color/enabled (0.0, 0.0, 0.0, 0.0)
2025-12-10 00:13:03 [INFO] [BRIDGE] [LOG] osc.show_bridge.in - RECV /state/group/4/color/autopilot (0.0, 0.0, 0.0, 0.0, 0.0, 0.0)
2025-12-10 00:13:03 [INFO] [BRIDGE] [LOG] osc.show_bridge.in - RECV /state/group/8/effects/autopilot (0.0, 0.0, 0.0, 0.0, 0.0, 0.0)
2025-12-10 00:13:03 [INFO] [BRIDGE] [LOG] osc.show_bridge.in - RECV /state/group/5/effects/enabled (0.0, 0.0, 0.0, 0.0, 0.0)
2025-12-10 00:13:03 [INFO] [BRIDGE] [LOG] osc.show_bridge.in - RECV /state/group/6/opacity (0.0, 0.0, 0.0, 0.0, 0.0, 0.0)
2025-12-10 00:13:03 [INFO] [BRIDGE] [LOG] osc.show_bridge.in - RECV /_samplerate (60.0,)
2025-12-10 00:13:03 [INFO] [BRIDGE] [LOG] osc.show_bridge.in - RECV /composition/sync (0.0, 0.0, 0.0, 0.0, 0.0, 0.0)
2025-12-10 00:13:03 [INFO] [BRIDGE] [LOG] osc.show_bridge.in - RECV /state/group/8/dynamic_masks/enabled (0.0, 0.0, 0.0, 0.0, 0.0, 0.0)
2025-12-10 00:13:03 [INFO] [BRIDGE] [LOG] osc.show_bridge.in - RECV /state/group/1/opacity (0.0, 0.0, 0.0, 0.0, 0.0, 0.0)
2025-12-10 00:13:03 [INFO] [BRIDGE] [LOG] osc.show_bridge.in - RECV /state/group/1/effects/enabled (0.0, 0.0, 0.0, 0.0, 0.0, 0.0)
2025-12-10 00:13:03 [INFO] [BRIDGE] [LOG] osc.show_bridge.in - RECV /state/group/8/effects/enabled (0.0, 0.0, 0.0, 0.0, 0.0, 0.0)
2025-12-10 00:13:03 [INFO] [BRIDGE] [LOG] osc.show_bridge.in - RECV /state/group/5/transforms/autopilot (0.0, 0.0, 0.0, 0.0, 0.0)
2025-12-10 00:13:03 [INFO] [BRIDGE] [LOG] osc.show_bridge.in - RECV /state/group/6/intensity (0.0, 0.0, 0.0, 0.0, 0.0, 0.0)
2025-12-10 00:13:03 [INFO] [BRIDGE] [LOG] osc.show_bridge.in - RECV /state/group/4/color/enabled (0.0, 0.0, 0.0, 0.0, 0.0, 0.0)
2025-12-10 00:13:03 [INFO] [BRIDGE] [LOG] osc.show_bridge.in - RECV /state/group/8/color/autopilot (0.0, 0.0, 0.0, 0.0, 0.0, 0.0)
2025-12-10 00:13:03 [INFO] [BRIDGE] [LOG] osc.show_bridge.in - RECV /state/group/1/intensity (0.0, 0.0, 0.0, 0.0, 0.0, 0.0)
2025-12-10 00:13:03 [INFO] [BRIDGE] [LOG] osc.show_bridge.in - RECV /state/group/1/transforms/autopilot (0.0, 0.0, 0.0, 0.0, 0.0, 0.0)
2025-12-10 00:13:03 [INFO] [BRIDGE] [LOG] osc.show_bridge.in - RECV /state/group/8/transforms/autopilot (0.0, 0.0, 0.0, 0.0, 0.0, 0.0)
2025-12-10 00:13:03 [INFO] [BRIDGE] [LOG] osc.show_bridge.in - RECV /state/group/5/transforms/enabled (0.0, 0.0, 0.0, 0.0, 0.0)
2025-12-10 00:13:03 [INFO] [BRIDGE] [LOG] osc.show_bridge.in - RECV /state/group/6/playing/autopilot (0.0, 0.0, 0.0, 0.0, 0.0, 0.0)
2025-12-10 00:13:03 [INFO] [BRIDGE] [LOG] osc.show_bridge.in - RECV /state/group/5/opacity (0.0, 0.0, 0.0, 0.0, 0.0, 0.0)
2025-12-10 00:13:03 [INFO] [BRIDGE] [LOG] osc.show_bridge.in - RECV /state/group/8/color/enabled (0.0, 0.0, 0.0, 0.0, 0.0, 0.0)
2025-12-10 00:13:03 [INFO] [BRIDGE] [LOG] osc.show_bridge.in - RECV /state/group/1/playing/autopilot (0.0, 0.0, 0.0, 0.0, 0.0, 0.0)
2025-12-10 00:13:03 [INFO] [BRIDGE] [LOG] osc.show_bridge.in - RECV /state/group/1/transforms/enabled (0.0, 0.0, 0.0, 0.0, 0.0, 0.0)
2025-12-10 00:13:03 [INFO] [BRIDGE] [LOG] osc.show_bridge.in - RECV /state/group/8/transforms/enabled (0.0, 0.0, 0.0, 0.0, 0.0, 0.0)
2025-12-10 00:13:03 [INFO] [BRIDGE] [LOG] osc.show_bridge.in - RECV /state/group/5/dynamic_masks/autopilot (0.0, 0.0, 0.0, 0.0, 0.0)
2025-12-10 00:13:03 [INFO] [BRIDGE] [LOG] osc.show_bridge.in - RECV /state/group/6/playing/enabled (0.0, 0.0, 0.0, 0.0, 0.0, 0.0)
2025-12-10 00:13:03 [INFO] [BRIDGE] [LOG] osc.show_bridge.in - RECV /state/group/5/intensity (0.0, 0.0, 0.0, 0.0, 0.0, 0.0)
2025-12-10 00:13:03 [INFO] [BRIDGE] [LOG] osc.show_bridge.in - RECV /state/group/1/playing/enabled (0.0, 0.0, 0.0, 0.0, 0.0, 0.0)
2025-12-10 00:13:03 [INFO] [BRIDGE] [LOG] osc.show_bridge.in - RECV /state/group/1/dynamic_masks/autopilot (0.0, 0.0, 0.0, 0.0, 0.0, 0.0)
2025-12-10 00:13:03 [INFO] [BRIDGE] [LOG] osc.show_bridge.in - RECV /state/group/8/dynamic_masks/autopilot (0.0, 0.0, 0.0, 0.0, 0.0, 0.0)
2025-12-10 00:13:03 [INFO] [BRIDGE] [LOG] osc.show_bridge.in - RECV /state/group/5/dynamic_masks/enabled (0.0, 0.0, 0.0, 0.0, 0.0)
2025-12-10 00:13:03 [INFO] [BRIDGE] [LOG] osc.show_bridge.in - RECV /state/group/6/effects/autopilot (0.0, 0.0, 0.0, 0.0, 0.0, 0.0)
2025-12-10 00:13:03 [INFO] [BRIDGE] [LOG] osc.show_bridge.in - RECV /state/group/5/playing/autopilot (0.0, 0.0, 0.0, 0.0, 0.0, 0.0)
2025-12-10 00:13:03 [INFO] [BRIDGE] [LOG] osc.show_bridge.in - RECV /state/group/1/effects/autopilot (0.0, 0.0, 0.0, 0.0, 0.0, 0.0)
2025-12-10 00:13:03 [INFO] [BRIDGE] [LOG] osc.show_bridge.in - RECV /state/group/1/dynamic_masks/enabled (0.0, 0.0, 0.0, 0.0, 0.0, 0.0)
2025-12-10 00:13:03 [INFO] [BRIDGE] [LOG] osc.show_bridge.in - RECV /state/group/8/dynamic_masks/enabled (0.0, 0.0, 0.0, 0.0, 0.0, 0.0)
2025-12-10 00:13:03 [INFO] [BRIDGE] [LOG] osc.show_bridge.in - RECV /state/group/5/color/autopilot (0.0, 0.0, 0.0, 0.0, 0.0)
2025-12-10 00:13:03 [INFO] [BRIDGE] [LOG] osc.show_bridge.in - RECV /state/group/6/effects/enabled (0.0, 0.0, 0.0, 0.0, 0.0, 0.0)
2025-12-10 00:13:03 [INFO] [BRIDGE] [LOG] osc.show_bridge.in - RECV /state/group/5/playing/enabled (0.0, 0.0, 0.0, 0.0, 0.0, 0.0)
2025-12-10 00:13:03 [INFO] [BRIDGE] [LOG] osc.show_bridge.in - RECV /state/group/8/color/autopilot (0.0, 0.0, 0.0, 0.0, 0.0, 0.0)
2025-12-10 00:13:03 [INFO] [BRIDGE] [LOG] osc.show_bridge.in - RECV /state/group/1/effects/enabled (0.0, 0.0, 0.0, 0.0, 0.0, 0.0)
2025-12-10 00:13:03 [INFO] [BRIDGE] [LOG] osc.show_bridge.in - RECV /state/group/1/color/autopilot (0.0, 0.0, 0.0, 0.0, 0.0, 0.0)
2025-12-10 00:13:03 [INFO] [BRIDGE] [LOG] osc.show_bridge.in - RECV /state/group/5/color/enabled (0.0, 0.0, 0.0, 0.0, 0.0)
2025-12-10 00:13:03 [INFO] [BRIDGE] [LOG] osc.show_bridge.in - RECV /state/group/5/effects/autopilot (0.0, 0.0, 0.0, 0.0, 0.0, 0.0)
2025-12-10 00:13:03 [INFO] [BRIDGE] [LOG] osc.show_bridge.in - RECV /state/group/6/transforms/autopilot (0.0, 0.0, 0.0, 0.0, 0.0, 0.0)
2025-12-10 00:13:03 [INFO] [BRIDGE] [LOG] osc.show_bridge.in - RECV /state/group/8/color/enabled (0.0, 0.0, 0.0, 0.0, 0.0, 0.0)
2025-12-10 00:13:03 [INFO] [BRIDGE] [LOG] osc.show_bridge.in - RECV /state/group/1/transforms/autopilot (0.0, 0.0, 0.0, 0.0, 0.0, 0.0)
2025-12-10 00:13:03 [INFO] [BRIDGE] [LOG] osc.show_bridge.in - RECV /state/group/1/color/enabled (0.0, 0.0, 0.0, 0.0, 0.0, 0.0)
2025-12-10 00:13:03 [INFO] [BRIDGE] [LOG] osc.show_bridge.in - RECV /state/group/6/opacity (0.0, 0.0, 0.0, 0.0, 0.0)
2025-12-10 00:13:03 [INFO] [BRIDGE] [LOG] osc.show_bridge.in - RECV /state/group/5/effects/enabled (0.0, 0.0, 0.0, 0.0, 0.0, 0.0)
2025-12-10 00:13:03 [INFO] [BRIDGE] [LOG] osc.show_bridge.in - RECV /state/group/6/transforms/enabled (0.0, 0.0, 0.0, 0.0, 0.0, 0.0)
2025-12-10 00:13:03 [INFO] [BRIDGE] [LOG] osc.show_bridge.in - RECV /state/group/1/transforms/enabled (0.0, 0.0, 0.0, 0.0, 0.0, 0.0)
2025-12-10 00:13:03 [INFO] [BRIDGE] [LOG] osc.show_bridge.in - RECV /state/group/2/opacity (0.0, 0.0, 0.0, 0.0, 0.0, 0.0)
2025-12-10 00:13:03 [INFO] [BRIDGE] [LOG] osc.show_bridge.in - RECV /state/group/6/intensity (0.0, 0.0, 0.0, 0.0, 0.0)
2025-12-10 00:13:03 [INFO] [BRIDGE] [LOG] osc.show_bridge.in - RECV /state/group/5/transforms/autopilot (0.0, 0.0, 0.0, 0.0, 0.0, 0.0)
2025-12-10 00:13:03 [INFO] [BRIDGE] [LOG] osc.show_bridge.in - RECV /state/group/6/dynamic_masks/autopilot (0.0, 0.0, 0.0, 0.0, 0.0, 0.0)
2025-12-10 00:13:03 [INFO] [BRIDGE] [LOG] osc.show_bridge.in - RECV /state/group/1/dynamic_masks/autopilot (0.0, 0.0, 0.0, 0.0, 0.0, 0.0)
2025-12-10 00:13:03 [INFO] [BRIDGE] [LOG] osc.show_bridge.in - RECV /state/group/2/intensity (0.0, 0.0, 0.0, 0.0, 0.0, 0.0)
2025-12-10 00:13:03 [INFO] [BRIDGE] [LOG] osc.show_bridge.in - RECV /state/group/6/playing/autopilot (0.0, 0.0, 0.0, 0.0, 0.0)
2025-12-10 00:13:03 [INFO] [BRIDGE] [LOG] osc.show_bridge.in - RECV /state/group/5/transforms/enabled (0.0, 0.0, 0.0, 0.0, 0.0, 0.0)
2025-12-10 00:13:03 [INFO] [BRIDGE] [LOG] osc.show_bridge.in - RECV /state/group/6/dynamic_masks/enabled (0.0, 0.0, 0.0, 0.0, 0.0, 0.0)
2025-12-10 00:13:03 [INFO] [BRIDGE] [LOG] osc.show_bridge.in - RECV /state/group/1/dynamic_masks/enabled (0.0, 0.0, 0.0, 0.0, 0.0, 0.0)
2025-12-10 00:13:03 [INFO] [BRIDGE] [LOG] osc.show_bridge.in - RECV /state/group/2/playing/autopilot (0.0, 0.0, 0.0, 0.0, 0.0, 0.0)
2025-12-10 00:13:03 [INFO] [BRIDGE] [LOG] osc.show_bridge.in - RECV /state/group/6/playing/enabled (0.0, 0.0, 0.0, 0.0, 0.0)
2025-12-10 00:13:03 [INFO] [BRIDGE] [LOG] osc.show_bridge.in - RECV /state/group/5/dynamic_masks/autopilot (0.0, 0.0, 0.0, 0.0, 0.0, 0.0)
2025-12-10 00:13:03 [INFO] [BRIDGE] [LOG] osc.show_bridge.in - RECV /state/group/6/color/autopilot (0.0, 0.0, 0.0, 0.0, 0.0, 0.0)
2025-12-10 00:13:03 [INFO] [BRIDGE] [LOG] osc.show_bridge.in - RECV /state/group/1/color/autopilot (0.0, 0.0, 0.0, 0.0, 0.0, 0.0)
2025-12-10 00:13:03 [INFO] [BRIDGE] [LOG] osc.show_bridge.in - RECV /state/group/2/playing/enabled (0.0, 0.0, 0.0, 0.0, 0.0, 0.0)
2025-12-10 00:13:03 [INFO] [BRIDGE] [LOG] osc.show_bridge.in - RECV /state/group/6/effects/autopilot (0.0, 0.0, 0.0, 0.0, 0.0)
2025-12-10 00:13:03 [INFO] [BRIDGE] [LOG] osc.show_bridge.in - RECV /state/group/5/dynamic_masks/enabled (0.0, 0.0, 0.0, 0.0, 0.0, 0.0)
2025-12-10 00:13:03 [INFO] [BRIDGE] [LOG] osc.show_bridge.in - RECV /state/group/6/color/enabled (0.0, 0.0, 0.0, 0.0, 0.0, 0.0)
2025-12-10 00:13:03 [INFO] [BRIDGE] [LOG] osc.show_bridge.in - RECV /state/group/1/color/enabled (0.0, 0.0, 0.0, 0.0, 0.0, 0.0)
2025-12-10 00:13:03 [INFO] [BRIDGE] [LOG] osc.show_bridge.in - RECV /state/group/2/effects/autopilot (0.0, 0.0, 0.0, 0.0, 0.0, 0.0)
2025-12-10 00:13:03 [INFO] [BRIDGE] [LOG] osc.show_bridge.in - RECV /state/group/6/effects/enabled (0.0, 0.0, 0.0, 0.0, 0.0)
2025-12-10 00:13:03 [INFO] [BRIDGE] [LOG] osc.show_bridge.in - RECV /state/group/5/color/autopilot (0.0, 0.0, 0.0, 0.0, 0.0, 0.0)
2025-12-10 00:13:03 [INFO] [BRIDGE] [LOG] osc.show_bridge.in - RECV /state/group/7/opacity (0.0, 0.0, 0.0, 0.0, 0.0, 0.0)
2025-12-10 00:13:03 [INFO] [BRIDGE] [LOG] osc.show_bridge.in - RECV /state/group/2/opacity (0.0, 0.0, 0.0, 0.0, 0.0, 0.0)
2025-12-10 00:13:03 [INFO] [BRIDGE] [LOG] osc.show_bridge.in - RECV /state/group/2/effects/enabled (0.0, 0.0, 0.0, 0.0, 0.0, 0.0)
2025-12-10 00:13:03 [INFO] [BRIDGE] [LOG] osc.show_bridge.in - RECV /state/group/6/transforms/autopilot (0.0, 0.0, 0.0, 0.0, 0.0)
2025-12-10 00:13:03 [INFO] [BRIDGE] [LOG] osc.show_bridge.in - RECV /state/group/5/color/enabled (0.0, 0.0, 0.0, 0.0, 0.0, 0.0)
2025-12-10 00:13:03 [INFO] [BRIDGE] [LOG] osc.show_bridge.in - RECV /state/group/7/intensity (0.0, 0.0, 0.0, 0.0, 0.0, 0.0)
2025-12-10 00:13:03 [INFO] [BRIDGE] [LOG] osc.show_bridge.in - RECV /state/group/2/intensity (0.0, 0.0, 0.0, 0.0, 0.0, 0.0)
2025-12-10 00:13:03 [INFO] [BRIDGE] [LOG] osc.show_bridge.in - RECV /state/group/2/transforms/autopilot (0.0, 0.0, 0.0, 0.0, 0.0, 0.0)
2025-12-10 00:13:03 [INFO] [BRIDGE] [LOG] osc.show_bridge.in - RECV /state/group/6/transforms/enabled (0.0, 0.0, 0.0, 0.0, 0.0)
2025-12-10 00:13:03 [INFO] [BRIDGE] [LOG] osc.show_bridge.in - RECV /state/group/6/opacity (0.0, 0.0, 0.0, 0.0, 0.0, 0.0)
2025-12-10 00:13:03 [INFO] [BRIDGE] [LOG] osc.show_bridge.in - RECV /state/group/7/playing/autopilot (0.0, 0.0, 0.0, 0.0, 0.0, 0.0)
2025-12-10 00:13:03 [INFO] [BRIDGE] [LOG] osc.show_bridge.in - RECV /state/group/2/playing/autopilot (0.0, 0.0, 0.0, 0.0, 0.0, 0.0)
2025-12-10 00:13:03 [INFO] [BRIDGE] [LOG] osc.show_bridge.in - RECV /state/group/2/transforms/enabled (0.0, 0.0, 0.0, 0.0, 0.0, 0.0)
2025-12-10 00:13:03 [INFO] [BRIDGE] [LOG] osc.show_bridge.in - RECV /state/group/6/dynamic_masks/autopilot (0.0, 0.0, 0.0, 0.0, 0.0)
2025-12-10 00:13:03 [INFO] [BRIDGE] [LOG] osc.show_bridge.in - RECV /state/group/6/intensity (0.0, 0.0, 0.0, 0.0, 0.0, 0.0)
2025-12-10 00:13:03 [INFO] [BRIDGE] [LOG] osc.show_bridge.in - RECV /state/group/7/playing/enabled (0.0, 0.0, 0.0, 0.0, 0.0, 0.0)
2025-12-10 00:13:03 [INFO] [BRIDGE] [LOG] osc.show_bridge.in - RECV /state/group/2/playing/enabled (0.0, 0.0, 0.0, 0.0, 0.0, 0.0)
2025-12-10 00:13:03 [INFO] [BRIDGE] [LOG] osc.show_bridge.in - RECV /state/group/2/dynamic_masks/autopilot (0.0, 0.0, 0.0, 0.0, 0.0, 0.0)
2025-12-10 00:13:03 [INFO] [BRIDGE] [LOG] osc.show_bridge.in - RECV /state/group/6/dynamic_masks/enabled (0.0, 0.0, 0.0, 0.0, 0.0)
2025-12-10 00:13:03 [INFO] [BRIDGE] [LOG] osc.show_bridge.in - RECV /state/group/6/playing/autopilot (0.0, 0.0, 0.0, 0.0, 0.0, 0.0)
2025-12-10 00:13:03 [INFO] [BRIDGE] [LOG] osc.show_bridge.in - RECV /state/group/7/effects/autopilot (0.0, 0.0, 0.0, 0.0, 0.0, 0.0)
2025-12-10 00:13:03 [INFO] [BRIDGE] [LOG] osc.show_bridge.in - RECV /state/group/2/effects/autopilot (0.0, 0.0, 0.0, 0.0, 0.0, 0.0)
2025-12-10 00:13:03 [INFO] [BRIDGE] [LOG] osc.show_bridge.in - RECV /state/group/2/dynamic_masks/enabled (0.0, 0.0, 0.0, 0.0, 0.0, 0.0)
2025-12-10 00:13:03 [INFO] [BRIDGE] [LOG] osc.show_bridge.in - RECV /state/group/6/color/autopilot (0.0, 0.0, 0.0, 0.0, 0.0)
2025-12-10 00:13:03 [INFO] [BRIDGE] [LOG] osc.show_bridge.in - RECV /state/group/6/playing/enabled (0.0, 0.0, 0.0, 0.0, 0.0, 0.0)
2025-12-10 00:13:03 [INFO] [BRIDGE] [LOG] osc.show_bridge.in - RECV /state/group/7/effects/enabled (0.0, 0.0, 0.0, 0.0, 0.0, 0.0)
2025-12-10 00:13:03 [INFO] [BRIDGE] [LOG] osc.show_bridge.in - RECV /state/group/2/effects/enabled (0.0, 0.0, 0.0, 0.0, 0.0, 0.0)
2025-12-10 00:13:03 [INFO] [BRIDGE] [LOG] osc.show_bridge.in - RECV /state/group/2/color/autopilot (0.0, 0.0, 0.0, 0.0, 0.0, 0.0)
2025-12-10 00:13:03 [INFO] [BRIDGE] [LOG] osc.show_bridge.in - RECV /state/group/6/color/enabled (0.0, 0.0, 0.0, 0.0, 0.0)
2025-12-10 00:13:03 [INFO] [BRIDGE] [LOG] osc.show_bridge.in - RECV /state/group/6/effects/autopilot (0.0, 0.0, 0.0, 0.0, 0.0, 0.0)
2025-12-10 00:13:03 [INFO] [BRIDGE] [LOG] osc.show_bridge.in - RECV /state/group/7/transforms/autopilot (0.0, 0.0, 0.0, 0.0, 0.0, 0.0)
2025-12-10 00:13:03 [INFO] [BRIDGE] [LOG] osc.show_bridge.in - RECV /state/group/2/transforms/autopilot (0.0, 0.0, 0.0, 0.0, 0.0, 0.0)
2025-12-10 00:13:03 [INFO] [BRIDGE] [LOG] osc.show_bridge.in - RECV /state/group/2/color/enabled (0.0, 0.0, 0.0, 0.0, 0.0, 0.0)
2025-12-10 00:13:03 [INFO] [BRIDGE] [LOG] osc.show_bridge.in - RECV /state/group/7/opacity (0.0, 0.0, 0.0, 0.0, 0.0)
2025-12-10 00:13:03 [INFO] [BRIDGE] [LOG] osc.show_bridge.in - RECV /state/group/6/effects/enabled (0.0, 0.0, 0.0, 0.0, 0.0, 0.0)
2025-12-10 00:13:03 [INFO] [BRIDGE] [LOG] osc.show_bridge.in - RECV /state/group/7/transforms/enabled (0.0, 0.0, 0.0, 0.0, 0.0, 0.0)
2025-12-10 00:13:03 [INFO] [BRIDGE] [LOG] osc.show_bridge.in - RECV /state/group/2/transforms/enabled (0.0, 0.0, 0.0, 0.0, 0.0, 0.0)
2025-12-10 00:13:03 [INFO] [BRIDGE] [LOG] osc.show_bridge.in - RECV /state/group/3/opacity (0.0, 0.0, 0.0, 0.0, 0.0, 0.0)
2025-12-10 00:13:03 [INFO] [BRIDGE] [LOG] osc.show_bridge.in - RECV /state/group/7/intensity (0.0, 0.0, 0.0, 0.0, 0.0)
2025-12-10 00:13:03 [INFO] [BRIDGE] [LOG] osc.show_bridge.in - RECV /state/group/6/transforms/autopilot (0.0, 0.0, 0.0, 0.0, 0.0, 0.0)
2025-12-10 00:13:03 [INFO] [BRIDGE] [LOG] osc.show_bridge.in - RECV /state/group/7/dynamic_masks/autopilot (0.0, 0.0, 0.0, 0.0, 0.0, 0.0)
2025-12-10 00:13:03 [INFO] [BRIDGE] [LOG] osc.show_bridge.in - RECV /state/group/2/dynamic_masks/autopilot (0.0, 0.0, 0.0, 0.0, 0.0, 0.0)
2025-12-10 00:13:03 [INFO] [BRIDGE] [LOG] osc.show_bridge.in - RECV /state/group/3/intensity (0.0, 0.0, 0.0, 0.0, 0.0, 0.0)
2025-12-10 00:13:03 [INFO] [BRIDGE] [LOG] osc.show_bridge.in - RECV /state/group/7/playing/autopilot (0.0, 0.0, 0.0, 0.0, 0.0)
2025-12-10 00:13:03 [INFO] [BRIDGE] [LOG] osc.show_bridge.in - RECV /state/group/6/transforms/enabled (0.0, 0.0, 0.0, 0.0, 0.0, 0.0)
2025-12-10 00:13:03 [INFO] [BRIDGE] [LOG] osc.show_bridge.in - RECV /state/group/7/dynamic_masks/enabled (0.0, 0.0, 0.0, 0.0, 0.0, 0.0)
2025-12-10 00:13:03 [INFO] [BRIDGE] [LOG] osc.show_bridge.in - RECV /state/group/2/dynamic_masks/enabled (0.0, 0.0, 0.0, 0.0, 0.0, 0.0)
2025-12-10 00:13:03 [INFO] [BRIDGE] [LOG] osc.show_bridge.in - RECV /state/group/3/playing/autopilot (0.0, 0.0, 0.0, 0.0, 0.0, 0.0)
2025-12-10 00:13:03 [INFO] [BRIDGE] [LOG] osc.show_bridge.in - RECV /state/group/7/playing/enabled (0.0, 0.0, 0.0, 0.0, 0.0)
2025-12-10 00:13:03 [INFO] [BRIDGE] [LOG] osc.show_bridge.in - RECV /state/group/6/dynamic_masks/autopilot (0.0, 0.0, 0.0, 0.0, 0.0, 0.0)
2025-12-10 00:13:03 [INFO] [BRIDGE] [LOG] osc.show_bridge.in - RECV /state/group/7/color/autopilot (0.0, 0.0, 0.0, 0.0, 0.0, 0.0)
2025-12-10 00:13:03 [INFO] [BRIDGE] [LOG] osc.show_bridge.in - RECV /state/group/2/color/autopilot (0.0, 0.0, 0.0, 0.0, 0.0, 0.0)
2025-12-10 00:13:03 [INFO] [BRIDGE] [LOG] osc.show_bridge.in - RECV /state/group/3/playing/enabled (0.0, 0.0, 0.0, 0.0, 0.0, 0.0)
2025-12-10 00:13:03 [INFO] [BRIDGE] [LOG] osc.show_bridge.in - RECV /state/group/7/effects/autopilot (0.0, 0.0, 0.0, 0.0, 0.0)
2025-12-10 00:13:03 [INFO] [BRIDGE] [LOG] osc.show_bridge.in - RECV /state/group/6/dynamic_masks/enabled (0.0, 0.0, 0.0, 0.0, 0.0, 0.0)
2025-12-10 00:13:03 [INFO] [BRIDGE] [LOG] osc.show_bridge.in - RECV /state/group/7/color/enabled (0.0, 0.0, 0.0, 0.0, 0.0, 0.0)
2025-12-10 00:13:03 [INFO] [BRIDGE] [LOG] osc.show_bridge.in - RECV /state/group/2/color/enabled (0.0, 0.0, 0.0, 0.0, 0.0, 0.0)
2025-12-10 00:13:03 [INFO] [BRIDGE] [LOG] osc.show_bridge.in - RECV /state/group/3/effects/autopilot (0.0, 0.0, 0.0, 0.0, 0.0, 0.0)
2025-12-10 00:13:03 [INFO] [BRIDGE] [LOG] osc.show_bridge.in - RECV /state/group/7/effects/enabled (0.0, 0.0, 0.0, 0.0, 0.0)
2025-12-10 00:13:03 [INFO] [BRIDGE] [LOG] osc.show_bridge.in - RECV /state/group/6/color/autopilot (0.0, 0.0, 0.0, 0.0, 0.0, 0.0)
2025-12-10 00:13:03 [INFO] [BRIDGE] [LOG] osc.show_bridge.in - RECV /state/group/8/opacity (0.0, 0.0, 0.0, 0.0, 0.0, 0.0)
2025-12-10 00:13:03 [INFO] [BRIDGE] [LOG] osc.show_bridge.in - RECV /state/group/3/opacity (0.0, 0.0, 0.0, 0.0, 0.0, 0.0)
2025-12-10 00:13:03 [INFO] [BRIDGE] [LOG] osc.show_bridge.in - RECV /state/group/3/effects/enabled (0.0, 0.0, 0.0, 0.0, 0.0, 0.0)
2025-12-10 00:13:03 [INFO] [BRIDGE] [LOG] osc.show_bridge.in - RECV /state/group/7/transforms/autopilot (0.0, 0.0, 0.0, 0.0, 0.0)
2025-12-10 00:13:03 [INFO] [BRIDGE] [LOG] osc.show_bridge.in - RECV /state/group/6/color/enabled (0.0, 0.0, 0.0, 0.0, 0.0, 0.0)
2025-12-10 00:13:03 [INFO] [BRIDGE] [LOG] osc.show_bridge.in - RECV /state/group/8/intensity (0.0, 0.0, 0.0, 0.0, 0.0, 0.0)
2025-12-10 00:13:03 [INFO] [BRIDGE] [LOG] osc.show_bridge.in - RECV /state/group/3/intensity (0.0, 0.0, 0.0, 0.0, 0.0, 0.0)
2025-12-10 00:13:03 [INFO] [BRIDGE] [LOG] osc.show_bridge.in - RECV /state/group/3/transforms/autopilot (0.0, 0.0, 0.0, 0.0, 0.0, 0.0)
2025-12-10 00:13:03 [INFO] [BRIDGE] [LOG] osc.show_bridge.in - RECV /state/group/7/transforms/enabled (0.0, 0.0, 0.0, 0.0, 0.0)
2025-12-10 00:13:03 [INFO] [BRIDGE] [LOG] osc.show_bridge.in - RECV /state/group/7/opacity (0.0, 0.0, 0.0, 0.0, 0.0, 0.0)
2025-12-10 00:13:03 [INFO] [BRIDGE] [LOG] osc.show_bridge.in - RECV /state/group/8/playing/autopilot (0.0, 0.0, 0.0, 0.0, 0.0, 0.0)
2025-12-10 00:13:03 [INFO] [BRIDGE] [LOG] osc.show_bridge.in - RECV /state/group/3/playing/autopilot (0.0, 0.0, 0.0, 0.0, 0.0, 0.0)
2025-12-10 00:13:03 [INFO] [BRIDGE] [LOG] osc.show_bridge.in - RECV /state/group/3/transforms/enabled (0.0, 0.0, 0.0, 0.0, 0.0, 0.0)
2025-12-10 00:13:03 [INFO] [BRIDGE] [LOG] osc.show_bridge.in - RECV /state/group/7/dynamic_masks/autopilot (0.0, 0.0, 0.0, 0.0, 0.0)
2025-12-10 00:13:03 [INFO] [BRIDGE] [LOG] osc.show_bridge.in - RECV /state/group/7/intensity (0.0, 0.0, 0.0, 0.0, 0.0, 0.0)
2025-12-10 00:13:03 [INFO] [BRIDGE] [LOG] osc.show_bridge.in - RECV /state/group/8/playing/enabled (0.0, 0.0, 0.0, 0.0, 0.0, 0.0)
2025-12-10 00:13:03 [INFO] [BRIDGE] [LOG] osc.show_bridge.in - RECV /state/group/3/playing/enabled (0.0, 0.0, 0.0, 0.0, 0.0, 0.0)
2025-12-10 00:13:03 [INFO] [BRIDGE] [LOG] osc.show_bridge.in - RECV /state/group/3/dynamic_masks/autopilot (0.0, 0.0, 0.0, 0.0, 0.0, 0.0)
2025-12-10 00:13:03 [INFO] [BRIDGE] [LOG] osc.show_bridge.in - RECV /state/group/7/dynamic_masks/enabled (0.0, 0.0, 0.0, 0.0, 0.0)
2025-12-10 00:13:03 [INFO] [BRIDGE] [LOG] osc.show_bridge.in - RECV /state/group/7/playing/autopilot (0.0, 0.0, 0.0, 0.0, 0.0, 0.0)
2025-12-10 00:13:03 [INFO] [BRIDGE] [LOG] osc.show_bridge.in - RECV /state/group/8/effects/autopilot (0.0, 0.0, 0.0, 0.0, 0.0, 0.0)
2025-12-10 00:13:03 [INFO] [BRIDGE] [LOG] osc.show_bridge.in - RECV /state/group/3/effects/autopilot (0.0, 0.0, 0.0, 0.0, 0.0, 0.0)
2025-12-10 00:13:03 [INFO] [BRIDGE] [LOG] osc.show_bridge.in - RECV /state/group/3/dynamic_masks/enabled (0.0, 0.0, 0.0, 0.0, 0.0, 0.0)
2025-12-10 00:13:03 [INFO] [BRIDGE] [LOG] osc.show_bridge.in - RECV /state/group/7/color/autopilot (0.0, 0.0, 0.0, 0.0, 0.0)
2025-12-10 00:13:03 [INFO] [BRIDGE] [LOG] osc.show_bridge.in - RECV /state/group/7/playing/enabled (0.0, 0.0, 0.0, 0.0, 0.0, 0.0)
2025-12-10 00:13:03 [INFO] [BRIDGE] [LOG] osc.show_bridge.in - RECV /state/group/8/effects/enabled (0.0, 0.0, 0.0, 0.0, 0.0, 0.0)
2025-12-10 00:13:03 [INFO] [BRIDGE] [LOG] osc.show_bridge.in - RECV /state/group/3/effects/enabled (0.0, 0.0, 0.0, 0.0, 0.0, 0.0)
2025-12-10 00:13:03 [INFO] [BRIDGE] [LOG] osc.show_bridge.in - RECV /state/group/3/color/autopilot (0.0, 0.0, 0.0, 0.0, 0.0, 0.0)
2025-12-10 00:13:03 [INFO] [BRIDGE] [LOG] osc.show_bridge.in - RECV /state/group/7/color/enabled (0.0, 0.0, 0.0, 0.0, 0.0)
2025-12-10 00:13:03 [INFO] [BRIDGE] [LOG] osc.show_bridge.in - RECV /state/group/7/effects/autopilot (0.0, 0.0, 0.0, 0.0, 0.0, 0.0)
2025-12-10 00:13:03 [INFO] [BRIDGE] [LOG] osc.show_bridge.in - RECV /state/group/8/transforms/autopilot (0.0, 0.0, 0.0, 0.0, 0.0, 0.0)
2025-12-10 00:13:03 [INFO] [BRIDGE] [LOG] osc.show_bridge.in - RECV /state/group/3/transforms/autopilot (0.0, 0.0, 0.0, 0.0, 0.0, 0.0)
2025-12-10 00:13:03 [INFO] [BRIDGE] [LOG] osc.show_bridge.in - RECV /state/group/3/color/enabled (0.0, 0.0, 0.0, 0.0, 0.0, 0.0)
2025-12-10 00:13:03 [INFO] [BRIDGE] [LOG] osc.show_bridge.in - RECV /state/group/8/opacity (0.0, 0.0, 0.0, 0.0, 0.0)
2025-12-10 00:13:03 [INFO] [BRIDGE] [LOG] osc.show_bridge.in - RECV /state/group/7/effects/enabled (0.0, 0.0, 0.0, 0.0, 0.0, 0.0)
2025-12-10 00:13:03 [INFO] [BRIDGE] [LOG] osc.show_bridge.in - RECV /state/group/8/transforms/enabled (0.0, 0.0, 0.0, 0.0, 0.0, 0.0)
2025-12-10 00:13:03 [INFO] [BRIDGE] [LOG] osc.show_bridge.in - RECV /state/group/3/transforms/enabled (0.0, 0.0, 0.0, 0.0, 0.0, 0.0)
2025-12-10 00:13:03 [INFO] [BRIDGE] [LOG] osc.show_bridge.in - RECV /state/group/4/opacity (0.6299213171005249, 0.6299213171005249, 0.0, 0.0, 0.0, 0.0)
2025-12-10 00:13:03 [INFO] [BRIDGE] [LOG] osc.show_bridge.in - RECV /state/group/8/intensity (0.0, 0.0, 0.0, 0.0, 0.0)
2025-12-10 00:13:03 [INFO] [BRIDGE] [LOG] osc.show_bridge.in - RECV /state/group/7/transforms/autopilot (0.0, 0.0, 0.0, 0.0, 0.0, 0.0)
2025-12-10 00:13:03 [INFO] [BRIDGE] [LOG] osc.show_bridge.in - RECV /state/group/8/dynamic_masks/autopilot (0.0, 0.0, 0.0, 0.0, 0.0, 0.0)
2025-12-10 00:13:03 [INFO] [BRIDGE] [LOG] osc.show_bridge.in - RECV /state/group/3/dynamic_masks/autopilot (0.0, 0.0, 0.0, 0.0, 0.0, 0.0)
2025-12-10 00:13:03 [INFO] [BRIDGE] [LOG] osc.show_bridge.in - RECV /state/group/4/intensity (0.0, 0.0, 0.0, 0.0, 0.0, 0.0)
2025-12-10 00:13:03 [INFO] [BRIDGE] [LOG] osc.show_bridge.in - RECV /state/group/8/playing/autopilot (0.0, 0.0, 0.0, 0.0, 0.0)
2025-12-10 00:13:03 [INFO] [BRIDGE] [LOG] osc.show_bridge.in - RECV /state/group/7/transforms/enabled (0.0, 0.0, 0.0, 0.0, 0.0, 0.0)
2025-12-10 00:13:03 [INFO] [BRIDGE] [LOG] osc.show_bridge.in - RECV /state/group/8/dynamic_masks/enabled (0.0, 0.0, 0.0, 0.0, 0.0, 0.0)
2025-12-10 00:13:03 [INFO] [BRIDGE] [LOG] osc.show_bridge.in - RECV /state/group/3/dynamic_masks/enabled (0.0, 0.0, 0.0, 0.0, 0.0, 0.0)
2025-12-10 00:13:03 [INFO] [BRIDGE] [LOG] osc.show_bridge.in - RECV /state/group/4/playing/autopilot (0.0, 0.0, 0.0, 0.0, 0.0, 0.0)
2025-12-10 00:13:03 [INFO] [BRIDGE] [LOG] osc.show_bridge.in - RECV /state/group/8/playing/enabled (0.0, 0.0, 0.0, 0.0, 0.0)
2025-12-10 00:13:03 [INFO] [BRIDGE] [LOG] osc.show_bridge.in - RECV /state/group/7/dynamic_masks/autopilot (0.0, 0.0, 0.0, 0.0, 0.0, 0.0)
2025-12-10 00:13:03 [INFO] [BRIDGE] [LOG] osc.show_bridge.in - RECV /state/group/8/color/autopilot (0.0, 0.0, 0.0, 0.0, 0.0, 0.0)
2025-12-10 00:13:03 [INFO] [BRIDGE] [LOG] osc.show_bridge.in - RECV /state/group/3/color/autopilot (0.0, 0.0, 0.0, 0.0, 0.0, 0.0)
2025-12-10 00:13:03 [INFO] [BRIDGE] [LOG] osc.show_bridge.in - RECV /state/group/4/playing/enabled (0.0, 0.0, 0.0, 0.0, 0.0, 0.0)
2025-12-10 00:13:03 [INFO] [BRIDGE] [LOG] osc.show_bridge.in - RECV /state/group/8/effects/autopilot (0.0, 0.0, 0.0, 0.0, 0.0)
2025-12-10 00:13:03 [INFO] [BRIDGE] [LOG] osc.show_bridge.in - RECV /state/group/7/dynamic_masks/enabled (0.0, 0.0, 0.0, 0.0, 0.0, 0.0)
2025-12-10 00:13:03 [INFO] [BRIDGE] [LOG] osc.show_bridge.in - RECV /state/group/8/color/enabled (0.0, 0.0, 0.0, 0.0, 0.0, 0.0)
2025-12-10 00:13:03 [INFO] [BRIDGE] [LOG] osc.show_bridge.in - RECV /state/group/3/color/enabled (0.0, 0.0, 0.0, 0.0, 0.0, 0.0)
2025-12-10 00:13:03 [INFO] [BRIDGE] [LOG] osc.show_bridge.in - RECV /state/group/4/effects/autopilot (0.0, 0.0, 0.0, 0.0, 0.0, 0.0)
2025-12-10 00:13:03 [INFO] [BRIDGE] [LOG] osc.show_bridge.in - RECV /state/group/8/effects/enabled (0.0, 0.0, 0.0, 0.0, 0.0)
2025-12-10 00:13:03 [INFO] [BRIDGE] [LOG] osc.show_bridge.in - RECV /state/group/7/color/autopilot (0.0, 0.0, 0.0, 0.0, 0.0, 0.0)
2025-12-10 00:13:03 [INFO] [BRIDGE] [LOG] osc.show_bridge.in - RECV /state/group/4/opacity (0.0, 0.0, 0.0, 0.0, 0.0, 0.0)
2025-12-10 00:13:03 [INFO] [BRIDGE] [LOG] osc.show_bridge.in - RECV /state/group/4/effects/enabled (0.0, 0.0, 0.0, 0.0, 0.0, 0.0)
2025-12-10 00:13:03 [INFO] [BRIDGE] [LOG] osc.show_bridge.in - RECV /state/group/8/transforms/autopilot (0.0, 0.0, 0.0, 0.0, 0.0)
2025-12-10 00:13:03 [INFO] [BRIDGE] [LOG] osc.show_bridge.in - RECV /state/group/7/color/enabled (0.0, 0.0, 0.0, 0.0, 0.0, 0.0)
2025-12-10 00:13:03 [INFO] [BRIDGE] [LOG] osc.show_bridge.in - RECV /state/group/4/intensity (0.0, 0.0, 0.0, 0.0, 0.0, 0.0)
2025-12-10 00:13:03 [INFO] [BRIDGE] [LOG] osc.show_bridge.in - RECV /state/group/4/transforms/autopilot (0.0, 0.0, 0.0, 0.0, 0.0, 0.0)
2025-12-10 00:13:03 [INFO] [BRIDGE] [LOG] osc.show_bridge.in - RECV /state/group/8/transforms/enabled (0.0, 0.0, 0.0, 0.0, 0.0)
2025-12-10 00:13:03 [INFO] [BRIDGE] [LOG] osc.show_bridge.in - RECV /state/group/8/opacity (0.0, 0.0, 0.0, 0.0, 0.0, 0.0)
2025-12-10 00:13:03 [INFO] [BRIDGE] [LOG] osc.show_bridge.in - RECV /state/group/4/playing/autopilot (0.0, 0.0, 0.0, 0.0, 0.0, 0.0)
2025-12-10 00:13:03 [INFO] [BRIDGE] [LOG] osc.show_bridge.in - RECV /state/group/4/transforms/enabled (0.0, 0.0, 0.0, 0.0, 0.0, 0.0)
2025-12-10 00:13:03 [INFO] [BRIDGE] [LOG] osc.show_bridge.in - RECV /state/group/8/dynamic_masks/autopilot (0.0, 0.0, 0.0, 0.0, 0.0)
2025-12-10 00:13:03 [INFO] [BRIDGE] [LOG] osc.show_bridge.in - RECV /state/group/8/intensity (0.0, 0.0, 0.0, 0.0, 0.0, 0.0)
2025-12-10 00:13:03 [INFO] [BRIDGE] [LOG] osc.show_bridge.in - RECV /state/group/4/playing/enabled (0.0, 0.0, 0.0, 0.0, 0.0, 0.0)
2025-12-10 00:13:03 [INFO] [BRIDGE] [LOG] osc.show_bridge.in - RECV /state/group/4/dynamic_masks/autopilot (0.0, 0.0, 0.0, 0.0, 0.0, 0.0)
2025-12-10 00:13:03 [INFO] [BRIDGE] [LOG] osc.show_bridge.in - RECV /state/group/8/dynamic_masks/enabled (0.0, 0.0, 0.0, 0.0, 0.0)
2025-12-10 00:13:03 [INFO] [BRIDGE] [LOG] osc.show_bridge.in - RECV /state/group/8/playing/autopilot (0.0, 0.0, 0.0, 0.0, 0.0, 0.0)
2025-12-10 00:13:03 [INFO] [BRIDGE] [LOG] osc.show_bridge.in - RECV /state/group/4/effects/autopilot (0.0, 0.0, 0.0, 0.0, 0.0, 0.0)
2025-12-10 00:13:03 [INFO] [BRIDGE] [LOG] osc.show_bridge.in - RECV /state/group/4/dynamic_masks/enabled (0.0, 0.0, 0.0, 0.0, 0.0, 0.0)
2025-12-10 00:13:03 [INFO] [BRIDGE] [LOG] osc.show_bridge.in - RECV /state/group/8/color/autopilot (0.0, 0.0, 0.0, 0.0, 0.0)
2025-12-10 00:13:03 [INFO] [BRIDGE] [LOG] osc.show_bridge.in - RECV /state/group/8/playing/enabled (0.0, 0.0, 0.0, 0.0, 0.0, 0.0)
2025-12-10 00:13:03 [INFO] [BRIDGE] [LOG] osc.show_bridge.in - RECV /state/group/4/effects/enabled (0.0, 0.0, 0.0, 0.0, 0.0, 0.0)
2025-12-10 00:13:03 [INFO] [BRIDGE] [LOG] osc.show_bridge.in - RECV /state/group/4/color/autopilot (0.0, 0.0, 0.0, 0.0, 0.0, 0.0)
2025-12-10 00:13:03 [INFO] [BRIDGE] [LOG] osc.show_bridge.in - RECV /state/group/8/color/enabled (0.0, 0.0, 0.0, 0.0, 0.0)
2025-12-10 00:13:03 [INFO] [BRIDGE] [LOG] osc.show_bridge.in - RECV /state/group/8/effects/autopilot (0.0, 0.0, 0.0, 0.0, 0.0, 0.0)
2025-12-10 00:13:03 [INFO] [BRIDGE] [LOG] osc.show_bridge.in - RECV /state/group/4/transforms/autopilot (0.0, 0.0, 0.0, 0.0, 0.0, 0.0)
2025-12-10 00:13:03 [INFO] [BRIDGE] [LOG] osc.show_bridge.in - RECV /state/group/4/color/enabled (0.0, 0.0, 0.0, 0.0, 0.0, 0.0)
2025-12-10 00:13:03 [INFO] [BRIDGE] [LOG] osc.show_bridge.in - RECV /state/group/8/effects/enabled (0.0, 0.0, 0.0, 0.0, 0.0, 0.0)
2025-12-10 00:13:03 [INFO] [BRIDGE] [LOG] osc.show_bridge.in - RECV /state/group/4/transforms/enabled (0.0, 0.0, 0.0, 0.0, 0.0, 0.0)
2025-12-10 00:13:03 [INFO] [BRIDGE] [LOG] osc.show_bridge.in - RECV /state/group/5/opacity (0.0, 0.0, 0.0, 0.0, 0.0, 0.0)
2025-12-10 00:13:03 [INFO] [BRIDGE] [LOG] osc.show_bridge.in - RECV /state/group/8/transforms/autopilot (0.0, 0.0, 0.0, 0.0, 0.0, 0.0)
2025-12-10 00:13:03 [INFO] [BRIDGE] [LOG] osc.show_bridge.in - RECV /state/group/4/dynamic_masks/autopilot (0.0, 0.0, 0.0, 0.0, 0.0, 0.0)
2025-12-10 00:13:03 [INFO] [BRIDGE] [LOG] osc.show_bridge.in - RECV /state/group/5/intensity (0.0, 0.0, 0.0, 0.0, 0.0, 0.0)
2025-12-10 00:13:03 [INFO] [BRIDGE] [LOG] osc.show_bridge.in - RECV /state/group/8/transforms/enabled (0.0, 0.0, 0.0, 0.0, 0.0, 0.0)
2025-12-10 00:13:03 [INFO] [BRIDGE] [LOG] osc.show_bridge.in - RECV /state/group/4/dynamic_masks/enabled (0.0, 0.0, 0.0, 0.0, 0.0, 0.0)
2025-12-10 00:13:03 [INFO] [BRIDGE] [LOG] osc.show_bridge.in - RECV /state/group/5/playing/autopilot (0.0, 0.0, 0.0, 0.0, 0.0, 0.0)
2025-12-10 00:13:03 [INFO] [BRIDGE] [LOG] osc.show_bridge.in - RECV /state/group/8/dynamic_masks/autopilot (0.0, 0.0, 0.0, 0.0, 0.0, 0.0)
2025-12-10 00:13:03 [INFO] [BRIDGE] [LOG] osc.show_bridge.in - RECV /state/group/4/color/autopilot (0.0, 0.0, 0.0, 0.0, 0.0, 0.0)
2025-12-10 00:13:03 [INFO] [BRIDGE] [LOG] osc.show_bridge.in - RECV /state/group/5/playing/enabled (0.0, 0.0, 0.0, 0.0, 0.0, 0.0)
2025-12-10 00:13:03 [INFO] [BRIDGE] [LOG] osc.show_bridge.in - RECV /state/group/8/dynamic_masks/enabled (0.0, 0.0, 0.0, 0.0, 0.0, 0.0)
2025-12-10 00:13:03 [INFO] [BRIDGE] [LOG] osc.show_bridge.in - RECV /state/group/4/color/enabled (0.0, 0.0, 0.0, 0.0, 0.0, 0.0)
2025-12-10 00:13:03 [INFO] [BRIDGE] [LOG] osc.show_bridge.in - RECV /state/group/5/effects/autopilot (0.0, 0.0, 0.0, 0.0, 0.0, 0.0)
2025-12-10 00:13:03 [INFO] [BRIDGE] [LOG] osc.show_bridge.in - RECV /state/group/8/color/autopilot (0.0, 0.0, 0.0, 0.0, 0.0, 0.0)
2025-12-10 00:13:03 [INFO] [BRIDGE] [LOG] osc.show_bridge.in - RECV /state/group/5/opacity (0.0, 0.0, 0.0, 0.0, 0.0, 0.0)
2025-12-10 00:13:03 [INFO] [BRIDGE] [LOG] osc.show_bridge.in - RECV /state/group/5/effects/enabled (0.0, 0.0, 0.0, 0.0, 0.0, 0.0)
2025-12-10 00:13:03 [INFO] [BRIDGE] [LOG] osc.show_bridge.in - RECV /state/group/8/color/enabled (0.0, 0.0, 0.0, 0.0, 0.0, 0.0)
2025-12-10 00:13:03 [INFO] [BRIDGE] [LOG] osc.show_bridge.in - RECV /state/group/5/intensity (0.0, 0.0, 0.0, 0.0, 0.0, 0.0)
2025-12-10 00:13:03 [INFO] [BRIDGE] [LOG] osc.show_bridge.in - RECV /state/group/5/transforms/autopilot (0.0, 0.0, 0.0, 0.0, 0.0, 0.0)
2025-12-10 00:13:03 [INFO] [BRIDGE] [LOG] osc.show_bridge.in - RECV /state/group/5/playing/autopilot (0.0, 0.0, 0.0, 0.0, 0.0, 0.0)
2025-12-10 00:13:03 [INFO] [BRIDGE] [LOG] osc.show_bridge.in - RECV /state/group/5/transforms/enabled (0.0, 0.0, 0.0, 0.0, 0.0, 0.0)
2025-12-10 00:13:03 [INFO] [BRIDGE] [LOG] osc.show_bridge.in - RECV /state/group/5/playing/enabled (0.0, 0.0, 0.0, 0.0, 0.0, 0.0)
2025-12-10 00:13:03 [INFO] [BRIDGE] [LOG] osc.show_bridge.in - RECV /state/group/5/dynamic_masks/autopilot (0.0, 0.0, 0.0, 0.0, 0.0, 0.0)
2025-12-10 00:13:03 [INFO] [BRIDGE] [LOG] osc.show_bridge.in - RECV /state/group/5/effects/autopilot (0.0, 0.0, 0.0, 0.0, 0.0, 0.0)
2025-12-10 00:13:03 [INFO] [BRIDGE] [LOG] osc.show_bridge.in - RECV /state/group/5/dynamic_masks/enabled (0.0, 0.0, 0.0, 0.0, 0.0, 0.0)
2025-12-10 00:13:03 [INFO] [BRIDGE] [LOG] osc.show_bridge.in - RECV /state/group/5/effects/enabled (0.0, 0.0, 0.0, 0.0, 0.0, 0.0)
2025-12-10 00:13:03 [INFO] [BRIDGE] [LOG] osc.show_bridge.in - RECV /state/group/5/color/autopilot (0.0, 0.0, 0.0, 0.0, 0.0, 0.0)
2025-12-10 00:13:03 [INFO] [BRIDGE] [LOG] osc.show_bridge.in - RECV /state/group/5/color/enabled (0.0, 0.0, 0.0, 0.0, 0.0, 0.0)
2025-12-10 00:13:03 [INFO] [BRIDGE] [LOG] osc.show_bridge.in - RECV /state/group/5/transforms/autopilot (0.0, 0.0, 0.0, 0.0, 0.0, 0.0)
2025-12-10 00:13:03 [INFO] [BRIDGE] [LOG] osc.show_bridge.in - RECV /state/group/6/opacity (0.0, 0.0, 0.0, 0.0, 0.0, 0.0)
2025-12-10 00:13:03 [INFO] [BRIDGE] [LOG] osc.show_bridge.in - RECV /state/group/5/transforms/enabled (0.0, 0.0, 0.0, 0.0, 0.0, 0.0)
2025-12-10 00:13:03 [INFO] [BRIDGE] [LOG] osc.show_bridge.in - RECV /state/group/6/intensity (0.0, 0.0, 0.0, 0.0, 0.0, 0.0)
2025-12-10 00:13:03 [INFO] [BRIDGE] [LOG] osc.show_bridge.in - RECV /state/group/5/dynamic_masks/autopilot (0.0, 0.0, 0.0, 0.0, 0.0, 0.0)
2025-12-10 00:13:03 [INFO] [BRIDGE] [LOG] osc.show_bridge.in - RECV /state/group/6/playing/autopilot (0.0, 0.0, 0.0, 0.0, 0.0, 0.0)
2025-12-10 00:13:03 [INFO] [BRIDGE] [LOG] osc.show_bridge.in - RECV /state/group/5/dynamic_masks/enabled (0.0, 0.0, 0.0, 0.0, 0.0, 0.0)
2025-12-10 00:13:03 [INFO] [BRIDGE] [LOG] osc.show_bridge.in - RECV /state/group/6/playing/enabled (0.0, 0.0, 0.0, 0.0, 0.0, 0.0)
2025-12-10 00:13:03 [INFO] [BRIDGE] [LOG] osc.show_bridge.in - RECV /state/group/5/color/autopilot (0.0, 0.0, 0.0, 0.0, 0.0, 0.0)
2025-12-10 00:13:03 [INFO] [BRIDGE] [LOG] osc.show_bridge.in - RECV /state/group/6/effects/autopilot (0.0, 0.0, 0.0, 0.0, 0.0, 0.0)
2025-12-10 00:13:03 [INFO] [BRIDGE] [LOG] osc.show_bridge.in - RECV /state/group/5/color/enabled (0.0, 0.0, 0.0, 0.0, 0.0, 0.0)
2025-12-10 00:13:03 [INFO] [BRIDGE] [LOG] osc.show_bridge.in - RECV /state/group/6/effects/enabled (0.0, 0.0, 0.0, 0.0, 0.0, 0.0)
2025-12-10 00:13:03 [INFO] [BRIDGE] [LOG] osc.show_bridge.in - RECV /state/group/6/opacity (0.0, 0.0, 0.0, 0.0, 0.0, 0.0)
2025-12-10 00:13:03 [INFO] [BRIDGE] [LOG] osc.show_bridge.in - RECV /state/group/6/transforms/autopilot (0.0, 0.0, 0.0, 0.0, 0.0, 0.0)
2025-12-10 00:13:03 [INFO] [BRIDGE] [LOG] osc.show_bridge.in - RECV /state/group/6/intensity (0.0, 0.0, 0.0, 0.0, 0.0, 0.0)
2025-12-10 00:13:03 [INFO] [BRIDGE] [LOG] osc.show_bridge.in - RECV /state/group/6/transforms/enabled (0.0, 0.0, 0.0, 0.0, 0.0, 0.0)
2025-12-10 00:13:03 [INFO] [BRIDGE] [LOG] osc.show_bridge.in - RECV /state/group/6/playing/autopilot (0.0, 0.0, 0.0, 0.0, 0.0, 0.0)
2025-12-10 00:13:03 [INFO] [BRIDGE] [LOG] osc.show_bridge.in - RECV /state/group/6/dynamic_masks/autopilot (0.0, 0.0, 0.0, 0.0, 0.0, 0.0)
2025-12-10 00:13:03 [INFO] [BRIDGE] [LOG] osc.show_bridge.in - RECV /state/group/6/playing/enabled (0.0, 0.0, 0.0, 0.0, 0.0, 0.0)
2025-12-10 00:13:03 [INFO] [BRIDGE] [LOG] osc.show_bridge.in - RECV /state/group/6/dynamic_masks/enabled (0.0, 0.0, 0.0, 0.0, 0.0, 0.0)
2025-12-10 00:13:03 [INFO] [BRIDGE] [LOG] osc.show_bridge.in - RECV /state/group/6/effects/autopilot (0.0, 0.0, 0.0, 0.0, 0.0, 0.0)
2025-12-10 00:13:03 [INFO] [BRIDGE] [LOG] osc.show_bridge.in - RECV /state/group/6/color/autopilot (0.0, 0.0, 0.0, 0.0, 0.0, 0.0)
2025-12-10 00:13:03 [INFO] [BRIDGE] [LOG] osc.show_bridge.in - RECV /state/group/6/effects/enabled (0.0, 0.0, 0.0, 0.0, 0.0, 0.0)
2025-12-10 00:13:03 [INFO] [BRIDGE] [LOG] osc.show_bridge.in - RECV /state/group/6/color/enabled (0.0, 0.0, 0.0, 0.0, 0.0, 0.0)
2025-12-10 00:13:03 [INFO] [BRIDGE] [LOG] osc.show_bridge.in - RECV /state/group/6/transforms/autopilot (0.0, 0.0, 0.0, 0.0, 0.0, 0.0)
2025-12-10 00:13:03 [INFO] [BRIDGE] [LOG] osc.show_bridge.in - RECV /state/group/7/opacity (0.0, 0.0, 0.0, 0.0, 0.0, 0.0)
2025-12-10 00:13:03 [INFO] [BRIDGE] [LOG] osc.show_bridge.in - RECV /state/group/6/transforms/enabled (0.0, 0.0, 0.0, 0.0, 0.0, 0.0)
2025-12-10 00:13:03 [INFO] [BRIDGE] [LOG] osc.show_bridge.in - RECV /state/group/7/intensity (0.0, 0.0, 0.0, 0.0, 0.0, 0.0)
2025-12-10 00:13:03 [INFO] [BRIDGE] [LOG] osc.show_bridge.in - RECV /state/group/6/dynamic_masks/autopilot (0.0, 0.0, 0.0, 0.0, 0.0, 0.0)
2025-12-10 00:13:03 [INFO] [BRIDGE] [LOG] osc.show_bridge.in - RECV /state/group/7/playing/autopilot (0.0, 0.0, 0.0, 0.0, 0.0, 0.0)
2025-12-10 00:13:03 [INFO] [BRIDGE] [LOG] osc.show_bridge.in - RECV /state/group/6/dynamic_masks/enabled (0.0, 0.0, 0.0, 0.0, 0.0, 0.0)
2025-12-10 00:13:03 [INFO] [BRIDGE] [LOG] osc.show_bridge.in - RECV /state/group/7/playing/enabled (0.0, 0.0, 0.0, 0.0, 0.0, 0.0)
2025-12-10 00:13:03 [INFO] [BRIDGE] [LOG] osc.show_bridge.in - RECV /state/group/6/color/autopilot (0.0, 0.0, 0.0, 0.0, 0.0, 0.0)
2025-12-10 00:13:03 [INFO] [BRIDGE] [LOG] osc.show_bridge.in - RECV /state/group/7/effects/autopilot (0.0, 0.0, 0.0, 0.0, 0.0, 0.0)
2025-12-10 00:13:03 [INFO] [BRIDGE] [LOG] osc.show_bridge.in - RECV /state/group/6/color/enabled (0.0, 0.0, 0.0, 0.0, 0.0, 0.0)
2025-12-10 00:13:03 [INFO] [BRIDGE] [LOG] osc.show_bridge.in - RECV /state/group/7/effects/enabled (0.0, 0.0, 0.0, 0.0, 0.0, 0.0)
2025-12-10 00:13:03 [INFO] [BRIDGE] [LOG] osc.show_bridge.in - RECV /state/group/7/opacity (0.0, 0.0, 0.0, 0.0, 0.0, 0.0)
2025-12-10 00:13:03 [INFO] [BRIDGE] [LOG] osc.show_bridge.in - RECV /state/group/7/transforms/autopilot (0.0, 0.0, 0.0, 0.0, 0.0, 0.0)
2025-12-10 00:13:03 [INFO] [BRIDGE] [LOG] osc.show_bridge.in - RECV /state/group/7/intensity (0.0, 0.0, 0.0, 0.0, 0.0, 0.0)
2025-12-10 00:13:03 [INFO] [BRIDGE] [LOG] osc.show_bridge.in - RECV /state/group/7/transforms/enabled (0.0, 0.0, 0.0, 0.0, 0.0, 0.0)
2025-12-10 00:13:03 [INFO] [BRIDGE] [LOG] osc.show_bridge.in - RECV /state/group/7/playing/autopilot (0.0, 0.0, 0.0, 0.0, 0.0, 0.0)
2025-12-10 00:13:03 [INFO] [BRIDGE] [LOG] osc.show_bridge.in - RECV /state/group/7/dynamic_masks/autopilot (0.0, 0.0, 0.0, 0.0, 0.0, 0.0)
2025-12-10 00:13:03 [INFO] [BRIDGE] [LOG] osc.show_bridge.in - RECV /state/group/7/playing/enabled (0.0, 0.0, 0.0, 0.0, 0.0, 0.0)
2025-12-10 00:13:03 [INFO] [BRIDGE] [LOG] osc.show_bridge.in - RECV /state/group/7/dynamic_masks/enabled (0.0, 0.0, 0.0, 0.0, 0.0, 0.0)
2025-12-10 00:13:03 [INFO] [BRIDGE] [LOG] osc.show_bridge.in - RECV /state/group/7/effects/autopilot (0.0, 0.0, 0.0, 0.0, 0.0, 0.0)
2025-12-10 00:13:03 [INFO] [BRIDGE] [LOG] osc.show_bridge.in - RECV /state/group/7/color/autopilot (0.0, 0.0, 0.0, 0.0, 0.0, 0.0)
2025-12-10 00:13:03 [INFO] [BRIDGE] [LOG] osc.show_bridge.in - RECV /state/group/7/effects/enabled (0.0, 0.0, 0.0, 0.0, 0.0, 0.0)
2025-12-10 00:13:03 [INFO] [BRIDGE] [LOG] osc.show_bridge.in - RECV /state/group/7/color/enabled (0.0, 0.0, 0.0, 0.0, 0.0, 0.0)
2025-12-10 00:13:03 [INFO] [BRIDGE] [LOG] osc.show_bridge.in - RECV /state/group/7/transforms/autopilot (0.0, 0.0, 0.0, 0.0, 0.0, 0.0)
2025-12-10 00:13:03 [INFO] [BRIDGE] [LOG] osc.show_bridge.in - RECV /state/group/8/opacity (0.0, 0.0, 0.0, 0.0, 0.0, 0.0)
2025-12-10 00:13:03 [INFO] [BRIDGE] [LOG] osc.show_bridge.in - RECV /state/group/7/transforms/enabled (0.0, 0.0, 0.0, 0.0, 0.0, 0.0)
2025-12-10 00:13:03 [INFO] [BRIDGE] [LOG] osc.show_bridge.in - RECV /state/group/8/intensity (0.0, 0.0, 0.0, 0.0, 0.0, 0.0)
2025-12-10 00:13:03 [INFO] [BRIDGE] [LOG] osc.show_bridge.in - RECV /state/group/7/dynamic_masks/autopilot (0.0, 0.0, 0.0, 0.0, 0.0, 0.0)
2025-12-10 00:13:03 [INFO] [BRIDGE] [LOG] osc.show_bridge.in - RECV /state/group/8/playing/autopilot (0.0, 0.0, 0.0, 0.0, 0.0, 0.0)
2025-12-10 00:13:03 [INFO] [BRIDGE] [LOG] osc.show_bridge.in - RECV /state/group/7/dynamic_masks/enabled (0.0, 0.0, 0.0, 0.0, 0.0, 0.0)
2025-12-10 00:13:03 [INFO] [BRIDGE] [LOG] osc.show_bridge.in - RECV /state/group/8/playing/enabled (0.0, 0.0, 0.0, 0.0, 0.0, 0.0)
2025-12-10 00:13:03 [INFO] [BRIDGE] [LOG] osc.show_bridge.in - RECV /state/group/7/color/autopilot (0.0, 0.0, 0.0, 0.0, 0.0, 0.0)
2025-12-10 00:13:03 [INFO] [BRIDGE] [LOG] osc.show_bridge.in - RECV /state/group/8/effects/autopilot (0.0, 0.0, 0.0, 0.0, 0.0, 0.0)
2025-12-10 00:13:03 [INFO] [BRIDGE] [LOG] osc.show_bridge.in - RECV /state/group/7/color/enabled (0.0, 0.0, 0.0, 0.0, 0.0, 0.0)
2025-12-10 00:13:03 [INFO] [BRIDGE] [LOG] osc.show_bridge.in - RECV /state/group/8/effects/enabled (0.0, 0.0, 0.0, 0.0, 0.0, 0.0)
2025-12-10 00:13:03 [INFO] [BRIDGE] [LOG] osc.show_bridge.in - RECV /state/group/8/opacity (0.0, 0.0, 0.0, 0.0, 0.0, 0.0)
2025-12-10 00:13:03 [INFO] [BRIDGE] [LOG] osc.show_bridge.in - RECV /state/group/8/transforms/autopilot (0.0, 0.0, 0.0, 0.0, 0.0, 0.0)
2025-12-10 00:13:03 [INFO] [BRIDGE] [LOG] osc.show_bridge.in - RECV /state/group/8/intensity (0.0, 0.0, 0.0, 0.0, 0.0, 0.0)
2025-12-10 00:13:03 [INFO] [BRIDGE] [LOG] osc.show_bridge.in - RECV /state/group/8/transforms/enabled (0.0, 0.0, 0.0, 0.0, 0.0, 0.0)
2025-12-10 00:13:03 [INFO] [BRIDGE] [LOG] osc.show_bridge.in - RECV /state/group/8/playing/autopilot (0.0, 0.0, 0.0, 0.0, 0.0, 0.0)
2025-12-10 00:13:03 [INFO] [BRIDGE] [LOG] osc.show_bridge.in - RECV /state/group/8/dynamic_masks/autopilot (0.0, 0.0, 0.0, 0.0, 0.0, 0.0)
2025-12-10 00:13:03 [INFO] [BRIDGE] [LOG] osc.show_bridge.in - RECV /state/group/8/playing/enabled (0.0, 0.0, 0.0, 0.0, 0.0, 0.0)
2025-12-10 00:13:03 [INFO] [BRIDGE] [LOG] osc.show_bridge.in - RECV /state/group/8/dynamic_masks/enabled (0.0, 0.0, 0.0, 0.0, 0.0, 0.0)
2025-12-10 00:13:03 [INFO] [BRIDGE] [LOG] osc.show_bridge.in - RECV /state/group/8/effects/autopilot (0.0, 0.0, 0.0, 0.0, 0.0, 0.0)
2025-12-10 00:13:03 [INFO] [BRIDGE] [LOG] osc.show_bridge.in - RECV /state/group/8/color/autopilot (0.0, 0.0, 0.0, 0.0, 0.0, 0.0)
2025-12-10 00:13:03 [INFO] [BRIDGE] [LOG] osc.show_bridge.in - RECV /state/group/8/effects/enabled (0.0, 0.0, 0.0, 0.0, 0.0, 0.0)
2025-12-10 00:13:03 [INFO] [BRIDGE] [LOG] osc.show_bridge.in - RECV /state/group/8/color/enabled (0.0, 0.0, 0.0, 0.0, 0.0, 0.0)
2025-12-10 00:13:03 [INFO] [BRIDGE] [LOG] osc.show_bridge.in - RECV /state/group/8/transforms/autopilot (0.0, 0.0, 0.0, 0.0, 0.0, 0.0)
2025-12-10 00:13:03 [INFO] [BRIDGE] [LOG] osc.show_bridge.in - RECV /state/group/8/transforms/enabled (0.0, 0.0, 0.0, 0.0, 0.0, 0.0)
2025-12-10 00:13:03 [INFO] [BRIDGE] [LOG] osc.show_bridge.in - RECV /state/group/8/dynamic_masks/autopilot (0.0, 0.0, 0.0, 0.0, 0.0, 0.0)
2025-12-10 00:13:03 [INFO] [BRIDGE] [LOG] osc.show_bridge.in - RECV /state/group/8/dynamic_masks/enabled (0.0, 0.0, 0.0, 0.0, 0.0, 0.0)
2025-12-10 00:13:03 [INFO] [BRIDGE] [LOG] osc.show_bridge.in - RECV /state/group/8/color/autopilot (0.0, 0.0, 0.0, 0.0, 0.0, 0.0)
2025-12-10 00:13:03 [INFO] [BRIDGE] [LOG] osc.show_bridge.in - RECV /state/group/8/color/enabled (0.0, 0.0, 0.0, 0.0, 0.0, 0.0)
2025-12-10 00:16:48 [INFO] [BRIDGE] [LOG] osc.show_bridge.in - RECV /scene/index (120,)
2025-12-10 00:23:02 [INFO] [BRIDGE] [LOG] osc.show_bridge.in - RECV /_samplerate (60.0,)
2025-12-10 00:23:02 [INFO] [BRIDGE] [LOG] osc.show_bridge.in - RECV /composition/sync (0.0, 0.0, 0.0)
2025-12-10 00:23:02 [INFO] [BRIDGE] [LOG] osc.show_bridge.in - RECV /state/group/1/opacity (0.0, 0.0, 0.0)
2025-12-10 00:23:02 [INFO] [BRIDGE] [LOG] osc.show_bridge.in - RECV /state/group/1/intensity (0.0, 0.0, 0.0)
2025-12-10 00:23:02 [INFO] [BRIDGE] [LOG] osc.show_bridge.in - RECV /state/group/1/playing/autopilot (0.0, 0.0, 0.0)
2025-12-10 00:23:02 [INFO] [BRIDGE] [LOG] osc.show_bridge.in - RECV /state/group/1/playing/enabled (0.0, 1.0, 0.0)
2025-12-10 00:23:02 [INFO] [BRIDGE] [LOG] osc.show_bridge.in - RECV /state/group/1/effects/autopilot (0.0, 0.0, 0.0)
2025-12-10 00:23:02 [INFO] [BRIDGE] [LOG] osc.show_bridge.in - RECV /state/group/1/effects/enabled (0.0, 0.0, 0.0)
2025-12-10 00:23:02 [INFO] [BRIDGE] [LOG] osc.show_bridge.in - RECV /state/group/1/transforms/autopilot (0.0, 0.0, 0.0)
2025-12-10 00:23:02 [INFO] [BRIDGE] [LOG] osc.show_bridge.in - RECV /state/group/1/transforms/enabled (0.0, 0.0, 0.0)
2025-12-10 00:23:02 [INFO] [BRIDGE] [LOG] osc.show_bridge.in - RECV /state/group/1/dynamic_masks/autopilot (0.0, 0.0, 0.0)
2025-12-10 00:23:02 [INFO] [BRIDGE] [LOG] osc.show_bridge.in - RECV /state/group/1/dynamic_masks/enabled (0.0, 0.0, 0.0)
2025-12-10 00:23:02 [INFO] [BRIDGE] [LOG] osc.show_bridge.in - RECV /state/group/1/color/autopilot (0.0, 0.0, 0.0)
2025-12-10 00:23:02 [INFO] [BRIDGE] [LOG] osc.show_bridge.in - RECV /state/group/1/color/enabled (0.0, 0.0, 0.0)
2025-12-10 00:23:02 [INFO] [BRIDGE] [LOG] osc.show_bridge.in - RECV /state/group/2/opacity (0.0, 0.0, 0.0)
2025-12-10 00:23:02 [INFO] [BRIDGE] [LOG] osc.show_bridge.in - RECV /state/group/2/intensity (0.0, 0.0, 0.0)
2025-12-10 00:23:02 [INFO] [BRIDGE] [LOG] osc.show_bridge.in - RECV /state/group/2/playing/autopilot (0.0, 0.0, 0.0)
2025-12-10 00:23:02 [INFO] [BRIDGE] [LOG] osc.show_bridge.in - RECV /state/group/2/playing/enabled (0.0, 0.0, 0.0)
2025-12-10 00:23:02 [INFO] [BRIDGE] [LOG] osc.show_bridge.in - RECV /state/group/2/effects/autopilot (0.0, 0.0, 0.0)
2025-12-10 00:23:02 [INFO] [BRIDGE] [LOG] osc.show_bridge.in - RECV /state/group/2/effects/enabled (0.0, 0.0, 0.0)
2025-12-10 00:23:02 [INFO] [BRIDGE] [LOG] osc.show_bridge.in - RECV /state/group/2/transforms/autopilot (0.0, 0.0, 0.0)
2025-12-10 00:23:02 [INFO] [BRIDGE] [LOG] osc.show_bridge.in - RECV /state/group/2/transforms/enabled (0.0, 0.0, 0.0)
2025-12-10 00:23:02 [INFO] [BRIDGE] [LOG] osc.show_bridge.in - RECV /state/group/2/dynamic_masks/autopilot (0.0, 0.0, 0.0)
2025-12-10 00:23:02 [INFO] [BRIDGE] [LOG] osc.show_bridge.in - RECV /state/group/2/dynamic_masks/enabled (0.0, 0.0, 0.0)
2025-12-10 00:23:02 [INFO] [BRIDGE] [LOG] osc.show_bridge.in - RECV /state/group/2/color/autopilot (0.0, 0.0, 0.0)
2025-12-10 00:23:02 [INFO] [BRIDGE] [LOG] osc.show_bridge.in - RECV /state/group/2/color/enabled (0.0, 0.0, 0.0)
2025-12-10 00:23:02 [INFO] [BRIDGE] [LOG] osc.show_bridge.in - RECV /state/group/3/opacity (0.0, 0.0, 0.0)
2025-12-10 00:23:02 [INFO] [BRIDGE] [LOG] osc.show_bridge.in - RECV /state/group/3/intensity (0.0, 0.0, 0.0)
2025-12-10 00:23:02 [INFO] [BRIDGE] [LOG] osc.show_bridge.in - RECV /state/group/3/playing/autopilot (0.0, 0.0, 0.0)
2025-12-10 00:23:02 [INFO] [BRIDGE] [LOG] osc.show_bridge.in - RECV /state/group/3/playing/enabled (0.0, 0.0, 0.0)
2025-12-10 00:23:02 [INFO] [BRIDGE] [LOG] osc.show_bridge.in - RECV /state/group/3/effects/autopilot (0.0, 0.0, 0.0)
2025-12-10 00:23:02 [INFO] [BRIDGE] [LOG] osc.show_bridge.in - RECV /state/group/3/effects/enabled (0.0, 0.0, 0.0)
2025-12-10 00:23:02 [INFO] [BRIDGE] [LOG] osc.show_bridge.in - RECV /_samplerate (60.0,)
2025-12-10 00:23:02 [INFO] [BRIDGE] [LOG] osc.show_bridge.in - RECV /state/group/3/transforms/autopilot (0.0, 0.0, 0.0)
2025-12-10 00:23:02 [INFO] [BRIDGE] [LOG] osc.show_bridge.in - RECV /composition/sync (0.0, 0.0, 0.0, 0.0)
2025-12-10 00:23:02 [INFO] [BRIDGE] [LOG] osc.show_bridge.in - RECV /state/group/1/opacity (0.0, 0.0, 0.0, 0.0)
2025-12-10 00:23:02 [INFO] [BRIDGE] [LOG] osc.show_bridge.in - RECV /state/group/3/transforms/enabled (0.0, 0.0, 0.0)
2025-12-10 00:23:02 [INFO] [BRIDGE] [LOG] osc.show_bridge.in - RECV /state/group/1/intensity (0.0, 0.0, 0.0, 0.0)
2025-12-10 00:23:02 [INFO] [BRIDGE] [LOG] osc.show_bridge.in - RECV /state/group/3/dynamic_masks/autopilot (0.0, 0.0, 0.0)
2025-12-10 00:23:02 [INFO] [BRIDGE] [LOG] osc.show_bridge.in - RECV /state/group/1/playing/autopilot (0.0, 0.0, 0.0, 0.0)
2025-12-10 00:23:02 [INFO] [BRIDGE] [LOG] osc.show_bridge.in - RECV /state/group/3/dynamic_masks/enabled (0.0, 0.0, 0.0)
2025-12-10 00:23:02 [INFO] [BRIDGE] [LOG] osc.show_bridge.in - RECV /state/group/1/playing/enabled (0.0, 0.0, 0.0, 0.0)
2025-12-10 00:23:02 [INFO] [BRIDGE] [LOG] osc.show_bridge.in - RECV /state/group/3/color/autopilot (0.0, 0.0, 0.0)
2025-12-10 00:23:02 [INFO] [BRIDGE] [LOG] osc.show_bridge.in - RECV /state/group/1/effects/autopilot (0.0, 0.0, 0.0, 0.0)
2025-12-10 00:23:02 [INFO] [BRIDGE] [LOG] osc.show_bridge.in - RECV /state/group/3/color/enabled (0.0, 0.0, 0.0)
2025-12-10 00:23:02 [INFO] [BRIDGE] [LOG] osc.show_bridge.in - RECV /state/group/1/effects/enabled (0.0, 0.0, 0.0, 0.0)
2025-12-10 00:23:02 [INFO] [BRIDGE] [LOG] osc.show_bridge.in - RECV /state/group/4/opacity (0.0, 0.0, 0.0)
2025-12-10 00:23:02 [INFO] [BRIDGE] [LOG] osc.show_bridge.in - RECV /state/group/1/transforms/autopilot (0.0, 0.0, 0.0, 0.0)
2025-12-10 00:23:02 [INFO] [BRIDGE] [LOG] osc.show_bridge.in - RECV /state/group/4/intensity (0.0, 0.0, 0.0)
2025-12-10 00:23:02 [INFO] [BRIDGE] [LOG] osc.show_bridge.in - RECV /state/group/1/transforms/enabled (0.0, 0.0, 0.0, 0.0)
2025-12-10 00:23:02 [INFO] [BRIDGE] [LOG] osc.show_bridge.in - RECV /state/group/4/playing/autopilot (0.0, 0.0, 0.0)
2025-12-10 00:23:02 [INFO] [BRIDGE] [LOG] osc.show_bridge.in - RECV /state/group/1/dynamic_masks/autopilot (0.0, 0.0, 0.0, 0.0)
2025-12-10 00:23:02 [INFO] [BRIDGE] [LOG] osc.show_bridge.in - RECV /state/group/4/playing/enabled (0.0, 0.0, 0.0)
2025-12-10 00:23:02 [INFO] [BRIDGE] [LOG] osc.show_bridge.in - RECV /state/group/1/dynamic_masks/enabled (0.0, 0.0, 0.0, 0.0)
2025-12-10 00:23:02 [INFO] [BRIDGE] [LOG] osc.show_bridge.in - RECV /state/group/4/effects/autopilot (0.0, 0.0, 0.0)
2025-12-10 00:23:02 [INFO] [BRIDGE] [LOG] osc.show_bridge.in - RECV /state/group/1/color/autopilot (0.0, 0.0, 0.0, 0.0)
2025-12-10 00:23:02 [INFO] [BRIDGE] [LOG] osc.show_bridge.in - RECV /state/group/4/effects/enabled (0.0, 0.0, 0.0)
2025-12-10 00:23:02 [INFO] [BRIDGE] [LOG] osc.show_bridge.in - RECV /state/group/1/color/enabled (0.0, 0.0, 0.0, 0.0)
2025-12-10 00:23:02 [INFO] [BRIDGE] [LOG] osc.show_bridge.in - RECV /state/group/4/transforms/autopilot (0.0, 0.0, 0.0)
2025-12-10 00:23:02 [INFO] [BRIDGE] [LOG] osc.show_bridge.in - RECV /state/group/2/opacity (0.0, 0.0, 0.0, 0.0)
2025-12-10 00:23:02 [INFO] [BRIDGE] [LOG] osc.show_bridge.in - RECV /state/group/4/transforms/enabled (0.0, 0.0, 0.0)
2025-12-10 00:23:02 [INFO] [BRIDGE] [LOG] osc.show_bridge.in - RECV /state/group/2/intensity (0.0, 0.0, 0.0, 0.0)
2025-12-10 00:23:02 [INFO] [BRIDGE] [LOG] osc.show_bridge.in - RECV /state/group/4/dynamic_masks/autopilot (0.0, 0.0, 0.0)
2025-12-10 00:23:02 [INFO] [BRIDGE] [LOG] osc.show_bridge.in - RECV /state/group/2/playing/autopilot (0.0, 0.0, 0.0, 0.0)
2025-12-10 00:23:02 [INFO] [BRIDGE] [LOG] osc.show_bridge.in - RECV /state/group/4/dynamic_masks/enabled (0.0, 0.0, 0.0)
2025-12-10 00:23:02 [INFO] [BRIDGE] [LOG] osc.show_bridge.in - RECV /state/group/2/playing/enabled (0.0, 0.0, 0.0, 0.0)
2025-12-10 00:23:02 [INFO] [BRIDGE] [LOG] osc.show_bridge.in - RECV /state/group/4/color/autopilot (0.0, 0.0, 0.0)
2025-12-10 00:23:02 [INFO] [BRIDGE] [LOG] osc.show_bridge.in - RECV /state/group/2/effects/autopilot (0.0, 0.0, 0.0, 0.0)
2025-12-10 00:23:02 [INFO] [BRIDGE] [LOG] osc.show_bridge.in - RECV /state/group/4/color/enabled (0.0, 0.0, 0.0)
2025-12-10 00:23:02 [INFO] [BRIDGE] [LOG] osc.show_bridge.in - RECV /state/group/2/effects/enabled (0.0, 0.0, 0.0, 0.0)
2025-12-10 00:23:02 [INFO] [BRIDGE] [LOG] osc.show_bridge.in - RECV /state/group/5/opacity (0.0, 0.0, 0.0)
2025-12-10 00:23:02 [INFO] [BRIDGE] [LOG] osc.show_bridge.in - RECV /state/group/2/transforms/autopilot (0.0, 0.0, 0.0, 0.0)
2025-12-10 00:23:02 [INFO] [BRIDGE] [LOG] osc.show_bridge.in - RECV /state/group/5/intensity (0.0, 0.0, 0.0)
2025-12-10 00:23:02 [INFO] [BRIDGE] [LOG] osc.show_bridge.in - RECV /state/group/2/transforms/enabled (0.0, 0.0, 0.0, 0.0)
2025-12-10 00:23:02 [INFO] [BRIDGE] [LOG] osc.show_bridge.in - RECV /state/group/5/playing/autopilot (0.0, 0.0, 0.0)
2025-12-10 00:23:02 [INFO] [BRIDGE] [LOG] osc.show_bridge.in - RECV /state/group/2/dynamic_masks/autopilot (0.0, 0.0, 0.0, 0.0)
2025-12-10 00:23:02 [INFO] [BRIDGE] [LOG] osc.show_bridge.in - RECV /state/group/5/playing/enabled (0.0, 0.0, 0.0)
2025-12-10 00:23:02 [INFO] [BRIDGE] [LOG] osc.show_bridge.in - RECV /state/group/2/dynamic_masks/enabled (0.0, 0.0, 0.0, 0.0)
2025-12-10 00:23:02 [INFO] [BRIDGE] [LOG] osc.show_bridge.in - RECV /state/group/5/effects/autopilot (0.0, 0.0, 0.0)
2025-12-10 00:23:02 [INFO] [BRIDGE] [LOG] osc.show_bridge.in - RECV /state/group/2/color/autopilot (0.0, 0.0, 0.0, 0.0)
2025-12-10 00:23:02 [INFO] [BRIDGE] [LOG] osc.show_bridge.in - RECV /state/group/5/effects/enabled (0.0, 0.0, 0.0)
2025-12-10 00:23:02 [INFO] [BRIDGE] [LOG] osc.show_bridge.in - RECV /state/group/2/color/enabled (0.0, 0.0, 0.0, 0.0)
2025-12-10 00:23:02 [INFO] [BRIDGE] [LOG] osc.show_bridge.in - RECV /state/group/5/transforms/autopilot (0.0, 0.0, 0.0)
2025-12-10 00:23:02 [INFO] [BRIDGE] [LOG] osc.show_bridge.in - RECV /state/group/3/opacity (0.0, 0.0, 0.0, 0.0)
2025-12-10 00:23:02 [INFO] [BRIDGE] [LOG] osc.show_bridge.in - RECV /state/group/5/transforms/enabled (0.0, 0.0, 0.0)
2025-12-10 00:23:02 [INFO] [BRIDGE] [LOG] osc.show_bridge.in - RECV /state/group/3/intensity (0.0, 0.0, 0.0, 0.0)
2025-12-10 00:23:02 [INFO] [BRIDGE] [LOG] osc.show_bridge.in - RECV /state/group/5/dynamic_masks/autopilot (0.0, 0.0, 0.0)
2025-12-10 00:23:02 [INFO] [BRIDGE] [LOG] osc.show_bridge.in - RECV /state/group/3/playing/autopilot (0.0, 0.0, 0.0, 0.0)
2025-12-10 00:23:02 [INFO] [BRIDGE] [LOG] osc.show_bridge.in - RECV /state/group/5/dynamic_masks/enabled (0.0, 0.0, 0.0)
2025-12-10 00:23:02 [INFO] [BRIDGE] [LOG] osc.show_bridge.in - RECV /state/group/3/playing/enabled (0.0, 0.0, 0.0, 0.0)
2025-12-10 00:23:02 [INFO] [BRIDGE] [LOG] osc.show_bridge.in - RECV /state/group/5/color/autopilot (0.0, 0.0, 0.0)
2025-12-10 00:23:02 [INFO] [BRIDGE] [LOG] osc.show_bridge.in - RECV /state/group/3/effects/autopilot (0.0, 0.0, 0.0, 0.0)
2025-12-10 00:23:02 [INFO] [BRIDGE] [LOG] osc.show_bridge.in - RECV /state/group/5/color/enabled (0.0, 0.0, 0.0)
2025-12-10 00:23:02 [INFO] [BRIDGE] [LOG] osc.show_bridge.in - RECV /state/group/3/effects/enabled (0.0, 0.0, 0.0, 0.0)
2025-12-10 00:23:02 [INFO] [BRIDGE] [LOG] osc.show_bridge.in - RECV /state/group/6/opacity (0.0, 0.0, 0.0)
2025-12-10 00:23:02 [INFO] [BRIDGE] [LOG] osc.show_bridge.in - RECV /state/group/3/transforms/autopilot (0.0, 0.0, 0.0, 0.0)
2025-12-10 00:23:02 [INFO] [BRIDGE] [LOG] osc.show_bridge.in - RECV /state/group/6/intensity (0.0, 0.0, 0.0)
2025-12-10 00:23:02 [INFO] [BRIDGE] [LOG] osc.show_bridge.in - RECV /state/group/3/transforms/enabled (0.0, 0.0, 0.0, 0.0)
2025-12-10 00:23:02 [INFO] [BRIDGE] [LOG] osc.show_bridge.in - RECV /state/group/6/playing/autopilot (0.0, 0.0, 0.0)
2025-12-10 00:23:02 [INFO] [BRIDGE] [LOG] osc.show_bridge.in - RECV /state/group/3/dynamic_masks/autopilot (0.0, 0.0, 0.0, 0.0)
2025-12-10 00:23:02 [INFO] [BRIDGE] [LOG] osc.show_bridge.in - RECV /state/group/6/playing/enabled (0.0, 0.0, 0.0)
2025-12-10 00:23:02 [INFO] [BRIDGE] [LOG] osc.show_bridge.in - RECV /state/group/3/dynamic_masks/enabled (0.0, 0.0, 0.0, 0.0)
2025-12-10 00:23:02 [INFO] [BRIDGE] [LOG] osc.show_bridge.in - RECV /state/group/6/effects/autopilot (0.0, 0.0, 0.0)
2025-12-10 00:23:02 [INFO] [BRIDGE] [LOG] osc.show_bridge.in - RECV /state/group/3/color/autopilot (0.0, 0.0, 0.0, 0.0)
2025-12-10 00:23:02 [INFO] [BRIDGE] [LOG] osc.show_bridge.in - RECV /state/group/6/effects/enabled (0.0, 0.0, 0.0)
2025-12-10 00:23:02 [INFO] [BRIDGE] [LOG] osc.show_bridge.in - RECV /state/group/3/color/enabled (0.0, 0.0, 0.0, 0.0)
2025-12-10 00:23:02 [INFO] [BRIDGE] [LOG] osc.show_bridge.in - RECV /state/group/6/transforms/autopilot (0.0, 0.0, 0.0)
2025-12-10 00:23:02 [INFO] [BRIDGE] [LOG] osc.show_bridge.in - RECV /state/group/4/opacity (0.0, 0.0, 0.0, 0.0)
2025-12-10 00:23:02 [INFO] [BRIDGE] [LOG] osc.show_bridge.in - RECV /state/group/6/transforms/enabled (0.0, 0.0, 0.0)
2025-12-10 00:23:02 [INFO] [BRIDGE] [LOG] osc.show_bridge.in - RECV /state/group/4/intensity (0.0, 0.0, 0.0, 0.0)
2025-12-10 00:23:02 [INFO] [BRIDGE] [LOG] osc.show_bridge.in - RECV /state/group/6/dynamic_masks/autopilot (0.0, 0.0, 0.0)
2025-12-10 00:23:02 [INFO] [BRIDGE] [LOG] osc.show_bridge.in - RECV /state/group/4/playing/autopilot (0.0, 0.0, 0.0, 0.0)
2025-12-10 00:23:02 [INFO] [BRIDGE] [LOG] osc.show_bridge.in - RECV /state/group/6/dynamic_masks/enabled (0.0, 0.0, 0.0)
2025-12-10 00:23:02 [INFO] [BRIDGE] [LOG] osc.show_bridge.in - RECV /state/group/4/playing/enabled (0.0, 0.0, 0.0, 0.0)
2025-12-10 00:23:02 [INFO] [BRIDGE] [LOG] osc.show_bridge.in - RECV /state/group/6/color/autopilot (0.0, 0.0, 0.0)
2025-12-10 00:23:02 [INFO] [BRIDGE] [LOG] osc.show_bridge.in - RECV /state/group/4/effects/autopilot (0.0, 0.0, 0.0, 0.0)
2025-12-10 00:23:02 [INFO] [BRIDGE] [LOG] osc.show_bridge.in - RECV /state/group/6/color/enabled (0.0, 0.0, 0.0)
2025-12-10 00:23:02 [INFO] [BRIDGE] [LOG] osc.show_bridge.in - RECV /state/group/4/effects/enabled (0.0, 0.0, 0.0, 0.0)
2025-12-10 00:23:02 [INFO] [BRIDGE] [LOG] osc.show_bridge.in - RECV /state/group/7/opacity (0.0, 0.0, 0.0)
2025-12-10 00:23:02 [INFO] [BRIDGE] [LOG] osc.show_bridge.in - RECV /state/group/4/transforms/autopilot (0.0, 0.0, 0.0, 0.0)
2025-12-10 00:23:02 [INFO] [BRIDGE] [LOG] osc.show_bridge.in - RECV /state/group/7/intensity (0.0, 0.0, 0.0)
2025-12-10 00:23:02 [INFO] [BRIDGE] [LOG] osc.show_bridge.in - RECV /state/group/4/transforms/enabled (0.0, 0.0, 0.0, 0.0)
2025-12-10 00:23:02 [INFO] [BRIDGE] [LOG] osc.show_bridge.in - RECV /state/group/7/playing/autopilot (0.0, 0.0, 0.0)
2025-12-10 00:23:02 [INFO] [BRIDGE] [LOG] osc.show_bridge.in - RECV /state/group/4/dynamic_masks/autopilot (0.0, 0.0, 0.0, 0.0)
2025-12-10 00:23:02 [INFO] [BRIDGE] [LOG] osc.show_bridge.in - RECV /state/group/7/playing/enabled (0.0, 0.0, 0.0)
2025-12-10 00:23:02 [INFO] [BRIDGE] [LOG] osc.show_bridge.in - RECV /state/group/4/dynamic_masks/enabled (0.0, 0.0, 0.0, 0.0)
2025-12-10 00:23:02 [INFO] [BRIDGE] [LOG] osc.show_bridge.in - RECV /state/group/7/effects/autopilot (0.0, 0.0, 0.0)
2025-12-10 00:23:02 [INFO] [BRIDGE] [LOG] osc.show_bridge.in - RECV /state/group/4/color/autopilot (0.0, 0.0, 0.0, 0.0)
2025-12-10 00:23:02 [INFO] [BRIDGE] [LOG] osc.show_bridge.in - RECV /state/group/7/effects/enabled (0.0, 0.0, 0.0)
2025-12-10 00:23:02 [INFO] [BRIDGE] [LOG] osc.show_bridge.in - RECV /state/group/4/color/enabled (0.0, 0.0, 0.0, 0.0)
2025-12-10 00:23:02 [INFO] [BRIDGE] [LOG] osc.show_bridge.in - RECV /state/group/7/transforms/autopilot (0.0, 0.0, 0.0)
2025-12-10 00:23:02 [INFO] [BRIDGE] [LOG] osc.show_bridge.in - RECV /state/group/5/opacity (0.0, 0.0, 0.0, 0.0)
2025-12-10 00:23:02 [INFO] [BRIDGE] [LOG] osc.show_bridge.in - RECV /state/group/7/transforms/enabled (0.0, 0.0, 0.0)
2025-12-10 00:23:02 [INFO] [BRIDGE] [LOG] osc.show_bridge.in - RECV /state/group/5/intensity (0.0, 0.0, 0.0, 0.0)
2025-12-10 00:23:02 [INFO] [BRIDGE] [LOG] osc.show_bridge.in - RECV /state/group/7/dynamic_masks/autopilot (0.0, 0.0, 0.0)
2025-12-10 00:23:02 [INFO] [BRIDGE] [LOG] osc.show_bridge.in - RECV /state/group/5/playing/autopilot (0.0, 0.0, 0.0, 0.0)
2025-12-10 00:23:02 [INFO] [BRIDGE] [LOG] osc.show_bridge.in - RECV /state/group/7/dynamic_masks/enabled (0.0, 0.0, 0.0)
2025-12-10 00:23:02 [INFO] [BRIDGE] [LOG] osc.show_bridge.in - RECV /state/group/5/playing/enabled (0.0, 0.0, 0.0, 0.0)
2025-12-10 00:23:02 [INFO] [BRIDGE] [LOG] osc.show_bridge.in - RECV /state/group/7/color/autopilot (0.0, 0.0, 0.0)
2025-12-10 00:23:02 [INFO] [BRIDGE] [LOG] osc.show_bridge.in - RECV /state/group/5/effects/autopilot (0.0, 0.0, 0.0, 0.0)
2025-12-10 00:23:02 [INFO] [BRIDGE] [LOG] osc.show_bridge.in - RECV /state/group/7/color/enabled (0.0, 0.0, 0.0)
2025-12-10 00:23:02 [INFO] [BRIDGE] [LOG] osc.show_bridge.in - RECV /state/group/5/effects/enabled (0.0, 0.0, 0.0, 0.0)
2025-12-10 00:23:02 [INFO] [BRIDGE] [LOG] osc.show_bridge.in - RECV /state/group/8/opacity (0.0, 0.0, 0.0)
2025-12-10 00:23:02 [INFO] [BRIDGE] [LOG] osc.show_bridge.in - RECV /state/group/5/transforms/autopilot (0.0, 0.0, 0.0, 0.0)
2025-12-10 00:23:02 [INFO] [BRIDGE] [LOG] osc.show_bridge.in - RECV /state/group/8/intensity (0.0, 0.0, 0.0)
2025-12-10 00:23:02 [INFO] [BRIDGE] [LOG] osc.show_bridge.in - RECV /state/group/5/transforms/enabled (0.0, 0.0, 0.0, 0.0)
2025-12-10 00:23:02 [INFO] [BRIDGE] [LOG] osc.show_bridge.in - RECV /state/group/8/playing/autopilot (0.0, 0.0, 0.0)
2025-12-10 00:23:02 [INFO] [BRIDGE] [LOG] osc.show_bridge.in - RECV /state/group/5/dynamic_masks/autopilot (0.0, 0.0, 0.0, 0.0)
2025-12-10 00:23:02 [INFO] [BRIDGE] [LOG] osc.show_bridge.in - RECV /state/group/8/playing/enabled (0.0, 0.0, 0.0)
2025-12-10 00:23:02 [INFO] [BRIDGE] [LOG] osc.show_bridge.in - RECV /state/group/5/dynamic_masks/enabled (0.0, 0.0, 0.0, 0.0)
2025-12-10 00:23:02 [INFO] [BRIDGE] [LOG] osc.show_bridge.in - RECV /state/group/8/effects/autopilot (0.0, 0.0, 0.0)
2025-12-10 00:23:02 [INFO] [BRIDGE] [LOG] osc.show_bridge.in - RECV /state/group/5/color/autopilot (0.0, 0.0, 0.0, 0.0)
2025-12-10 00:23:02 [INFO] [BRIDGE] [LOG] osc.show_bridge.in - RECV /state/group/8/effects/enabled (0.0, 0.0, 0.0)
2025-12-10 00:23:02 [INFO] [BRIDGE] [LOG] osc.show_bridge.in - RECV /state/group/5/color/enabled (0.0, 0.0, 0.0, 0.0)
2025-12-10 00:23:02 [INFO] [BRIDGE] [LOG] osc.show_bridge.in - RECV /state/group/8/transforms/autopilot (0.0, 0.0, 0.0)
2025-12-10 00:23:02 [INFO] [BRIDGE] [LOG] osc.show_bridge.in - RECV /state/group/6/opacity (0.0, 0.0, 0.0, 0.0)
2025-12-10 00:23:02 [INFO] [BRIDGE] [LOG] osc.show_bridge.in - RECV /state/group/8/transforms/enabled (0.0, 0.0, 0.0)
2025-12-10 00:23:02 [INFO] [BRIDGE] [LOG] osc.show_bridge.in - RECV /state/group/6/intensity (0.0, 0.0, 0.0, 0.0)
2025-12-10 00:23:02 [INFO] [BRIDGE] [LOG] osc.show_bridge.in - RECV /state/group/8/dynamic_masks/autopilot (0.0, 0.0, 0.0)
2025-12-10 00:23:02 [INFO] [BRIDGE] [LOG] osc.show_bridge.in - RECV /state/group/6/playing/autopilot (0.0, 0.0, 0.0, 0.0)
2025-12-10 00:23:02 [INFO] [BRIDGE] [LOG] osc.show_bridge.in - RECV /state/group/8/dynamic_masks/enabled (0.0, 0.0, 0.0)
2025-12-10 00:23:02 [INFO] [BRIDGE] [LOG] osc.show_bridge.in - RECV /state/group/6/playing/enabled (0.0, 0.0, 0.0, 0.0)
2025-12-10 00:23:02 [INFO] [BRIDGE] [LOG] osc.show_bridge.in - RECV /state/group/8/color/autopilot (0.0, 0.0, 0.0)
2025-12-10 00:23:02 [INFO] [BRIDGE] [LOG] osc.show_bridge.in - RECV /state/group/6/effects/autopilot (0.0, 0.0, 0.0, 0.0)
2025-12-10 00:23:02 [INFO] [BRIDGE] [LOG] osc.show_bridge.in - RECV /state/group/8/color/enabled (0.0, 0.0, 0.0)
2025-12-10 00:23:02 [INFO] [BRIDGE] [LOG] osc.show_bridge.in - RECV /state/group/6/effects/enabled (0.0, 0.0, 0.0, 0.0)
2025-12-10 00:23:02 [INFO] [BRIDGE] [LOG] osc.show_bridge.in - RECV /state/group/6/transforms/autopilot (0.0, 0.0, 0.0, 0.0)
2025-12-10 00:23:02 [INFO] [BRIDGE] [LOG] osc.show_bridge.in - RECV /state/group/6/transforms/enabled (0.0, 0.0, 0.0, 0.0)
2025-12-10 00:23:02 [INFO] [BRIDGE] [LOG] osc.show_bridge.in - RECV /state/group/6/dynamic_masks/autopilot (0.0, 0.0, 0.0, 0.0)
2025-12-10 00:23:02 [INFO] [BRIDGE] [LOG] osc.show_bridge.in - RECV /state/group/6/dynamic_masks/enabled (0.0, 0.0, 0.0, 0.0)
2025-12-10 00:23:02 [INFO] [BRIDGE] [LOG] osc.show_bridge.in - RECV /state/group/6/color/autopilot (0.0, 0.0, 0.0, 0.0)
2025-12-10 00:23:02 [INFO] [BRIDGE] [LOG] osc.show_bridge.in - RECV /state/group/6/color/enabled (0.0, 0.0, 0.0, 0.0)
2025-12-10 00:23:02 [INFO] [BRIDGE] [LOG] osc.show_bridge.in - RECV /state/group/7/opacity (0.0, 0.0, 0.0, 0.0)
2025-12-10 00:23:02 [INFO] [BRIDGE] [LOG] osc.show_bridge.in - RECV /state/group/7/intensity (0.0, 0.0, 0.0, 0.0)
2025-12-10 00:23:02 [INFO] [BRIDGE] [LOG] osc.show_bridge.in - RECV /state/group/7/playing/autopilot (0.0, 0.0, 0.0, 0.0)
2025-12-10 00:23:02 [INFO] [BRIDGE] [LOG] osc.show_bridge.in - RECV /state/group/7/playing/enabled (0.0, 0.0, 0.0, 0.0)
2025-12-10 00:23:02 [INFO] [BRIDGE] [LOG] osc.show_bridge.in - RECV /state/group/7/effects/autopilot (0.0, 0.0, 0.0, 0.0)
2025-12-10 00:23:02 [INFO] [BRIDGE] [LOG] osc.show_bridge.in - RECV /state/group/7/effects/enabled (0.0, 0.0, 0.0, 0.0)
2025-12-10 00:23:02 [INFO] [BRIDGE] [LOG] osc.show_bridge.in - RECV /state/group/7/transforms/autopilot (0.0, 0.0, 0.0, 0.0)
2025-12-10 00:23:02 [INFO] [BRIDGE] [LOG] osc.show_bridge.in - RECV /state/group/7/transforms/enabled (0.0, 0.0, 0.0, 0.0)
2025-12-10 00:23:02 [INFO] [BRIDGE] [LOG] osc.show_bridge.in - RECV /state/group/7/dynamic_masks/autopilot (0.0, 0.0, 0.0, 0.0)
2025-12-10 00:23:02 [INFO] [BRIDGE] [LOG] osc.show_bridge.in - RECV /state/group/7/dynamic_masks/enabled (0.0, 0.0, 0.0, 0.0)
2025-12-10 00:23:02 [INFO] [BRIDGE] [LOG] osc.show_bridge.in - RECV /state/group/7/color/autopilot (0.0, 0.0, 0.0, 0.0)
2025-12-10 00:23:02 [INFO] [BRIDGE] [LOG] osc.show_bridge.in - RECV /state/group/7/color/enabled (0.0, 0.0, 0.0, 0.0)
2025-12-10 00:23:02 [INFO] [BRIDGE] [LOG] osc.show_bridge.in - RECV /state/group/8/opacity (0.0, 0.0, 0.0, 0.0)
2025-12-10 00:23:02 [INFO] [BRIDGE] [LOG] osc.show_bridge.in - RECV /state/group/8/intensity (0.0, 0.0, 0.0, 0.0)
2025-12-10 00:23:02 [INFO] [BRIDGE] [LOG] osc.show_bridge.in - RECV /state/group/8/playing/autopilot (0.0, 0.0, 0.0, 0.0)
2025-12-10 00:23:02 [INFO] [BRIDGE] [LOG] osc.show_bridge.in - RECV /state/group/8/playing/enabled (0.0, 0.0, 0.0, 0.0)
2025-12-10 00:23:02 [INFO] [BRIDGE] [LOG] osc.show_bridge.in - RECV /state/group/8/effects/autopilot (0.0, 0.0, 0.0, 0.0)
2025-12-10 00:23:02 [INFO] [BRIDGE] [LOG] osc.show_bridge.in - RECV /state/group/8/effects/enabled (0.0, 0.0, 0.0, 0.0)
2025-12-10 00:23:02 [INFO] [BRIDGE] [LOG] osc.show_bridge.in - RECV /state/group/8/transforms/autopilot (0.0, 0.0, 0.0, 0.0)
2025-12-10 00:23:02 [INFO] [BRIDGE] [LOG] osc.show_bridge.in - RECV /state/group/8/transforms/enabled (0.0, 0.0, 0.0, 0.0)
2025-12-10 00:23:02 [INFO] [BRIDGE] [LOG] osc.show_bridge.in - RECV /state/group/8/dynamic_masks/autopilot (0.0, 0.0, 0.0, 0.0)
2025-12-10 00:23:02 [INFO] [BRIDGE] [LOG] osc.show_bridge.in - RECV /state/group/8/dynamic_masks/enabled (0.0, 0.0, 0.0, 0.0)
2025-12-10 00:23:02 [INFO] [BRIDGE] [LOG] osc.show_bridge.in - RECV /state/group/8/color/autopilot (0.0, 0.0, 0.0, 0.0)
2025-12-10 00:23:02 [INFO] [BRIDGE] [LOG] osc.show_bridge.in - RECV /state/group/8/color/enabled (0.0, 0.0, 0.0, 0.0)
2025-12-10 00:23:03 [INFO] [BRIDGE] [LOG] osc.show_bridge.in - RECV /_samplerate (60.0,)
2025-12-10 00:23:03 [INFO] [BRIDGE] [LOG] osc.show_bridge.in - RECV /composition/sync (0.0, 0.0, 0.0)
2025-12-10 00:23:03 [INFO] [BRIDGE] [LOG] osc.show_bridge.in - RECV /state/group/1/opacity (0.0, 0.0, 0.0)
2025-12-10 00:23:03 [INFO] [BRIDGE] [LOG] osc.show_bridge.in - RECV /state/group/1/intensity (0.0, 0.0, 0.0)
2025-12-10 00:23:03 [INFO] [BRIDGE] [LOG] osc.show_bridge.in - RECV /state/group/1/playing/autopilot (0.0, 0.0, 0.0)
2025-12-10 00:23:03 [INFO] [BRIDGE] [LOG] osc.show_bridge.in - RECV /state/group/1/playing/enabled (0.0, 0.0, 0.0)
2025-12-10 00:23:03 [INFO] [BRIDGE] [LOG] osc.show_bridge.in - RECV /state/group/1/effects/autopilot (0.0, 0.0, 0.0)
2025-12-10 00:23:03 [INFO] [BRIDGE] [LOG] osc.show_bridge.in - RECV /state/group/1/effects/enabled (0.0, 0.0, 0.0)
2025-12-10 00:23:03 [INFO] [BRIDGE] [LOG] osc.show_bridge.in - RECV /state/group/1/transforms/autopilot (0.0, 0.0, 0.0)
2025-12-10 00:23:03 [INFO] [BRIDGE] [LOG] osc.show_bridge.in - RECV /state/group/1/transforms/enabled (0.0, 0.0, 0.0)
2025-12-10 00:23:03 [INFO] [BRIDGE] [LOG] osc.show_bridge.in - RECV /state/group/1/dynamic_masks/autopilot (0.0, 0.0, 0.0)
2025-12-10 00:23:03 [INFO] [BRIDGE] [LOG] osc.show_bridge.in - RECV /state/group/1/dynamic_masks/enabled (0.0, 0.0, 1.0)
2025-12-10 00:23:03 [INFO] [BRIDGE] [LOG] osc.show_bridge.in - RECV /state/group/1/color/autopilot (0.0, 0.0, 0.0)
2025-12-10 00:23:03 [INFO] [BRIDGE] [LOG] osc.show_bridge.in - RECV /state/group/1/color/enabled (0.0, 0.0, 0.0)
2025-12-10 00:23:03 [INFO] [BRIDGE] [LOG] osc.show_bridge.in - RECV /state/group/2/opacity (0.0, 0.0, 0.0)
2025-12-10 00:23:03 [INFO] [BRIDGE] [LOG] osc.show_bridge.in - RECV /state/group/2/intensity (0.0, 0.0, 0.0)
2025-12-10 00:23:03 [INFO] [BRIDGE] [LOG] osc.show_bridge.in - RECV /state/group/2/playing/autopilot (0.0, 0.0, 0.0)
2025-12-10 00:23:03 [INFO] [BRIDGE] [LOG] osc.show_bridge.in - RECV /state/group/2/playing/enabled (0.0, 0.0, 0.0)
2025-12-10 00:23:03 [INFO] [BRIDGE] [LOG] osc.show_bridge.in - RECV /state/group/2/effects/autopilot (0.0, 0.0, 0.0)
2025-12-10 00:23:03 [INFO] [BRIDGE] [LOG] osc.show_bridge.in - RECV /state/group/2/effects/enabled (0.0, 0.0, 0.0)
2025-12-10 00:23:03 [INFO] [BRIDGE] [LOG] osc.show_bridge.in - RECV /state/group/2/transforms/autopilot (0.0, 0.0, 0.0)
2025-12-10 00:23:03 [INFO] [BRIDGE] [LOG] osc.show_bridge.in - RECV /state/group/2/transforms/enabled (0.0, 0.0, 0.0)
2025-12-10 00:23:03 [INFO] [BRIDGE] [LOG] osc.show_bridge.in - RECV /state/group/2/dynamic_masks/autopilot (0.0, 0.0, 0.0)
2025-12-10 00:23:03 [INFO] [BRIDGE] [LOG] osc.show_bridge.in - RECV /state/group/2/dynamic_masks/enabled (0.0, 0.0, 0.0)
2025-12-10 00:23:03 [INFO] [BRIDGE] [LOG] osc.show_bridge.in - RECV /state/group/2/color/autopilot (0.0, 0.0, 0.0)
2025-12-10 00:23:03 [INFO] [BRIDGE] [LOG] osc.show_bridge.in - RECV /state/group/2/color/enabled (0.0, 0.0, 0.0)
2025-12-10 00:23:03 [INFO] [BRIDGE] [LOG] osc.show_bridge.in - RECV /state/group/3/opacity (0.0, 0.0, 0.0)
2025-12-10 00:23:03 [INFO] [BRIDGE] [LOG] osc.show_bridge.in - RECV /state/group/3/intensity (0.0, 0.0, 0.0)
2025-12-10 00:23:03 [INFO] [BRIDGE] [LOG] osc.show_bridge.in - RECV /state/group/3/playing/autopilot (0.0, 0.0, 0.0)
2025-12-10 00:23:03 [INFO] [BRIDGE] [LOG] osc.show_bridge.in - RECV /state/group/3/playing/enabled (0.0, 0.0, 0.0)
2025-12-10 00:23:03 [INFO] [BRIDGE] [LOG] osc.show_bridge.in - RECV /state/group/3/effects/autopilot (0.0, 0.0, 0.0)
2025-12-10 00:23:03 [INFO] [BRIDGE] [LOG] osc.show_bridge.in - RECV /state/group/3/effects/enabled (0.0, 0.0, 0.0)
2025-12-10 00:23:03 [INFO] [BRIDGE] [LOG] osc.show_bridge.in - RECV /state/group/3/transforms/autopilot (0.0, 0.0, 0.0)
2025-12-10 00:23:03 [INFO] [BRIDGE] [LOG] osc.show_bridge.in - RECV /state/group/3/transforms/enabled (0.0, 0.0, 0.0)
2025-12-10 00:23:03 [INFO] [BRIDGE] [LOG] osc.show_bridge.in - RECV /state/group/3/dynamic_masks/autopilot (0.0, 0.0, 0.0)
2025-12-10 00:23:03 [INFO] [BRIDGE] [LOG] osc.show_bridge.in - RECV /state/group/3/dynamic_masks/enabled (0.0, 0.0, 0.0)
2025-12-10 00:23:03 [INFO] [BRIDGE] [LOG] osc.show_bridge.in - RECV /state/group/3/color/autopilot (0.0, 0.0, 0.0)
2025-12-10 00:23:03 [INFO] [BRIDGE] [LOG] osc.show_bridge.in - RECV /state/group/3/color/enabled (0.0, 0.0, 0.0)
2025-12-10 00:23:03 [INFO] [BRIDGE] [LOG] osc.show_bridge.in - RECV /state/group/4/opacity (0.0, 0.0, 0.0)
2025-12-10 00:23:03 [INFO] [BRIDGE] [LOG] osc.show_bridge.in - RECV /state/group/4/intensity (0.0, 0.0, 0.0)
2025-12-10 00:23:03 [INFO] [BRIDGE] [LOG] osc.show_bridge.in - RECV /_samplerate (60.0,)
2025-12-10 00:23:03 [INFO] [BRIDGE] [LOG] osc.show_bridge.in - RECV /composition/sync (0.0, 0.0, 0.0, 0.0, 0.0)
2025-12-10 00:23:03 [INFO] [BRIDGE] [LOG] osc.show_bridge.in - RECV /state/group/1/opacity (0.0, 0.0, 0.0, 0.0, 0.0)
2025-12-10 00:23:03 [INFO] [BRIDGE] [LOG] osc.show_bridge.in - RECV /state/group/4/playing/autopilot (0.0, 0.0, 0.0)
2025-12-10 00:23:03 [INFO] [BRIDGE] [LOG] osc.show_bridge.in - RECV /state/group/1/intensity (0.0, 0.0, 0.0, 0.0, 0.0)
2025-12-10 00:23:03 [INFO] [BRIDGE] [LOG] osc.show_bridge.in - RECV /state/group/4/playing/enabled (0.0, 0.0, 0.0)
2025-12-10 00:23:03 [INFO] [BRIDGE] [LOG] osc.show_bridge.in - RECV /state/group/1/playing/autopilot (0.0, 0.0, 0.0, 0.0, 0.0)
2025-12-10 00:23:03 [INFO] [BRIDGE] [LOG] osc.show_bridge.in - RECV /state/group/4/effects/autopilot (0.0, 0.0, 0.0)
2025-12-10 00:23:03 [INFO] [BRIDGE] [LOG] osc.show_bridge.in - RECV /state/group/1/playing/enabled (0.0, 0.0, 0.0, 0.0, 0.0)
2025-12-10 00:23:03 [INFO] [BRIDGE] [LOG] osc.show_bridge.in - RECV /state/group/4/effects/enabled (0.0, 0.0, 0.0)
2025-12-10 00:23:03 [INFO] [BRIDGE] [LOG] osc.show_bridge.in - RECV /state/group/1/effects/autopilot (0.0, 0.0, 0.0, 0.0, 0.0)
2025-12-10 00:23:03 [INFO] [BRIDGE] [LOG] osc.show_bridge.in - RECV /state/group/4/transforms/autopilot (0.0, 0.0, 0.0)
2025-12-10 00:23:03 [INFO] [BRIDGE] [LOG] osc.show_bridge.in - RECV /state/group/1/effects/enabled (0.0, 0.0, 0.0, 0.0, 0.0)
2025-12-10 00:23:03 [INFO] [BRIDGE] [LOG] osc.show_bridge.in - RECV /state/group/4/transforms/enabled (0.0, 0.0, 0.0)
2025-12-10 00:23:03 [INFO] [BRIDGE] [LOG] osc.show_bridge.in - RECV /state/group/1/transforms/autopilot (0.0, 0.0, 0.0, 0.0, 0.0)
2025-12-10 00:23:03 [INFO] [BRIDGE] [LOG] osc.show_bridge.in - RECV /state/group/4/dynamic_masks/autopilot (0.0, 0.0, 0.0)
2025-12-10 00:23:03 [INFO] [BRIDGE] [LOG] osc.show_bridge.in - RECV /state/group/1/transforms/enabled (0.0, 0.0, 0.0, 0.0, 0.0)
2025-12-10 00:23:03 [INFO] [BRIDGE] [LOG] osc.show_bridge.in - RECV /state/group/4/dynamic_masks/enabled (0.0, 0.0, 0.0)
2025-12-10 00:23:03 [INFO] [BRIDGE] [LOG] osc.show_bridge.in - RECV /state/group/1/dynamic_masks/autopilot (0.0, 0.0, 0.0, 0.0, 0.0)
2025-12-10 00:23:03 [INFO] [BRIDGE] [LOG] osc.show_bridge.in - RECV /state/group/4/color/autopilot (0.0, 0.0, 0.0)
2025-12-10 00:23:03 [INFO] [BRIDGE] [LOG] osc.show_bridge.in - RECV /state/group/1/dynamic_masks/enabled (1.0, 1.0, 0.0, 0.0, 0.0)
2025-12-10 00:23:03 [INFO] [BRIDGE] [LOG] osc.show_bridge.in - RECV /state/group/4/color/enabled (0.0, 0.0, 0.0)
2025-12-10 00:23:03 [INFO] [BRIDGE] [LOG] osc.show_bridge.in - RECV /state/group/1/color/autopilot (0.0, 0.0, 0.0, 0.0, 0.0)
2025-12-10 00:23:03 [INFO] [BRIDGE] [LOG] osc.show_bridge.in - RECV /state/group/5/opacity (0.0, 0.0, 0.0)
2025-12-10 00:23:03 [INFO] [BRIDGE] [LOG] osc.show_bridge.in - RECV /state/group/1/color/enabled (0.0, 0.0, 0.0, 0.0, 0.0)
2025-12-10 00:23:03 [INFO] [BRIDGE] [LOG] osc.show_bridge.in - RECV /state/group/5/intensity (0.0, 0.0, 0.0)
2025-12-10 00:23:03 [INFO] [BRIDGE] [LOG] osc.show_bridge.in - RECV /state/group/2/opacity (0.0, 0.0, 0.0, 0.0, 0.0)
2025-12-10 00:23:03 [INFO] [BRIDGE] [LOG] osc.show_bridge.in - RECV /state/group/5/playing/autopilot (0.0, 0.0, 0.0)
2025-12-10 00:23:03 [INFO] [BRIDGE] [LOG] osc.show_bridge.in - RECV /state/group/2/intensity (0.0, 0.0, 0.0, 0.0, 0.0)
2025-12-10 00:23:03 [INFO] [BRIDGE] [LOG] osc.show_bridge.in - RECV /state/group/5/playing/enabled (0.0, 0.0, 0.0)
2025-12-10 00:23:03 [INFO] [BRIDGE] [LOG] osc.show_bridge.in - RECV /state/group/2/playing/autopilot (0.0, 0.0, 0.0, 0.0, 0.0)
2025-12-10 00:23:03 [INFO] [BRIDGE] [LOG] osc.show_bridge.in - RECV /state/group/5/effects/autopilot (0.0, 0.0, 0.0)
2025-12-10 00:23:03 [INFO] [BRIDGE] [LOG] osc.show_bridge.in - RECV /state/group/2/playing/enabled (0.0, 0.0, 0.0, 0.0, 0.0)
2025-12-10 00:23:03 [INFO] [BRIDGE] [LOG] osc.show_bridge.in - RECV /state/group/5/effects/enabled (0.0, 0.0, 0.0)
2025-12-10 00:23:03 [INFO] [BRIDGE] [LOG] osc.show_bridge.in - RECV /state/group/2/effects/autopilot (0.0, 0.0, 0.0, 0.0, 0.0)
2025-12-10 00:23:03 [INFO] [BRIDGE] [LOG] osc.show_bridge.in - RECV /state/group/5/transforms/autopilot (0.0, 0.0, 0.0)
2025-12-10 00:23:03 [INFO] [BRIDGE] [LOG] osc.show_bridge.in - RECV /state/group/2/effects/enabled (0.0, 0.0, 0.0, 0.0, 0.0)
2025-12-10 00:23:03 [INFO] [BRIDGE] [LOG] osc.show_bridge.in - RECV /state/group/5/transforms/enabled (0.0, 0.0, 0.0)
2025-12-10 00:23:03 [INFO] [BRIDGE] [LOG] osc.show_bridge.in - RECV /state/group/2/transforms/autopilot (0.0, 0.0, 0.0, 0.0, 0.0)
2025-12-10 00:23:03 [INFO] [BRIDGE] [LOG] osc.show_bridge.in - RECV /state/group/5/dynamic_masks/autopilot (0.0, 0.0, 0.0)
2025-12-10 00:23:03 [INFO] [BRIDGE] [LOG] osc.show_bridge.in - RECV /state/group/2/transforms/enabled (0.0, 0.0, 0.0, 0.0, 0.0)
2025-12-10 00:23:03 [INFO] [BRIDGE] [LOG] osc.show_bridge.in - RECV /state/group/5/dynamic_masks/enabled (0.0, 0.0, 0.0)
2025-12-10 00:23:03 [INFO] [BRIDGE] [LOG] osc.show_bridge.in - RECV /state/group/2/dynamic_masks/autopilot (0.0, 0.0, 0.0, 0.0, 0.0)
2025-12-10 00:23:03 [INFO] [BRIDGE] [LOG] osc.show_bridge.in - RECV /state/group/5/color/autopilot (0.0, 0.0, 0.0)
2025-12-10 00:23:03 [INFO] [BRIDGE] [LOG] osc.show_bridge.in - RECV /_samplerate (60.0,)
2025-12-10 00:23:03 [INFO] [BRIDGE] [LOG] osc.show_bridge.in - RECV /composition/sync (0.0, 0.0, 0.0, 0.0, 0.0)
2025-12-10 00:23:03 [INFO] [BRIDGE] [LOG] osc.show_bridge.in - RECV /state/group/1/opacity (0.0, 0.0, 0.0, 0.0, 0.0)
2025-12-10 00:23:03 [INFO] [BRIDGE] [LOG] osc.show_bridge.in - RECV /state/group/2/dynamic_masks/enabled (0.0, 0.0, 0.0, 0.0, 0.0)
2025-12-10 00:23:03 [INFO] [BRIDGE] [LOG] osc.show_bridge.in - RECV /state/group/5/color/enabled (0.0, 0.0, 0.0)
2025-12-10 00:23:03 [INFO] [BRIDGE] [LOG] osc.show_bridge.in - RECV /state/group/1/intensity (0.0, 0.0, 0.0, 0.0, 0.0)
2025-12-10 00:23:03 [INFO] [BRIDGE] [LOG] osc.show_bridge.in - RECV /state/group/2/color/autopilot (0.0, 0.0, 0.0, 0.0, 0.0)
2025-12-10 00:23:03 [INFO] [BRIDGE] [LOG] osc.show_bridge.in - RECV /state/group/6/opacity (0.0, 0.0, 0.0)
2025-12-10 00:23:03 [INFO] [BRIDGE] [LOG] osc.show_bridge.in - RECV /state/group/1/playing/autopilot (0.0, 0.0, 0.0, 0.0, 0.0)
2025-12-10 00:23:03 [INFO] [BRIDGE] [LOG] osc.show_bridge.in - RECV /state/group/2/color/enabled (0.0, 0.0, 0.0, 0.0, 0.0)
2025-12-10 00:23:03 [INFO] [BRIDGE] [LOG] osc.show_bridge.in - RECV /state/group/6/intensity (0.0, 0.0, 0.0)
2025-12-10 00:23:03 [INFO] [BRIDGE] [LOG] osc.show_bridge.in - RECV /state/group/1/playing/enabled (0.0, 0.0, 0.0, 0.0, 0.0)
2025-12-10 00:23:03 [INFO] [BRIDGE] [LOG] osc.show_bridge.in - RECV /state/group/3/opacity (0.0, 0.0, 0.0, 0.0, 0.0)
2025-12-10 00:23:03 [INFO] [BRIDGE] [LOG] osc.show_bridge.in - RECV /state/group/6/playing/autopilot (0.0, 0.0, 0.0)
2025-12-10 00:23:03 [INFO] [BRIDGE] [LOG] osc.show_bridge.in - RECV /state/group/1/effects/autopilot (0.0, 0.0, 0.0, 0.0, 0.0)
2025-12-10 00:23:03 [INFO] [BRIDGE] [LOG] osc.show_bridge.in - RECV /state/group/3/intensity (0.0, 0.0, 0.0, 0.0, 0.0)
2025-12-10 00:23:03 [INFO] [BRIDGE] [LOG] osc.show_bridge.in - RECV /state/group/6/playing/enabled (0.0, 0.0, 0.0)
2025-12-10 00:23:03 [INFO] [BRIDGE] [LOG] osc.show_bridge.in - RECV /state/group/1/effects/enabled (0.0, 0.0, 0.0, 0.0, 0.0)
2025-12-10 00:23:03 [INFO] [BRIDGE] [LOG] osc.show_bridge.in - RECV /state/group/3/playing/autopilot (0.0, 0.0, 0.0, 0.0, 0.0)
2025-12-10 00:23:03 [INFO] [BRIDGE] [LOG] osc.show_bridge.in - RECV /state/group/6/effects/autopilot (0.0, 0.0, 0.0)
2025-12-10 00:23:03 [INFO] [BRIDGE] [LOG] osc.show_bridge.in - RECV /state/group/1/transforms/autopilot (0.0, 0.0, 0.0, 0.0, 0.0)
2025-12-10 00:23:03 [INFO] [BRIDGE] [LOG] osc.show_bridge.in - RECV /state/group/3/playing/enabled (0.0, 0.0, 0.0, 0.0, 0.0)
2025-12-10 00:23:03 [INFO] [BRIDGE] [LOG] osc.show_bridge.in - RECV /state/group/6/effects/enabled (0.0, 0.0, 0.0)
2025-12-10 00:23:03 [INFO] [BRIDGE] [LOG] osc.show_bridge.in - RECV /state/group/1/transforms/enabled (0.0, 0.0, 0.0, 0.0, 0.0)
2025-12-10 00:23:03 [INFO] [BRIDGE] [LOG] osc.show_bridge.in - RECV /state/group/3/effects/autopilot (0.0, 0.0, 0.0, 0.0, 0.0)
2025-12-10 00:23:03 [INFO] [BRIDGE] [LOG] osc.show_bridge.in - RECV /state/group/6/transforms/autopilot (0.0, 0.0, 0.0)
2025-12-10 00:23:03 [INFO] [BRIDGE] [LOG] osc.show_bridge.in - RECV /state/group/1/dynamic_masks/autopilot (0.0, 0.0, 0.0, 0.0, 0.0)
2025-12-10 00:23:03 [INFO] [BRIDGE] [LOG] osc.show_bridge.in - RECV /state/group/3/effects/enabled (0.0, 0.0, 0.0, 0.0, 0.0)
2025-12-10 00:23:03 [INFO] [BRIDGE] [LOG] osc.show_bridge.in - RECV /state/group/6/transforms/enabled (0.0, 0.0, 0.0)
2025-12-10 00:23:03 [INFO] [BRIDGE] [LOG] osc.show_bridge.in - RECV /state/group/1/dynamic_masks/enabled (0.0, 0.0, 0.0, 0.0, 0.0)
2025-12-10 00:23:03 [INFO] [BRIDGE] [LOG] osc.show_bridge.in - RECV /state/group/3/transforms/autopilot (0.0, 0.0, 0.0, 0.0, 0.0)
2025-12-10 00:23:03 [INFO] [BRIDGE] [LOG] osc.show_bridge.in - RECV /state/group/6/dynamic_masks/autopilot (0.0, 0.0, 0.0)
2025-12-10 00:23:03 [INFO] [BRIDGE] [LOG] osc.show_bridge.in - RECV /state/group/1/color/autopilot (0.0, 0.0, 0.0, 0.0, 0.0)
2025-12-10 00:23:03 [INFO] [BRIDGE] [LOG] osc.show_bridge.in - RECV /state/group/3/transforms/enabled (0.0, 0.0, 0.0, 0.0, 0.0)
2025-12-10 00:23:03 [INFO] [BRIDGE] [LOG] osc.show_bridge.in - RECV /state/group/6/dynamic_masks/enabled (0.0, 0.0, 0.0)
2025-12-10 00:23:03 [INFO] [BRIDGE] [LOG] osc.show_bridge.in - RECV /state/group/1/color/enabled (0.0, 0.0, 0.0, 0.0, 0.0)
2025-12-10 00:23:03 [INFO] [BRIDGE] [LOG] osc.show_bridge.in - RECV /state/group/3/dynamic_masks/autopilot (0.0, 0.0, 0.0, 0.0, 0.0)
2025-12-10 00:23:03 [INFO] [BRIDGE] [LOG] osc.show_bridge.in - RECV /state/group/6/color/autopilot (0.0, 0.0, 0.0)
2025-12-10 00:23:03 [INFO] [BRIDGE] [LOG] osc.show_bridge.in - RECV /state/group/2/opacity (0.0, 0.0, 0.0, 0.0, 0.0)
2025-12-10 00:23:03 [INFO] [BRIDGE] [LOG] osc.show_bridge.in - RECV /state/group/3/dynamic_masks/enabled (0.0, 0.0, 0.0, 0.0, 0.0)
2025-12-10 00:23:03 [INFO] [BRIDGE] [LOG] osc.show_bridge.in - RECV /state/group/6/color/enabled (0.0, 0.0, 0.0)
2025-12-10 00:23:03 [INFO] [BRIDGE] [LOG] osc.show_bridge.in - RECV /state/group/2/intensity (0.0, 0.0, 0.0, 0.0, 0.0)
2025-12-10 00:23:03 [INFO] [BRIDGE] [LOG] osc.show_bridge.in - RECV /state/group/3/color/autopilot (0.0, 0.0, 0.0, 0.0, 0.0)
2025-12-10 00:23:03 [INFO] [BRIDGE] [LOG] osc.show_bridge.in - RECV /state/group/7/opacity (0.0, 0.0, 0.0)
2025-12-10 00:23:03 [INFO] [BRIDGE] [LOG] osc.show_bridge.in - RECV /state/group/2/playing/autopilot (0.0, 0.0, 0.0, 0.0, 0.0)
2025-12-10 00:23:03 [INFO] [BRIDGE] [LOG] osc.show_bridge.in - RECV /state/group/3/color/enabled (0.0, 0.0, 0.0, 0.0, 0.0)
2025-12-10 00:23:03 [INFO] [BRIDGE] [LOG] osc.show_bridge.in - RECV /state/group/7/intensity (0.0, 0.0, 0.0)
2025-12-10 00:23:03 [INFO] [BRIDGE] [LOG] osc.show_bridge.in - RECV /state/group/2/playing/enabled (0.0, 0.0, 0.0, 0.0, 0.0)
2025-12-10 00:23:03 [INFO] [BRIDGE] [LOG] osc.show_bridge.in - RECV /state/group/4/opacity (0.0, 0.0, 0.0, 0.0, 0.0)
2025-12-10 00:23:03 [INFO] [BRIDGE] [LOG] osc.show_bridge.in - RECV /state/group/7/playing/autopilot (0.0, 0.0, 0.0)
2025-12-10 00:23:03 [INFO] [BRIDGE] [LOG] osc.show_bridge.in - RECV /state/group/2/effects/autopilot (0.0, 0.0, 0.0, 0.0, 0.0)
2025-12-10 00:23:03 [INFO] [BRIDGE] [LOG] osc.show_bridge.in - RECV /state/group/4/intensity (0.0, 0.0, 0.0, 0.0, 0.0)
2025-12-10 00:23:03 [INFO] [BRIDGE] [LOG] osc.show_bridge.in - RECV /state/group/7/playing/enabled (0.0, 0.0, 0.0)
2025-12-10 00:23:03 [INFO] [BRIDGE] [LOG] osc.show_bridge.in - RECV /state/group/2/effects/enabled (0.0, 0.0, 0.0, 0.0, 0.0)
2025-12-10 00:23:03 [INFO] [BRIDGE] [LOG] osc.show_bridge.in - RECV /state/group/4/playing/autopilot (0.0, 0.0, 0.0, 0.0, 0.0)
2025-12-10 00:23:03 [INFO] [BRIDGE] [LOG] osc.show_bridge.in - RECV /state/group/7/effects/autopilot (0.0, 0.0, 0.0)
2025-12-10 00:23:03 [INFO] [BRIDGE] [LOG] osc.show_bridge.in - RECV /state/group/2/transforms/autopilot (0.0, 0.0, 0.0, 0.0, 0.0)
2025-12-10 00:23:03 [INFO] [BRIDGE] [LOG] osc.show_bridge.in - RECV /state/group/4/playing/enabled (0.0, 0.0, 0.0, 0.0, 0.0)
2025-12-10 00:23:03 [INFO] [BRIDGE] [LOG] osc.show_bridge.in - RECV /state/group/7/effects/enabled (0.0, 0.0, 0.0)
2025-12-10 00:23:03 [INFO] [BRIDGE] [LOG] osc.show_bridge.in - RECV /state/group/2/transforms/enabled (0.0, 0.0, 0.0, 0.0, 0.0)
2025-12-10 00:23:03 [INFO] [BRIDGE] [LOG] osc.show_bridge.in - RECV /state/group/4/effects/autopilot (0.0, 0.0, 0.0, 0.0, 0.0)
2025-12-10 00:23:03 [INFO] [BRIDGE] [LOG] osc.show_bridge.in - RECV /state/group/7/transforms/autopilot (0.0, 0.0, 0.0)
2025-12-10 00:23:03 [INFO] [BRIDGE] [LOG] osc.show_bridge.in - RECV /state/group/2/dynamic_masks/autopilot (0.0, 0.0, 0.0, 0.0, 0.0)
2025-12-10 00:23:03 [INFO] [BRIDGE] [LOG] osc.show_bridge.in - RECV /state/group/4/effects/enabled (0.0, 0.0, 0.0, 0.0, 0.0)
2025-12-10 00:23:03 [INFO] [BRIDGE] [LOG] osc.show_bridge.in - RECV /state/group/7/transforms/enabled (0.0, 0.0, 0.0)
2025-12-10 00:23:03 [INFO] [BRIDGE] [LOG] osc.show_bridge.in - RECV /state/group/2/dynamic_masks/enabled (0.0, 0.0, 0.0, 0.0, 0.0)
2025-12-10 00:23:03 [INFO] [BRIDGE] [LOG] osc.show_bridge.in - RECV /state/group/4/transforms/autopilot (0.0, 0.0, 0.0, 0.0, 0.0)
2025-12-10 00:23:03 [INFO] [BRIDGE] [LOG] osc.show_bridge.in - RECV /state/group/7/dynamic_masks/autopilot (0.0, 0.0, 0.0)
2025-12-10 00:23:03 [INFO] [BRIDGE] [LOG] osc.show_bridge.in - RECV /state/group/2/color/autopilot (0.0, 0.0, 0.0, 0.0, 0.0)
2025-12-10 00:23:03 [INFO] [BRIDGE] [LOG] osc.show_bridge.in - RECV /state/group/4/transforms/enabled (0.0, 0.0, 0.0, 0.0, 0.0)
2025-12-10 00:23:03 [INFO] [BRIDGE] [LOG] osc.show_bridge.in - RECV /state/group/7/dynamic_masks/enabled (0.0, 0.0, 0.0)
2025-12-10 00:23:03 [INFO] [BRIDGE] [LOG] osc.show_bridge.in - RECV /state/group/2/color/enabled (0.0, 0.0, 0.0, 0.0, 0.0)
2025-12-10 00:23:03 [INFO] [BRIDGE] [LOG] osc.show_bridge.in - RECV /state/group/4/dynamic_masks/autopilot (0.0, 0.0, 0.0, 0.0, 0.0)
2025-12-10 00:23:03 [INFO] [BRIDGE] [LOG] osc.show_bridge.in - RECV /state/group/7/color/autopilot (0.0, 0.0, 0.0)
2025-12-10 00:23:03 [INFO] [BRIDGE] [LOG] osc.show_bridge.in - RECV /state/group/3/opacity (0.0, 0.0, 0.0, 0.0, 0.0)
2025-12-10 00:23:03 [INFO] [BRIDGE] [LOG] osc.show_bridge.in - RECV /state/group/4/dynamic_masks/enabled (0.0, 0.0, 0.0, 0.0, 0.0)
2025-12-10 00:23:03 [INFO] [BRIDGE] [LOG] osc.show_bridge.in - RECV /state/group/7/color/enabled (0.0, 0.0, 0.0)
2025-12-10 00:23:03 [INFO] [BRIDGE] [LOG] osc.show_bridge.in - RECV /state/group/3/intensity (0.0, 0.0, 0.0, 0.0, 0.0)
2025-12-10 00:23:03 [INFO] [BRIDGE] [LOG] osc.show_bridge.in - RECV /state/group/4/color/autopilot (0.0, 0.0, 0.0, 0.0, 0.0)
2025-12-10 00:23:03 [INFO] [BRIDGE] [LOG] osc.show_bridge.in - RECV /state/group/8/opacity (0.0, 0.0, 0.0)
2025-12-10 00:23:03 [INFO] [BRIDGE] [LOG] osc.show_bridge.in - RECV /state/group/3/playing/autopilot (0.0, 0.0, 0.0, 0.0, 0.0)
2025-12-10 00:23:03 [INFO] [BRIDGE] [LOG] osc.show_bridge.in - RECV /state/group/4/color/enabled (0.0, 0.0, 0.0, 0.0, 0.0)
2025-12-10 00:23:03 [INFO] [BRIDGE] [LOG] osc.show_bridge.in - RECV /state/group/8/intensity (0.0, 0.0, 0.0)
2025-12-10 00:23:03 [INFO] [BRIDGE] [LOG] osc.show_bridge.in - RECV /state/group/3/playing/enabled (0.0, 0.0, 0.0, 0.0, 0.0)
2025-12-10 00:23:03 [INFO] [BRIDGE] [LOG] osc.show_bridge.in - RECV /state/group/5/opacity (0.0, 0.0, 0.0, 0.0, 0.0)
2025-12-10 00:23:03 [INFO] [BRIDGE] [LOG] osc.show_bridge.in - RECV /state/group/8/playing/autopilot (0.0, 0.0, 0.0)
2025-12-10 00:23:03 [INFO] [BRIDGE] [LOG] osc.show_bridge.in - RECV /state/group/3/effects/autopilot (0.0, 0.0, 0.0, 0.0, 0.0)
2025-12-10 00:23:03 [INFO] [BRIDGE] [LOG] osc.show_bridge.in - RECV /state/group/5/intensity (0.0, 0.0, 0.0, 0.0, 0.0)
2025-12-10 00:23:03 [INFO] [BRIDGE] [LOG] osc.show_bridge.in - RECV /state/group/8/playing/enabled (0.0, 0.0, 0.0)
2025-12-10 00:23:03 [INFO] [BRIDGE] [LOG] osc.show_bridge.in - RECV /state/group/3/effects/enabled (0.0, 0.0, 0.0, 0.0, 0.0)
2025-12-10 00:23:03 [INFO] [BRIDGE] [LOG] osc.show_bridge.in - RECV /state/group/5/playing/autopilot (0.0, 0.0, 0.0, 0.0, 0.0)
2025-12-10 00:23:03 [INFO] [BRIDGE] [LOG] osc.show_bridge.in - RECV /state/group/8/effects/autopilot (0.0, 0.0, 0.0)
2025-12-10 00:23:03 [INFO] [BRIDGE] [LOG] osc.show_bridge.in - RECV /state/group/3/transforms/autopilot (0.0, 0.0, 0.0, 0.0, 0.0)
2025-12-10 00:23:03 [INFO] [BRIDGE] [LOG] osc.show_bridge.in - RECV /state/group/5/playing/enabled (0.0, 0.0, 0.0, 0.0, 0.0)
2025-12-10 00:23:03 [INFO] [BRIDGE] [LOG] osc.show_bridge.in - RECV /state/group/8/effects/enabled (0.0, 0.0, 0.0)
2025-12-10 00:23:03 [INFO] [BRIDGE] [LOG] osc.show_bridge.in - RECV /state/group/3/transforms/enabled (0.0, 0.0, 0.0, 0.0, 0.0)
2025-12-10 00:23:03 [INFO] [BRIDGE] [LOG] osc.show_bridge.in - RECV /state/group/5/effects/autopilot (0.0, 0.0, 0.0, 0.0, 0.0)
2025-12-10 00:23:03 [INFO] [BRIDGE] [LOG] osc.show_bridge.in - RECV /state/group/8/transforms/autopilot (0.0, 0.0, 0.0)
2025-12-10 00:23:03 [INFO] [BRIDGE] [LOG] osc.show_bridge.in - RECV /state/group/3/dynamic_masks/autopilot (0.0, 0.0, 0.0, 0.0, 0.0)
2025-12-10 00:23:03 [INFO] [BRIDGE] [LOG] osc.show_bridge.in - RECV /state/group/5/effects/enabled (0.0, 0.0, 0.0, 0.0, 0.0)
2025-12-10 00:23:03 [INFO] [BRIDGE] [LOG] osc.show_bridge.in - RECV /state/group/8/transforms/enabled (0.0, 0.0, 0.0)
2025-12-10 00:23:03 [INFO] [BRIDGE] [LOG] osc.show_bridge.in - RECV /state/group/3/dynamic_masks/enabled (0.0, 0.0, 0.0, 0.0, 0.0)
2025-12-10 00:23:03 [INFO] [BRIDGE] [LOG] osc.show_bridge.in - RECV /state/group/5/transforms/autopilot (0.0, 0.0, 0.0, 0.0, 0.0)
2025-12-10 00:23:03 [INFO] [BRIDGE] [LOG] osc.show_bridge.in - RECV /state/group/8/dynamic_masks/autopilot (0.0, 0.0, 0.0)
2025-12-10 00:23:03 [INFO] [BRIDGE] [LOG] osc.show_bridge.in - RECV /state/group/3/color/autopilot (0.0, 0.0, 0.0, 0.0, 0.0)
2025-12-10 00:23:03 [INFO] [BRIDGE] [LOG] osc.show_bridge.in - RECV /state/group/5/transforms/enabled (0.0, 0.0, 0.0, 0.0, 0.0)
2025-12-10 00:23:03 [INFO] [BRIDGE] [LOG] osc.show_bridge.in - RECV /state/group/8/dynamic_masks/enabled (0.0, 0.0, 0.0)
2025-12-10 00:23:03 [INFO] [BRIDGE] [LOG] osc.show_bridge.in - RECV /state/group/3/color/enabled (0.0, 0.0, 0.0, 0.0, 0.0)
2025-12-10 00:23:03 [INFO] [BRIDGE] [LOG] osc.show_bridge.in - RECV /state/group/5/dynamic_masks/autopilot (0.0, 0.0, 0.0, 0.0, 0.0)
2025-12-10 00:23:03 [INFO] [BRIDGE] [LOG] osc.show_bridge.in - RECV /state/group/8/color/autopilot (0.0, 0.0, 0.0)
2025-12-10 00:23:03 [INFO] [BRIDGE] [LOG] osc.show_bridge.in - RECV /state/group/4/opacity (0.0, 0.0, 0.0, 0.0, 0.0)
2025-12-10 00:23:03 [INFO] [BRIDGE] [LOG] osc.show_bridge.in - RECV /state/group/5/dynamic_masks/enabled (0.0, 0.0, 0.0, 0.0, 0.0)
2025-12-10 00:23:03 [INFO] [BRIDGE] [LOG] osc.show_bridge.in - RECV /state/group/8/color/enabled (0.0, 0.0, 0.0)
2025-12-10 00:23:03 [INFO] [BRIDGE] [LOG] osc.show_bridge.in - RECV /state/group/4/intensity (0.0, 0.0, 0.0, 0.0, 0.0)
2025-12-10 00:23:03 [INFO] [BRIDGE] [LOG] osc.show_bridge.in - RECV /state/group/5/color/autopilot (0.0, 0.0, 0.0, 0.0, 0.0)
2025-12-10 00:23:03 [INFO] [BRIDGE] [LOG] osc.show_bridge.in - RECV /state/group/4/playing/autopilot (0.0, 0.0, 0.0, 0.0, 0.0)
2025-12-10 00:23:03 [INFO] [BRIDGE] [LOG] osc.show_bridge.in - RECV /state/group/5/color/enabled (0.0, 0.0, 0.0, 0.0, 0.0)
2025-12-10 00:23:03 [INFO] [BRIDGE] [LOG] osc.show_bridge.in - RECV /state/group/4/playing/enabled (0.0, 0.0, 0.0, 0.0, 0.0)
2025-12-10 00:23:03 [INFO] [BRIDGE] [LOG] osc.show_bridge.in - RECV /state/group/6/opacity (0.0, 0.0, 0.0, 0.0, 0.0)
2025-12-10 00:23:03 [INFO] [BRIDGE] [LOG] osc.show_bridge.in - RECV /state/group/4/effects/autopilot (0.0, 0.0, 0.0, 0.0, 0.0)
2025-12-10 00:23:03 [INFO] [BRIDGE] [LOG] osc.show_bridge.in - RECV /state/group/6/intensity (0.0, 0.0, 0.0, 0.0, 0.0)
2025-12-10 00:23:03 [INFO] [BRIDGE] [LOG] osc.show_bridge.in - RECV /state/group/4/effects/enabled (0.0, 0.0, 0.0, 0.0, 0.0)
2025-12-10 00:23:03 [INFO] [BRIDGE] [LOG] osc.show_bridge.in - RECV /state/group/6/playing/autopilot (0.0, 0.0, 0.0, 0.0, 0.0)
2025-12-10 00:23:03 [INFO] [BRIDGE] [LOG] osc.show_bridge.in - RECV /state/group/4/transforms/autopilot (0.0, 0.0, 0.0, 0.0, 0.0)
2025-12-10 00:23:03 [INFO] [BRIDGE] [LOG] osc.show_bridge.in - RECV /state/group/6/playing/enabled (0.0, 0.0, 0.0, 0.0, 0.0)
2025-12-10 00:23:03 [INFO] [BRIDGE] [LOG] osc.show_bridge.in - RECV /state/group/4/transforms/enabled (0.0, 0.0, 0.0, 0.0, 0.0)
2025-12-10 00:23:03 [INFO] [BRIDGE] [LOG] osc.show_bridge.in - RECV /state/group/6/effects/autopilot (0.0, 0.0, 0.0, 0.0, 0.0)
2025-12-10 00:23:03 [INFO] [BRIDGE] [LOG] osc.show_bridge.in - RECV /state/group/4/dynamic_masks/autopilot (0.0, 0.0, 0.0, 0.0, 0.0)
2025-12-10 00:23:03 [INFO] [BRIDGE] [LOG] osc.show_bridge.in - RECV /state/group/6/effects/enabled (0.0, 0.0, 0.0, 0.0, 0.0)
2025-12-10 00:23:03 [INFO] [BRIDGE] [LOG] osc.show_bridge.in - RECV /state/group/4/dynamic_masks/enabled (0.0, 0.0, 0.0, 0.0, 0.0)
2025-12-10 00:23:03 [INFO] [BRIDGE] [LOG] osc.show_bridge.in - RECV /state/group/6/transforms/autopilot (0.0, 0.0, 0.0, 0.0, 0.0)
2025-12-10 00:23:03 [INFO] [BRIDGE] [LOG] osc.show_bridge.in - RECV /state/group/4/color/autopilot (0.0, 0.0, 0.0, 0.0, 0.0)
2025-12-10 00:23:03 [INFO] [BRIDGE] [LOG] osc.show_bridge.in - RECV /state/group/6/transforms/enabled (0.0, 0.0, 0.0, 0.0, 0.0)
2025-12-10 00:23:03 [INFO] [BRIDGE] [LOG] osc.show_bridge.in - RECV /state/group/4/color/enabled (0.0, 0.0, 0.0, 0.0, 0.0)
2025-12-10 00:23:03 [INFO] [BRIDGE] [LOG] osc.show_bridge.in - RECV /state/group/6/dynamic_masks/autopilot (0.0, 0.0, 0.0, 0.0, 0.0)
2025-12-10 00:23:03 [INFO] [BRIDGE] [LOG] osc.show_bridge.in - RECV /state/group/5/opacity (0.0, 0.0, 0.0, 0.0, 0.0)
2025-12-10 00:23:03 [INFO] [BRIDGE] [LOG] osc.show_bridge.in - RECV /state/group/6/dynamic_masks/enabled (0.0, 0.0, 0.0, 0.0, 0.0)
2025-12-10 00:23:03 [INFO] [BRIDGE] [LOG] osc.show_bridge.in - RECV /state/group/5/intensity (0.0, 0.0, 0.0, 0.0, 0.0)
2025-12-10 00:23:03 [INFO] [BRIDGE] [LOG] osc.show_bridge.in - RECV /state/group/6/color/autopilot (0.0, 0.0, 0.0, 0.0, 0.0)
2025-12-10 00:23:03 [INFO] [BRIDGE] [LOG] osc.show_bridge.in - RECV /state/group/5/playing/autopilot (0.0, 0.0, 0.0, 0.0, 0.0)
2025-12-10 00:23:03 [INFO] [BRIDGE] [LOG] osc.show_bridge.in - RECV /state/group/6/color/enabled (0.0, 0.0, 0.0, 0.0, 0.0)
2025-12-10 00:23:03 [INFO] [BRIDGE] [LOG] osc.show_bridge.in - RECV /state/group/5/playing/enabled (0.0, 0.0, 0.0, 0.0, 0.0)
2025-12-10 00:23:03 [INFO] [BRIDGE] [LOG] osc.show_bridge.in - RECV /state/group/7/opacity (0.0, 0.0, 0.0, 0.0, 0.0)
2025-12-10 00:23:03 [INFO] [BRIDGE] [LOG] osc.show_bridge.in - RECV /state/group/5/effects/autopilot (0.0, 0.0, 0.0, 0.0, 0.0)
2025-12-10 00:23:03 [INFO] [BRIDGE] [LOG] osc.show_bridge.in - RECV /state/group/7/intensity (0.0, 0.0, 0.0, 0.0, 0.0)
2025-12-10 00:23:03 [INFO] [BRIDGE] [LOG] osc.show_bridge.in - RECV /state/group/5/effects/enabled (0.0, 0.0, 0.0, 0.0, 0.0)
2025-12-10 00:23:03 [INFO] [BRIDGE] [LOG] osc.show_bridge.in - RECV /state/group/7/playing/autopilot (0.0, 0.0, 0.0, 0.0, 0.0)
2025-12-10 00:23:03 [INFO] [BRIDGE] [LOG] osc.show_bridge.in - RECV /state/group/5/transforms/autopilot (0.0, 0.0, 0.0, 0.0, 0.0)
2025-12-10 00:23:03 [INFO] [BRIDGE] [LOG] osc.show_bridge.in - RECV /state/group/7/playing/enabled (0.0, 0.0, 0.0, 0.0, 0.0)
2025-12-10 00:23:03 [INFO] [BRIDGE] [LOG] osc.show_bridge.in - RECV /state/group/5/transforms/enabled (0.0, 0.0, 0.0, 0.0, 0.0)
2025-12-10 00:23:03 [INFO] [BRIDGE] [LOG] osc.show_bridge.in - RECV /state/group/7/effects/autopilot (0.0, 0.0, 0.0, 0.0, 0.0)
2025-12-10 00:23:03 [INFO] [BRIDGE] [LOG] osc.show_bridge.in - RECV /state/group/7/effects/enabled (0.0, 0.0, 0.0, 0.0, 0.0)
2025-12-10 00:23:03 [INFO] [BRIDGE] [LOG] osc.show_bridge.in - RECV /state/group/5/dynamic_masks/autopilot (0.0, 0.0, 0.0, 0.0, 0.0)
2025-12-10 00:23:03 [INFO] [BRIDGE] [LOG] osc.show_bridge.in - RECV /state/group/7/transforms/autopilot (0.0, 0.0, 0.0, 0.0, 0.0)
2025-12-10 00:23:03 [INFO] [BRIDGE] [LOG] osc.show_bridge.in - RECV /state/group/5/dynamic_masks/enabled (0.0, 0.0, 0.0, 0.0, 0.0)
2025-12-10 00:23:03 [INFO] [BRIDGE] [LOG] osc.show_bridge.in - RECV /state/group/7/transforms/enabled (0.0, 0.0, 0.0, 0.0, 0.0)
2025-12-10 00:23:03 [INFO] [BRIDGE] [LOG] osc.show_bridge.in - RECV /state/group/5/color/autopilot (0.0, 0.0, 0.0, 0.0, 0.0)
2025-12-10 00:23:03 [INFO] [BRIDGE] [LOG] osc.show_bridge.in - RECV /state/group/7/dynamic_masks/autopilot (0.0, 0.0, 0.0, 0.0, 0.0)
2025-12-10 00:23:03 [INFO] [BRIDGE] [LOG] osc.show_bridge.in - RECV /state/group/5/color/enabled (0.0, 0.0, 0.0, 0.0, 0.0)
2025-12-10 00:23:03 [INFO] [BRIDGE] [LOG] osc.show_bridge.in - RECV /state/group/7/dynamic_masks/enabled (0.0, 0.0, 0.0, 0.0, 0.0)
2025-12-10 00:23:03 [INFO] [BRIDGE] [LOG] osc.show_bridge.in - RECV /state/group/6/opacity (0.0, 0.0, 0.0, 0.0, 0.0)
2025-12-10 00:23:03 [INFO] [BRIDGE] [LOG] osc.show_bridge.in - RECV /state/group/7/color/autopilot (0.0, 0.0, 0.0, 0.0, 0.0)
2025-12-10 00:23:03 [INFO] [BRIDGE] [LOG] osc.show_bridge.in - RECV /state/group/6/intensity (0.0, 0.0, 0.0, 0.0, 0.0)
2025-12-10 00:23:03 [INFO] [BRIDGE] [LOG] osc.show_bridge.in - RECV /state/group/7/color/enabled (0.0, 0.0, 0.0, 0.0, 0.0)
2025-12-10 00:23:03 [INFO] [BRIDGE] [LOG] osc.show_bridge.in - RECV /state/group/6/playing/autopilot (0.0, 0.0, 0.0, 0.0, 0.0)
2025-12-10 00:23:03 [INFO] [BRIDGE] [LOG] osc.show_bridge.in - RECV /state/group/8/opacity (0.0, 0.0, 0.0, 0.0, 0.0)
2025-12-10 00:23:03 [INFO] [BRIDGE] [LOG] osc.show_bridge.in - RECV /state/group/6/playing/enabled (0.0, 0.0, 0.0, 0.0, 0.0)
2025-12-10 00:23:03 [INFO] [BRIDGE] [LOG] osc.show_bridge.in - RECV /state/group/8/intensity (0.0, 0.0, 0.0, 0.0, 0.0)
2025-12-10 00:23:03 [INFO] [BRIDGE] [LOG] osc.show_bridge.in - RECV /state/group/6/effects/autopilot (0.0, 0.0, 0.0, 0.0, 0.0)
2025-12-10 00:23:03 [INFO] [BRIDGE] [LOG] osc.show_bridge.in - RECV /state/group/8/playing/autopilot (0.0, 0.0, 0.0, 0.0, 0.0)
2025-12-10 00:23:03 [INFO] [BRIDGE] [LOG] osc.show_bridge.in - RECV /state/group/6/effects/enabled (0.0, 0.0, 0.0, 0.0, 0.0)
2025-12-10 00:23:03 [INFO] [BRIDGE] [LOG] osc.show_bridge.in - RECV /state/group/8/playing/enabled (0.0, 0.0, 0.0, 0.0, 0.0)
2025-12-10 00:23:03 [INFO] [BRIDGE] [LOG] osc.show_bridge.in - RECV /state/group/6/transforms/autopilot (0.0, 0.0, 0.0, 0.0, 0.0)
2025-12-10 00:23:03 [INFO] [BRIDGE] [LOG] osc.show_bridge.in - RECV /state/group/8/effects/autopilot (0.0, 0.0, 0.0, 0.0, 0.0)
2025-12-10 00:23:03 [INFO] [BRIDGE] [LOG] osc.show_bridge.in - RECV /state/group/6/transforms/enabled (0.0, 0.0, 0.0, 0.0, 0.0)
2025-12-10 00:23:03 [INFO] [BRIDGE] [LOG] osc.show_bridge.in - RECV /state/group/8/effects/enabled (0.0, 0.0, 0.0, 0.0, 0.0)
2025-12-10 00:23:03 [INFO] [BRIDGE] [LOG] osc.show_bridge.in - RECV /state/group/6/dynamic_masks/autopilot (0.0, 0.0, 0.0, 0.0, 0.0)
2025-12-10 00:23:03 [INFO] [BRIDGE] [LOG] osc.show_bridge.in - RECV /state/group/8/transforms/autopilot (0.0, 0.0, 0.0, 0.0, 0.0)
2025-12-10 00:23:03 [INFO] [BRIDGE] [LOG] osc.show_bridge.in - RECV /state/group/6/dynamic_masks/enabled (0.0, 0.0, 0.0, 0.0, 0.0)
2025-12-10 00:23:03 [INFO] [BRIDGE] [LOG] osc.show_bridge.in - RECV /state/group/8/transforms/enabled (0.0, 0.0, 0.0, 0.0, 0.0)
2025-12-10 00:23:03 [INFO] [BRIDGE] [LOG] osc.show_bridge.in - RECV /state/group/6/color/autopilot (0.0, 0.0, 0.0, 0.0, 0.0)
2025-12-10 00:23:03 [INFO] [BRIDGE] [LOG] osc.show_bridge.in - RECV /state/group/8/dynamic_masks/autopilot (0.0, 0.0, 0.0, 0.0, 0.0)
2025-12-10 00:23:03 [INFO] [BRIDGE] [LOG] osc.show_bridge.in - RECV /state/group/6/color/enabled (0.0, 0.0, 0.0, 0.0, 0.0)
2025-12-10 00:23:03 [INFO] [BRIDGE] [LOG] osc.show_bridge.in - RECV /state/group/8/dynamic_masks/enabled (0.0, 0.0, 0.0, 0.0, 0.0)
2025-12-10 00:23:03 [INFO] [BRIDGE] [LOG] osc.show_bridge.in - RECV /state/group/7/opacity (0.0, 0.0, 0.0, 0.0, 0.0)
2025-12-10 00:23:03 [INFO] [BRIDGE] [LOG] osc.show_bridge.in - RECV /state/group/8/color/autopilot (0.0, 0.0, 0.0, 0.0, 0.0)
2025-12-10 00:23:03 [INFO] [BRIDGE] [LOG] osc.show_bridge.in - RECV /state/group/7/intensity (0.0, 0.0, 0.0, 0.0, 0.0)
2025-12-10 00:23:03 [INFO] [BRIDGE] [LOG] osc.show_bridge.in - RECV /state/group/8/color/enabled (0.0, 0.0, 0.0, 0.0, 0.0)
2025-12-10 00:23:03 [INFO] [BRIDGE] [LOG] osc.show_bridge.in - RECV /state/group/7/playing/autopilot (0.0, 0.0, 0.0, 0.0, 0.0)
2025-12-10 00:23:03 [INFO] [BRIDGE] [LOG] osc.show_bridge.in - RECV /state/group/7/playing/enabled (0.0, 0.0, 0.0, 0.0, 0.0)
2025-12-10 00:23:03 [INFO] [BRIDGE] [LOG] osc.show_bridge.in - RECV /state/group/7/effects/autopilot (0.0, 0.0, 0.0, 0.0, 0.0)
2025-12-10 00:23:03 [INFO] [BRIDGE] [LOG] osc.show_bridge.in - RECV /state/group/7/effects/enabled (0.0, 0.0, 0.0, 0.0, 0.0)
2025-12-10 00:23:03 [INFO] [BRIDGE] [LOG] osc.show_bridge.in - RECV /state/group/7/transforms/autopilot (0.0, 0.0, 0.0, 0.0, 0.0)
2025-12-10 00:23:03 [INFO] [BRIDGE] [LOG] osc.show_bridge.in - RECV /state/group/7/transforms/enabled (0.0, 0.0, 0.0, 0.0, 0.0)
2025-12-10 00:23:03 [INFO] [BRIDGE] [LOG] osc.show_bridge.in - RECV /state/group/7/dynamic_masks/autopilot (0.0, 0.0, 0.0, 0.0, 0.0)
2025-12-10 00:23:03 [INFO] [BRIDGE] [LOG] osc.show_bridge.in - RECV /state/group/7/dynamic_masks/enabled (0.0, 0.0, 0.0, 0.0, 0.0)
2025-12-10 00:23:03 [INFO] [BRIDGE] [LOG] osc.show_bridge.in - RECV /state/group/7/color/autopilot (0.0, 0.0, 0.0, 0.0, 0.0)
2025-12-10 00:23:03 [INFO] [BRIDGE] [LOG] osc.show_bridge.in - RECV /state/group/7/color/enabled (0.0, 0.0, 0.0, 0.0, 0.0)
2025-12-10 00:23:03 [INFO] [BRIDGE] [LOG] osc.show_bridge.in - RECV /state/group/8/opacity (0.0, 0.0, 0.0, 0.0, 0.0)
2025-12-10 00:23:03 [INFO] [BRIDGE] [LOG] osc.show_bridge.in - RECV /state/group/8/intensity (0.0, 0.0, 0.0, 0.0, 0.0)
2025-12-10 00:23:03 [INFO] [BRIDGE] [LOG] osc.show_bridge.in - RECV /state/group/8/playing/autopilot (0.0, 0.0, 0.0, 0.0, 0.0)
2025-12-10 00:23:03 [INFO] [BRIDGE] [LOG] osc.show_bridge.in - RECV /state/group/8/playing/enabled (0.0, 0.0, 0.0, 0.0, 0.0)
2025-12-10 00:23:03 [INFO] [BRIDGE] [LOG] osc.show_bridge.in - RECV /state/group/8/effects/autopilot (0.0, 0.0, 0.0, 0.0, 0.0)
2025-12-10 00:23:03 [INFO] [BRIDGE] [LOG] osc.show_bridge.in - RECV /state/group/8/effects/enabled (0.0, 0.0, 0.0, 0.0, 0.0)
2025-12-10 00:23:03 [INFO] [BRIDGE] [LOG] osc.show_bridge.in - RECV /state/group/8/transforms/autopilot (0.0, 0.0, 0.0, 0.0, 0.0)
2025-12-10 00:23:03 [INFO] [BRIDGE] [LOG] osc.show_bridge.in - RECV /state/group/8/transforms/enabled (0.0, 0.0, 0.0, 0.0, 0.0)
2025-12-10 00:23:03 [INFO] [BRIDGE] [LOG] osc.show_bridge.in - RECV /state/group/8/dynamic_masks/autopilot (0.0, 0.0, 0.0, 0.0, 0.0)
2025-12-10 00:23:03 [INFO] [BRIDGE] [LOG] osc.show_bridge.in - RECV /state/group/8/dynamic_masks/enabled (0.0, 0.0, 0.0, 0.0, 0.0)
2025-12-10 00:23:03 [INFO] [BRIDGE] [LOG] osc.show_bridge.in - RECV /state/group/8/color/autopilot (0.0, 0.0, 0.0, 0.0, 0.0)
2025-12-10 00:23:03 [INFO] [BRIDGE] [LOG] osc.show_bridge.in - RECV /state/group/8/color/enabled (0.0, 0.0, 0.0, 0.0, 0.0)
2025-12-10 00:23:18 [INFO] [BRIDGE] [LOG] osc.show_bridge.in - RECV /_samplerate (60.0,)
2025-12-10 00:23:18 [INFO] [BRIDGE] [LOG] osc.show_bridge.in - RECV /composition/sync (0.0, 0.0, 0.0, 0.0, 0.0, 0.0)
2025-12-10 00:23:18 [INFO] [BRIDGE] [LOG] osc.show_bridge.in - RECV /state/group/1/opacity (0.0, 0.0, 0.0, 0.0, 0.0, 0.0)
2025-12-10 00:23:18 [INFO] [BRIDGE] [LOG] osc.show_bridge.in - RECV /state/group/1/intensity (0.0, 0.0, 0.0, 0.0, 0.0, 0.0)
2025-12-10 00:23:18 [INFO] [BRIDGE] [LOG] osc.show_bridge.in - RECV /state/group/1/playing/autopilot (0.0, 0.0, 0.0, 0.0, 0.0, 1.0)
2025-12-10 00:23:18 [INFO] [BRIDGE] [LOG] osc.show_bridge.in - RECV /_samplerate (60.0,)
2025-12-10 00:23:18 [INFO] [BRIDGE] [LOG] osc.show_bridge.in - RECV /composition/sync (0.0, 0.0, 0.0, 0.0, 0.0, 0.0)
2025-12-10 00:23:18 [INFO] [BRIDGE] [LOG] osc.show_bridge.in - RECV /state/group/1/playing/enabled (0.0, 0.0, 0.0, 0.0, 0.0, 0.0)
2025-12-10 00:23:18 [INFO] [BRIDGE] [LOG] osc.show_bridge.in - RECV /state/group/1/opacity (0.0, 0.0, 0.0, 0.0, 0.0, 0.0)
2025-12-10 00:23:18 [INFO] [BRIDGE] [LOG] osc.show_bridge.in - RECV /state/group/1/effects/autopilot (0.0, 0.0, 0.0, 0.0, 0.0, 0.0)
2025-12-10 00:23:18 [INFO] [BRIDGE] [LOG] osc.show_bridge.in - RECV /state/group/1/intensity (0.0, 0.0, 0.0, 0.0, 0.0, 0.0)
2025-12-10 00:23:18 [INFO] [BRIDGE] [LOG] osc.show_bridge.in - RECV /state/group/1/effects/enabled (0.0, 0.0, 0.0, 0.0, 0.0, 0.0)
2025-12-10 00:23:18 [INFO] [BRIDGE] [LOG] osc.show_bridge.in - RECV /state/group/1/playing/autopilot (1.0, 1.0, 0.0, 0.0, 0.0, 0.0)
2025-12-10 00:23:18 [INFO] [BRIDGE] [LOG] osc.show_bridge.in - RECV /state/group/1/transforms/autopilot (0.0, 0.0, 0.0, 0.0, 0.0, 0.0)
2025-12-10 00:23:18 [INFO] [BRIDGE] [LOG] osc.show_bridge.in - RECV /state/group/1/playing/enabled (0.0, 0.0, 0.0, 0.0, 0.0, 0.0)
2025-12-10 00:23:18 [INFO] [BRIDGE] [LOG] osc.show_bridge.in - RECV /state/group/1/transforms/enabled (0.0, 0.0, 0.0, 0.0, 0.0, 0.0)
2025-12-10 00:23:18 [INFO] [BRIDGE] [LOG] osc.show_bridge.in - RECV /state/group/1/effects/autopilot (0.0, 0.0, 0.0, 0.0, 0.0, 0.0)
2025-12-10 00:23:18 [INFO] [BRIDGE] [LOG] osc.show_bridge.in - RECV /state/group/1/dynamic_masks/autopilot (0.0, 0.0, 0.0, 0.0, 0.0, 0.0)
2025-12-10 00:23:18 [INFO] [BRIDGE] [LOG] osc.show_bridge.in - RECV /state/group/1/effects/enabled (0.0, 0.0, 0.0, 0.0, 0.0, 0.0)
2025-12-10 00:23:18 [INFO] [BRIDGE] [LOG] osc.show_bridge.in - RECV /_samplerate (60.0,)
2025-12-10 00:23:18 [INFO] [BRIDGE] [LOG] osc.show_bridge.in - RECV /state/group/1/dynamic_masks/enabled (0.0, 0.0, 0.0, 0.0, 0.0, 0.0)
2025-12-10 00:23:18 [INFO] [BRIDGE] [LOG] osc.show_bridge.in - RECV /composition/sync (0.0, 0.0, 0.0, 0.0, 0.0, 0.0)
2025-12-10 00:23:18 [INFO] [BRIDGE] [LOG] osc.show_bridge.in - RECV /state/group/1/opacity (0.0, 0.0, 0.0, 0.0, 0.0, 0.0)
2025-12-10 00:23:18 [INFO] [BRIDGE] [LOG] osc.show_bridge.in - RECV /state/group/1/transforms/autopilot (0.0, 0.0, 0.0, 0.0, 0.0, 0.0)
2025-12-10 00:23:18 [INFO] [BRIDGE] [LOG] osc.show_bridge.in - RECV /state/group/1/color/autopilot (0.0, 0.0, 0.0, 0.0, 0.0, 0.0)
2025-12-10 00:23:18 [INFO] [BRIDGE] [LOG] osc.show_bridge.in - RECV /state/group/1/intensity (0.0, 0.0, 0.0, 0.0, 0.0, 0.0)
2025-12-10 00:23:18 [INFO] [BRIDGE] [LOG] osc.show_bridge.in - RECV /state/group/1/transforms/enabled (0.0, 0.0, 0.0, 0.0, 0.0, 0.0)
2025-12-10 00:23:18 [INFO] [BRIDGE] [LOG] osc.show_bridge.in - RECV /state/group/1/color/enabled (0.0, 0.0, 0.0, 0.0, 0.0, 0.0)
2025-12-10 00:23:18 [INFO] [BRIDGE] [LOG] osc.show_bridge.in - RECV /state/group/1/playing/autopilot (0.0, 0.0, 0.0, 0.0, 0.0, 0.0)
2025-12-10 00:23:18 [INFO] [BRIDGE] [LOG] osc.show_bridge.in - RECV /state/group/1/dynamic_masks/autopilot (0.0, 0.0, 0.0, 0.0, 0.0, 0.0)
2025-12-10 00:23:18 [INFO] [BRIDGE] [LOG] osc.show_bridge.in - RECV /state/group/2/opacity (0.0, 0.0, 0.0, 0.0, 0.0, 0.0)
2025-12-10 00:23:18 [INFO] [BRIDGE] [LOG] osc.show_bridge.in - RECV /state/group/1/playing/enabled (0.0, 0.0, 0.0, 0.0, 0.0, 0.0)
2025-12-10 00:23:18 [INFO] [BRIDGE] [LOG] osc.show_bridge.in - RECV /state/group/1/dynamic_masks/enabled (0.0, 0.0, 0.0, 0.0, 0.0, 0.0)
2025-12-10 00:23:18 [INFO] [BRIDGE] [LOG] osc.show_bridge.in - RECV /state/group/2/intensity (0.0, 0.0, 0.0, 0.0, 0.0, 0.0)
2025-12-10 00:23:18 [INFO] [BRIDGE] [LOG] osc.show_bridge.in - RECV /state/group/1/effects/autopilot (0.0, 0.0, 0.0, 0.0, 0.0, 0.0)
2025-12-10 00:23:18 [INFO] [BRIDGE] [LOG] osc.show_bridge.in - RECV /state/group/1/color/autopilot (0.0, 0.0, 0.0, 0.0, 0.0, 0.0)
2025-12-10 00:23:18 [INFO] [BRIDGE] [LOG] osc.show_bridge.in - RECV /state/group/2/playing/autopilot (0.0, 0.0, 0.0, 0.0, 0.0, 0.0)
2025-12-10 00:23:18 [INFO] [BRIDGE] [LOG] osc.show_bridge.in - RECV /state/group/1/effects/enabled (0.0, 0.0, 0.0, 0.0, 0.0, 0.0)
2025-12-10 00:23:18 [INFO] [BRIDGE] [LOG] osc.show_bridge.in - RECV /state/group/1/color/enabled (0.0, 0.0, 0.0, 0.0, 0.0, 0.0)
2025-12-10 00:23:18 [INFO] [BRIDGE] [LOG] osc.show_bridge.in - RECV /state/group/2/playing/enabled (0.0, 0.0, 0.0, 0.0, 0.0, 0.0)
2025-12-10 00:23:18 [INFO] [BRIDGE] [LOG] osc.show_bridge.in - RECV /state/group/1/transforms/autopilot (0.0, 0.0, 0.0, 0.0, 0.0, 0.0)
2025-12-10 00:23:18 [INFO] [BRIDGE] [LOG] osc.show_bridge.in - RECV /state/group/2/opacity (0.0, 0.0, 0.0, 0.0, 0.0, 0.0)
2025-12-10 00:23:18 [INFO] [BRIDGE] [LOG] osc.show_bridge.in - RECV /state/group/2/effects/autopilot (0.0, 0.0, 0.0, 0.0, 0.0, 0.0)
2025-12-10 00:23:18 [INFO] [BRIDGE] [LOG] osc.show_bridge.in - RECV /state/group/1/transforms/enabled (0.0, 0.0, 0.0, 0.0, 0.0, 0.0)
2025-12-10 00:23:18 [INFO] [BRIDGE] [LOG] osc.show_bridge.in - RECV /state/group/2/intensity (0.0, 0.0, 0.0, 0.0, 0.0, 0.0)
2025-12-10 00:23:18 [INFO] [BRIDGE] [LOG] osc.show_bridge.in - RECV /state/group/2/effects/enabled (0.0, 0.0, 0.0, 0.0, 0.0, 0.0)
2025-12-10 00:23:18 [INFO] [BRIDGE] [LOG] osc.show_bridge.in - RECV /state/group/1/dynamic_masks/autopilot (0.0, 0.0, 0.0, 0.0, 0.0, 0.0)
2025-12-10 00:23:18 [INFO] [BRIDGE] [LOG] osc.show_bridge.in - RECV /state/group/2/transforms/autopilot (0.0, 0.0, 0.0, 0.0, 0.0, 0.0)
2025-12-10 00:23:18 [INFO] [BRIDGE] [LOG] osc.show_bridge.in - RECV /state/group/2/playing/autopilot (0.0, 0.0, 0.0, 0.0, 0.0, 0.0)
2025-12-10 00:23:18 [INFO] [BRIDGE] [LOG] osc.show_bridge.in - RECV /state/group/1/dynamic_masks/enabled (0.0, 0.0, 0.0, 0.0, 0.0, 0.0)
2025-12-10 00:23:18 [INFO] [BRIDGE] [LOG] osc.show_bridge.in - RECV /state/group/2/playing/enabled (0.0, 0.0, 0.0, 0.0, 0.0, 0.0)
2025-12-10 00:23:18 [INFO] [BRIDGE] [LOG] osc.show_bridge.in - RECV /state/group/1/color/autopilot (0.0, 0.0, 0.0, 0.0, 0.0, 0.0)
2025-12-10 00:23:18 [INFO] [BRIDGE] [LOG] osc.show_bridge.in - RECV /state/group/2/effects/autopilot (0.0, 0.0, 0.0, 0.0, 0.0, 0.0)
2025-12-10 00:23:18 [INFO] [BRIDGE] [LOG] osc.show_bridge.in - RECV /state/group/2/transforms/enabled (0.0, 0.0, 0.0, 0.0, 0.0, 0.0)
2025-12-10 00:23:18 [INFO] [BRIDGE] [LOG] osc.show_bridge.in - RECV /state/group/1/color/enabled (0.0, 0.0, 0.0, 0.0, 0.0, 0.0)
2025-12-10 00:23:18 [INFO] [BRIDGE] [LOG] osc.show_bridge.in - RECV /state/group/2/effects/enabled (0.0, 0.0, 0.0, 0.0, 0.0, 0.0)
2025-12-10 00:23:18 [INFO] [BRIDGE] [LOG] osc.show_bridge.in - RECV /state/group/2/dynamic_masks/autopilot (0.0, 0.0, 0.0, 0.0, 0.0, 0.0)
2025-12-10 00:23:18 [INFO] [BRIDGE] [LOG] osc.show_bridge.in - RECV /state/group/2/opacity (0.0, 0.0, 0.0, 0.0, 0.0, 0.0)
2025-12-10 00:23:18 [INFO] [BRIDGE] [LOG] osc.show_bridge.in - RECV /state/group/2/transforms/autopilot (0.0, 0.0, 0.0, 0.0, 0.0, 0.0)
2025-12-10 00:23:18 [INFO] [BRIDGE] [LOG] osc.show_bridge.in - RECV /state/group/2/dynamic_masks/enabled (0.0, 0.0, 0.0, 0.0, 0.0, 0.0)
2025-12-10 00:23:18 [INFO] [BRIDGE] [LOG] osc.show_bridge.in - RECV /state/group/2/intensity (0.0, 0.0, 0.0, 0.0, 0.0, 0.0)
2025-12-10 00:23:18 [INFO] [BRIDGE] [LOG] osc.show_bridge.in - RECV /state/group/2/transforms/enabled (0.0, 0.0, 0.0, 0.0, 0.0, 0.0)
2025-12-10 00:23:18 [INFO] [BRIDGE] [LOG] osc.show_bridge.in - RECV /state/group/2/color/autopilot (0.0, 0.0, 0.0, 0.0, 0.0, 0.0)
2025-12-10 00:23:18 [INFO] [BRIDGE] [LOG] osc.show_bridge.in - RECV /state/group/2/playing/autopilot (0.0, 0.0, 0.0, 0.0, 0.0, 0.0)
2025-12-10 00:23:18 [INFO] [BRIDGE] [LOG] osc.show_bridge.in - RECV /state/group/2/dynamic_masks/autopilot (0.0, 0.0, 0.0, 0.0, 0.0, 0.0)
2025-12-10 00:23:18 [INFO] [BRIDGE] [LOG] osc.show_bridge.in - RECV /state/group/2/color/enabled (0.0, 0.0, 0.0, 0.0, 0.0, 0.0)
2025-12-10 00:23:18 [INFO] [BRIDGE] [LOG] osc.show_bridge.in - RECV /state/group/2/playing/enabled (0.0, 0.0, 0.0, 0.0, 0.0, 0.0)
2025-12-10 00:23:18 [INFO] [BRIDGE] [LOG] osc.show_bridge.in - RECV /state/group/2/dynamic_masks/enabled (0.0, 0.0, 0.0, 0.0, 0.0, 0.0)
2025-12-10 00:23:18 [INFO] [BRIDGE] [LOG] osc.show_bridge.in - RECV /state/group/3/opacity (0.0, 0.0, 0.0, 0.0, 0.0, 0.0)
2025-12-10 00:23:18 [INFO] [BRIDGE] [LOG] osc.show_bridge.in - RECV /state/group/2/effects/autopilot (0.0, 0.0, 0.0, 0.0, 0.0, 0.0)
2025-12-10 00:23:18 [INFO] [BRIDGE] [LOG] osc.show_bridge.in - RECV /state/group/2/color/autopilot (0.0, 0.0, 0.0, 0.0, 0.0, 0.0)
2025-12-10 00:23:18 [INFO] [BRIDGE] [LOG] osc.show_bridge.in - RECV /state/group/3/intensity (0.0, 0.0, 0.0, 0.0, 0.0, 0.0)
2025-12-10 00:23:18 [INFO] [BRIDGE] [LOG] osc.show_bridge.in - RECV /state/group/2/effects/enabled (0.0, 0.0, 0.0, 0.0, 0.0, 0.0)
2025-12-10 00:23:18 [INFO] [BRIDGE] [LOG] osc.show_bridge.in - RECV /state/group/2/color/enabled (0.0, 0.0, 0.0, 0.0, 0.0, 0.0)
2025-12-10 00:23:18 [INFO] [BRIDGE] [LOG] osc.show_bridge.in - RECV /state/group/3/playing/autopilot (0.0, 0.0, 0.0, 0.0, 0.0, 0.0)
2025-12-10 00:23:18 [INFO] [BRIDGE] [LOG] osc.show_bridge.in - RECV /state/group/2/transforms/autopilot (0.0, 0.0, 0.0, 0.0, 0.0, 0.0)
2025-12-10 00:23:18 [INFO] [BRIDGE] [LOG] osc.show_bridge.in - RECV /state/group/3/opacity (0.0, 0.0, 0.0, 0.0, 0.0, 0.0)
2025-12-10 00:23:18 [INFO] [BRIDGE] [LOG] osc.show_bridge.in - RECV /state/group/3/playing/enabled (0.0, 0.0, 0.0, 0.0, 0.0, 0.0)
2025-12-10 00:23:18 [INFO] [BRIDGE] [LOG] osc.show_bridge.in - RECV /state/group/2/transforms/enabled (0.0, 0.0, 0.0, 0.0, 0.0, 0.0)
2025-12-10 00:23:18 [INFO] [BRIDGE] [LOG] osc.show_bridge.in - RECV /state/group/3/intensity (0.0, 0.0, 0.0, 0.0, 0.0, 0.0)
2025-12-10 00:23:18 [INFO] [BRIDGE] [LOG] osc.show_bridge.in - RECV /state/group/3/effects/autopilot (0.0, 0.0, 0.0, 0.0, 0.0, 0.0)
2025-12-10 00:23:18 [INFO] [BRIDGE] [LOG] osc.show_bridge.in - RECV /state/group/2/dynamic_masks/autopilot (0.0, 0.0, 0.0, 0.0, 0.0, 0.0)
2025-12-10 00:23:18 [INFO] [BRIDGE] [LOG] osc.show_bridge.in - RECV /state/group/3/playing/autopilot (0.0, 0.0, 0.0, 0.0, 0.0, 0.0)
2025-12-10 00:23:18 [INFO] [BRIDGE] [LOG] osc.show_bridge.in - RECV /state/group/3/effects/enabled (0.0, 0.0, 0.0, 0.0, 0.0, 0.0)
2025-12-10 00:23:18 [INFO] [BRIDGE] [LOG] osc.show_bridge.in - RECV /state/group/2/dynamic_masks/enabled (0.0, 0.0, 0.0, 0.0, 0.0, 0.0)
2025-12-10 00:23:18 [INFO] [BRIDGE] [LOG] osc.show_bridge.in - RECV /state/group/3/playing/enabled (0.0, 0.0, 0.0, 0.0, 0.0, 0.0)
2025-12-10 00:23:18 [INFO] [BRIDGE] [LOG] osc.show_bridge.in - RECV /state/group/3/transforms/autopilot (0.0, 0.0, 0.0, 0.0, 0.0, 0.0)
2025-12-10 00:23:18 [INFO] [BRIDGE] [LOG] osc.show_bridge.in - RECV /state/group/2/color/autopilot (0.0, 0.0, 0.0, 0.0, 0.0, 0.0)
2025-12-10 00:23:18 [INFO] [BRIDGE] [LOG] osc.show_bridge.in - RECV /state/group/3/effects/autopilot (0.0, 0.0, 0.0, 0.0, 0.0, 0.0)
2025-12-10 00:23:18 [INFO] [BRIDGE] [LOG] osc.show_bridge.in - RECV /state/group/3/transforms/enabled (0.0, 0.0, 0.0, 0.0, 0.0, 0.0)
2025-12-10 00:23:18 [INFO] [BRIDGE] [LOG] osc.show_bridge.in - RECV /state/group/2/color/enabled (0.0, 0.0, 0.0, 0.0, 0.0, 0.0)
2025-12-10 00:23:18 [INFO] [BRIDGE] [LOG] osc.show_bridge.in - RECV /state/group/3/effects/enabled (0.0, 0.0, 0.0, 0.0, 0.0, 0.0)
2025-12-10 00:23:18 [INFO] [BRIDGE] [LOG] osc.show_bridge.in - RECV /state/group/3/dynamic_masks/autopilot (0.0, 0.0, 0.0, 0.0, 0.0, 0.0)
2025-12-10 00:23:18 [INFO] [BRIDGE] [LOG] osc.show_bridge.in - RECV /state/group/3/opacity (0.0, 0.0, 0.0, 0.0, 0.0, 0.0)
2025-12-10 00:23:18 [INFO] [BRIDGE] [LOG] osc.show_bridge.in - RECV /state/group/3/transforms/autopilot (0.0, 0.0, 0.0, 0.0, 0.0, 0.0)
2025-12-10 00:23:18 [INFO] [BRIDGE] [LOG] osc.show_bridge.in - RECV /state/group/3/dynamic_masks/enabled (0.0, 0.0, 0.0, 0.0, 0.0, 0.0)
2025-12-10 00:23:18 [INFO] [BRIDGE] [LOG] osc.show_bridge.in - RECV /state/group/3/intensity (0.0, 0.0, 0.0, 0.0, 0.0, 0.0)
2025-12-10 00:23:18 [INFO] [BRIDGE] [LOG] osc.show_bridge.in - RECV /state/group/3/transforms/enabled (0.0, 0.0, 0.0, 0.0, 0.0, 0.0)
2025-12-10 00:23:18 [INFO] [BRIDGE] [LOG] osc.show_bridge.in - RECV /state/group/3/color/autopilot (0.0, 0.0, 0.0, 0.0, 0.0, 0.0)
2025-12-10 00:23:18 [INFO] [BRIDGE] [LOG] osc.show_bridge.in - RECV /state/group/3/playing/autopilot (0.0, 0.0, 0.0, 0.0, 0.0, 0.0)
2025-12-10 00:23:18 [INFO] [BRIDGE] [LOG] osc.show_bridge.in - RECV /state/group/3/dynamic_masks/autopilot (0.0, 0.0, 0.0, 0.0, 0.0, 0.0)
2025-12-10 00:23:18 [INFO] [BRIDGE] [LOG] osc.show_bridge.in - RECV /state/group/3/color/enabled (0.0, 0.0, 0.0, 0.0, 0.0, 0.0)
2025-12-10 00:23:18 [INFO] [BRIDGE] [LOG] osc.show_bridge.in - RECV /state/group/3/playing/enabled (0.0, 0.0, 0.0, 0.0, 0.0, 0.0)
2025-12-10 00:23:18 [INFO] [BRIDGE] [LOG] osc.show_bridge.in - RECV /state/group/3/dynamic_masks/enabled (0.0, 0.0, 0.0, 0.0, 0.0, 0.0)
2025-12-10 00:23:18 [INFO] [BRIDGE] [LOG] osc.show_bridge.in - RECV /state/group/4/opacity (0.0, 0.0, 0.0, 0.0, 0.0, 0.0)
2025-12-10 00:23:18 [INFO] [BRIDGE] [LOG] osc.show_bridge.in - RECV /state/group/3/effects/autopilot (0.0, 0.0, 0.0, 0.0, 0.0, 0.0)
2025-12-10 00:23:18 [INFO] [BRIDGE] [LOG] osc.show_bridge.in - RECV /state/group/3/color/autopilot (0.0, 0.0, 0.0, 0.0, 0.0, 0.0)
2025-12-10 00:23:18 [INFO] [BRIDGE] [LOG] osc.show_bridge.in - RECV /state/group/4/intensity (0.0, 0.0, 0.0, 0.0, 0.0, 0.0)
2025-12-10 00:23:18 [INFO] [BRIDGE] [LOG] osc.show_bridge.in - RECV /state/group/3/effects/enabled (0.0, 0.0, 0.0, 0.0, 0.0, 0.0)
2025-12-10 00:23:18 [INFO] [BRIDGE] [LOG] osc.show_bridge.in - RECV /state/group/3/color/enabled (0.0, 0.0, 0.0, 0.0, 0.0, 0.0)
2025-12-10 00:23:18 [INFO] [BRIDGE] [LOG] osc.show_bridge.in - RECV /state/group/4/playing/autopilot (0.0, 0.0, 0.0, 0.0, 0.0, 0.0)
2025-12-10 00:23:18 [INFO] [BRIDGE] [LOG] osc.show_bridge.in - RECV /state/group/3/transforms/autopilot (0.0, 0.0, 0.0, 0.0, 0.0, 0.0)
2025-12-10 00:23:18 [INFO] [BRIDGE] [LOG] osc.show_bridge.in - RECV /state/group/4/opacity (0.0, 0.0, 0.0, 0.0, 0.0, 0.0)
2025-12-10 00:23:18 [INFO] [BRIDGE] [LOG] osc.show_bridge.in - RECV /state/group/4/playing/enabled (0.0, 0.0, 0.0, 0.0, 0.0, 0.0)
2025-12-10 00:23:18 [INFO] [BRIDGE] [LOG] osc.show_bridge.in - RECV /state/group/3/transforms/enabled (0.0, 0.0, 0.0, 0.0, 0.0, 0.0)
2025-12-10 00:23:18 [INFO] [BRIDGE] [LOG] osc.show_bridge.in - RECV /state/group/4/intensity (0.0, 0.0, 0.0, 0.0, 0.0, 0.0)
2025-12-10 00:23:18 [INFO] [BRIDGE] [LOG] osc.show_bridge.in - RECV /state/group/4/effects/autopilot (0.0, 0.0, 0.0, 0.0, 0.0, 0.0)
2025-12-10 00:23:18 [INFO] [BRIDGE] [LOG] osc.show_bridge.in - RECV /state/group/3/dynamic_masks/autopilot (0.0, 0.0, 0.0, 0.0, 0.0, 0.0)
2025-12-10 00:23:18 [INFO] [BRIDGE] [LOG] osc.show_bridge.in - RECV /state/group/4/playing/autopilot (0.0, 0.0, 0.0, 0.0, 0.0, 0.0)
2025-12-10 00:23:18 [INFO] [BRIDGE] [LOG] osc.show_bridge.in - RECV /state/group/4/effects/enabled (0.0, 0.0, 0.0, 0.0, 0.0, 0.0)
2025-12-10 00:23:18 [INFO] [BRIDGE] [LOG] osc.show_bridge.in - RECV /state/group/3/dynamic_masks/enabled (0.0, 0.0, 0.0, 0.0, 0.0, 0.0)
2025-12-10 00:23:18 [INFO] [BRIDGE] [LOG] osc.show_bridge.in - RECV /state/group/4/playing/enabled (0.0, 0.0, 0.0, 0.0, 0.0, 0.0)
2025-12-10 00:23:18 [INFO] [BRIDGE] [LOG] osc.show_bridge.in - RECV /state/group/4/transforms/autopilot (0.0, 0.0, 0.0, 0.0, 0.0, 0.0)
2025-12-10 00:23:18 [INFO] [BRIDGE] [LOG] osc.show_bridge.in - RECV /state/group/3/color/autopilot (0.0, 0.0, 0.0, 0.0, 0.0, 0.0)
2025-12-10 00:23:18 [INFO] [BRIDGE] [LOG] osc.show_bridge.in - RECV /state/group/4/effects/autopilot (0.0, 0.0, 0.0, 0.0, 0.0, 0.0)
2025-12-10 00:23:18 [INFO] [BRIDGE] [LOG] osc.show_bridge.in - RECV /state/group/4/transforms/enabled (0.0, 0.0, 0.0, 0.0, 0.0, 0.0)
2025-12-10 00:23:18 [INFO] [BRIDGE] [LOG] osc.show_bridge.in - RECV /state/group/3/color/enabled (0.0, 0.0, 0.0, 0.0, 0.0, 0.0)
2025-12-10 00:23:18 [INFO] [BRIDGE] [LOG] osc.show_bridge.in - RECV /state/group/4/effects/enabled (0.0, 0.0, 0.0, 0.0, 0.0, 0.0)
2025-12-10 00:23:18 [INFO] [BRIDGE] [LOG] osc.show_bridge.in - RECV /state/group/4/dynamic_masks/autopilot (0.0, 0.0, 0.0, 0.0, 0.0, 0.0)
2025-12-10 00:23:18 [INFO] [BRIDGE] [LOG] osc.show_bridge.in - RECV /state/group/4/opacity (0.0, 0.0, 0.0, 0.0, 0.0, 0.0)
2025-12-10 00:23:18 [INFO] [BRIDGE] [LOG] osc.show_bridge.in - RECV /state/group/4/transforms/autopilot (0.0, 0.0, 0.0, 0.0, 0.0, 0.0)
2025-12-10 00:23:18 [INFO] [BRIDGE] [LOG] osc.show_bridge.in - RECV /state/group/4/dynamic_masks/enabled (0.0, 0.0, 0.0, 0.0, 0.0, 0.0)
2025-12-10 00:23:18 [INFO] [BRIDGE] [LOG] osc.show_bridge.in - RECV /state/group/4/intensity (0.0, 0.0, 0.0, 0.0, 0.0, 0.0)
2025-12-10 00:23:18 [INFO] [BRIDGE] [LOG] osc.show_bridge.in - RECV /state/group/4/transforms/enabled (0.0, 0.0, 0.0, 0.0, 0.0, 0.0)
2025-12-10 00:23:18 [INFO] [BRIDGE] [LOG] osc.show_bridge.in - RECV /state/group/4/color/autopilot (0.0, 0.0, 0.0, 0.0, 0.0, 0.0)
2025-12-10 00:23:18 [INFO] [BRIDGE] [LOG] osc.show_bridge.in - RECV /state/group/4/playing/autopilot (0.0, 0.0, 0.0, 0.0, 0.0, 0.0)
2025-12-10 00:23:18 [INFO] [BRIDGE] [LOG] osc.show_bridge.in - RECV /state/group/4/dynamic_masks/autopilot (0.0, 0.0, 0.0, 0.0, 0.0, 0.0)
2025-12-10 00:23:18 [INFO] [BRIDGE] [LOG] osc.show_bridge.in - RECV /state/group/4/color/enabled (0.0, 0.0, 0.0, 0.0, 0.0, 0.0)
2025-12-10 00:23:18 [INFO] [BRIDGE] [LOG] osc.show_bridge.in - RECV /state/group/4/playing/enabled (0.0, 0.0, 0.0, 0.0, 0.0, 0.0)
2025-12-10 00:23:18 [INFO] [BRIDGE] [LOG] osc.show_bridge.in - RECV /state/group/4/dynamic_masks/enabled (0.0, 0.0, 0.0, 0.0, 0.0, 0.0)
2025-12-10 00:23:18 [INFO] [BRIDGE] [LOG] osc.show_bridge.in - RECV /state/group/5/opacity (0.0, 0.0, 0.0, 0.0, 0.0, 0.0)
2025-12-10 00:23:18 [INFO] [BRIDGE] [LOG] osc.show_bridge.in - RECV /state/group/4/effects/autopilot (0.0, 0.0, 0.0, 0.0, 0.0, 0.0)
2025-12-10 00:23:18 [INFO] [BRIDGE] [LOG] osc.show_bridge.in - RECV /state/group/4/color/autopilot (0.0, 0.0, 0.0, 0.0, 0.0, 0.0)
2025-12-10 00:23:18 [INFO] [BRIDGE] [LOG] osc.show_bridge.in - RECV /state/group/5/intensity (0.0, 0.0, 0.0, 0.0, 0.0, 0.0)
2025-12-10 00:23:18 [INFO] [BRIDGE] [LOG] osc.show_bridge.in - RECV /state/group/4/effects/enabled (0.0, 0.0, 0.0, 0.0, 0.0, 0.0)
2025-12-10 00:23:18 [INFO] [BRIDGE] [LOG] osc.show_bridge.in - RECV /state/group/4/color/enabled (0.0, 0.0, 0.0, 0.0, 0.0, 0.0)
2025-12-10 00:23:18 [INFO] [BRIDGE] [LOG] osc.show_bridge.in - RECV /state/group/5/playing/autopilot (0.0, 0.0, 0.0, 0.0, 0.0, 0.0)
2025-12-10 00:23:18 [INFO] [BRIDGE] [LOG] osc.show_bridge.in - RECV /state/group/4/transforms/autopilot (0.0, 0.0, 0.0, 0.0, 0.0, 0.0)
2025-12-10 00:23:18 [INFO] [BRIDGE] [LOG] osc.show_bridge.in - RECV /state/group/5/opacity (0.0, 0.0, 0.0, 0.0, 0.0, 0.0)
2025-12-10 00:23:18 [INFO] [BRIDGE] [LOG] osc.show_bridge.in - RECV /state/group/5/playing/enabled (0.0, 0.0, 0.0, 0.0, 0.0, 0.0)
2025-12-10 00:23:18 [INFO] [BRIDGE] [LOG] osc.show_bridge.in - RECV /state/group/4/transforms/enabled (0.0, 0.0, 0.0, 0.0, 0.0, 0.0)
2025-12-10 00:23:18 [INFO] [BRIDGE] [LOG] osc.show_bridge.in - RECV /state/group/5/intensity (0.0, 0.0, 0.0, 0.0, 0.0, 0.0)
2025-12-10 00:23:18 [INFO] [BRIDGE] [LOG] osc.show_bridge.in - RECV /state/group/5/effects/autopilot (0.0, 0.0, 0.0, 0.0, 0.0, 0.0)
2025-12-10 00:23:18 [INFO] [BRIDGE] [LOG] osc.show_bridge.in - RECV /state/group/4/dynamic_masks/autopilot (0.0, 0.0, 0.0, 0.0, 0.0, 0.0)
2025-12-10 00:23:18 [INFO] [BRIDGE] [LOG] osc.show_bridge.in - RECV /state/group/5/playing/autopilot (0.0, 0.0, 0.0, 0.0, 0.0, 0.0)
2025-12-10 00:23:18 [INFO] [BRIDGE] [LOG] osc.show_bridge.in - RECV /state/group/5/effects/enabled (0.0, 0.0, 0.0, 0.0, 0.0, 0.0)
2025-12-10 00:23:18 [INFO] [BRIDGE] [LOG] osc.show_bridge.in - RECV /state/group/4/dynamic_masks/enabled (0.0, 0.0, 0.0, 0.0, 0.0, 0.0)
2025-12-10 00:23:18 [INFO] [BRIDGE] [LOG] osc.show_bridge.in - RECV /state/group/5/playing/enabled (0.0, 0.0, 0.0, 0.0, 0.0, 0.0)
2025-12-10 00:23:18 [INFO] [BRIDGE] [LOG] osc.show_bridge.in - RECV /state/group/5/transforms/autopilot (0.0, 0.0, 0.0, 0.0, 0.0, 0.0)
2025-12-10 00:23:18 [INFO] [BRIDGE] [LOG] osc.show_bridge.in - RECV /state/group/4/color/autopilot (0.0, 0.0, 0.0, 0.0, 0.0, 0.0)
2025-12-10 00:23:18 [INFO] [BRIDGE] [LOG] osc.show_bridge.in - RECV /state/group/5/effects/autopilot (0.0, 0.0, 0.0, 0.0, 0.0, 0.0)
2025-12-10 00:23:18 [INFO] [BRIDGE] [LOG] osc.show_bridge.in - RECV /state/group/5/transforms/enabled (0.0, 0.0, 0.0, 0.0, 0.0, 0.0)
2025-12-10 00:23:18 [INFO] [BRIDGE] [LOG] osc.show_bridge.in - RECV /state/group/4/color/enabled (0.0, 0.0, 0.0, 0.0, 0.0, 0.0)
2025-12-10 00:23:18 [INFO] [BRIDGE] [LOG] osc.show_bridge.in - RECV /state/group/5/effects/enabled (0.0, 0.0, 0.0, 0.0, 0.0, 0.0)
2025-12-10 00:23:19 [INFO] [BRIDGE] [LOG] osc.show_bridge.in - RECV /state/group/5/dynamic_masks/autopilot (0.0, 0.0, 0.0, 0.0, 0.0, 0.0)
2025-12-10 00:23:19 [INFO] [BRIDGE] [LOG] osc.show_bridge.in - RECV /state/group/5/opacity (0.0, 0.0, 0.0, 0.0, 0.0, 0.0)
2025-12-10 00:23:19 [INFO] [BRIDGE] [LOG] osc.show_bridge.in - RECV /state/group/5/transforms/autopilot (0.0, 0.0, 0.0, 0.0, 0.0, 0.0)
2025-12-10 00:23:19 [INFO] [BRIDGE] [LOG] osc.show_bridge.in - RECV /state/group/5/dynamic_masks/enabled (0.0, 0.0, 0.0, 0.0, 0.0, 0.0)
2025-12-10 00:23:19 [INFO] [BRIDGE] [LOG] osc.show_bridge.in - RECV /state/group/5/intensity (0.0, 0.0, 0.0, 0.0, 0.0, 0.0)
2025-12-10 00:23:19 [INFO] [BRIDGE] [LOG] osc.show_bridge.in - RECV /state/group/5/transforms/enabled (0.0, 0.0, 0.0, 0.0, 0.0, 0.0)
2025-12-10 00:23:19 [INFO] [BRIDGE] [LOG] osc.show_bridge.in - RECV /state/group/5/color/autopilot (0.0, 0.0, 0.0, 0.0, 0.0, 0.0)
2025-12-10 00:23:19 [INFO] [BRIDGE] [LOG] osc.show_bridge.in - RECV /state/group/5/playing/autopilot (0.0, 0.0, 0.0, 0.0, 0.0, 0.0)
2025-12-10 00:23:19 [INFO] [BRIDGE] [LOG] osc.show_bridge.in - RECV /state/group/5/dynamic_masks/autopilot (0.0, 0.0, 0.0, 0.0, 0.0, 0.0)
2025-12-10 00:23:19 [INFO] [BRIDGE] [LOG] osc.show_bridge.in - RECV /state/group/5/color/enabled (0.0, 0.0, 0.0, 0.0, 0.0, 0.0)
2025-12-10 00:23:19 [INFO] [BRIDGE] [LOG] osc.show_bridge.in - RECV /state/group/5/playing/enabled (0.0, 0.0, 0.0, 0.0, 0.0, 0.0)
2025-12-10 00:23:19 [INFO] [BRIDGE] [LOG] osc.show_bridge.in - RECV /state/group/5/dynamic_masks/enabled (0.0, 0.0, 0.0, 0.0, 0.0, 0.0)
2025-12-10 00:23:19 [INFO] [BRIDGE] [LOG] osc.show_bridge.in - RECV /state/group/6/opacity (0.0, 0.0, 0.0, 0.0, 0.0, 0.0)
2025-12-10 00:23:19 [INFO] [BRIDGE] [LOG] osc.show_bridge.in - RECV /state/group/5/effects/autopilot (0.0, 0.0, 0.0, 0.0, 0.0, 0.0)
2025-12-10 00:23:19 [INFO] [BRIDGE] [LOG] osc.show_bridge.in - RECV /state/group/5/color/autopilot (0.0, 0.0, 0.0, 0.0, 0.0, 0.0)
2025-12-10 00:23:19 [INFO] [BRIDGE] [LOG] osc.show_bridge.in - RECV /state/group/6/intensity (0.0, 0.0, 0.0, 0.0, 0.0, 0.0)
2025-12-10 00:23:19 [INFO] [BRIDGE] [LOG] osc.show_bridge.in - RECV /state/group/5/effects/enabled (0.0, 0.0, 0.0, 0.0, 0.0, 0.0)
2025-12-10 00:23:19 [INFO] [BRIDGE] [LOG] osc.show_bridge.in - RECV /state/group/5/color/enabled (0.0, 0.0, 0.0, 0.0, 0.0, 0.0)
2025-12-10 00:23:19 [INFO] [BRIDGE] [LOG] osc.show_bridge.in - RECV /state/group/6/playing/autopilot (0.0, 0.0, 0.0, 0.0, 0.0, 0.0)
2025-12-10 00:23:19 [INFO] [BRIDGE] [LOG] osc.show_bridge.in - RECV /state/group/5/transforms/autopilot (0.0, 0.0, 0.0, 0.0, 0.0, 0.0)
2025-12-10 00:23:19 [INFO] [BRIDGE] [LOG] osc.show_bridge.in - RECV /state/group/6/opacity (0.0, 0.0, 0.0, 0.0, 0.0, 0.0)
2025-12-10 00:23:19 [INFO] [BRIDGE] [LOG] osc.show_bridge.in - RECV /state/group/6/playing/enabled (0.0, 0.0, 0.0, 0.0, 0.0, 0.0)
2025-12-10 00:23:19 [INFO] [BRIDGE] [LOG] osc.show_bridge.in - RECV /state/group/5/transforms/enabled (0.0, 0.0, 0.0, 0.0, 0.0, 0.0)
2025-12-10 00:23:19 [INFO] [BRIDGE] [LOG] osc.show_bridge.in - RECV /state/group/6/intensity (0.0, 0.0, 0.0, 0.0, 0.0, 0.0)
2025-12-10 00:23:19 [INFO] [BRIDGE] [LOG] osc.show_bridge.in - RECV /state/group/6/effects/autopilot (0.0, 0.0, 0.0, 0.0, 0.0, 0.0)
2025-12-10 00:23:19 [INFO] [BRIDGE] [LOG] osc.show_bridge.in - RECV /state/group/5/dynamic_masks/autopilot (0.0, 0.0, 0.0, 0.0, 0.0, 0.0)
2025-12-10 00:23:19 [INFO] [BRIDGE] [LOG] osc.show_bridge.in - RECV /state/group/6/playing/autopilot (0.0, 0.0, 0.0, 0.0, 0.0, 0.0)
2025-12-10 00:23:19 [INFO] [BRIDGE] [LOG] osc.show_bridge.in - RECV /state/group/6/effects/enabled (0.0, 0.0, 0.0, 0.0, 0.0, 0.0)
2025-12-10 00:23:19 [INFO] [BRIDGE] [LOG] osc.show_bridge.in - RECV /state/group/5/dynamic_masks/enabled (0.0, 0.0, 0.0, 0.0, 0.0, 0.0)
2025-12-10 00:23:19 [INFO] [BRIDGE] [LOG] osc.show_bridge.in - RECV /state/group/6/playing/enabled (0.0, 0.0, 0.0, 0.0, 0.0, 0.0)
2025-12-10 00:23:19 [INFO] [BRIDGE] [LOG] osc.show_bridge.in - RECV /state/group/6/transforms/autopilot (0.0, 0.0, 0.0, 0.0, 0.0, 0.0)
2025-12-10 00:23:19 [INFO] [BRIDGE] [LOG] osc.show_bridge.in - RECV /state/group/5/color/autopilot (0.0, 0.0, 0.0, 0.0, 0.0, 0.0)
2025-12-10 00:23:19 [INFO] [BRIDGE] [LOG] osc.show_bridge.in - RECV /state/group/6/effects/autopilot (0.0, 0.0, 0.0, 0.0, 0.0, 0.0)
2025-12-10 00:23:19 [INFO] [BRIDGE] [LOG] osc.show_bridge.in - RECV /state/group/6/transforms/enabled (0.0, 0.0, 0.0, 0.0, 0.0, 0.0)
2025-12-10 00:23:19 [INFO] [BRIDGE] [LOG] osc.show_bridge.in - RECV /state/group/5/color/enabled (0.0, 0.0, 0.0, 0.0, 0.0, 0.0)
2025-12-10 00:23:19 [INFO] [BRIDGE] [LOG] osc.show_bridge.in - RECV /state/group/6/effects/enabled (0.0, 0.0, 0.0, 0.0, 0.0, 0.0)
2025-12-10 00:23:19 [INFO] [BRIDGE] [LOG] osc.show_bridge.in - RECV /state/group/6/dynamic_masks/autopilot (0.0, 0.0, 0.0, 0.0, 0.0, 0.0)
2025-12-10 00:23:19 [INFO] [BRIDGE] [LOG] osc.show_bridge.in - RECV /state/group/6/opacity (0.0, 0.0, 0.0, 0.0, 0.0, 0.0)
2025-12-10 00:23:19 [INFO] [BRIDGE] [LOG] osc.show_bridge.in - RECV /state/group/6/transforms/autopilot (0.0, 0.0, 0.0, 0.0, 0.0, 0.0)
2025-12-10 00:23:19 [INFO] [BRIDGE] [LOG] osc.show_bridge.in - RECV /state/group/6/dynamic_masks/enabled (0.0, 0.0, 0.0, 0.0, 0.0, 0.0)
2025-12-10 00:23:19 [INFO] [BRIDGE] [LOG] osc.show_bridge.in - RECV /state/group/6/intensity (0.0, 0.0, 0.0, 0.0, 0.0, 0.0)
2025-12-10 00:23:19 [INFO] [BRIDGE] [LOG] osc.show_bridge.in - RECV /state/group/6/transforms/enabled (0.0, 0.0, 0.0, 0.0, 0.0, 0.0)
2025-12-10 00:23:19 [INFO] [BRIDGE] [LOG] osc.show_bridge.in - RECV /state/group/6/color/autopilot (0.0, 0.0, 0.0, 0.0, 0.0, 0.0)
2025-12-10 00:23:19 [INFO] [BRIDGE] [LOG] osc.show_bridge.in - RECV /state/group/6/playing/autopilot (0.0, 0.0, 0.0, 0.0, 0.0, 0.0)
2025-12-10 00:23:19 [INFO] [BRIDGE] [LOG] osc.show_bridge.in - RECV /state/group/6/dynamic_masks/autopilot (0.0, 0.0, 0.0, 0.0, 0.0, 0.0)
2025-12-10 00:23:19 [INFO] [BRIDGE] [LOG] osc.show_bridge.in - RECV /state/group/6/color/enabled (0.0, 0.0, 0.0, 0.0, 0.0, 0.0)
2025-12-10 00:23:19 [INFO] [BRIDGE] [LOG] osc.show_bridge.in - RECV /state/group/6/playing/enabled (0.0, 0.0, 0.0, 0.0, 0.0, 0.0)
2025-12-10 00:23:19 [INFO] [BRIDGE] [LOG] osc.show_bridge.in - RECV /state/group/6/dynamic_masks/enabled (0.0, 0.0, 0.0, 0.0, 0.0, 0.0)
2025-12-10 00:23:19 [INFO] [BRIDGE] [LOG] osc.show_bridge.in - RECV /state/group/7/opacity (0.0, 0.0, 0.0, 0.0, 0.0, 0.0)
2025-12-10 00:23:19 [INFO] [BRIDGE] [LOG] osc.show_bridge.in - RECV /state/group/6/effects/autopilot (0.0, 0.0, 0.0, 0.0, 0.0, 0.0)
2025-12-10 00:23:19 [INFO] [BRIDGE] [LOG] osc.show_bridge.in - RECV /state/group/6/color/autopilot (0.0, 0.0, 0.0, 0.0, 0.0, 0.0)
2025-12-10 00:23:19 [INFO] [BRIDGE] [LOG] osc.show_bridge.in - RECV /state/group/7/intensity (0.0, 0.0, 0.0, 0.0, 0.0, 0.0)
2025-12-10 00:23:19 [INFO] [BRIDGE] [LOG] osc.show_bridge.in - RECV /state/group/6/effects/enabled (0.0, 0.0, 0.0, 0.0, 0.0, 0.0)
2025-12-10 00:23:19 [INFO] [BRIDGE] [LOG] osc.show_bridge.in - RECV /state/group/6/color/enabled (0.0, 0.0, 0.0, 0.0, 0.0, 0.0)
2025-12-10 00:23:19 [INFO] [BRIDGE] [LOG] osc.show_bridge.in - RECV /state/group/7/playing/autopilot (0.0, 0.0, 0.0, 0.0, 0.0, 0.0)
2025-12-10 00:23:19 [INFO] [BRIDGE] [LOG] osc.show_bridge.in - RECV /state/group/6/transforms/autopilot (0.0, 0.0, 0.0, 0.0, 0.0, 0.0)
2025-12-10 00:23:19 [INFO] [BRIDGE] [LOG] osc.show_bridge.in - RECV /state/group/7/opacity (0.0, 0.0, 0.0, 0.0, 0.0, 0.0)
2025-12-10 00:23:19 [INFO] [BRIDGE] [LOG] osc.show_bridge.in - RECV /state/group/7/playing/enabled (0.0, 0.0, 0.0, 0.0, 0.0, 0.0)
2025-12-10 00:23:19 [INFO] [BRIDGE] [LOG] osc.show_bridge.in - RECV /state/group/6/transforms/enabled (0.0, 0.0, 0.0, 0.0, 0.0, 0.0)
2025-12-10 00:23:19 [INFO] [BRIDGE] [LOG] osc.show_bridge.in - RECV /state/group/7/intensity (0.0, 0.0, 0.0, 0.0, 0.0, 0.0)
2025-12-10 00:23:19 [INFO] [BRIDGE] [LOG] osc.show_bridge.in - RECV /state/group/7/effects/autopilot (0.0, 0.0, 0.0, 0.0, 0.0, 0.0)
2025-12-10 00:23:19 [INFO] [BRIDGE] [LOG] osc.show_bridge.in - RECV /state/group/6/dynamic_masks/autopilot (0.0, 0.0, 0.0, 0.0, 0.0, 0.0)
2025-12-10 00:23:19 [INFO] [BRIDGE] [LOG] osc.show_bridge.in - RECV /state/group/7/playing/autopilot (0.0, 0.0, 0.0, 0.0, 0.0, 0.0)
2025-12-10 00:23:19 [INFO] [BRIDGE] [LOG] osc.show_bridge.in - RECV /state/group/7/effects/enabled (0.0, 0.0, 0.0, 0.0, 0.0, 0.0)
2025-12-10 00:23:19 [INFO] [BRIDGE] [LOG] osc.show_bridge.in - RECV /state/group/6/dynamic_masks/enabled (0.0, 0.0, 0.0, 0.0, 0.0, 0.0)
2025-12-10 00:23:19 [INFO] [BRIDGE] [LOG] osc.show_bridge.in - RECV /state/group/7/playing/enabled (0.0, 0.0, 0.0, 0.0, 0.0, 0.0)
2025-12-10 00:23:19 [INFO] [BRIDGE] [LOG] osc.show_bridge.in - RECV /state/group/7/transforms/autopilot (0.0, 0.0, 0.0, 0.0, 0.0, 0.0)
2025-12-10 00:23:19 [INFO] [BRIDGE] [LOG] osc.show_bridge.in - RECV /state/group/6/color/autopilot (0.0, 0.0, 0.0, 0.0, 0.0, 0.0)
2025-12-10 00:23:19 [INFO] [BRIDGE] [LOG] osc.show_bridge.in - RECV /state/group/7/effects/autopilot (0.0, 0.0, 0.0, 0.0, 0.0, 0.0)
2025-12-10 00:23:19 [INFO] [BRIDGE] [LOG] osc.show_bridge.in - RECV /state/group/7/transforms/enabled (0.0, 0.0, 0.0, 0.0, 0.0, 0.0)
2025-12-10 00:23:19 [INFO] [BRIDGE] [LOG] osc.show_bridge.in - RECV /state/group/6/color/enabled (0.0, 0.0, 0.0, 0.0, 0.0, 0.0)
2025-12-10 00:23:19 [INFO] [BRIDGE] [LOG] osc.show_bridge.in - RECV /state/group/7/effects/enabled (0.0, 0.0, 0.0, 0.0, 0.0, 0.0)
2025-12-10 00:23:19 [INFO] [BRIDGE] [LOG] osc.show_bridge.in - RECV /state/group/7/dynamic_masks/autopilot (0.0, 0.0, 0.0, 0.0, 0.0, 0.0)
2025-12-10 00:23:19 [INFO] [BRIDGE] [LOG] osc.show_bridge.in - RECV /state/group/7/opacity (0.0, 0.0, 0.0, 0.0, 0.0, 0.0)
2025-12-10 00:23:19 [INFO] [BRIDGE] [LOG] osc.show_bridge.in - RECV /state/group/7/transforms/autopilot (0.0, 0.0, 0.0, 0.0, 0.0, 0.0)
2025-12-10 00:23:19 [INFO] [BRIDGE] [LOG] osc.show_bridge.in - RECV /state/group/7/dynamic_masks/enabled (0.0, 0.0, 0.0, 0.0, 0.0, 0.0)
2025-12-10 00:23:19 [INFO] [BRIDGE] [LOG] osc.show_bridge.in - RECV /state/group/7/intensity (0.0, 0.0, 0.0, 0.0, 0.0, 0.0)
2025-12-10 00:23:19 [INFO] [BRIDGE] [LOG] osc.show_bridge.in - RECV /state/group/7/transforms/enabled (0.0, 0.0, 0.0, 0.0, 0.0, 0.0)
2025-12-10 00:23:19 [INFO] [BRIDGE] [LOG] osc.show_bridge.in - RECV /state/group/7/color/autopilot (0.0, 0.0, 0.0, 0.0, 0.0, 0.0)
2025-12-10 00:23:19 [INFO] [BRIDGE] [LOG] osc.show_bridge.in - RECV /state/group/7/playing/autopilot (0.0, 0.0, 0.0, 0.0, 0.0, 0.0)
2025-12-10 00:23:19 [INFO] [BRIDGE] [LOG] osc.show_bridge.in - RECV /state/group/7/dynamic_masks/autopilot (0.0, 0.0, 0.0, 0.0, 0.0, 0.0)
2025-12-10 00:23:19 [INFO] [BRIDGE] [LOG] osc.show_bridge.in - RECV /state/group/7/color/enabled (0.0, 0.0, 0.0, 0.0, 0.0, 0.0)
2025-12-10 00:23:19 [INFO] [BRIDGE] [LOG] osc.show_bridge.in - RECV /state/group/7/playing/enabled (0.0, 0.0, 0.0, 0.0, 0.0, 0.0)
2025-12-10 00:23:19 [INFO] [BRIDGE] [LOG] osc.show_bridge.in - RECV /state/group/7/dynamic_masks/enabled (0.0, 0.0, 0.0, 0.0, 0.0, 0.0)
2025-12-10 00:23:19 [INFO] [BRIDGE] [LOG] osc.show_bridge.in - RECV /state/group/8/opacity (0.0, 0.0, 0.0, 0.0, 0.0, 0.0)
2025-12-10 00:23:19 [INFO] [BRIDGE] [LOG] osc.show_bridge.in - RECV /state/group/7/effects/autopilot (0.0, 0.0, 0.0, 0.0, 0.0, 0.0)
2025-12-10 00:23:19 [INFO] [BRIDGE] [LOG] osc.show_bridge.in - RECV /state/group/7/color/autopilot (0.0, 0.0, 0.0, 0.0, 0.0, 0.0)
2025-12-10 00:23:19 [INFO] [BRIDGE] [LOG] osc.show_bridge.in - RECV /state/group/8/intensity (0.0, 0.0, 0.0, 0.0, 0.0, 0.0)
2025-12-10 00:23:19 [INFO] [BRIDGE] [LOG] osc.show_bridge.in - RECV /state/group/7/effects/enabled (0.0, 0.0, 0.0, 0.0, 0.0, 0.0)
2025-12-10 00:23:19 [INFO] [BRIDGE] [LOG] osc.show_bridge.in - RECV /state/group/7/color/enabled (0.0, 0.0, 0.0, 0.0, 0.0, 0.0)
2025-12-10 00:23:19 [INFO] [BRIDGE] [LOG] osc.show_bridge.in - RECV /state/group/8/playing/autopilot (0.0, 0.0, 0.0, 0.0, 0.0, 0.0)
2025-12-10 00:23:19 [INFO] [BRIDGE] [LOG] osc.show_bridge.in - RECV /state/group/7/transforms/autopilot (0.0, 0.0, 0.0, 0.0, 0.0, 0.0)
2025-12-10 00:23:19 [INFO] [BRIDGE] [LOG] osc.show_bridge.in - RECV /state/group/8/opacity (0.0, 0.0, 0.0, 0.0, 0.0, 0.0)
2025-12-10 00:23:19 [INFO] [BRIDGE] [LOG] osc.show_bridge.in - RECV /state/group/8/playing/enabled (0.0, 0.0, 0.0, 0.0, 0.0, 0.0)
2025-12-10 00:23:19 [INFO] [BRIDGE] [LOG] osc.show_bridge.in - RECV /state/group/7/transforms/enabled (0.0, 0.0, 0.0, 0.0, 0.0, 0.0)
2025-12-10 00:23:19 [INFO] [BRIDGE] [LOG] osc.show_bridge.in - RECV /state/group/8/intensity (0.0, 0.0, 0.0, 0.0, 0.0, 0.0)
2025-12-10 00:23:19 [INFO] [BRIDGE] [LOG] osc.show_bridge.in - RECV /state/group/8/effects/autopilot (0.0, 0.0, 0.0, 0.0, 0.0, 0.0)
2025-12-10 00:23:19 [INFO] [BRIDGE] [LOG] osc.show_bridge.in - RECV /state/group/7/dynamic_masks/autopilot (0.0, 0.0, 0.0, 0.0, 0.0, 0.0)
2025-12-10 00:23:19 [INFO] [BRIDGE] [LOG] osc.show_bridge.in - RECV /state/group/8/playing/autopilot (0.0, 0.0, 0.0, 0.0, 0.0, 0.0)
2025-12-10 00:23:19 [INFO] [BRIDGE] [LOG] osc.show_bridge.in - RECV /state/group/8/effects/enabled (0.0, 0.0, 0.0, 0.0, 0.0, 0.0)
2025-12-10 00:23:19 [INFO] [BRIDGE] [LOG] osc.show_bridge.in - RECV /state/group/7/dynamic_masks/enabled (0.0, 0.0, 0.0, 0.0, 0.0, 0.0)
2025-12-10 00:23:19 [INFO] [BRIDGE] [LOG] osc.show_bridge.in - RECV /state/group/8/playing/enabled (0.0, 0.0, 0.0, 0.0, 0.0, 0.0)
2025-12-10 00:23:19 [INFO] [BRIDGE] [LOG] osc.show_bridge.in - RECV /state/group/8/transforms/autopilot (0.0, 0.0, 0.0, 0.0, 0.0, 0.0)
2025-12-10 00:23:19 [INFO] [BRIDGE] [LOG] osc.show_bridge.in - RECV /state/group/7/color/autopilot (0.0, 0.0, 0.0, 0.0, 0.0, 0.0)
2025-12-10 00:23:19 [INFO] [BRIDGE] [LOG] osc.show_bridge.in - RECV /state/group/8/effects/autopilot (0.0, 0.0, 0.0, 0.0, 0.0, 0.0)
2025-12-10 00:23:19 [INFO] [BRIDGE] [LOG] osc.show_bridge.in - RECV /state/group/8/transforms/enabled (0.0, 0.0, 0.0, 0.0, 0.0, 0.0)
2025-12-10 00:23:19 [INFO] [BRIDGE] [LOG] osc.show_bridge.in - RECV /state/group/7/color/enabled (0.0, 0.0, 0.0, 0.0, 0.0, 0.0)
2025-12-10 00:23:19 [INFO] [BRIDGE] [LOG] osc.show_bridge.in - RECV /state/group/8/effects/enabled (0.0, 0.0, 0.0, 0.0, 0.0, 0.0)
2025-12-10 00:23:19 [INFO] [BRIDGE] [LOG] osc.show_bridge.in - RECV /state/group/8/dynamic_masks/autopilot (0.0, 0.0, 0.0, 0.0, 0.0, 0.0)
2025-12-10 00:23:19 [INFO] [BRIDGE] [LOG] osc.show_bridge.in - RECV /state/group/8/opacity (0.0, 0.0, 0.0, 0.0, 0.0, 0.0)
2025-12-10 00:23:19 [INFO] [BRIDGE] [LOG] osc.show_bridge.in - RECV /state/group/8/transforms/autopilot (0.0, 0.0, 0.0, 0.0, 0.0, 0.0)
2025-12-10 00:23:19 [INFO] [BRIDGE] [LOG] osc.show_bridge.in - RECV /state/group/8/dynamic_masks/enabled (0.0, 0.0, 0.0, 0.0, 0.0, 0.0)
2025-12-10 00:23:19 [INFO] [BRIDGE] [LOG] osc.show_bridge.in - RECV /state/group/8/intensity (0.0, 0.0, 0.0, 0.0, 0.0, 0.0)
2025-12-10 00:23:19 [INFO] [BRIDGE] [LOG] osc.show_bridge.in - RECV /state/group/8/transforms/enabled (0.0, 0.0, 0.0, 0.0, 0.0, 0.0)
2025-12-10 00:23:19 [INFO] [BRIDGE] [LOG] osc.show_bridge.in - RECV /state/group/8/color/autopilot (0.0, 0.0, 0.0, 0.0, 0.0, 0.0)
2025-12-10 00:23:19 [INFO] [BRIDGE] [LOG] osc.show_bridge.in - RECV /state/group/8/playing/autopilot (0.0, 0.0, 0.0, 0.0, 0.0, 0.0)
2025-12-10 00:23:19 [INFO] [BRIDGE] [LOG] osc.show_bridge.in - RECV /state/group/8/dynamic_masks/autopilot (0.0, 0.0, 0.0, 0.0, 0.0, 0.0)
2025-12-10 00:23:19 [INFO] [BRIDGE] [LOG] osc.show_bridge.in - RECV /state/group/8/color/enabled (0.0, 0.0, 0.0, 0.0, 0.0, 0.0)
2025-12-10 00:23:19 [INFO] [BRIDGE] [LOG] osc.show_bridge.in - RECV /state/group/8/playing/enabled (0.0, 0.0, 0.0, 0.0, 0.0, 0.0)
2025-12-10 00:23:19 [INFO] [BRIDGE] [LOG] osc.show_bridge.in - RECV /state/group/8/dynamic_masks/enabled (0.0, 0.0, 0.0, 0.0, 0.0, 0.0)
2025-12-10 00:23:19 [INFO] [BRIDGE] [LOG] osc.show_bridge.in - RECV /state/group/8/effects/autopilot (0.0, 0.0, 0.0, 0.0, 0.0, 0.0)
2025-12-10 00:23:19 [INFO] [BRIDGE] [LOG] osc.show_bridge.in - RECV /state/group/8/color/autopilot (0.0, 0.0, 0.0, 0.0, 0.0, 0.0)
2025-12-10 00:23:19 [INFO] [BRIDGE] [LOG] osc.show_bridge.in - RECV /state/group/8/effects/enabled (0.0, 0.0, 0.0, 0.0, 0.0, 0.0)
2025-12-10 00:23:19 [INFO] [BRIDGE] [LOG] osc.show_bridge.in - RECV /state/group/8/color/enabled (0.0, 0.0, 0.0, 0.0, 0.0, 0.0)
2025-12-10 00:23:19 [INFO] [BRIDGE] [LOG] osc.show_bridge.in - RECV /state/group/8/transforms/autopilot (0.0, 0.0, 0.0, 0.0, 0.0, 0.0)
2025-12-10 00:23:19 [INFO] [BRIDGE] [LOG] osc.show_bridge.in - RECV /state/group/8/transforms/enabled (0.0, 0.0, 0.0, 0.0, 0.0, 0.0)
2025-12-10 00:23:19 [INFO] [BRIDGE] [LOG] osc.show_bridge.in - RECV /state/group/8/dynamic_masks/autopilot (0.0, 0.0, 0.0, 0.0, 0.0, 0.0)
2025-12-10 00:23:19 [INFO] [BRIDGE] [LOG] osc.show_bridge.in - RECV /state/group/8/dynamic_masks/enabled (0.0, 0.0, 0.0, 0.0, 0.0, 0.0)
2025-12-10 00:23:19 [INFO] [BRIDGE] [LOG] osc.show_bridge.in - RECV /state/group/8/color/autopilot (0.0, 0.0, 0.0, 0.0, 0.0, 0.0)
2025-12-10 00:23:19 [INFO] [BRIDGE] [LOG] osc.show_bridge.in - RECV /state/group/8/color/enabled (0.0, 0.0, 0.0, 0.0, 0.0, 0.0)
2025-12-10 00:23:26 [INFO] [BRIDGE] [LOG] osc.show_bridge.in - RECV /_samplerate (60.0,)
2025-12-10 00:23:26 [INFO] [BRIDGE] [LOG] osc.show_bridge.in - RECV /composition/sync (0.0, 0.0, 0.0, 0.0, 0.0, 0.0)
2025-12-10 00:23:26 [INFO] [BRIDGE] [LOG] osc.show_bridge.in - RECV /state/group/1/opacity (0.0, 0.0, 0.0, 0.0, 0.0, 0.0)
2025-12-10 00:23:26 [INFO] [BRIDGE] [LOG] osc.show_bridge.in - RECV /_samplerate (60.0,)
2025-12-10 00:23:26 [INFO] [BRIDGE] [LOG] osc.show_bridge.in - RECV /composition/sync (0.0, 0.0, 0.0, 0.0, 0.0, 0.0)
2025-12-10 00:23:26 [INFO] [BRIDGE] [LOG] osc.show_bridge.in - RECV /state/group/1/intensity (0.0, 0.0, 0.0, 0.0, 0.0, 0.0)
2025-12-10 00:23:26 [INFO] [BRIDGE] [LOG] osc.show_bridge.in - RECV /state/group/1/opacity (0.0, 0.0, 0.0, 0.0, 0.0, 0.0)
2025-12-10 00:23:26 [INFO] [BRIDGE] [LOG] osc.show_bridge.in - RECV /state/group/1/playing/autopilot (0.0, 0.0, 0.0, 0.0, 0.0, 1.0)
2025-12-10 00:23:26 [INFO] [BRIDGE] [LOG] osc.show_bridge.in - RECV /state/group/1/intensity (0.0, 0.0, 0.0, 0.0, 0.0, 0.0)
2025-12-10 00:23:26 [INFO] [BRIDGE] [LOG] osc.show_bridge.in - RECV /_samplerate (60.0,)
2025-12-10 00:23:26 [INFO] [BRIDGE] [LOG] osc.show_bridge.in - RECV /composition/sync (0.0, 0.0, 0.0, 0.0, 0.0, 0.0)
2025-12-10 00:23:26 [INFO] [BRIDGE] [LOG] osc.show_bridge.in - RECV /state/group/1/playing/enabled (0.0, 0.0, 0.0, 0.0, 0.0, 0.0)
2025-12-10 00:23:26 [INFO] [BRIDGE] [LOG] osc.show_bridge.in - RECV /state/group/1/opacity (0.0, 0.0, 0.0, 0.0, 0.0, 0.0)
2025-12-10 00:23:26 [INFO] [BRIDGE] [LOG] osc.show_bridge.in - RECV /state/group/1/playing/autopilot (1.0, 1.0, 0.0, 0.0, 0.0, 0.0)
2025-12-10 00:23:26 [INFO] [BRIDGE] [LOG] osc.show_bridge.in - RECV /state/group/1/effects/autopilot (0.0, 0.0, 0.0, 0.0, 0.0, 0.0)
2025-12-10 00:23:26 [INFO] [BRIDGE] [LOG] osc.show_bridge.in - RECV /state/group/1/intensity (0.0, 0.0, 0.0, 0.0, 0.0, 0.0)
2025-12-10 00:23:26 [INFO] [BRIDGE] [LOG] osc.show_bridge.in - RECV /state/group/1/playing/enabled (0.0, 0.0, 0.0, 0.0, 0.0, 0.0)
2025-12-10 00:23:26 [INFO] [BRIDGE] [LOG] osc.show_bridge.in - RECV /state/group/1/effects/enabled (0.0, 0.0, 0.0, 0.0, 0.0, 0.0)
2025-12-10 00:23:26 [INFO] [BRIDGE] [LOG] osc.show_bridge.in - RECV /state/group/1/playing/autopilot (0.0, 0.0, 0.0, 0.0, 0.0, 0.0)
2025-12-10 00:23:26 [INFO] [BRIDGE] [LOG] osc.show_bridge.in - RECV /state/group/1/effects/autopilot (0.0, 0.0, 0.0, 0.0, 0.0, 0.0)
2025-12-10 00:23:26 [INFO] [BRIDGE] [LOG] osc.show_bridge.in - RECV /state/group/1/transforms/autopilot (0.0, 0.0, 0.0, 0.0, 0.0, 0.0)
2025-12-10 00:23:26 [INFO] [BRIDGE] [LOG] osc.show_bridge.in - RECV /state/group/1/playing/enabled (0.0, 0.0, 0.0, 0.0, 0.0, 0.0)
2025-12-10 00:23:26 [INFO] [BRIDGE] [LOG] osc.show_bridge.in - RECV /state/group/1/effects/enabled (0.0, 0.0, 0.0, 0.0, 0.0, 0.0)
2025-12-10 00:23:26 [INFO] [BRIDGE] [LOG] osc.show_bridge.in - RECV /state/group/1/transforms/enabled (0.0, 0.0, 0.0, 0.0, 0.0, 0.0)
2025-12-10 00:23:26 [INFO] [BRIDGE] [LOG] osc.show_bridge.in - RECV /state/group/1/effects/autopilot (0.0, 0.0, 0.0, 0.0, 0.0, 0.0)
2025-12-10 00:23:26 [INFO] [BRIDGE] [LOG] osc.show_bridge.in - RECV /state/group/1/transforms/autopilot (0.0, 0.0, 0.0, 0.0, 0.0, 0.0)
2025-12-10 00:23:26 [INFO] [BRIDGE] [LOG] osc.show_bridge.in - RECV /state/group/1/dynamic_masks/autopilot (0.0, 0.0, 0.0, 0.0, 0.0, 0.0)
2025-12-10 00:23:26 [INFO] [BRIDGE] [LOG] osc.show_bridge.in - RECV /state/group/1/effects/enabled (0.0, 0.0, 0.0, 0.0, 0.0, 0.0)
2025-12-10 00:23:26 [INFO] [BRIDGE] [LOG] osc.show_bridge.in - RECV /state/group/1/transforms/enabled (0.0, 0.0, 0.0, 0.0, 0.0, 0.0)
2025-12-10 00:23:26 [INFO] [BRIDGE] [LOG] osc.show_bridge.in - RECV /state/group/1/dynamic_masks/enabled (0.0, 0.0, 0.0, 0.0, 0.0, 0.0)
2025-12-10 00:23:26 [INFO] [BRIDGE] [LOG] osc.show_bridge.in - RECV /state/group/1/transforms/autopilot (0.0, 0.0, 0.0, 0.0, 0.0, 0.0)
2025-12-10 00:23:26 [INFO] [BRIDGE] [LOG] osc.show_bridge.in - RECV /state/group/1/dynamic_masks/autopilot (0.0, 0.0, 0.0, 0.0, 0.0, 0.0)
2025-12-10 00:23:26 [INFO] [BRIDGE] [LOG] osc.show_bridge.in - RECV /state/group/1/color/autopilot (0.0, 0.0, 0.0, 0.0, 0.0, 0.0)
2025-12-10 00:23:26 [INFO] [BRIDGE] [LOG] osc.show_bridge.in - RECV /state/group/1/transforms/enabled (0.0, 0.0, 0.0, 0.0, 0.0, 0.0)
2025-12-10 00:23:26 [INFO] [BRIDGE] [LOG] osc.show_bridge.in - RECV /state/group/1/dynamic_masks/enabled (0.0, 0.0, 0.0, 0.0, 0.0, 0.0)
2025-12-10 00:23:26 [INFO] [BRIDGE] [LOG] osc.show_bridge.in - RECV /state/group/1/color/enabled (0.0, 0.0, 0.0, 0.0, 0.0, 0.0)
2025-12-10 00:23:26 [INFO] [BRIDGE] [LOG] osc.show_bridge.in - RECV /state/group/1/dynamic_masks/autopilot (0.0, 0.0, 0.0, 0.0, 0.0, 0.0)
2025-12-10 00:23:26 [INFO] [BRIDGE] [LOG] osc.show_bridge.in - RECV /state/group/1/color/autopilot (0.0, 0.0, 0.0, 0.0, 0.0, 0.0)
2025-12-10 00:23:26 [INFO] [BRIDGE] [LOG] osc.show_bridge.in - RECV /state/group/2/opacity (0.0, 0.0, 0.0, 0.0, 0.0, 0.0)
2025-12-10 00:23:26 [INFO] [BRIDGE] [LOG] osc.show_bridge.in - RECV /state/group/1/dynamic_masks/enabled (0.0, 0.0, 0.0, 0.0, 0.0, 0.0)
2025-12-10 00:23:26 [INFO] [BRIDGE] [LOG] osc.show_bridge.in - RECV /state/group/1/color/enabled (0.0, 0.0, 0.0, 0.0, 0.0, 0.0)
2025-12-10 00:23:26 [INFO] [BRIDGE] [LOG] osc.show_bridge.in - RECV /state/group/2/intensity (0.0, 0.0, 0.0, 0.0, 0.0, 0.0)
2025-12-10 00:23:26 [INFO] [BRIDGE] [LOG] osc.show_bridge.in - RECV /state/group/1/color/autopilot (0.0, 0.0, 0.0, 0.0, 0.0, 0.0)
2025-12-10 00:23:26 [INFO] [BRIDGE] [LOG] osc.show_bridge.in - RECV /state/group/2/opacity (0.0, 0.0, 0.0, 0.0, 0.0, 0.0)
2025-12-10 00:23:26 [INFO] [BRIDGE] [LOG] osc.show_bridge.in - RECV /state/group/2/playing/autopilot (0.0, 0.0, 0.0, 0.0, 0.0, 0.0)
2025-12-10 00:23:26 [INFO] [BRIDGE] [LOG] osc.show_bridge.in - RECV /state/group/1/color/enabled (0.0, 0.0, 0.0, 0.0, 0.0, 0.0)
2025-12-10 00:23:26 [INFO] [BRIDGE] [LOG] osc.show_bridge.in - RECV /state/group/2/intensity (0.0, 0.0, 0.0, 0.0, 0.0, 0.0)
2025-12-10 00:23:26 [INFO] [BRIDGE] [LOG] osc.show_bridge.in - RECV /state/group/2/playing/enabled (0.0, 0.0, 0.0, 0.0, 0.0, 0.0)
2025-12-10 00:23:26 [INFO] [BRIDGE] [LOG] osc.show_bridge.in - RECV /state/group/2/opacity (0.0, 0.0, 0.0, 0.0, 0.0, 0.0)
2025-12-10 00:23:26 [INFO] [BRIDGE] [LOG] osc.show_bridge.in - RECV /state/group/2/playing/autopilot (0.0, 0.0, 0.0, 0.0, 0.0, 0.0)
2025-12-10 00:23:26 [INFO] [BRIDGE] [LOG] osc.show_bridge.in - RECV /state/group/2/effects/autopilot (0.0, 0.0, 0.0, 0.0, 0.0, 0.0)
2025-12-10 00:23:26 [INFO] [BRIDGE] [LOG] osc.show_bridge.in - RECV /state/group/2/intensity (0.0, 0.0, 0.0, 0.0, 0.0, 0.0)
2025-12-10 00:23:26 [INFO] [BRIDGE] [LOG] osc.show_bridge.in - RECV /state/group/2/playing/enabled (0.0, 0.0, 0.0, 0.0, 0.0, 0.0)
2025-12-10 00:23:26 [INFO] [BRIDGE] [LOG] osc.show_bridge.in - RECV /state/group/2/effects/enabled (0.0, 0.0, 0.0, 0.0, 0.0, 0.0)
2025-12-10 00:23:26 [INFO] [BRIDGE] [LOG] osc.show_bridge.in - RECV /state/group/2/playing/autopilot (0.0, 0.0, 0.0, 0.0, 0.0, 0.0)
2025-12-10 00:23:26 [INFO] [BRIDGE] [LOG] osc.show_bridge.in - RECV /state/group/2/effects/autopilot (0.0, 0.0, 0.0, 0.0, 0.0, 0.0)
2025-12-10 00:23:26 [INFO] [BRIDGE] [LOG] osc.show_bridge.in - RECV /state/group/2/transforms/autopilot (0.0, 0.0, 0.0, 0.0, 0.0, 0.0)
2025-12-10 00:23:26 [INFO] [BRIDGE] [LOG] osc.show_bridge.in - RECV /state/group/2/playing/enabled (0.0, 0.0, 0.0, 0.0, 0.0, 0.0)
2025-12-10 00:23:26 [INFO] [BRIDGE] [LOG] osc.show_bridge.in - RECV /state/group/2/effects/enabled (0.0, 0.0, 0.0, 0.0, 0.0, 0.0)
2025-12-10 00:23:26 [INFO] [BRIDGE] [LOG] osc.show_bridge.in - RECV /state/group/2/transforms/enabled (0.0, 0.0, 0.0, 0.0, 0.0, 0.0)
2025-12-10 00:23:26 [INFO] [BRIDGE] [LOG] osc.show_bridge.in - RECV /state/group/2/effects/autopilot (0.0, 0.0, 0.0, 0.0, 0.0, 0.0)
2025-12-10 00:23:26 [INFO] [BRIDGE] [LOG] osc.show_bridge.in - RECV /state/group/2/transforms/autopilot (0.0, 0.0, 0.0, 0.0, 0.0, 0.0)
2025-12-10 00:23:26 [INFO] [BRIDGE] [LOG] osc.show_bridge.in - RECV /state/group/2/dynamic_masks/autopilot (0.0, 0.0, 0.0, 0.0, 0.0, 0.0)
2025-12-10 00:23:26 [INFO] [BRIDGE] [LOG] osc.show_bridge.in - RECV /state/group/2/effects/enabled (0.0, 0.0, 0.0, 0.0, 0.0, 0.0)
2025-12-10 00:23:26 [INFO] [BRIDGE] [LOG] osc.show_bridge.in - RECV /state/group/2/transforms/enabled (0.0, 0.0, 0.0, 0.0, 0.0, 0.0)
2025-12-10 00:23:26 [INFO] [BRIDGE] [LOG] osc.show_bridge.in - RECV /state/group/2/dynamic_masks/enabled (0.0, 0.0, 0.0, 0.0, 0.0, 0.0)
2025-12-10 00:23:26 [INFO] [BRIDGE] [LOG] osc.show_bridge.in - RECV /state/group/2/transforms/autopilot (0.0, 0.0, 0.0, 0.0, 0.0, 0.0)
2025-12-10 00:23:26 [INFO] [BRIDGE] [LOG] osc.show_bridge.in - RECV /state/group/2/dynamic_masks/autopilot (0.0, 0.0, 0.0, 0.0, 0.0, 0.0)
2025-12-10 00:23:26 [INFO] [BRIDGE] [LOG] osc.show_bridge.in - RECV /state/group/2/color/autopilot (0.0, 0.0, 0.0, 0.0, 0.0, 0.0)
2025-12-10 00:23:26 [INFO] [BRIDGE] [LOG] osc.show_bridge.in - RECV /state/group/2/transforms/enabled (0.0, 0.0, 0.0, 0.0, 0.0, 0.0)
2025-12-10 00:23:26 [INFO] [BRIDGE] [LOG] osc.show_bridge.in - RECV /state/group/2/dynamic_masks/enabled (0.0, 0.0, 0.0, 0.0, 0.0, 0.0)
2025-12-10 00:23:26 [INFO] [BRIDGE] [LOG] osc.show_bridge.in - RECV /state/group/2/color/enabled (0.0, 0.0, 0.0, 0.0, 0.0, 0.0)
2025-12-10 00:23:26 [INFO] [BRIDGE] [LOG] osc.show_bridge.in - RECV /state/group/2/dynamic_masks/autopilot (0.0, 0.0, 0.0, 0.0, 0.0, 0.0)
2025-12-10 00:23:26 [INFO] [BRIDGE] [LOG] osc.show_bridge.in - RECV /state/group/2/color/autopilot (0.0, 0.0, 0.0, 0.0, 0.0, 0.0)
2025-12-10 00:23:26 [INFO] [BRIDGE] [LOG] osc.show_bridge.in - RECV /state/group/3/opacity (0.0, 0.0, 0.0, 0.0, 0.0, 0.0)
2025-12-10 00:23:26 [INFO] [BRIDGE] [LOG] osc.show_bridge.in - RECV /state/group/2/dynamic_masks/enabled (0.0, 0.0, 0.0, 0.0, 0.0, 0.0)
2025-12-10 00:23:26 [INFO] [BRIDGE] [LOG] osc.show_bridge.in - RECV /state/group/2/color/enabled (0.0, 0.0, 0.0, 0.0, 0.0, 0.0)
2025-12-10 00:23:26 [INFO] [BRIDGE] [LOG] osc.show_bridge.in - RECV /state/group/3/intensity (0.0, 0.0, 0.0, 0.0, 0.0, 0.0)
2025-12-10 00:23:27 [INFO] [BRIDGE] [LOG] osc.show_bridge.in - RECV /state/group/2/color/autopilot (0.0, 0.0, 0.0, 0.0, 0.0, 0.0)
2025-12-10 00:23:27 [INFO] [BRIDGE] [LOG] osc.show_bridge.in - RECV /state/group/3/opacity (0.0, 0.0, 0.0, 0.0, 0.0, 0.0)
2025-12-10 00:23:27 [INFO] [BRIDGE] [LOG] osc.show_bridge.in - RECV /state/group/3/playing/autopilot (0.0, 0.0, 0.0, 0.0, 0.0, 0.0)
2025-12-10 00:23:27 [INFO] [BRIDGE] [LOG] osc.show_bridge.in - RECV /state/group/2/color/enabled (0.0, 0.0, 0.0, 0.0, 0.0, 0.0)
2025-12-10 00:23:27 [INFO] [BRIDGE] [LOG] osc.show_bridge.in - RECV /state/group/3/intensity (0.0, 0.0, 0.0, 0.0, 0.0, 0.0)
2025-12-10 00:23:27 [INFO] [BRIDGE] [LOG] osc.show_bridge.in - RECV /state/group/3/playing/enabled (0.0, 0.0, 0.0, 0.0, 0.0, 0.0)
2025-12-10 00:23:27 [INFO] [BRIDGE] [LOG] osc.show_bridge.in - RECV /state/group/3/opacity (0.0, 0.0, 0.0, 0.0, 0.0, 0.0)
2025-12-10 00:23:27 [INFO] [BRIDGE] [LOG] osc.show_bridge.in - RECV /state/group/3/playing/autopilot (0.0, 0.0, 0.0, 0.0, 0.0, 0.0)
2025-12-10 00:23:27 [INFO] [BRIDGE] [LOG] osc.show_bridge.in - RECV /state/group/3/effects/autopilot (0.0, 0.0, 0.0, 0.0, 0.0, 0.0)
2025-12-10 00:23:27 [INFO] [BRIDGE] [LOG] osc.show_bridge.in - RECV /state/group/3/intensity (0.0, 0.0, 0.0, 0.0, 0.0, 0.0)
2025-12-10 00:23:27 [INFO] [BRIDGE] [LOG] osc.show_bridge.in - RECV /state/group/3/playing/enabled (0.0, 0.0, 0.0, 0.0, 0.0, 0.0)
2025-12-10 00:23:27 [INFO] [BRIDGE] [LOG] osc.show_bridge.in - RECV /state/group/3/effects/enabled (0.0, 0.0, 0.0, 0.0, 0.0, 0.0)
2025-12-10 00:23:27 [INFO] [BRIDGE] [LOG] osc.show_bridge.in - RECV /state/group/3/playing/autopilot (0.0, 0.0, 0.0, 0.0, 0.0, 0.0)
2025-12-10 00:23:27 [INFO] [BRIDGE] [LOG] osc.show_bridge.in - RECV /state/group/3/effects/autopilot (0.0, 0.0, 0.0, 0.0, 0.0, 0.0)
2025-12-10 00:23:27 [INFO] [BRIDGE] [LOG] osc.show_bridge.in - RECV /state/group/3/transforms/autopilot (0.0, 0.0, 0.0, 0.0, 0.0, 0.0)
2025-12-10 00:23:27 [INFO] [BRIDGE] [LOG] osc.show_bridge.in - RECV /state/group/3/playing/enabled (0.0, 0.0, 0.0, 0.0, 0.0, 0.0)
2025-12-10 00:23:27 [INFO] [BRIDGE] [LOG] osc.show_bridge.in - RECV /state/group/3/effects/enabled (0.0, 0.0, 0.0, 0.0, 0.0, 0.0)
2025-12-10 00:23:27 [INFO] [BRIDGE] [LOG] osc.show_bridge.in - RECV /state/group/3/transforms/enabled (0.0, 0.0, 0.0, 0.0, 0.0, 0.0)
2025-12-10 00:23:27 [INFO] [BRIDGE] [LOG] osc.show_bridge.in - RECV /state/group/3/effects/autopilot (0.0, 0.0, 0.0, 0.0, 0.0, 0.0)
2025-12-10 00:23:27 [INFO] [BRIDGE] [LOG] osc.show_bridge.in - RECV /state/group/3/transforms/autopilot (0.0, 0.0, 0.0, 0.0, 0.0, 0.0)
2025-12-10 00:23:27 [INFO] [BRIDGE] [LOG] osc.show_bridge.in - RECV /state/group/3/dynamic_masks/autopilot (0.0, 0.0, 0.0, 0.0, 0.0, 0.0)
2025-12-10 00:23:27 [INFO] [BRIDGE] [LOG] osc.show_bridge.in - RECV /state/group/3/effects/enabled (0.0, 0.0, 0.0, 0.0, 0.0, 0.0)
2025-12-10 00:23:27 [INFO] [BRIDGE] [LOG] osc.show_bridge.in - RECV /state/group/3/transforms/enabled (0.0, 0.0, 0.0, 0.0, 0.0, 0.0)
2025-12-10 00:23:27 [INFO] [BRIDGE] [LOG] osc.show_bridge.in - RECV /state/group/3/dynamic_masks/enabled (0.0, 0.0, 0.0, 0.0, 0.0, 0.0)
2025-12-10 00:23:27 [INFO] [BRIDGE] [LOG] osc.show_bridge.in - RECV /state/group/3/transforms/autopilot (0.0, 0.0, 0.0, 0.0, 0.0, 0.0)
2025-12-10 00:23:27 [INFO] [BRIDGE] [LOG] osc.show_bridge.in - RECV /state/group/3/dynamic_masks/autopilot (0.0, 0.0, 0.0, 0.0, 0.0, 0.0)
2025-12-10 00:23:27 [INFO] [BRIDGE] [LOG] osc.show_bridge.in - RECV /state/group/3/color/autopilot (0.0, 0.0, 0.0, 0.0, 0.0, 0.0)
2025-12-10 00:23:27 [INFO] [BRIDGE] [LOG] osc.show_bridge.in - RECV /state/group/3/transforms/enabled (0.0, 0.0, 0.0, 0.0, 0.0, 0.0)
2025-12-10 00:23:27 [INFO] [BRIDGE] [LOG] osc.show_bridge.in - RECV /state/group/3/dynamic_masks/enabled (0.0, 0.0, 0.0, 0.0, 0.0, 0.0)
2025-12-10 00:23:27 [INFO] [BRIDGE] [LOG] osc.show_bridge.in - RECV /state/group/3/color/enabled (0.0, 0.0, 0.0, 0.0, 0.0, 0.0)
2025-12-10 00:23:27 [INFO] [BRIDGE] [LOG] osc.show_bridge.in - RECV /state/group/3/dynamic_masks/autopilot (0.0, 0.0, 0.0, 0.0, 0.0, 0.0)
2025-12-10 00:23:27 [INFO] [BRIDGE] [LOG] osc.show_bridge.in - RECV /state/group/3/color/autopilot (0.0, 0.0, 0.0, 0.0, 0.0, 0.0)
2025-12-10 00:23:27 [INFO] [BRIDGE] [LOG] osc.show_bridge.in - RECV /state/group/4/opacity (0.0, 0.0, 0.0, 0.0, 0.0, 0.0)
2025-12-10 00:23:27 [INFO] [BRIDGE] [LOG] osc.show_bridge.in - RECV /state/group/3/dynamic_masks/enabled (0.0, 0.0, 0.0, 0.0, 0.0, 0.0)
2025-12-10 00:23:27 [INFO] [BRIDGE] [LOG] osc.show_bridge.in - RECV /state/group/3/color/enabled (0.0, 0.0, 0.0, 0.0, 0.0, 0.0)
2025-12-10 00:23:27 [INFO] [BRIDGE] [LOG] osc.show_bridge.in - RECV /state/group/4/intensity (0.0, 0.0, 0.0, 0.0, 0.0, 0.0)
2025-12-10 00:23:27 [INFO] [BRIDGE] [LOG] osc.show_bridge.in - RECV /state/group/3/color/autopilot (0.0, 0.0, 0.0, 0.0, 0.0, 0.0)
2025-12-10 00:23:27 [INFO] [BRIDGE] [LOG] osc.show_bridge.in - RECV /state/group/4/opacity (0.0, 0.0, 0.0, 0.0, 0.0, 0.0)
2025-12-10 00:23:27 [INFO] [BRIDGE] [LOG] osc.show_bridge.in - RECV /state/group/4/playing/autopilot (0.0, 0.0, 0.0, 0.0, 0.0, 0.0)
2025-12-10 00:23:27 [INFO] [BRIDGE] [LOG] osc.show_bridge.in - RECV /state/group/3/color/enabled (0.0, 0.0, 0.0, 0.0, 0.0, 0.0)
2025-12-10 00:23:27 [INFO] [BRIDGE] [LOG] osc.show_bridge.in - RECV /state/group/4/intensity (0.0, 0.0, 0.0, 0.0, 0.0, 0.0)
2025-12-10 00:23:27 [INFO] [BRIDGE] [LOG] osc.show_bridge.in - RECV /state/group/4/playing/enabled (0.0, 0.0, 0.0, 0.0, 0.0, 0.0)
2025-12-10 00:23:27 [INFO] [BRIDGE] [LOG] osc.show_bridge.in - RECV /state/group/4/opacity (0.0, 0.0, 0.0, 0.0, 0.0, 0.0)
2025-12-10 00:23:27 [INFO] [BRIDGE] [LOG] osc.show_bridge.in - RECV /state/group/4/playing/autopilot (0.0, 0.0, 0.0, 0.0, 0.0, 0.0)
2025-12-10 00:23:27 [INFO] [BRIDGE] [LOG] osc.show_bridge.in - RECV /state/group/4/effects/autopilot (0.0, 0.0, 0.0, 0.0, 0.0, 0.0)
2025-12-10 00:23:27 [INFO] [BRIDGE] [LOG] osc.show_bridge.in - RECV /state/group/4/intensity (0.0, 0.0, 0.0, 0.0, 0.0, 0.0)
2025-12-10 00:23:27 [INFO] [BRIDGE] [LOG] osc.show_bridge.in - RECV /state/group/4/playing/enabled (0.0, 0.0, 0.0, 0.0, 0.0, 0.0)
2025-12-10 00:23:27 [INFO] [BRIDGE] [LOG] osc.show_bridge.in - RECV /state/group/4/effects/enabled (0.0, 0.0, 0.0, 0.0, 0.0, 0.0)
2025-12-10 00:23:27 [INFO] [BRIDGE] [LOG] osc.show_bridge.in - RECV /state/group/4/playing/autopilot (0.0, 0.0, 0.0, 0.0, 0.0, 0.0)
2025-12-10 00:23:27 [INFO] [BRIDGE] [LOG] osc.show_bridge.in - RECV /state/group/4/effects/autopilot (0.0, 0.0, 0.0, 0.0, 0.0, 0.0)
2025-12-10 00:23:27 [INFO] [BRIDGE] [LOG] osc.show_bridge.in - RECV /state/group/4/transforms/autopilot (0.0, 0.0, 0.0, 0.0, 0.0, 0.0)
2025-12-10 00:23:27 [INFO] [BRIDGE] [LOG] osc.show_bridge.in - RECV /state/group/4/playing/enabled (0.0, 0.0, 0.0, 0.0, 0.0, 0.0)
2025-12-10 00:23:27 [INFO] [BRIDGE] [LOG] osc.show_bridge.in - RECV /state/group/4/effects/enabled (0.0, 0.0, 0.0, 0.0, 0.0, 0.0)
2025-12-10 00:23:27 [INFO] [BRIDGE] [LOG] osc.show_bridge.in - RECV /state/group/4/transforms/enabled (0.0, 0.0, 0.0, 0.0, 0.0, 0.0)
2025-12-10 00:23:27 [INFO] [BRIDGE] [LOG] osc.show_bridge.in - RECV /state/group/4/effects/autopilot (0.0, 0.0, 0.0, 0.0, 0.0, 0.0)
2025-12-10 00:23:27 [INFO] [BRIDGE] [LOG] osc.show_bridge.in - RECV /state/group/4/transforms/autopilot (0.0, 0.0, 0.0, 0.0, 0.0, 0.0)
2025-12-10 00:23:27 [INFO] [BRIDGE] [LOG] osc.show_bridge.in - RECV /state/group/4/dynamic_masks/autopilot (0.0, 0.0, 0.0, 0.0, 0.0, 0.0)
2025-12-10 00:23:27 [INFO] [BRIDGE] [LOG] osc.show_bridge.in - RECV /state/group/4/effects/enabled (0.0, 0.0, 0.0, 0.0, 0.0, 0.0)
2025-12-10 00:23:27 [INFO] [BRIDGE] [LOG] osc.show_bridge.in - RECV /state/group/4/transforms/enabled (0.0, 0.0, 0.0, 0.0, 0.0, 0.0)
2025-12-10 00:23:27 [INFO] [BRIDGE] [LOG] osc.show_bridge.in - RECV /state/group/4/dynamic_masks/enabled (0.0, 0.0, 0.0, 0.0, 0.0, 0.0)
2025-12-10 00:23:27 [INFO] [BRIDGE] [LOG] osc.show_bridge.in - RECV /state/group/4/transforms/autopilot (0.0, 0.0, 0.0, 0.0, 0.0, 0.0)
2025-12-10 00:23:27 [INFO] [BRIDGE] [LOG] osc.show_bridge.in - RECV /state/group/4/dynamic_masks/autopilot (0.0, 0.0, 0.0, 0.0, 0.0, 0.0)
2025-12-10 00:23:27 [INFO] [BRIDGE] [LOG] osc.show_bridge.in - RECV /state/group/4/color/autopilot (0.0, 0.0, 0.0, 0.0, 0.0, 0.0)
2025-12-10 00:23:27 [INFO] [BRIDGE] [LOG] osc.show_bridge.in - RECV /state/group/4/transforms/enabled (0.0, 0.0, 0.0, 0.0, 0.0, 0.0)
2025-12-10 00:23:27 [INFO] [BRIDGE] [LOG] osc.show_bridge.in - RECV /state/group/4/dynamic_masks/enabled (0.0, 0.0, 0.0, 0.0, 0.0, 0.0)
2025-12-10 00:23:27 [INFO] [BRIDGE] [LOG] osc.show_bridge.in - RECV /state/group/4/color/enabled (0.0, 0.0, 0.0, 0.0, 0.0, 0.0)
2025-12-10 00:23:27 [INFO] [BRIDGE] [LOG] osc.show_bridge.in - RECV /state/group/4/dynamic_masks/autopilot (0.0, 0.0, 0.0, 0.0, 0.0, 0.0)
2025-12-10 00:23:27 [INFO] [BRIDGE] [LOG] osc.show_bridge.in - RECV /state/group/4/color/autopilot (0.0, 0.0, 0.0, 0.0, 0.0, 0.0)
2025-12-10 00:23:27 [INFO] [BRIDGE] [LOG] osc.show_bridge.in - RECV /state/group/5/opacity (0.0, 0.0, 0.0, 0.0, 0.0, 0.0)
2025-12-10 00:23:27 [INFO] [BRIDGE] [LOG] osc.show_bridge.in - RECV /state/group/4/dynamic_masks/enabled (0.0, 0.0, 0.0, 0.0, 0.0, 0.0)
2025-12-10 00:23:27 [INFO] [BRIDGE] [LOG] osc.show_bridge.in - RECV /state/group/4/color/enabled (0.0, 0.0, 0.0, 0.0, 0.0, 0.0)
2025-12-10 00:23:27 [INFO] [BRIDGE] [LOG] osc.show_bridge.in - RECV /state/group/5/intensity (0.0, 0.0, 0.0, 0.0, 0.0, 0.0)
2025-12-10 00:23:27 [INFO] [BRIDGE] [LOG] osc.show_bridge.in - RECV /state/group/4/color/autopilot (0.0, 0.0, 0.0, 0.0, 0.0, 0.0)
2025-12-10 00:23:27 [INFO] [BRIDGE] [LOG] osc.show_bridge.in - RECV /state/group/5/opacity (0.0, 0.0, 0.0, 0.0, 0.0, 0.0)
2025-12-10 00:23:27 [INFO] [BRIDGE] [LOG] osc.show_bridge.in - RECV /state/group/5/playing/autopilot (0.0, 0.0, 0.0, 0.0, 0.0, 0.0)
2025-12-10 00:23:27 [INFO] [BRIDGE] [LOG] osc.show_bridge.in - RECV /state/group/4/color/enabled (0.0, 0.0, 0.0, 0.0, 0.0, 0.0)
2025-12-10 00:23:27 [INFO] [BRIDGE] [LOG] osc.show_bridge.in - RECV /state/group/5/intensity (0.0, 0.0, 0.0, 0.0, 0.0, 0.0)
2025-12-10 00:23:27 [INFO] [BRIDGE] [LOG] osc.show_bridge.in - RECV /state/group/5/playing/enabled (0.0, 0.0, 0.0, 0.0, 0.0, 0.0)
2025-12-10 00:23:27 [INFO] [BRIDGE] [LOG] osc.show_bridge.in - RECV /state/group/5/opacity (0.0, 0.0, 0.0, 0.0, 0.0, 0.0)
2025-12-10 00:23:27 [INFO] [BRIDGE] [LOG] osc.show_bridge.in - RECV /state/group/5/playing/autopilot (0.0, 0.0, 0.0, 0.0, 0.0, 0.0)
2025-12-10 00:23:27 [INFO] [BRIDGE] [LOG] osc.show_bridge.in - RECV /state/group/5/effects/autopilot (0.0, 0.0, 0.0, 0.0, 0.0, 0.0)
2025-12-10 00:23:27 [INFO] [BRIDGE] [LOG] osc.show_bridge.in - RECV /state/group/5/intensity (0.0, 0.0, 0.0, 0.0, 0.0, 0.0)
2025-12-10 00:23:27 [INFO] [BRIDGE] [LOG] osc.show_bridge.in - RECV /_samplerate (60.0,)
2025-12-10 00:23:27 [INFO] [BRIDGE] [LOG] osc.show_bridge.in - RECV /state/group/5/playing/enabled (0.0, 0.0, 0.0, 0.0, 0.0, 0.0)
2025-12-10 00:23:27 [INFO] [BRIDGE] [LOG] osc.show_bridge.in - RECV /state/group/5/effects/enabled (0.0, 0.0, 0.0, 0.0, 0.0, 0.0)
2025-12-10 00:23:27 [INFO] [BRIDGE] [LOG] osc.show_bridge.in - RECV /composition/sync (0.0, 0.0, 0.0, 0.0, 0.0, 0.0)
2025-12-10 00:23:27 [INFO] [BRIDGE] [LOG] osc.show_bridge.in - RECV /state/group/5/playing/autopilot (0.0, 0.0, 0.0, 0.0, 0.0, 0.0)
2025-12-10 00:23:27 [INFO] [BRIDGE] [LOG] osc.show_bridge.in - RECV /state/group/1/opacity (0.0, 0.0, 0.0, 0.0, 0.0, 0.0)
2025-12-10 00:23:27 [INFO] [BRIDGE] [LOG] osc.show_bridge.in - RECV /state/group/5/transforms/autopilot (0.0, 0.0, 0.0, 0.0, 0.0, 0.0)
2025-12-10 00:23:27 [INFO] [BRIDGE] [LOG] osc.show_bridge.in - RECV /state/group/5/effects/autopilot (0.0, 0.0, 0.0, 0.0, 0.0, 0.0)
2025-12-10 00:23:27 [INFO] [BRIDGE] [LOG] osc.show_bridge.in - RECV /state/group/5/playing/enabled (0.0, 0.0, 0.0, 0.0, 0.0, 0.0)
2025-12-10 00:23:27 [INFO] [BRIDGE] [LOG] osc.show_bridge.in - RECV /state/group/1/intensity (0.0, 0.0, 0.0, 0.0, 0.0, 0.0)
2025-12-10 00:23:27 [INFO] [BRIDGE] [LOG] osc.show_bridge.in - RECV /state/group/5/transforms/enabled (0.0, 0.0, 0.0, 0.0, 0.0, 0.0)
2025-12-10 00:23:27 [INFO] [BRIDGE] [LOG] osc.show_bridge.in - RECV /state/group/5/effects/enabled (0.0, 0.0, 0.0, 0.0, 0.0, 0.0)
2025-12-10 00:23:27 [INFO] [BRIDGE] [LOG] osc.show_bridge.in - RECV /state/group/5/effects/autopilot (0.0, 0.0, 0.0, 0.0, 0.0, 0.0)
2025-12-10 00:23:27 [INFO] [BRIDGE] [LOG] osc.show_bridge.in - RECV /state/group/1/playing/autopilot (0.0, 0.0, 0.0, 0.0, 0.0, 0.0)
2025-12-10 00:23:27 [INFO] [BRIDGE] [LOG] osc.show_bridge.in - RECV /state/group/5/dynamic_masks/autopilot (0.0, 0.0, 0.0, 0.0, 0.0, 0.0)
2025-12-10 00:23:27 [INFO] [BRIDGE] [LOG] osc.show_bridge.in - RECV /state/group/5/transforms/autopilot (0.0, 0.0, 0.0, 0.0, 0.0, 0.0)
2025-12-10 00:23:27 [INFO] [BRIDGE] [LOG] osc.show_bridge.in - RECV /state/group/5/effects/enabled (0.0, 0.0, 0.0, 0.0, 0.0, 0.0)
2025-12-10 00:23:27 [INFO] [BRIDGE] [LOG] osc.show_bridge.in - RECV /state/group/1/playing/enabled (0.0, 0.0, 0.0, 0.0, 0.0, 0.0)
2025-12-10 00:23:27 [INFO] [BRIDGE] [LOG] osc.show_bridge.in - RECV /state/group/5/dynamic_masks/enabled (0.0, 0.0, 0.0, 0.0, 0.0, 0.0)
2025-12-10 00:23:27 [INFO] [BRIDGE] [LOG] osc.show_bridge.in - RECV /state/group/5/transforms/enabled (0.0, 0.0, 0.0, 0.0, 0.0, 0.0)
2025-12-10 00:23:27 [INFO] [BRIDGE] [LOG] osc.show_bridge.in - RECV /state/group/5/transforms/autopilot (0.0, 0.0, 0.0, 0.0, 0.0, 0.0)
2025-12-10 00:23:27 [INFO] [BRIDGE] [LOG] osc.show_bridge.in - RECV /state/group/1/effects/autopilot (0.0, 0.0, 0.0, 0.0, 0.0, 0.0)
2025-12-10 00:23:27 [INFO] [BRIDGE] [LOG] osc.show_bridge.in - RECV /state/group/5/color/autopilot (0.0, 0.0, 0.0, 0.0, 0.0, 0.0)
2025-12-10 00:23:27 [INFO] [BRIDGE] [LOG] osc.show_bridge.in - RECV /state/group/5/dynamic_masks/autopilot (0.0, 0.0, 0.0, 0.0, 0.0, 0.0)
2025-12-10 00:23:27 [INFO] [BRIDGE] [LOG] osc.show_bridge.in - RECV /state/group/5/transforms/enabled (0.0, 0.0, 0.0, 0.0, 0.0, 0.0)
2025-12-10 00:23:27 [INFO] [BRIDGE] [LOG] osc.show_bridge.in - RECV /state/group/1/effects/enabled (0.0, 0.0, 0.0, 0.0, 0.0, 0.0)
2025-12-10 00:23:27 [INFO] [BRIDGE] [LOG] osc.show_bridge.in - RECV /state/group/5/color/enabled (0.0, 0.0, 0.0, 0.0, 0.0, 0.0)
2025-12-10 00:23:27 [INFO] [BRIDGE] [LOG] osc.show_bridge.in - RECV /state/group/5/dynamic_masks/enabled (0.0, 0.0, 0.0, 0.0, 0.0, 0.0)
2025-12-10 00:23:27 [INFO] [BRIDGE] [LOG] osc.show_bridge.in - RECV /state/group/5/dynamic_masks/autopilot (0.0, 0.0, 0.0, 0.0, 0.0, 0.0)
2025-12-10 00:23:27 [INFO] [BRIDGE] [LOG] osc.show_bridge.in - RECV /state/group/1/transforms/autopilot (0.0, 0.0, 0.0, 0.0, 0.0, 0.0)
2025-12-10 00:23:27 [INFO] [BRIDGE] [LOG] osc.show_bridge.in - RECV /state/group/6/opacity (0.0, 0.0, 0.0, 0.0, 0.0, 0.0)
2025-12-10 00:23:27 [INFO] [BRIDGE] [LOG] osc.show_bridge.in - RECV /state/group/5/color/autopilot (0.0, 0.0, 0.0, 0.0, 0.0, 0.0)
2025-12-10 00:23:27 [INFO] [BRIDGE] [LOG] osc.show_bridge.in - RECV /state/group/5/dynamic_masks/enabled (0.0, 0.0, 0.0, 0.0, 0.0, 0.0)
2025-12-10 00:23:27 [INFO] [BRIDGE] [LOG] osc.show_bridge.in - RECV /state/group/1/transforms/enabled (0.0, 0.0, 0.0, 0.0, 0.0, 0.0)
2025-12-10 00:23:27 [INFO] [BRIDGE] [LOG] osc.show_bridge.in - RECV /state/group/6/intensity (0.0, 0.0, 0.0, 0.0, 0.0, 0.0)
2025-12-10 00:23:27 [INFO] [BRIDGE] [LOG] osc.show_bridge.in - RECV /state/group/5/color/enabled (0.0, 0.0, 0.0, 0.0, 0.0, 0.0)
2025-12-10 00:23:27 [INFO] [BRIDGE] [LOG] osc.show_bridge.in - RECV /state/group/5/color/autopilot (0.0, 0.0, 0.0, 0.0, 0.0, 0.0)
2025-12-10 00:23:27 [INFO] [BRIDGE] [LOG] osc.show_bridge.in - RECV /state/group/1/dynamic_masks/autopilot (0.0, 0.0, 0.0, 0.0, 0.0, 1.0)
2025-12-10 00:23:27 [INFO] [BRIDGE] [LOG] osc.show_bridge.in - RECV /state/group/6/playing/autopilot (0.0, 0.0, 0.0, 0.0, 0.0, 0.0)
2025-12-10 00:23:27 [INFO] [BRIDGE] [LOG] osc.show_bridge.in - RECV /state/group/6/opacity (0.0, 0.0, 0.0, 0.0, 0.0, 0.0)
2025-12-10 00:23:27 [INFO] [BRIDGE] [LOG] osc.show_bridge.in - RECV /_samplerate (60.0,)
2025-12-10 00:23:27 [INFO] [BRIDGE] [LOG] osc.show_bridge.in - RECV /composition/sync (0.0, 0.0, 0.0, 0.0)
2025-12-10 00:23:27 [INFO] [BRIDGE] [LOG] osc.show_bridge.in - RECV /state/group/5/color/enabled (0.0, 0.0, 0.0, 0.0, 0.0, 0.0)
2025-12-10 00:23:27 [INFO] [BRIDGE] [LOG] osc.show_bridge.in - RECV /state/group/1/dynamic_masks/enabled (0.0, 0.0, 0.0, 0.0, 0.0, 0.0)
2025-12-10 00:23:27 [INFO] [BRIDGE] [LOG] osc.show_bridge.in - RECV /state/group/6/playing/enabled (0.0, 0.0, 0.0, 0.0, 0.0, 0.0)
2025-12-10 00:23:27 [INFO] [BRIDGE] [LOG] osc.show_bridge.in - RECV /state/group/1/opacity (0.0, 0.0, 0.0, 0.0)
2025-12-10 00:23:27 [INFO] [BRIDGE] [LOG] osc.show_bridge.in - RECV /state/group/6/intensity (0.0, 0.0, 0.0, 0.0, 0.0, 0.0)
2025-12-10 00:23:27 [INFO] [BRIDGE] [LOG] osc.show_bridge.in - RECV /state/group/6/opacity (0.0, 0.0, 0.0, 0.0, 0.0, 0.0)
2025-12-10 00:23:27 [INFO] [BRIDGE] [LOG] osc.show_bridge.in - RECV /state/group/1/color/autopilot (0.0, 0.0, 0.0, 0.0, 0.0, 0.0)
2025-12-10 00:23:27 [INFO] [BRIDGE] [LOG] osc.show_bridge.in - RECV /state/group/6/effects/autopilot (0.0, 0.0, 0.0, 0.0, 0.0, 0.0)
2025-12-10 00:23:27 [INFO] [BRIDGE] [LOG] osc.show_bridge.in - RECV /state/group/1/intensity (0.0, 0.0, 0.0, 0.0)
2025-12-10 00:23:27 [INFO] [BRIDGE] [LOG] osc.show_bridge.in - RECV /state/group/6/playing/autopilot (0.0, 0.0, 0.0, 0.0, 0.0, 0.0)
2025-12-10 00:23:27 [INFO] [BRIDGE] [LOG] osc.show_bridge.in - RECV /state/group/6/intensity (0.0, 0.0, 0.0, 0.0, 0.0, 0.0)
2025-12-10 00:23:27 [INFO] [BRIDGE] [LOG] osc.show_bridge.in - RECV /state/group/1/color/enabled (0.0, 0.0, 0.0, 0.0, 0.0, 0.0)
2025-12-10 00:23:27 [INFO] [BRIDGE] [LOG] osc.show_bridge.in - RECV /state/group/6/effects/enabled (0.0, 0.0, 0.0, 0.0, 0.0, 0.0)
2025-12-10 00:23:27 [INFO] [BRIDGE] [LOG] osc.show_bridge.in - RECV /state/group/1/playing/autopilot (0.0, 0.0, 0.0, 0.0)
2025-12-10 00:23:27 [INFO] [BRIDGE] [LOG] osc.show_bridge.in - RECV /state/group/6/playing/enabled (0.0, 0.0, 0.0, 0.0, 0.0, 0.0)
2025-12-10 00:23:27 [INFO] [BRIDGE] [LOG] osc.show_bridge.in - RECV /state/group/6/playing/autopilot (0.0, 0.0, 0.0, 0.0, 0.0, 0.0)
2025-12-10 00:23:27 [INFO] [BRIDGE] [LOG] osc.show_bridge.in - RECV /state/group/2/opacity (0.0, 0.0, 0.0, 0.0, 0.0, 0.0)
2025-12-10 00:23:27 [INFO] [BRIDGE] [LOG] osc.show_bridge.in - RECV /state/group/6/transforms/autopilot (0.0, 0.0, 0.0, 0.0, 0.0, 0.0)
2025-12-10 00:23:27 [INFO] [BRIDGE] [LOG] osc.show_bridge.in - RECV /state/group/1/playing/enabled (0.0, 0.0, 0.0, 0.0)
2025-12-10 00:23:27 [INFO] [BRIDGE] [LOG] osc.show_bridge.in - RECV /state/group/6/effects/autopilot (0.0, 0.0, 0.0, 0.0, 0.0, 0.0)
2025-12-10 00:23:27 [INFO] [BRIDGE] [LOG] osc.show_bridge.in - RECV /state/group/6/playing/enabled (0.0, 0.0, 0.0, 0.0, 0.0, 0.0)
2025-12-10 00:23:27 [INFO] [BRIDGE] [LOG] osc.show_bridge.in - RECV /state/group/2/intensity (0.0, 0.0, 0.0, 0.0, 0.0, 0.0)
2025-12-10 00:23:27 [INFO] [BRIDGE] [LOG] osc.show_bridge.in - RECV /state/group/6/transforms/enabled (0.0, 0.0, 0.0, 0.0, 0.0, 0.0)
2025-12-10 00:23:27 [INFO] [BRIDGE] [LOG] osc.show_bridge.in - RECV /state/group/1/effects/autopilot (0.0, 0.0, 0.0, 0.0)
2025-12-10 00:23:27 [INFO] [BRIDGE] [LOG] osc.show_bridge.in - RECV /state/group/6/effects/enabled (0.0, 0.0, 0.0, 0.0, 0.0, 0.0)
2025-12-10 00:23:27 [INFO] [BRIDGE] [LOG] osc.show_bridge.in - RECV /state/group/6/effects/autopilot (0.0, 0.0, 0.0, 0.0, 0.0, 0.0)
2025-12-10 00:23:27 [INFO] [BRIDGE] [LOG] osc.show_bridge.in - RECV /state/group/2/playing/autopilot (0.0, 0.0, 0.0, 0.0, 0.0, 0.0)
2025-12-10 00:23:27 [INFO] [BRIDGE] [LOG] osc.show_bridge.in - RECV /state/group/6/dynamic_masks/autopilot (0.0, 0.0, 0.0, 0.0, 0.0, 0.0)
2025-12-10 00:23:27 [INFO] [BRIDGE] [LOG] osc.show_bridge.in - RECV /state/group/1/effects/enabled (0.0, 0.0, 0.0, 0.0)
2025-12-10 00:23:27 [INFO] [BRIDGE] [LOG] osc.show_bridge.in - RECV /state/group/6/transforms/autopilot (0.0, 0.0, 0.0, 0.0, 0.0, 0.0)
2025-12-10 00:23:27 [INFO] [BRIDGE] [LOG] osc.show_bridge.in - RECV /state/group/6/effects/enabled (0.0, 0.0, 0.0, 0.0, 0.0, 0.0)
2025-12-10 00:23:27 [INFO] [BRIDGE] [LOG] osc.show_bridge.in - RECV /state/group/2/playing/enabled (0.0, 0.0, 0.0, 0.0, 0.0, 0.0)
2025-12-10 00:23:27 [INFO] [BRIDGE] [LOG] osc.show_bridge.in - RECV /state/group/6/dynamic_masks/enabled (0.0, 0.0, 0.0, 0.0, 0.0, 0.0)
2025-12-10 00:23:27 [INFO] [BRIDGE] [LOG] osc.show_bridge.in - RECV /state/group/1/transforms/autopilot (0.0, 0.0, 0.0, 0.0)
2025-12-10 00:23:27 [INFO] [BRIDGE] [LOG] osc.show_bridge.in - RECV /state/group/6/transforms/enabled (0.0, 0.0, 0.0, 0.0, 0.0, 0.0)
2025-12-10 00:23:27 [INFO] [BRIDGE] [LOG] osc.show_bridge.in - RECV /state/group/6/transforms/autopilot (0.0, 0.0, 0.0, 0.0, 0.0, 0.0)
2025-12-10 00:23:27 [INFO] [BRIDGE] [LOG] osc.show_bridge.in - RECV /state/group/2/effects/autopilot (0.0, 0.0, 0.0, 0.0, 0.0, 0.0)
2025-12-10 00:23:27 [INFO] [BRIDGE] [LOG] osc.show_bridge.in - RECV /state/group/6/color/autopilot (0.0, 0.0, 0.0, 0.0, 0.0, 0.0)
2025-12-10 00:23:27 [INFO] [BRIDGE] [LOG] osc.show_bridge.in - RECV /state/group/1/transforms/enabled (0.0, 0.0, 0.0, 0.0)
2025-12-10 00:23:27 [INFO] [BRIDGE] [LOG] osc.show_bridge.in - RECV /state/group/6/dynamic_masks/autopilot (0.0, 0.0, 0.0, 0.0, 0.0, 0.0)
2025-12-10 00:23:27 [INFO] [BRIDGE] [LOG] osc.show_bridge.in - RECV /state/group/6/transforms/enabled (0.0, 0.0, 0.0, 0.0, 0.0, 0.0)
2025-12-10 00:23:27 [INFO] [BRIDGE] [LOG] osc.show_bridge.in - RECV /state/group/2/effects/enabled (0.0, 0.0, 0.0, 0.0, 0.0, 0.0)
2025-12-10 00:23:27 [INFO] [BRIDGE] [LOG] osc.show_bridge.in - RECV /state/group/6/color/enabled (0.0, 0.0, 0.0, 0.0, 0.0, 0.0)
2025-12-10 00:23:27 [INFO] [BRIDGE] [LOG] osc.show_bridge.in - RECV /state/group/1/dynamic_masks/autopilot (1.0, 1.0, 0.0, 0.0)
2025-12-10 00:23:27 [INFO] [BRIDGE] [LOG] osc.show_bridge.in - RECV /state/group/6/dynamic_masks/enabled (0.0, 0.0, 0.0, 0.0, 0.0, 0.0)
2025-12-10 00:23:27 [INFO] [BRIDGE] [LOG] osc.show_bridge.in - RECV /state/group/6/dynamic_masks/autopilot (0.0, 0.0, 0.0, 0.0, 0.0, 0.0)
2025-12-10 00:23:27 [INFO] [BRIDGE] [LOG] osc.show_bridge.in - RECV /state/group/2/transforms/autopilot (0.0, 0.0, 0.0, 0.0, 0.0, 0.0)
2025-12-10 00:23:27 [INFO] [BRIDGE] [LOG] osc.show_bridge.in - RECV /state/group/7/opacity (0.0, 0.0, 0.0, 0.0, 0.0, 0.0)
2025-12-10 00:23:27 [INFO] [BRIDGE] [LOG] osc.show_bridge.in - RECV /state/group/1/dynamic_masks/enabled (0.0, 0.0, 0.0, 0.0)
2025-12-10 00:23:27 [INFO] [BRIDGE] [LOG] osc.show_bridge.in - RECV /state/group/6/color/autopilot (0.0, 0.0, 0.0, 0.0, 0.0, 0.0)
2025-12-10 00:23:27 [INFO] [BRIDGE] [LOG] osc.show_bridge.in - RECV /state/group/6/dynamic_masks/enabled (0.0, 0.0, 0.0, 0.0, 0.0, 0.0)
2025-12-10 00:23:27 [INFO] [BRIDGE] [LOG] osc.show_bridge.in - RECV /_samplerate (60.0,)
2025-12-10 00:23:27 [INFO] [BRIDGE] [LOG] osc.show_bridge.in - RECV /state/group/2/transforms/enabled (0.0, 0.0, 0.0, 0.0, 0.0, 0.0)
2025-12-10 00:23:27 [INFO] [BRIDGE] [LOG] osc.show_bridge.in - RECV /state/group/7/intensity (0.0, 0.0, 0.0, 0.0, 0.0, 0.0)
2025-12-10 00:23:27 [INFO] [BRIDGE] [LOG] osc.show_bridge.in - RECV /composition/sync (0.0, 0.0, 0.0, 0.0, 0.0)
2025-12-10 00:23:27 [INFO] [BRIDGE] [LOG] osc.show_bridge.in - RECV /state/group/1/color/autopilot (0.0, 0.0, 0.0, 0.0)
2025-12-10 00:23:27 [INFO] [BRIDGE] [LOG] osc.show_bridge.in - RECV /state/group/1/opacity (0.0, 0.0, 0.0, 0.0, 0.0)
2025-12-10 00:23:27 [INFO] [BRIDGE] [LOG] osc.show_bridge.in - RECV /state/group/6/color/enabled (0.0, 0.0, 0.0, 0.0, 0.0, 0.0)
2025-12-10 00:23:27 [INFO] [BRIDGE] [LOG] osc.show_bridge.in - RECV /state/group/6/color/autopilot (0.0, 0.0, 0.0, 0.0, 0.0, 0.0)
2025-12-10 00:23:27 [INFO] [BRIDGE] [LOG] osc.show_bridge.in - RECV /state/group/2/dynamic_masks/autopilot (0.0, 0.0, 0.0, 0.0, 0.0, 0.0)
2025-12-10 00:23:27 [INFO] [BRIDGE] [LOG] osc.show_bridge.in - RECV /state/group/7/playing/autopilot (0.0, 0.0, 0.0, 0.0, 0.0, 0.0)
2025-12-10 00:23:27 [INFO] [BRIDGE] [LOG] osc.show_bridge.in - RECV /state/group/1/color/enabled (0.0, 0.0, 0.0, 0.0)
2025-12-10 00:23:27 [INFO] [BRIDGE] [LOG] osc.show_bridge.in - RECV /state/group/1/intensity (0.0, 0.0, 0.0, 0.0, 0.0)
2025-12-10 00:23:27 [INFO] [BRIDGE] [LOG] osc.show_bridge.in - RECV /state/group/7/opacity (0.0, 0.0, 0.0, 0.0, 0.0, 0.0)
2025-12-10 00:23:27 [INFO] [BRIDGE] [LOG] osc.show_bridge.in - RECV /state/group/6/color/enabled (0.0, 0.0, 0.0, 0.0, 0.0, 0.0)
2025-12-10 00:23:27 [INFO] [BRIDGE] [LOG] osc.show_bridge.in - RECV /state/group/2/dynamic_masks/enabled (0.0, 0.0, 0.0, 0.0, 0.0, 0.0)
2025-12-10 00:23:27 [INFO] [BRIDGE] [LOG] osc.show_bridge.in - RECV /state/group/7/playing/enabled (0.0, 0.0, 0.0, 0.0, 0.0, 0.0)
2025-12-10 00:23:27 [INFO] [BRIDGE] [LOG] osc.show_bridge.in - RECV /state/group/2/opacity (0.0, 0.0, 0.0, 0.0)
2025-12-10 00:23:27 [INFO] [BRIDGE] [LOG] osc.show_bridge.in - RECV /state/group/1/playing/autopilot (0.0, 0.0, 0.0, 0.0, 0.0)
2025-12-10 00:23:27 [INFO] [BRIDGE] [LOG] osc.show_bridge.in - RECV /state/group/7/intensity (0.0, 0.0, 0.0, 0.0, 0.0, 0.0)
2025-12-10 00:23:27 [INFO] [BRIDGE] [LOG] osc.show_bridge.in - RECV /state/group/7/opacity (0.0, 0.0, 0.0, 0.0, 0.0, 0.0)
2025-12-10 00:23:27 [INFO] [BRIDGE] [LOG] osc.show_bridge.in - RECV /state/group/2/color/autopilot (0.0, 0.0, 0.0, 0.0, 0.0, 0.0)
2025-12-10 00:23:27 [INFO] [BRIDGE] [LOG] osc.show_bridge.in - RECV /state/group/7/effects/autopilot (0.0, 0.0, 0.0, 0.0, 0.0, 0.0)
2025-12-10 00:23:27 [INFO] [BRIDGE] [LOG] osc.show_bridge.in - RECV /state/group/2/intensity (0.0, 0.0, 0.0, 0.0)
2025-12-10 00:23:27 [INFO] [BRIDGE] [LOG] osc.show_bridge.in - RECV /state/group/1/playing/enabled (0.0, 0.0, 0.0, 0.0, 0.0)
2025-12-10 00:23:27 [INFO] [BRIDGE] [LOG] osc.show_bridge.in - RECV /state/group/7/playing/autopilot (0.0, 0.0, 0.0, 0.0, 0.0, 0.0)
2025-12-10 00:23:27 [INFO] [BRIDGE] [LOG] osc.show_bridge.in - RECV /state/group/7/intensity (0.0, 0.0, 0.0, 0.0, 0.0, 0.0)
2025-12-10 00:23:27 [INFO] [BRIDGE] [LOG] osc.show_bridge.in - RECV /state/group/2/color/enabled (0.0, 0.0, 0.0, 0.0, 0.0, 0.0)
2025-12-10 00:23:27 [INFO] [BRIDGE] [LOG] osc.show_bridge.in - RECV /state/group/7/effects/enabled (0.0, 0.0, 0.0, 0.0, 0.0, 0.0)
2025-12-10 00:23:27 [INFO] [BRIDGE] [LOG] osc.show_bridge.in - RECV /state/group/2/playing/autopilot (0.0, 0.0, 0.0, 0.0)
2025-12-10 00:23:27 [INFO] [BRIDGE] [LOG] osc.show_bridge.in - RECV /state/group/1/effects/autopilot (0.0, 0.0, 0.0, 0.0, 0.0)
2025-12-10 00:23:27 [INFO] [BRIDGE] [LOG] osc.show_bridge.in - RECV /state/group/7/playing/enabled (0.0, 0.0, 0.0, 0.0, 0.0, 0.0)
2025-12-10 00:23:27 [INFO] [BRIDGE] [LOG] osc.show_bridge.in - RECV /state/group/7/playing/autopilot (0.0, 0.0, 0.0, 0.0, 0.0, 0.0)
2025-12-10 00:23:27 [INFO] [BRIDGE] [LOG] osc.show_bridge.in - RECV /state/group/3/opacity (0.0, 0.0, 0.0, 0.0, 0.0, 0.0)
2025-12-10 00:23:27 [INFO] [BRIDGE] [LOG] osc.show_bridge.in - RECV /state/group/7/transforms/autopilot (0.0, 0.0, 0.0, 0.0, 0.0, 0.0)
2025-12-10 00:23:27 [INFO] [BRIDGE] [LOG] osc.show_bridge.in - RECV /state/group/2/playing/enabled (0.0, 0.0, 0.0, 0.0)
2025-12-10 00:23:27 [INFO] [BRIDGE] [LOG] osc.show_bridge.in - RECV /state/group/1/effects/enabled (0.0, 0.0, 0.0, 0.0, 0.0)
2025-12-10 00:23:27 [INFO] [BRIDGE] [LOG] osc.show_bridge.in - RECV /state/group/7/effects/autopilot (0.0, 0.0, 0.0, 0.0, 0.0, 0.0)
2025-12-10 00:23:27 [INFO] [BRIDGE] [LOG] osc.show_bridge.in - RECV /state/group/7/playing/enabled (0.0, 0.0, 0.0, 0.0, 0.0, 0.0)
2025-12-10 00:23:27 [INFO] [BRIDGE] [LOG] osc.show_bridge.in - RECV /state/group/3/intensity (0.0, 0.0, 0.0, 0.0, 0.0, 0.0)
2025-12-10 00:23:27 [INFO] [BRIDGE] [LOG] osc.show_bridge.in - RECV /state/group/7/transforms/enabled (0.0, 0.0, 0.0, 0.0, 0.0, 0.0)
2025-12-10 00:23:27 [INFO] [BRIDGE] [LOG] osc.show_bridge.in - RECV /state/group/2/effects/autopilot (0.0, 0.0, 0.0, 0.0)
2025-12-10 00:23:27 [INFO] [BRIDGE] [LOG] osc.show_bridge.in - RECV /state/group/1/transforms/autopilot (0.0, 0.0, 0.0, 0.0, 0.0)
2025-12-10 00:23:27 [INFO] [BRIDGE] [LOG] osc.show_bridge.in - RECV /state/group/7/effects/enabled (0.0, 0.0, 0.0, 0.0, 0.0, 0.0)
2025-12-10 00:23:27 [INFO] [BRIDGE] [LOG] osc.show_bridge.in - RECV /state/group/7/effects/autopilot (0.0, 0.0, 0.0, 0.0, 0.0, 0.0)
2025-12-10 00:23:27 [INFO] [BRIDGE] [LOG] osc.show_bridge.in - RECV /state/group/3/playing/autopilot (0.0, 0.0, 0.0, 0.0, 0.0, 0.0)
2025-12-10 00:23:27 [INFO] [BRIDGE] [LOG] osc.show_bridge.in - RECV /state/group/7/dynamic_masks/autopilot (0.0, 0.0, 0.0, 0.0, 0.0, 0.0)
2025-12-10 00:23:27 [INFO] [BRIDGE] [LOG] osc.show_bridge.in - RECV /state/group/2/effects/enabled (0.0, 0.0, 0.0, 0.0)
2025-12-10 00:23:27 [INFO] [BRIDGE] [LOG] osc.show_bridge.in - RECV /state/group/1/transforms/enabled (0.0, 0.0, 0.0, 0.0, 0.0)
2025-12-10 00:23:27 [INFO] [BRIDGE] [LOG] osc.show_bridge.in - RECV /state/group/7/transforms/autopilot (0.0, 0.0, 0.0, 0.0, 0.0, 0.0)
2025-12-10 00:23:27 [INFO] [BRIDGE] [LOG] osc.show_bridge.in - RECV /state/group/7/effects/enabled (0.0, 0.0, 0.0, 0.0, 0.0, 0.0)
2025-12-10 00:23:27 [INFO] [BRIDGE] [LOG] osc.show_bridge.in - RECV /state/group/2/transforms/autopilot (0.0, 0.0, 0.0, 0.0)
2025-12-10 00:23:27 [INFO] [BRIDGE] [LOG] osc.show_bridge.in - RECV /state/group/7/dynamic_masks/enabled (0.0, 0.0, 0.0, 0.0, 0.0, 0.0)
2025-12-10 00:23:27 [INFO] [BRIDGE] [LOG] osc.show_bridge.in - RECV /state/group/3/playing/enabled (0.0, 0.0, 0.0, 0.0, 0.0, 0.0)
2025-12-10 00:23:27 [INFO] [BRIDGE] [LOG] osc.show_bridge.in - RECV /state/group/1/dynamic_masks/autopilot (0.0, 0.0, 0.0, 0.0, 0.0)
2025-12-10 00:23:27 [INFO] [BRIDGE] [LOG] osc.show_bridge.in - RECV /state/group/7/transforms/enabled (0.0, 0.0, 0.0, 0.0, 0.0, 0.0)
2025-12-10 00:23:27 [INFO] [BRIDGE] [LOG] osc.show_bridge.in - RECV /state/group/7/transforms/autopilot (0.0, 0.0, 0.0, 0.0, 0.0, 0.0)
2025-12-10 00:23:27 [INFO] [BRIDGE] [LOG] osc.show_bridge.in - RECV /state/group/2/transforms/enabled (0.0, 0.0, 0.0, 0.0)
2025-12-10 00:23:27 [INFO] [BRIDGE] [LOG] osc.show_bridge.in - RECV /_samplerate (60.0,)
2025-12-10 00:23:27 [INFO] [BRIDGE] [LOG] osc.show_bridge.in - RECV /state/group/7/color/autopilot (0.0, 0.0, 0.0, 0.0, 0.0, 0.0)
2025-12-10 00:23:27 [INFO] [BRIDGE] [LOG] osc.show_bridge.in - RECV /state/group/3/effects/autopilot (0.0, 0.0, 0.0, 0.0, 0.0, 0.0)
2025-12-10 00:23:27 [INFO] [BRIDGE] [LOG] osc.show_bridge.in - RECV /state/group/1/dynamic_masks/enabled (0.0, 0.0, 0.0, 0.0, 0.0)
2025-12-10 00:23:27 [INFO] [BRIDGE] [LOG] osc.show_bridge.in - RECV /composition/sync (0.0, 0.0, 0.0, 0.0, 0.0, 0.0)
2025-12-10 00:23:27 [INFO] [BRIDGE] [LOG] osc.show_bridge.in - RECV /state/group/7/dynamic_masks/autopilot (0.0, 0.0, 0.0, 0.0, 0.0, 0.0)
2025-12-10 00:23:27 [INFO] [BRIDGE] [LOG] osc.show_bridge.in - RECV /state/group/7/transforms/enabled (0.0, 0.0, 0.0, 0.0, 0.0, 0.0)
2025-12-10 00:23:27 [INFO] [BRIDGE] [LOG] osc.show_bridge.in - RECV /state/group/1/opacity (0.0, 0.0, 0.0, 0.0, 0.0, 0.0)
2025-12-10 00:23:27 [INFO] [BRIDGE] [LOG] osc.show_bridge.in - RECV /state/group/2/dynamic_masks/autopilot (0.0, 0.0, 0.0, 0.0)
2025-12-10 00:23:27 [INFO] [BRIDGE] [LOG] osc.show_bridge.in - RECV /state/group/7/color/enabled (0.0, 0.0, 0.0, 0.0, 0.0, 0.0)
2025-12-10 00:23:27 [INFO] [BRIDGE] [LOG] osc.show_bridge.in - RECV /state/group/7/dynamic_masks/enabled (0.0, 0.0, 0.0, 0.0, 0.0, 0.0)
2025-12-10 00:23:27 [INFO] [BRIDGE] [LOG] osc.show_bridge.in - RECV /state/group/3/effects/enabled (0.0, 0.0, 0.0, 0.0, 0.0, 0.0)
2025-12-10 00:23:27 [INFO] [BRIDGE] [LOG] osc.show_bridge.in - RECV /state/group/1/color/autopilot (0.0, 0.0, 0.0, 0.0, 0.0)
2025-12-10 00:23:27 [INFO] [BRIDGE] [LOG] osc.show_bridge.in - RECV /state/group/7/dynamic_masks/autopilot (0.0, 0.0, 0.0, 0.0, 0.0, 0.0)
2025-12-10 00:23:27 [INFO] [BRIDGE] [LOG] osc.show_bridge.in - RECV /state/group/1/intensity (0.0, 0.0, 0.0, 0.0, 0.0, 0.0)
2025-12-10 00:23:27 [INFO] [BRIDGE] [LOG] osc.show_bridge.in - RECV /state/group/2/dynamic_masks/enabled (0.0, 0.0, 0.0, 0.0)
2025-12-10 00:23:27 [INFO] [BRIDGE] [LOG] osc.show_bridge.in - RECV /state/group/8/opacity (0.0, 0.0, 0.0, 0.0, 0.0, 0.0)
2025-12-10 00:23:27 [INFO] [BRIDGE] [LOG] osc.show_bridge.in - RECV /state/group/7/color/autopilot (0.0, 0.0, 0.0, 0.0, 0.0, 0.0)
2025-12-10 00:23:27 [INFO] [BRIDGE] [LOG] osc.show_bridge.in - RECV /state/group/3/transforms/autopilot (0.0, 0.0, 0.0, 0.0, 0.0, 0.0)
2025-12-10 00:23:27 [INFO] [BRIDGE] [LOG] osc.show_bridge.in - RECV /state/group/1/color/enabled (0.0, 0.0, 0.0, 0.0, 0.0)
2025-12-10 00:23:27 [INFO] [BRIDGE] [LOG] osc.show_bridge.in - RECV /state/group/7/dynamic_masks/enabled (0.0, 0.0, 0.0, 0.0, 0.0, 0.0)
2025-12-10 00:23:27 [INFO] [BRIDGE] [LOG] osc.show_bridge.in - RECV /state/group/1/playing/autopilot (0.0, 0.0, 0.0, 0.0, 0.0, 0.0)
2025-12-10 00:23:27 [INFO] [BRIDGE] [LOG] osc.show_bridge.in - RECV /state/group/2/color/autopilot (0.0, 0.0, 0.0, 0.0)
2025-12-10 00:23:27 [INFO] [BRIDGE] [LOG] osc.show_bridge.in - RECV /state/group/8/intensity (0.0, 0.0, 0.0, 0.0, 0.0, 0.0)
2025-12-10 00:23:27 [INFO] [BRIDGE] [LOG] osc.show_bridge.in - RECV /state/group/7/color/enabled (0.0, 0.0, 0.0, 0.0, 0.0, 0.0)
2025-12-10 00:23:27 [INFO] [BRIDGE] [LOG] osc.show_bridge.in - RECV /state/group/3/transforms/enabled (0.0, 0.0, 0.0, 0.0, 0.0, 0.0)
2025-12-10 00:23:27 [INFO] [BRIDGE] [LOG] osc.show_bridge.in - RECV /state/group/2/opacity (0.0, 0.0, 0.0, 0.0, 0.0)
2025-12-10 00:23:27 [INFO] [BRIDGE] [LOG] osc.show_bridge.in - RECV /state/group/7/color/autopilot (0.0, 0.0, 0.0, 0.0, 0.0, 0.0)
2025-12-10 00:23:27 [INFO] [BRIDGE] [LOG] osc.show_bridge.in - RECV /state/group/1/playing/enabled (0.0, 0.0, 0.0, 0.0, 0.0, 0.0)
2025-12-10 00:23:27 [INFO] [BRIDGE] [LOG] osc.show_bridge.in - RECV /state/group/2/color/enabled (0.0, 0.0, 0.0, 0.0)
2025-12-10 00:23:27 [INFO] [BRIDGE] [LOG] osc.show_bridge.in - RECV /state/group/8/playing/autopilot (0.0, 0.0, 0.0, 0.0, 0.0, 0.0)
2025-12-10 00:23:27 [INFO] [BRIDGE] [LOG] osc.show_bridge.in - RECV /state/group/8/opacity (0.0, 0.0, 0.0, 0.0, 0.0, 0.0)
2025-12-10 00:23:27 [INFO] [BRIDGE] [LOG] osc.show_bridge.in - RECV /state/group/3/dynamic_masks/autopilot (0.0, 0.0, 0.0, 0.0, 0.0, 0.0)
2025-12-10 00:23:27 [INFO] [BRIDGE] [LOG] osc.show_bridge.in - RECV /state/group/2/intensity (0.0, 0.0, 0.0, 0.0, 0.0)
2025-12-10 00:23:27 [INFO] [BRIDGE] [LOG] osc.show_bridge.in - RECV /state/group/7/color/enabled (0.0, 0.0, 0.0, 0.0, 0.0, 0.0)
2025-12-10 00:23:27 [INFO] [BRIDGE] [LOG] osc.show_bridge.in - RECV /state/group/1/effects/autopilot (0.0, 0.0, 0.0, 0.0, 0.0, 0.0)
2025-12-10 00:23:27 [INFO] [BRIDGE] [LOG] osc.show_bridge.in - RECV /state/group/3/opacity (0.0, 0.0, 0.0, 0.0)
2025-12-10 00:23:27 [INFO] [BRIDGE] [LOG] osc.show_bridge.in - RECV /state/group/8/playing/enabled (0.0, 0.0, 0.0, 0.0, 0.0, 0.0)
2025-12-10 00:23:27 [INFO] [BRIDGE] [LOG] osc.show_bridge.in - RECV /state/group/8/intensity (0.0, 0.0, 0.0, 0.0, 0.0, 0.0)
2025-12-10 00:23:27 [INFO] [BRIDGE] [LOG] osc.show_bridge.in - RECV /state/group/3/dynamic_masks/enabled (0.0, 0.0, 0.0, 0.0, 0.0, 0.0)
2025-12-10 00:23:27 [INFO] [BRIDGE] [LOG] osc.show_bridge.in - RECV /state/group/2/playing/autopilot (0.0, 0.0, 0.0, 0.0, 0.0)
2025-12-10 00:23:27 [INFO] [BRIDGE] [LOG] osc.show_bridge.in - RECV /state/group/8/opacity (0.0, 0.0, 0.0, 0.0, 0.0, 0.0)
2025-12-10 00:23:27 [INFO] [BRIDGE] [LOG] osc.show_bridge.in - RECV /state/group/1/effects/enabled (0.0, 0.0, 0.0, 0.0, 0.0, 0.0)
2025-12-10 00:23:27 [INFO] [BRIDGE] [LOG] osc.show_bridge.in - RECV /state/group/3/intensity (0.0, 0.0, 0.0, 0.0)
2025-12-10 00:23:27 [INFO] [BRIDGE] [LOG] osc.show_bridge.in - RECV /state/group/8/effects/autopilot (0.0, 0.0, 0.0, 0.0, 0.0, 0.0)
2025-12-10 00:23:27 [INFO] [BRIDGE] [LOG] osc.show_bridge.in - RECV /state/group/8/playing/autopilot (0.0, 0.0, 0.0, 0.0, 0.0, 0.0)
2025-12-10 00:23:27 [INFO] [BRIDGE] [LOG] osc.show_bridge.in - RECV /state/group/3/color/autopilot (0.0, 0.0, 0.0, 0.0, 0.0, 0.0)
2025-12-10 00:23:27 [INFO] [BRIDGE] [LOG] osc.show_bridge.in - RECV /state/group/2/playing/enabled (0.0, 0.0, 0.0, 0.0, 0.0)
2025-12-10 00:23:27 [INFO] [BRIDGE] [LOG] osc.show_bridge.in - RECV /state/group/8/intensity (0.0, 0.0, 0.0, 0.0, 0.0, 0.0)
2025-12-10 00:23:27 [INFO] [BRIDGE] [LOG] osc.show_bridge.in - RECV /state/group/1/transforms/autopilot (0.0, 0.0, 0.0, 0.0, 0.0, 0.0)
2025-12-10 00:23:27 [INFO] [BRIDGE] [LOG] osc.show_bridge.in - RECV /state/group/3/playing/autopilot (0.0, 0.0, 0.0, 0.0)
2025-12-10 00:23:27 [INFO] [BRIDGE] [LOG] osc.show_bridge.in - RECV /state/group/8/effects/enabled (0.0, 0.0, 0.0, 0.0, 0.0, 0.0)
2025-12-10 00:23:27 [INFO] [BRIDGE] [LOG] osc.show_bridge.in - RECV /state/group/8/playing/enabled (0.0, 0.0, 0.0, 0.0, 0.0, 0.0)
2025-12-10 00:23:27 [INFO] [BRIDGE] [LOG] osc.show_bridge.in - RECV /state/group/3/color/enabled (0.0, 0.0, 0.0, 0.0, 0.0, 0.0)
2025-12-10 00:23:27 [INFO] [BRIDGE] [LOG] osc.show_bridge.in - RECV /state/group/2/effects/autopilot (0.0, 0.0, 0.0, 0.0, 0.0)
2025-12-10 00:23:27 [INFO] [BRIDGE] [LOG] osc.show_bridge.in - RECV /state/group/8/playing/autopilot (0.0, 0.0, 0.0, 0.0, 0.0, 0.0)
2025-12-10 00:23:27 [INFO] [BRIDGE] [LOG] osc.show_bridge.in - RECV /state/group/1/transforms/enabled (0.0, 0.0, 0.0, 0.0, 0.0, 0.0)
2025-12-10 00:23:27 [INFO] [BRIDGE] [LOG] osc.show_bridge.in - RECV /state/group/3/playing/enabled (0.0, 0.0, 0.0, 0.0)
2025-12-10 00:23:27 [INFO] [BRIDGE] [LOG] osc.show_bridge.in - RECV /state/group/8/transforms/autopilot (0.0, 0.0, 0.0, 0.0, 0.0, 0.0)
2025-12-10 00:23:27 [INFO] [BRIDGE] [LOG] osc.show_bridge.in - RECV /state/group/8/effects/autopilot (0.0, 0.0, 0.0, 0.0, 0.0, 0.0)
2025-12-10 00:23:27 [INFO] [BRIDGE] [LOG] osc.show_bridge.in - RECV /state/group/4/opacity (0.0, 0.0, 0.0, 0.0, 0.0, 0.0)
2025-12-10 00:23:27 [INFO] [BRIDGE] [LOG] osc.show_bridge.in - RECV /state/group/2/effects/enabled (0.0, 0.0, 0.0, 0.0, 0.0)
2025-12-10 00:23:27 [INFO] [BRIDGE] [LOG] osc.show_bridge.in - RECV /state/group/8/playing/enabled (0.0, 0.0, 0.0, 0.0, 0.0, 0.0)
2025-12-10 00:23:27 [INFO] [BRIDGE] [LOG] osc.show_bridge.in - RECV /state/group/1/dynamic_masks/autopilot (0.0, 0.0, 0.0, 0.0, 0.0, 0.0)
2025-12-10 00:23:27 [INFO] [BRIDGE] [LOG] osc.show_bridge.in - RECV /state/group/3/effects/autopilot (0.0, 0.0, 0.0, 0.0)
2025-12-10 00:23:27 [INFO] [BRIDGE] [LOG] osc.show_bridge.in - RECV /state/group/8/transforms/enabled (0.0, 0.0, 0.0, 0.0, 0.0, 0.0)
2025-12-10 00:23:27 [INFO] [BRIDGE] [LOG] osc.show_bridge.in - RECV /state/group/8/effects/enabled (0.0, 0.0, 0.0, 0.0, 0.0, 0.0)
2025-12-10 00:23:27 [INFO] [BRIDGE] [LOG] osc.show_bridge.in - RECV /state/group/4/intensity (0.0, 0.0, 0.0, 0.0, 0.0, 0.0)
2025-12-10 00:23:27 [INFO] [BRIDGE] [LOG] osc.show_bridge.in - RECV /state/group/2/transforms/autopilot (0.0, 0.0, 0.0, 0.0, 0.0)
2025-12-10 00:23:27 [INFO] [BRIDGE] [LOG] osc.show_bridge.in - RECV /state/group/8/effects/autopilot (0.0, 0.0, 0.0, 0.0, 0.0, 0.0)
2025-12-10 00:23:27 [INFO] [BRIDGE] [LOG] osc.show_bridge.in - RECV /state/group/1/dynamic_masks/enabled (0.0, 0.0, 0.0, 0.0, 0.0, 0.0)
2025-12-10 00:23:27 [INFO] [BRIDGE] [LOG] osc.show_bridge.in - RECV /state/group/3/effects/enabled (0.0, 0.0, 0.0, 0.0)
2025-12-10 00:23:27 [INFO] [BRIDGE] [LOG] osc.show_bridge.in - RECV /state/group/8/dynamic_masks/autopilot (0.0, 0.0, 0.0, 0.0, 0.0, 0.0)
2025-12-10 00:23:27 [INFO] [BRIDGE] [LOG] osc.show_bridge.in - RECV /state/group/8/transforms/autopilot (0.0, 0.0, 0.0, 0.0, 0.0, 0.0)
2025-12-10 00:23:27 [INFO] [BRIDGE] [LOG] osc.show_bridge.in - RECV /state/group/4/playing/autopilot (0.0, 0.0, 0.0, 0.0, 0.0, 0.0)
2025-12-10 00:23:27 [INFO] [BRIDGE] [LOG] osc.show_bridge.in - RECV /state/group/2/transforms/enabled (0.0, 0.0, 0.0, 0.0, 0.0)
2025-12-10 00:23:27 [INFO] [BRIDGE] [LOG] osc.show_bridge.in - RECV /state/group/8/effects/enabled (0.0, 0.0, 0.0, 0.0, 0.0, 0.0)
2025-12-10 00:23:27 [INFO] [BRIDGE] [LOG] osc.show_bridge.in - RECV /state/group/1/color/autopilot (0.0, 0.0, 0.0, 0.0, 0.0, 0.0)
2025-12-10 00:23:27 [INFO] [BRIDGE] [LOG] osc.show_bridge.in - RECV /state/group/3/transforms/autopilot (0.0, 0.0, 0.0, 0.0)
2025-12-10 00:23:27 [INFO] [BRIDGE] [LOG] osc.show_bridge.in - RECV /state/group/8/dynamic_masks/enabled (0.0, 0.0, 0.0, 0.0, 0.0, 0.0)
2025-12-10 00:23:27 [INFO] [BRIDGE] [LOG] osc.show_bridge.in - RECV /state/group/8/transforms/enabled (0.0, 0.0, 0.0, 0.0, 0.0, 0.0)
2025-12-10 00:23:27 [INFO] [BRIDGE] [LOG] osc.show_bridge.in - RECV /state/group/4/playing/enabled (0.0, 0.0, 0.0, 0.0, 0.0, 0.0)
2025-12-10 00:23:27 [INFO] [BRIDGE] [LOG] osc.show_bridge.in - RECV /state/group/2/dynamic_masks/autopilot (0.0, 0.0, 0.0, 0.0, 0.0)
2025-12-10 00:23:27 [INFO] [BRIDGE] [LOG] osc.show_bridge.in - RECV /state/group/8/transforms/autopilot (0.0, 0.0, 0.0, 0.0, 0.0, 0.0)
2025-12-10 00:23:27 [INFO] [BRIDGE] [LOG] osc.show_bridge.in - RECV /state/group/1/color/enabled (0.0, 0.0, 0.0, 0.0, 0.0, 0.0)
2025-12-10 00:23:27 [INFO] [BRIDGE] [LOG] osc.show_bridge.in - RECV /state/group/3/transforms/enabled (0.0, 0.0, 0.0, 0.0)
2025-12-10 00:23:27 [INFO] [BRIDGE] [LOG] osc.show_bridge.in - RECV /state/group/8/color/autopilot (0.0, 0.0, 0.0, 0.0, 0.0, 0.0)
2025-12-10 00:23:27 [INFO] [BRIDGE] [LOG] osc.show_bridge.in - RECV /state/group/8/dynamic_masks/autopilot (0.0, 0.0, 0.0, 0.0, 0.0, 0.0)
2025-12-10 00:23:27 [INFO] [BRIDGE] [LOG] osc.show_bridge.in - RECV /state/group/4/effects/autopilot (0.0, 0.0, 0.0, 0.0, 0.0, 0.0)
2025-12-10 00:23:27 [INFO] [BRIDGE] [LOG] osc.show_bridge.in - RECV /state/group/2/dynamic_masks/enabled (0.0, 0.0, 0.0, 0.0, 0.0)
2025-12-10 00:23:27 [INFO] [BRIDGE] [LOG] osc.show_bridge.in - RECV /state/group/8/transforms/enabled (0.0, 0.0, 0.0, 0.0, 0.0, 0.0)
2025-12-10 00:23:27 [INFO] [BRIDGE] [LOG] osc.show_bridge.in - RECV /state/group/2/opacity (0.0, 0.0, 0.0, 0.0, 0.0, 0.0)
2025-12-10 00:23:27 [INFO] [BRIDGE] [LOG] osc.show_bridge.in - RECV /state/group/3/dynamic_masks/autopilot (0.0, 0.0, 0.0, 0.0)
2025-12-10 00:23:27 [INFO] [BRIDGE] [LOG] osc.show_bridge.in - RECV /state/group/8/color/enabled (0.0, 0.0, 0.0, 0.0, 0.0, 0.0)
2025-12-10 00:23:27 [INFO] [BRIDGE] [LOG] osc.show_bridge.in - RECV /state/group/8/dynamic_masks/enabled (0.0, 0.0, 0.0, 0.0, 0.0, 0.0)
2025-12-10 00:23:27 [INFO] [BRIDGE] [LOG] osc.show_bridge.in - RECV /state/group/4/effects/enabled (0.0, 0.0, 0.0, 0.0, 0.0, 0.0)
2025-12-10 00:23:27 [INFO] [BRIDGE] [LOG] osc.show_bridge.in - RECV /state/group/2/color/autopilot (0.0, 0.0, 0.0, 0.0, 0.0)
2025-12-10 00:23:27 [INFO] [BRIDGE] [LOG] osc.show_bridge.in - RECV /state/group/8/dynamic_masks/autopilot (0.0, 0.0, 0.0, 0.0, 0.0, 0.0)
2025-12-10 00:23:27 [INFO] [BRIDGE] [LOG] osc.show_bridge.in - RECV /state/group/2/intensity (0.0, 0.0, 0.0, 0.0, 0.0, 0.0)
2025-12-10 00:23:27 [INFO] [BRIDGE] [LOG] osc.show_bridge.in - RECV /state/group/3/dynamic_masks/enabled (0.0, 0.0, 0.0, 0.0)
2025-12-10 00:23:27 [INFO] [BRIDGE] [LOG] osc.show_bridge.in - RECV /state/group/8/color/autopilot (0.0, 0.0, 0.0, 0.0, 0.0, 0.0)
2025-12-10 00:23:27 [INFO] [BRIDGE] [LOG] osc.show_bridge.in - RECV /state/group/4/transforms/autopilot (0.0, 0.0, 0.0, 0.0, 0.0, 0.0)
2025-12-10 00:23:27 [INFO] [BRIDGE] [LOG] osc.show_bridge.in - RECV /state/group/2/color/enabled (0.0, 0.0, 0.0, 0.0, 0.0)
2025-12-10 00:23:27 [INFO] [BRIDGE] [LOG] osc.show_bridge.in - RECV /state/group/8/dynamic_masks/enabled (0.0, 0.0, 0.0, 0.0, 0.0, 0.0)
2025-12-10 00:23:27 [INFO] [BRIDGE] [LOG] osc.show_bridge.in - RECV /state/group/2/playing/autopilot (0.0, 0.0, 0.0, 0.0, 0.0, 0.0)
2025-12-10 00:23:27 [INFO] [BRIDGE] [LOG] osc.show_bridge.in - RECV /state/group/3/color/autopilot (0.0, 0.0, 0.0, 0.0)
2025-12-10 00:23:27 [INFO] [BRIDGE] [LOG] osc.show_bridge.in - RECV /state/group/8/color/enabled (0.0, 0.0, 0.0, 0.0, 0.0, 0.0)
2025-12-10 00:23:27 [INFO] [BRIDGE] [LOG] osc.show_bridge.in - RECV /state/group/4/transforms/enabled (0.0, 0.0, 0.0, 0.0, 0.0, 0.0)
2025-12-10 00:23:27 [INFO] [BRIDGE] [LOG] osc.show_bridge.in - RECV /state/group/3/opacity (0.0, 0.0, 0.0, 0.0, 0.0)
2025-12-10 00:23:27 [INFO] [BRIDGE] [LOG] osc.show_bridge.in - RECV /state/group/8/color/autopilot (0.0, 0.0, 0.0, 0.0, 0.0, 0.0)
2025-12-10 00:23:27 [INFO] [BRIDGE] [LOG] osc.show_bridge.in - RECV /state/group/2/playing/enabled (0.0, 0.0, 0.0, 0.0, 0.0, 0.0)
2025-12-10 00:23:27 [INFO] [BRIDGE] [LOG] osc.show_bridge.in - RECV /state/group/3/color/enabled (0.0, 0.0, 0.0, 0.0)
2025-12-10 00:23:27 [INFO] [BRIDGE] [LOG] osc.show_bridge.in - RECV /state/group/4/dynamic_masks/autopilot (0.0, 0.0, 0.0, 0.0, 0.0, 0.0)
2025-12-10 00:23:27 [INFO] [BRIDGE] [LOG] osc.show_bridge.in - RECV /state/group/3/intensity (0.0, 0.0, 0.0, 0.0, 0.0)
2025-12-10 00:23:27 [INFO] [BRIDGE] [LOG] osc.show_bridge.in - RECV /state/group/8/color/enabled (0.0, 0.0, 0.0, 0.0, 0.0, 0.0)
2025-12-10 00:23:27 [INFO] [BRIDGE] [LOG] osc.show_bridge.in - RECV /state/group/2/effects/autopilot (0.0, 0.0, 0.0, 0.0, 0.0, 0.0)
2025-12-10 00:23:27 [INFO] [BRIDGE] [LOG] osc.show_bridge.in - RECV /state/group/4/opacity (0.0, 0.0, 0.0, 0.0)
2025-12-10 00:23:27 [INFO] [BRIDGE] [LOG] osc.show_bridge.in - RECV /state/group/4/dynamic_masks/enabled (0.0, 0.0, 0.0, 0.0, 0.0, 0.0)
2025-12-10 00:23:27 [INFO] [BRIDGE] [LOG] osc.show_bridge.in - RECV /state/group/3/playing/autopilot (0.0, 0.0, 0.0, 0.0, 0.0)
2025-12-10 00:23:27 [INFO] [BRIDGE] [LOG] osc.show_bridge.in - RECV /state/group/2/effects/enabled (0.0, 0.0, 0.0, 0.0, 0.0, 0.0)
2025-12-10 00:23:27 [INFO] [BRIDGE] [LOG] osc.show_bridge.in - RECV /state/group/4/intensity (0.0, 0.0, 0.0, 0.0)
2025-12-10 00:23:27 [INFO] [BRIDGE] [LOG] osc.show_bridge.in - RECV /state/group/4/color/autopilot (0.0, 0.0, 0.0, 0.0, 0.0, 0.0)
2025-12-10 00:23:27 [INFO] [BRIDGE] [LOG] osc.show_bridge.in - RECV /state/group/3/playing/enabled (0.0, 0.0, 0.0, 0.0, 0.0)
2025-12-10 00:23:27 [INFO] [BRIDGE] [LOG] osc.show_bridge.in - RECV /state/group/2/transforms/autopilot (0.0, 0.0, 0.0, 0.0, 0.0, 0.0)
2025-12-10 00:23:27 [INFO] [BRIDGE] [LOG] osc.show_bridge.in - RECV /state/group/4/playing/autopilot (0.0, 0.0, 0.0, 0.0)
2025-12-10 00:23:27 [INFO] [BRIDGE] [LOG] osc.show_bridge.in - RECV /state/group/4/color/enabled (0.0, 0.0, 0.0, 0.0, 0.0, 0.0)
2025-12-10 00:23:27 [INFO] [BRIDGE] [LOG] osc.show_bridge.in - RECV /state/group/3/effects/autopilot (0.0, 0.0, 0.0, 0.0, 0.0)
2025-12-10 00:23:27 [INFO] [BRIDGE] [LOG] osc.show_bridge.in - RECV /state/group/2/transforms/enabled (0.0, 0.0, 0.0, 0.0, 0.0, 0.0)
2025-12-10 00:23:27 [INFO] [BRIDGE] [LOG] osc.show_bridge.in - RECV /state/group/4/playing/enabled (0.0, 0.0, 0.0, 0.0)
2025-12-10 00:23:27 [INFO] [BRIDGE] [LOG] osc.show_bridge.in - RECV /state/group/5/opacity (0.0, 0.0, 0.0, 0.0, 0.0, 0.0)
2025-12-10 00:23:27 [INFO] [BRIDGE] [LOG] osc.show_bridge.in - RECV /state/group/3/effects/enabled (0.0, 0.0, 0.0, 0.0, 0.0)
2025-12-10 00:23:27 [INFO] [BRIDGE] [LOG] osc.show_bridge.in - RECV /state/group/2/dynamic_masks/autopilot (0.0, 0.0, 0.0, 0.0, 0.0, 0.0)
2025-12-10 00:23:27 [INFO] [BRIDGE] [LOG] osc.show_bridge.in - RECV /state/group/4/effects/autopilot (0.0, 0.0, 0.0, 0.0)
2025-12-10 00:23:27 [INFO] [BRIDGE] [LOG] osc.show_bridge.in - RECV /state/group/5/intensity (0.0, 0.0, 0.0, 0.0, 0.0, 0.0)
2025-12-10 00:23:27 [INFO] [BRIDGE] [LOG] osc.show_bridge.in - RECV /state/group/3/transforms/autopilot (0.0, 0.0, 0.0, 0.0, 0.0)
2025-12-10 00:23:27 [INFO] [BRIDGE] [LOG] osc.show_bridge.in - RECV /state/group/2/dynamic_masks/enabled (0.0, 0.0, 0.0, 0.0, 0.0, 0.0)
2025-12-10 00:23:27 [INFO] [BRIDGE] [LOG] osc.show_bridge.in - RECV /state/group/4/effects/enabled (0.0, 0.0, 0.0, 0.0)
2025-12-10 00:23:27 [INFO] [BRIDGE] [LOG] osc.show_bridge.in - RECV /state/group/5/playing/autopilot (0.0, 0.0, 0.0, 0.0, 0.0, 0.0)
2025-12-10 00:23:27 [INFO] [BRIDGE] [LOG] osc.show_bridge.in - RECV /state/group/3/transforms/enabled (0.0, 0.0, 0.0, 0.0, 0.0)
2025-12-10 00:23:27 [INFO] [BRIDGE] [LOG] osc.show_bridge.in - RECV /state/group/2/color/autopilot (0.0, 0.0, 0.0, 0.0, 0.0, 0.0)
2025-12-10 00:23:27 [INFO] [BRIDGE] [LOG] osc.show_bridge.in - RECV /state/group/4/transforms/autopilot (0.0, 0.0, 0.0, 0.0)
2025-12-10 00:23:27 [INFO] [BRIDGE] [LOG] osc.show_bridge.in - RECV /state/group/5/playing/enabled (0.0, 0.0, 0.0, 0.0, 0.0, 0.0)
2025-12-10 00:23:27 [INFO] [BRIDGE] [LOG] osc.show_bridge.in - RECV /state/group/3/dynamic_masks/autopilot (0.0, 0.0, 0.0, 0.0, 0.0)
2025-12-10 00:23:27 [INFO] [BRIDGE] [LOG] osc.show_bridge.in - RECV /state/group/2/color/enabled (0.0, 0.0, 0.0, 0.0, 0.0, 0.0)
2025-12-10 00:23:27 [INFO] [BRIDGE] [LOG] osc.show_bridge.in - RECV /state/group/4/transforms/enabled (0.0, 0.0, 0.0, 0.0)
2025-12-10 00:23:27 [INFO] [BRIDGE] [LOG] osc.show_bridge.in - RECV /state/group/5/effects/autopilot (0.0, 0.0, 0.0, 0.0, 0.0, 0.0)
2025-12-10 00:23:27 [INFO] [BRIDGE] [LOG] osc.show_bridge.in - RECV /state/group/3/dynamic_masks/enabled (0.0, 0.0, 0.0, 0.0, 0.0)
2025-12-10 00:23:27 [INFO] [BRIDGE] [LOG] osc.show_bridge.in - RECV /state/group/3/opacity (0.0, 0.0, 0.0, 0.0, 0.0, 0.0)
2025-12-10 00:23:27 [INFO] [BRIDGE] [LOG] osc.show_bridge.in - RECV /state/group/4/dynamic_masks/autopilot (0.0, 0.0, 0.0, 0.0)
2025-12-10 00:23:27 [INFO] [BRIDGE] [LOG] osc.show_bridge.in - RECV /state/group/5/effects/enabled (0.0, 0.0, 0.0, 0.0, 0.0, 0.0)
2025-12-10 00:23:27 [INFO] [BRIDGE] [LOG] osc.show_bridge.in - RECV /state/group/3/color/autopilot (0.0, 0.0, 0.0, 0.0, 0.0)
2025-12-10 00:23:27 [INFO] [BRIDGE] [LOG] osc.show_bridge.in - RECV /state/group/3/intensity (0.0, 0.0, 0.0, 0.0, 0.0, 0.0)
2025-12-10 00:23:27 [INFO] [BRIDGE] [LOG] osc.show_bridge.in - RECV /state/group/4/dynamic_masks/enabled (0.0, 0.0, 0.0, 0.0)
2025-12-10 00:23:27 [INFO] [BRIDGE] [LOG] osc.show_bridge.in - RECV /state/group/5/transforms/autopilot (0.0, 0.0, 0.0, 0.0, 0.0, 0.0)
2025-12-10 00:23:27 [INFO] [BRIDGE] [LOG] osc.show_bridge.in - RECV /state/group/3/color/enabled (0.0, 0.0, 0.0, 0.0, 0.0)
2025-12-10 00:23:27 [INFO] [BRIDGE] [LOG] osc.show_bridge.in - RECV /state/group/3/playing/autopilot (0.0, 0.0, 0.0, 0.0, 0.0, 0.0)
2025-12-10 00:23:27 [INFO] [BRIDGE] [LOG] osc.show_bridge.in - RECV /state/group/4/color/autopilot (0.0, 0.0, 0.0, 0.0)
2025-12-10 00:23:27 [INFO] [BRIDGE] [LOG] osc.show_bridge.in - RECV /state/group/5/transforms/enabled (0.0, 0.0, 0.0, 0.0, 0.0, 0.0)
2025-12-10 00:23:27 [INFO] [BRIDGE] [LOG] osc.show_bridge.in - RECV /state/group/4/opacity (0.0, 0.0, 0.0, 0.0, 0.0)
2025-12-10 00:23:27 [INFO] [BRIDGE] [LOG] osc.show_bridge.in - RECV /state/group/3/playing/enabled (0.0, 0.0, 0.0, 0.0, 0.0, 0.0)
2025-12-10 00:23:27 [INFO] [BRIDGE] [LOG] osc.show_bridge.in - RECV /state/group/4/color/enabled (0.0, 0.0, 0.0, 0.0)
2025-12-10 00:23:27 [INFO] [BRIDGE] [LOG] osc.show_bridge.in - RECV /state/group/5/dynamic_masks/autopilot (0.0, 0.0, 0.0, 0.0, 0.0, 0.0)
2025-12-10 00:23:27 [INFO] [BRIDGE] [LOG] osc.show_bridge.in - RECV /state/group/4/intensity (0.0, 0.0, 0.0, 0.0, 0.0)
2025-12-10 00:23:27 [INFO] [BRIDGE] [LOG] osc.show_bridge.in - RECV /state/group/3/effects/autopilot (0.0, 0.0, 0.0, 0.0, 0.0, 0.0)
2025-12-10 00:23:27 [INFO] [BRIDGE] [LOG] osc.show_bridge.in - RECV /state/group/5/opacity (0.0, 0.0, 0.0, 0.0)
2025-12-10 00:23:27 [INFO] [BRIDGE] [LOG] osc.show_bridge.in - RECV /state/group/5/dynamic_masks/enabled (0.0, 0.0, 0.0, 0.0, 0.0, 0.0)
2025-12-10 00:23:27 [INFO] [BRIDGE] [LOG] osc.show_bridge.in - RECV /state/group/4/playing/autopilot (0.0, 0.0, 0.0, 0.0, 0.0)
2025-12-10 00:23:27 [INFO] [BRIDGE] [LOG] osc.show_bridge.in - RECV /state/group/3/effects/enabled (0.0, 0.0, 0.0, 0.0, 0.0, 0.0)
2025-12-10 00:23:27 [INFO] [BRIDGE] [LOG] osc.show_bridge.in - RECV /state/group/5/intensity (0.0, 0.0, 0.0, 0.0)
2025-12-10 00:23:27 [INFO] [BRIDGE] [LOG] osc.show_bridge.in - RECV /state/group/5/color/autopilot (0.0, 0.0, 0.0, 0.0, 0.0, 0.0)
2025-12-10 00:23:27 [INFO] [BRIDGE] [LOG] osc.show_bridge.in - RECV /state/group/4/playing/enabled (0.0, 0.0, 0.0, 0.0, 0.0)
2025-12-10 00:23:27 [INFO] [BRIDGE] [LOG] osc.show_bridge.in - RECV /state/group/3/transforms/autopilot (0.0, 0.0, 0.0, 0.0, 0.0, 0.0)
2025-12-10 00:23:27 [INFO] [BRIDGE] [LOG] osc.show_bridge.in - RECV /state/group/5/playing/autopilot (0.0, 0.0, 0.0, 0.0)
2025-12-10 00:23:27 [INFO] [BRIDGE] [LOG] osc.show_bridge.in - RECV /state/group/5/color/enabled (0.0, 0.0, 0.0, 0.0, 0.0, 0.0)
2025-12-10 00:23:27 [INFO] [BRIDGE] [LOG] osc.show_bridge.in - RECV /state/group/4/effects/autopilot (0.0, 0.0, 0.0, 0.0, 0.0)
2025-12-10 00:23:27 [INFO] [BRIDGE] [LOG] osc.show_bridge.in - RECV /state/group/3/transforms/enabled (0.0, 0.0, 0.0, 0.0, 0.0, 0.0)
2025-12-10 00:23:27 [INFO] [BRIDGE] [LOG] osc.show_bridge.in - RECV /state/group/5/playing/enabled (0.0, 0.0, 0.0, 0.0)
2025-12-10 00:23:27 [INFO] [BRIDGE] [LOG] osc.show_bridge.in - RECV /state/group/6/opacity (0.0, 0.0, 0.0, 0.0, 0.0, 0.0)
2025-12-10 00:23:27 [INFO] [BRIDGE] [LOG] osc.show_bridge.in - RECV /state/group/4/effects/enabled (0.0, 0.0, 0.0, 0.0, 0.0)
2025-12-10 00:23:27 [INFO] [BRIDGE] [LOG] osc.show_bridge.in - RECV /state/group/3/dynamic_masks/autopilot (0.0, 0.0, 0.0, 0.0, 0.0, 0.0)
2025-12-10 00:23:27 [INFO] [BRIDGE] [LOG] osc.show_bridge.in - RECV /state/group/5/effects/autopilot (0.0, 0.0, 0.0, 0.0)
2025-12-10 00:23:27 [INFO] [BRIDGE] [LOG] osc.show_bridge.in - RECV /state/group/6/intensity (0.0, 0.0, 0.0, 0.0, 0.0, 0.0)
2025-12-10 00:23:27 [INFO] [BRIDGE] [LOG] osc.show_bridge.in - RECV /state/group/4/transforms/autopilot (0.0, 0.0, 0.0, 0.0, 0.0)
2025-12-10 00:23:27 [INFO] [BRIDGE] [LOG] osc.show_bridge.in - RECV /state/group/3/dynamic_masks/enabled (0.0, 0.0, 0.0, 0.0, 0.0, 0.0)
2025-12-10 00:23:27 [INFO] [BRIDGE] [LOG] osc.show_bridge.in - RECV /state/group/5/effects/enabled (0.0, 0.0, 0.0, 0.0)
2025-12-10 00:23:27 [INFO] [BRIDGE] [LOG] osc.show_bridge.in - RECV /state/group/6/playing/autopilot (0.0, 0.0, 0.0, 0.0, 0.0, 0.0)
2025-12-10 00:23:27 [INFO] [BRIDGE] [LOG] osc.show_bridge.in - RECV /state/group/4/transforms/enabled (0.0, 0.0, 0.0, 0.0, 0.0)
2025-12-10 00:23:27 [INFO] [BRIDGE] [LOG] osc.show_bridge.in - RECV /state/group/3/color/autopilot (0.0, 0.0, 0.0, 0.0, 0.0, 0.0)
2025-12-10 00:23:27 [INFO] [BRIDGE] [LOG] osc.show_bridge.in - RECV /state/group/5/transforms/autopilot (0.0, 0.0, 0.0, 0.0)
2025-12-10 00:23:27 [INFO] [BRIDGE] [LOG] osc.show_bridge.in - RECV /state/group/6/playing/enabled (0.0, 0.0, 0.0, 0.0, 0.0, 0.0)
2025-12-10 00:23:27 [INFO] [BRIDGE] [LOG] osc.show_bridge.in - RECV /state/group/4/dynamic_masks/autopilot (0.0, 0.0, 0.0, 0.0, 0.0)
2025-12-10 00:23:27 [INFO] [BRIDGE] [LOG] osc.show_bridge.in - RECV /state/group/3/color/enabled (0.0, 0.0, 0.0, 0.0, 0.0, 0.0)
2025-12-10 00:23:27 [INFO] [BRIDGE] [LOG] osc.show_bridge.in - RECV /state/group/5/transforms/enabled (0.0, 0.0, 0.0, 0.0)
2025-12-10 00:23:27 [INFO] [BRIDGE] [LOG] osc.show_bridge.in - RECV /state/group/6/effects/autopilot (0.0, 0.0, 0.0, 0.0, 0.0, 0.0)
2025-12-10 00:23:27 [INFO] [BRIDGE] [LOG] osc.show_bridge.in - RECV /state/group/4/dynamic_masks/enabled (0.0, 0.0, 0.0, 0.0, 0.0)
2025-12-10 00:23:27 [INFO] [BRIDGE] [LOG] osc.show_bridge.in - RECV /state/group/4/opacity (0.0, 0.0, 0.0, 0.0, 0.0, 0.0)
2025-12-10 00:23:27 [INFO] [BRIDGE] [LOG] osc.show_bridge.in - RECV /state/group/5/dynamic_masks/autopilot (0.0, 0.0, 0.0, 0.0)
2025-12-10 00:23:27 [INFO] [BRIDGE] [LOG] osc.show_bridge.in - RECV /state/group/6/effects/enabled (0.0, 0.0, 0.0, 0.0, 0.0, 0.0)
2025-12-10 00:23:27 [INFO] [BRIDGE] [LOG] osc.show_bridge.in - RECV /state/group/4/intensity (0.0, 0.0, 0.0, 0.0, 0.0, 0.0)
2025-12-10 00:23:27 [INFO] [BRIDGE] [LOG] osc.show_bridge.in - RECV /state/group/4/color/autopilot (0.0, 0.0, 0.0, 0.0, 0.0)
2025-12-10 00:23:27 [INFO] [BRIDGE] [LOG] osc.show_bridge.in - RECV /state/group/5/dynamic_masks/enabled (0.0, 0.0, 0.0, 0.0)
2025-12-10 00:23:27 [INFO] [BRIDGE] [LOG] osc.show_bridge.in - RECV /state/group/6/transforms/autopilot (0.0, 0.0, 0.0, 0.0, 0.0, 0.0)
2025-12-10 00:23:27 [INFO] [BRIDGE] [LOG] osc.show_bridge.in - RECV /state/group/4/playing/autopilot (0.0, 0.0, 0.0, 0.0, 0.0, 0.0)
2025-12-10 00:23:27 [INFO] [BRIDGE] [LOG] osc.show_bridge.in - RECV /state/group/4/color/enabled (0.0, 0.0, 0.0, 0.0, 0.0)
2025-12-10 00:23:27 [INFO] [BRIDGE] [LOG] osc.show_bridge.in - RECV /state/group/5/color/autopilot (0.0, 0.0, 0.0, 0.0)
2025-12-10 00:23:27 [INFO] [BRIDGE] [LOG] osc.show_bridge.in - RECV /state/group/6/transforms/enabled (0.0, 0.0, 0.0, 0.0, 0.0, 0.0)
2025-12-10 00:23:27 [INFO] [BRIDGE] [LOG] osc.show_bridge.in - RECV /state/group/4/playing/enabled (0.0, 0.0, 0.0, 0.0, 0.0, 0.0)
2025-12-10 00:23:27 [INFO] [BRIDGE] [LOG] osc.show_bridge.in - RECV /state/group/5/opacity (0.0, 0.0, 0.0, 0.0, 0.0)
2025-12-10 00:23:27 [INFO] [BRIDGE] [LOG] osc.show_bridge.in - RECV /state/group/5/color/enabled (0.0, 0.0, 0.0, 0.0)
2025-12-10 00:23:27 [INFO] [BRIDGE] [LOG] osc.show_bridge.in - RECV /state/group/6/dynamic_masks/autopilot (0.0, 0.0, 0.0, 0.0, 0.0, 0.0)
2025-12-10 00:23:27 [INFO] [BRIDGE] [LOG] osc.show_bridge.in - RECV /state/group/4/effects/autopilot (0.0, 0.0, 0.0, 0.0, 0.0, 0.0)
2025-12-10 00:23:27 [INFO] [BRIDGE] [LOG] osc.show_bridge.in - RECV /state/group/5/intensity (0.0, 0.0, 0.0, 0.0, 0.0)
2025-12-10 00:23:27 [INFO] [BRIDGE] [LOG] osc.show_bridge.in - RECV /state/group/6/opacity (0.0, 0.0, 0.0, 0.0)
2025-12-10 00:23:27 [INFO] [BRIDGE] [LOG] osc.show_bridge.in - RECV /state/group/6/dynamic_masks/enabled (0.0, 0.0, 0.0, 0.0, 0.0, 0.0)
2025-12-10 00:23:27 [INFO] [BRIDGE] [LOG] osc.show_bridge.in - RECV /state/group/4/effects/enabled (0.0, 0.0, 0.0, 0.0, 0.0, 0.0)
2025-12-10 00:23:27 [INFO] [BRIDGE] [LOG] osc.show_bridge.in - RECV /state/group/5/playing/autopilot (0.0, 0.0, 0.0, 0.0, 0.0)
2025-12-10 00:23:27 [INFO] [BRIDGE] [LOG] osc.show_bridge.in - RECV /state/group/6/intensity (0.0, 0.0, 0.0, 0.0)
2025-12-10 00:23:27 [INFO] [BRIDGE] [LOG] osc.show_bridge.in - RECV /state/group/6/color/autopilot (0.0, 0.0, 0.0, 0.0, 0.0, 0.0)
2025-12-10 00:23:27 [INFO] [BRIDGE] [LOG] osc.show_bridge.in - RECV /state/group/4/transforms/autopilot (0.0, 0.0, 0.0, 0.0, 0.0, 0.0)
2025-12-10 00:23:27 [INFO] [BRIDGE] [LOG] osc.show_bridge.in - RECV /state/group/5/playing/enabled (0.0, 0.0, 0.0, 0.0, 0.0)
2025-12-10 00:23:27 [INFO] [BRIDGE] [LOG] osc.show_bridge.in - RECV /state/group/6/playing/autopilot (0.0, 0.0, 0.0, 0.0)
2025-12-10 00:23:27 [INFO] [BRIDGE] [LOG] osc.show_bridge.in - RECV /state/group/6/color/enabled (0.0, 0.0, 0.0, 0.0, 0.0, 0.0)
2025-12-10 00:23:27 [INFO] [BRIDGE] [LOG] osc.show_bridge.in - RECV /state/group/4/transforms/enabled (0.0, 0.0, 0.0, 0.0, 0.0, 0.0)
2025-12-10 00:23:27 [INFO] [BRIDGE] [LOG] osc.show_bridge.in - RECV /state/group/5/effects/autopilot (0.0, 0.0, 0.0, 0.0, 0.0)
2025-12-10 00:23:27 [INFO] [BRIDGE] [LOG] osc.show_bridge.in - RECV /state/group/6/playing/enabled (0.0, 0.0, 0.0, 0.0)
2025-12-10 00:23:27 [INFO] [BRIDGE] [LOG] osc.show_bridge.in - RECV /state/group/7/opacity (0.0, 0.0, 0.0, 0.0, 0.0, 0.0)
2025-12-10 00:23:27 [INFO] [BRIDGE] [LOG] osc.show_bridge.in - RECV /state/group/4/dynamic_masks/autopilot (0.0, 0.0, 0.0, 0.0, 0.0, 0.0)
2025-12-10 00:23:27 [INFO] [BRIDGE] [LOG] osc.show_bridge.in - RECV /state/group/5/effects/enabled (0.0, 0.0, 0.0, 0.0, 0.0)
2025-12-10 00:23:27 [INFO] [BRIDGE] [LOG] osc.show_bridge.in - RECV /state/group/6/effects/autopilot (0.0, 0.0, 0.0, 0.0)
2025-12-10 00:23:27 [INFO] [BRIDGE] [LOG] osc.show_bridge.in - RECV /state/group/7/intensity (0.0, 0.0, 0.0, 0.0, 0.0, 0.0)
2025-12-10 00:23:27 [INFO] [BRIDGE] [LOG] osc.show_bridge.in - RECV /state/group/4/dynamic_masks/enabled (0.0, 0.0, 0.0, 0.0, 0.0, 0.0)
2025-12-10 00:23:27 [INFO] [BRIDGE] [LOG] osc.show_bridge.in - RECV /state/group/5/transforms/autopilot (0.0, 0.0, 0.0, 0.0, 0.0)
2025-12-10 00:23:27 [INFO] [BRIDGE] [LOG] osc.show_bridge.in - RECV /state/group/6/effects/enabled (0.0, 0.0, 0.0, 0.0)
2025-12-10 00:23:27 [INFO] [BRIDGE] [LOG] osc.show_bridge.in - RECV /state/group/7/playing/autopilot (0.0, 0.0, 0.0, 0.0, 0.0, 0.0)
2025-12-10 00:23:27 [INFO] [BRIDGE] [LOG] osc.show_bridge.in - RECV /state/group/4/color/autopilot (0.0, 0.0, 0.0, 0.0, 0.0, 0.0)
2025-12-10 00:23:27 [INFO] [BRIDGE] [LOG] osc.show_bridge.in - RECV /state/group/5/transforms/enabled (0.0, 0.0, 0.0, 0.0, 0.0)
2025-12-10 00:23:27 [INFO] [BRIDGE] [LOG] osc.show_bridge.in - RECV /state/group/6/transforms/autopilot (0.0, 0.0, 0.0, 0.0)
2025-12-10 00:23:27 [INFO] [BRIDGE] [LOG] osc.show_bridge.in - RECV /state/group/7/playing/enabled (0.0, 0.0, 0.0, 0.0, 0.0, 0.0)
2025-12-10 00:23:27 [INFO] [BRIDGE] [LOG] osc.show_bridge.in - RECV /state/group/4/color/enabled (0.0, 0.0, 0.0, 0.0, 0.0, 0.0)
2025-12-10 00:23:27 [INFO] [BRIDGE] [LOG] osc.show_bridge.in - RECV /state/group/5/dynamic_masks/autopilot (0.0, 0.0, 0.0, 0.0, 0.0)
2025-12-10 00:23:27 [INFO] [BRIDGE] [LOG] osc.show_bridge.in - RECV /state/group/6/transforms/enabled (0.0, 0.0, 0.0, 0.0)
2025-12-10 00:23:27 [INFO] [BRIDGE] [LOG] osc.show_bridge.in - RECV /state/group/7/effects/autopilot (0.0, 0.0, 0.0, 0.0, 0.0, 0.0)
2025-12-10 00:23:27 [INFO] [BRIDGE] [LOG] osc.show_bridge.in - RECV /state/group/5/opacity (0.0, 0.0, 0.0, 0.0, 0.0, 0.0)
2025-12-10 00:23:27 [INFO] [BRIDGE] [LOG] osc.show_bridge.in - RECV /state/group/5/dynamic_masks/enabled (0.0, 0.0, 0.0, 0.0, 0.0)
2025-12-10 00:23:27 [INFO] [BRIDGE] [LOG] osc.show_bridge.in - RECV /state/group/6/dynamic_masks/autopilot (0.0, 0.0, 0.0, 0.0)
2025-12-10 00:23:27 [INFO] [BRIDGE] [LOG] osc.show_bridge.in - RECV /state/group/7/effects/enabled (0.0, 0.0, 0.0, 0.0, 0.0, 0.0)
2025-12-10 00:23:27 [INFO] [BRIDGE] [LOG] osc.show_bridge.in - RECV /state/group/5/intensity (0.0, 0.0, 0.0, 0.0, 0.0, 0.0)
2025-12-10 00:23:27 [INFO] [BRIDGE] [LOG] osc.show_bridge.in - RECV /state/group/5/color/autopilot (0.0, 0.0, 0.0, 0.0, 0.0)
2025-12-10 00:23:27 [INFO] [BRIDGE] [LOG] osc.show_bridge.in - RECV /state/group/6/dynamic_masks/enabled (0.0, 0.0, 0.0, 0.0)
2025-12-10 00:23:27 [INFO] [BRIDGE] [LOG] osc.show_bridge.in - RECV /state/group/7/transforms/autopilot (0.0, 0.0, 0.0, 0.0, 0.0, 0.0)
2025-12-10 00:23:27 [INFO] [BRIDGE] [LOG] osc.show_bridge.in - RECV /state/group/5/playing/autopilot (0.0, 0.0, 0.0, 0.0, 0.0, 0.0)
2025-12-10 00:23:27 [INFO] [BRIDGE] [LOG] osc.show_bridge.in - RECV /state/group/5/color/enabled (0.0, 0.0, 0.0, 0.0, 0.0)
2025-12-10 00:23:27 [INFO] [BRIDGE] [LOG] osc.show_bridge.in - RECV /state/group/6/color/autopilot (0.0, 0.0, 0.0, 0.0)
2025-12-10 00:23:27 [INFO] [BRIDGE] [LOG] osc.show_bridge.in - RECV /state/group/7/transforms/enabled (0.0, 0.0, 0.0, 0.0, 0.0, 0.0)
2025-12-10 00:23:27 [INFO] [BRIDGE] [LOG] osc.show_bridge.in - RECV /state/group/5/playing/enabled (0.0, 0.0, 0.0, 0.0, 0.0, 0.0)
2025-12-10 00:23:27 [INFO] [BRIDGE] [LOG] osc.show_bridge.in - RECV /state/group/6/opacity (0.0, 0.0, 0.0, 0.0, 0.0)
2025-12-10 00:23:27 [INFO] [BRIDGE] [LOG] osc.show_bridge.in - RECV /state/group/6/color/enabled (0.0, 0.0, 0.0, 0.0)
2025-12-10 00:23:27 [INFO] [BRIDGE] [LOG] osc.show_bridge.in - RECV /state/group/7/dynamic_masks/autopilot (0.0, 0.0, 0.0, 0.0, 0.0, 0.0)
2025-12-10 00:23:27 [INFO] [BRIDGE] [LOG] osc.show_bridge.in - RECV /state/group/5/effects/autopilot (0.0, 0.0, 0.0, 0.0, 0.0, 0.0)
2025-12-10 00:23:27 [INFO] [BRIDGE] [LOG] osc.show_bridge.in - RECV /state/group/6/intensity (0.0, 0.0, 0.0, 0.0, 0.0)
2025-12-10 00:23:27 [INFO] [BRIDGE] [LOG] osc.show_bridge.in - RECV /state/group/7/opacity (0.0, 0.0, 0.0, 0.0)
2025-12-10 00:23:27 [INFO] [BRIDGE] [LOG] osc.show_bridge.in - RECV /state/group/7/dynamic_masks/enabled (0.0, 0.0, 0.0, 0.0, 0.0, 0.0)
2025-12-10 00:23:27 [INFO] [BRIDGE] [LOG] osc.show_bridge.in - RECV /state/group/5/effects/enabled (0.0, 0.0, 0.0, 0.0, 0.0, 0.0)
2025-12-10 00:23:27 [INFO] [BRIDGE] [LOG] osc.show_bridge.in - RECV /state/group/6/playing/autopilot (0.0, 0.0, 0.0, 0.0, 0.0)
2025-12-10 00:23:27 [INFO] [BRIDGE] [LOG] osc.show_bridge.in - RECV /state/group/7/intensity (0.0, 0.0, 0.0, 0.0)
2025-12-10 00:23:27 [INFO] [BRIDGE] [LOG] osc.show_bridge.in - RECV /state/group/7/color/autopilot (0.0, 0.0, 0.0, 0.0, 0.0, 0.0)
2025-12-10 00:23:27 [INFO] [BRIDGE] [LOG] osc.show_bridge.in - RECV /state/group/5/transforms/autopilot (0.0, 0.0, 0.0, 0.0, 0.0, 0.0)
2025-12-10 00:23:27 [INFO] [BRIDGE] [LOG] osc.show_bridge.in - RECV /state/group/6/playing/enabled (0.0, 0.0, 0.0, 0.0, 0.0)
2025-12-10 00:23:27 [INFO] [BRIDGE] [LOG] osc.show_bridge.in - RECV /state/group/7/playing/autopilot (0.0, 0.0, 0.0, 0.0)
2025-12-10 00:23:27 [INFO] [BRIDGE] [LOG] osc.show_bridge.in - RECV /state/group/7/color/enabled (0.0, 0.0, 0.0, 0.0, 0.0, 0.0)
2025-12-10 00:23:27 [INFO] [BRIDGE] [LOG] osc.show_bridge.in - RECV /state/group/5/transforms/enabled (0.0, 0.0, 0.0, 0.0, 0.0, 0.0)
2025-12-10 00:23:27 [INFO] [BRIDGE] [LOG] osc.show_bridge.in - RECV /state/group/6/effects/autopilot (0.0, 0.0, 0.0, 0.0, 0.0)
2025-12-10 00:23:27 [INFO] [BRIDGE] [LOG] osc.show_bridge.in - RECV /state/group/7/playing/enabled (0.0, 0.0, 0.0, 0.0)
2025-12-10 00:23:27 [INFO] [BRIDGE] [LOG] osc.show_bridge.in - RECV /state/group/8/opacity (0.0, 0.0, 0.0, 0.0, 0.0, 0.0)
2025-12-10 00:23:27 [INFO] [BRIDGE] [LOG] osc.show_bridge.in - RECV /state/group/5/dynamic_masks/autopilot (0.0, 0.0, 0.0, 0.0, 0.0, 0.0)
2025-12-10 00:23:27 [INFO] [BRIDGE] [LOG] osc.show_bridge.in - RECV /state/group/6/effects/enabled (0.0, 0.0, 0.0, 0.0, 0.0)
2025-12-10 00:23:27 [INFO] [BRIDGE] [LOG] osc.show_bridge.in - RECV /state/group/7/effects/autopilot (0.0, 0.0, 0.0, 0.0)
2025-12-10 00:23:27 [INFO] [BRIDGE] [LOG] osc.show_bridge.in - RECV /state/group/8/intensity (0.0, 0.0, 0.0, 0.0, 0.0, 0.0)
2025-12-10 00:23:27 [INFO] [BRIDGE] [LOG] osc.show_bridge.in - RECV /state/group/5/dynamic_masks/enabled (0.0, 0.0, 0.0, 0.0, 0.0, 0.0)
2025-12-10 00:23:27 [INFO] [BRIDGE] [LOG] osc.show_bridge.in - RECV /state/group/6/transforms/autopilot (0.0, 0.0, 0.0, 0.0, 0.0)
2025-12-10 00:23:27 [INFO] [BRIDGE] [LOG] osc.show_bridge.in - RECV /state/group/7/effects/enabled (0.0, 0.0, 0.0, 0.0)
2025-12-10 00:23:27 [INFO] [BRIDGE] [LOG] osc.show_bridge.in - RECV /state/group/8/playing/autopilot (0.0, 0.0, 0.0, 0.0, 0.0, 0.0)
2025-12-10 00:23:27 [INFO] [BRIDGE] [LOG] osc.show_bridge.in - RECV /state/group/5/color/autopilot (0.0, 0.0, 0.0, 0.0, 0.0, 0.0)
2025-12-10 00:23:27 [INFO] [BRIDGE] [LOG] osc.show_bridge.in - RECV /state/group/6/transforms/enabled (0.0, 0.0, 0.0, 0.0, 0.0)
2025-12-10 00:23:27 [INFO] [BRIDGE] [LOG] osc.show_bridge.in - RECV /state/group/7/transforms/autopilot (0.0, 0.0, 0.0, 0.0)
2025-12-10 00:23:27 [INFO] [BRIDGE] [LOG] osc.show_bridge.in - RECV /state/group/8/playing/enabled (0.0, 0.0, 0.0, 0.0, 0.0, 0.0)
2025-12-10 00:23:27 [INFO] [BRIDGE] [LOG] osc.show_bridge.in - RECV /state/group/5/color/enabled (0.0, 0.0, 0.0, 0.0, 0.0, 0.0)
2025-12-10 00:23:27 [INFO] [BRIDGE] [LOG] osc.show_bridge.in - RECV /state/group/6/dynamic_masks/autopilot (0.0, 0.0, 0.0, 0.0, 0.0)
2025-12-10 00:23:28 [INFO] [BRIDGE] [LOG] osc.show_bridge.in - RECV /state/group/7/transforms/enabled (0.0, 0.0, 0.0, 0.0)
2025-12-10 00:23:28 [INFO] [BRIDGE] [LOG] osc.show_bridge.in - RECV /state/group/8/effects/autopilot (0.0, 0.0, 0.0, 0.0, 0.0, 0.0)
2025-12-10 00:23:28 [INFO] [BRIDGE] [LOG] osc.show_bridge.in - RECV /state/group/6/opacity (0.0, 0.0, 0.0, 0.0, 0.0, 0.0)
2025-12-10 00:23:28 [INFO] [BRIDGE] [LOG] osc.show_bridge.in - RECV /state/group/6/dynamic_masks/enabled (0.0, 0.0, 0.0, 0.0, 0.0)
2025-12-10 00:23:28 [INFO] [BRIDGE] [LOG] osc.show_bridge.in - RECV /state/group/7/dynamic_masks/autopilot (0.0, 0.0, 0.0, 0.0)
2025-12-10 00:23:28 [INFO] [BRIDGE] [LOG] osc.show_bridge.in - RECV /state/group/8/effects/enabled (0.0, 0.0, 0.0, 0.0, 0.0, 0.0)
2025-12-10 00:23:28 [INFO] [BRIDGE] [LOG] osc.show_bridge.in - RECV /state/group/6/intensity (0.0, 0.0, 0.0, 0.0, 0.0, 0.0)
2025-12-10 00:23:28 [INFO] [BRIDGE] [LOG] osc.show_bridge.in - RECV /state/group/6/color/autopilot (0.0, 0.0, 0.0, 0.0, 0.0)
2025-12-10 00:23:28 [INFO] [BRIDGE] [LOG] osc.show_bridge.in - RECV /state/group/7/dynamic_masks/enabled (0.0, 0.0, 0.0, 0.0)
2025-12-10 00:23:28 [INFO] [BRIDGE] [LOG] osc.show_bridge.in - RECV /state/group/8/transforms/autopilot (0.0, 0.0, 0.0, 0.0, 0.0, 0.0)
2025-12-10 00:23:28 [INFO] [BRIDGE] [LOG] osc.show_bridge.in - RECV /state/group/6/playing/autopilot (0.0, 0.0, 0.0, 0.0, 0.0, 0.0)
2025-12-10 00:23:28 [INFO] [BRIDGE] [LOG] osc.show_bridge.in - RECV /state/group/6/color/enabled (0.0, 0.0, 0.0, 0.0, 0.0)
2025-12-10 00:23:28 [INFO] [BRIDGE] [LOG] osc.show_bridge.in - RECV /state/group/7/color/autopilot (0.0, 0.0, 0.0, 0.0)
2025-12-10 00:23:28 [INFO] [BRIDGE] [LOG] osc.show_bridge.in - RECV /state/group/8/transforms/enabled (0.0, 0.0, 0.0, 0.0, 0.0, 0.0)
2025-12-10 00:23:28 [INFO] [BRIDGE] [LOG] osc.show_bridge.in - RECV /state/group/6/playing/enabled (0.0, 0.0, 0.0, 0.0, 0.0, 0.0)
2025-12-10 00:23:28 [INFO] [BRIDGE] [LOG] osc.show_bridge.in - RECV /state/group/7/opacity (0.0, 0.0, 0.0, 0.0, 0.0)
2025-12-10 00:23:28 [INFO] [BRIDGE] [LOG] osc.show_bridge.in - RECV /state/group/7/color/enabled (0.0, 0.0, 0.0, 0.0)
2025-12-10 00:23:28 [INFO] [BRIDGE] [LOG] osc.show_bridge.in - RECV /state/group/8/dynamic_masks/autopilot (0.0, 0.0, 0.0, 0.0, 0.0, 0.0)
2025-12-10 00:23:28 [INFO] [BRIDGE] [LOG] osc.show_bridge.in - RECV /state/group/6/effects/autopilot (0.0, 0.0, 0.0, 0.0, 0.0, 0.0)
2025-12-10 00:23:28 [INFO] [BRIDGE] [LOG] osc.show_bridge.in - RECV /state/group/7/intensity (0.0, 0.0, 0.0, 0.0, 0.0)
2025-12-10 00:23:28 [INFO] [BRIDGE] [LOG] osc.show_bridge.in - RECV /state/group/8/opacity (0.0, 0.0, 0.0, 0.0)
2025-12-10 00:23:28 [INFO] [BRIDGE] [LOG] osc.show_bridge.in - RECV /state/group/8/dynamic_masks/enabled (0.0, 0.0, 0.0, 0.0, 0.0, 0.0)
2025-12-10 00:23:28 [INFO] [BRIDGE] [LOG] osc.show_bridge.in - RECV /state/group/6/effects/enabled (0.0, 0.0, 0.0, 0.0, 0.0, 0.0)
2025-12-10 00:23:28 [INFO] [BRIDGE] [LOG] osc.show_bridge.in - RECV /state/group/7/playing/autopilot (0.0, 0.0, 0.0, 0.0, 0.0)
2025-12-10 00:23:28 [INFO] [BRIDGE] [LOG] osc.show_bridge.in - RECV /state/group/8/intensity (0.0, 0.0, 0.0, 0.0)
2025-12-10 00:23:28 [INFO] [BRIDGE] [LOG] osc.show_bridge.in - RECV /state/group/8/color/autopilot (0.0, 0.0, 0.0, 0.0, 0.0, 0.0)
2025-12-10 00:23:28 [INFO] [BRIDGE] [LOG] osc.show_bridge.in - RECV /state/group/6/transforms/autopilot (0.0, 0.0, 0.0, 0.0, 0.0, 0.0)
2025-12-10 00:23:28 [INFO] [BRIDGE] [LOG] osc.show_bridge.in - RECV /state/group/7/playing/enabled (0.0, 0.0, 0.0, 0.0, 0.0)
2025-12-10 00:23:28 [INFO] [BRIDGE] [LOG] osc.show_bridge.in - RECV /state/group/8/playing/autopilot (0.0, 0.0, 0.0, 0.0)
2025-12-10 00:23:28 [INFO] [BRIDGE] [LOG] osc.show_bridge.in - RECV /state/group/8/color/enabled (0.0, 0.0, 0.0, 0.0, 0.0, 0.0)
2025-12-10 00:23:28 [INFO] [BRIDGE] [LOG] osc.show_bridge.in - RECV /state/group/6/transforms/enabled (0.0, 0.0, 0.0, 0.0, 0.0, 0.0)
2025-12-10 00:23:28 [INFO] [BRIDGE] [LOG] osc.show_bridge.in - RECV /state/group/7/effects/autopilot (0.0, 0.0, 0.0, 0.0, 0.0)
2025-12-10 00:23:28 [INFO] [BRIDGE] [LOG] osc.show_bridge.in - RECV /state/group/8/playing/enabled (0.0, 0.0, 0.0, 0.0)
2025-12-10 00:23:28 [INFO] [BRIDGE] [LOG] osc.show_bridge.in - RECV /state/group/6/dynamic_masks/autopilot (0.0, 0.0, 0.0, 0.0, 0.0, 0.0)
2025-12-10 00:23:28 [INFO] [BRIDGE] [LOG] osc.show_bridge.in - RECV /state/group/7/effects/enabled (0.0, 0.0, 0.0, 0.0, 0.0)
2025-12-10 00:23:28 [INFO] [BRIDGE] [LOG] osc.show_bridge.in - RECV /state/group/8/effects/autopilot (0.0, 0.0, 0.0, 0.0)
2025-12-10 00:23:28 [INFO] [BRIDGE] [LOG] osc.show_bridge.in - RECV /state/group/6/dynamic_masks/enabled (0.0, 0.0, 0.0, 0.0, 0.0, 0.0)
2025-12-10 00:23:28 [INFO] [BRIDGE] [LOG] osc.show_bridge.in - RECV /state/group/7/transforms/autopilot (0.0, 0.0, 0.0, 0.0, 0.0)
2025-12-10 00:23:28 [INFO] [BRIDGE] [LOG] osc.show_bridge.in - RECV /state/group/8/effects/enabled (0.0, 0.0, 0.0, 0.0)
2025-12-10 00:23:28 [INFO] [BRIDGE] [LOG] osc.show_bridge.in - RECV /state/group/6/color/autopilot (0.0, 0.0, 0.0, 0.0, 0.0, 0.0)
2025-12-10 00:23:28 [INFO] [BRIDGE] [LOG] osc.show_bridge.in - RECV /state/group/7/transforms/enabled (0.0, 0.0, 0.0, 0.0, 0.0)
2025-12-10 00:23:28 [INFO] [BRIDGE] [LOG] osc.show_bridge.in - RECV /state/group/8/transforms/autopilot (0.0, 0.0, 0.0, 0.0)
2025-12-10 00:23:28 [INFO] [BRIDGE] [LOG] osc.show_bridge.in - RECV /state/group/6/color/enabled (0.0, 0.0, 0.0, 0.0, 0.0, 0.0)
2025-12-10 00:23:28 [INFO] [BRIDGE] [LOG] osc.show_bridge.in - RECV /state/group/7/dynamic_masks/autopilot (0.0, 0.0, 0.0, 0.0, 0.0)
2025-12-10 00:23:28 [INFO] [BRIDGE] [LOG] osc.show_bridge.in - RECV /state/group/8/transforms/enabled (0.0, 0.0, 0.0, 0.0)
2025-12-10 00:23:28 [INFO] [BRIDGE] [LOG] osc.show_bridge.in - RECV /state/group/7/opacity (0.0, 0.0, 0.0, 0.0, 0.0, 0.0)
2025-12-10 00:23:28 [INFO] [BRIDGE] [LOG] osc.show_bridge.in - RECV /state/group/7/dynamic_masks/enabled (0.0, 0.0, 0.0, 0.0, 0.0)
2025-12-10 00:23:28 [INFO] [BRIDGE] [LOG] osc.show_bridge.in - RECV /state/group/8/dynamic_masks/autopilot (0.0, 0.0, 0.0, 0.0)
2025-12-10 00:23:28 [INFO] [BRIDGE] [LOG] osc.show_bridge.in - RECV /state/group/7/intensity (0.0, 0.0, 0.0, 0.0, 0.0, 0.0)
2025-12-10 00:23:28 [INFO] [BRIDGE] [LOG] osc.show_bridge.in - RECV /state/group/7/color/autopilot (0.0, 0.0, 0.0, 0.0, 0.0)
2025-12-10 00:23:28 [INFO] [BRIDGE] [LOG] osc.show_bridge.in - RECV /state/group/8/dynamic_masks/enabled (0.0, 0.0, 0.0, 0.0)
2025-12-10 00:23:28 [INFO] [BRIDGE] [LOG] osc.show_bridge.in - RECV /state/group/7/playing/autopilot (0.0, 0.0, 0.0, 0.0, 0.0, 0.0)
2025-12-10 00:23:28 [INFO] [BRIDGE] [LOG] osc.show_bridge.in - RECV /state/group/7/color/enabled (0.0, 0.0, 0.0, 0.0, 0.0)
2025-12-10 00:23:28 [INFO] [BRIDGE] [LOG] osc.show_bridge.in - RECV /state/group/8/color/autopilot (0.0, 0.0, 0.0, 0.0)
2025-12-10 00:23:28 [INFO] [BRIDGE] [LOG] osc.show_bridge.in - RECV /state/group/7/playing/enabled (0.0, 0.0, 0.0, 0.0, 0.0, 0.0)
2025-12-10 00:23:28 [INFO] [BRIDGE] [LOG] osc.show_bridge.in - RECV /state/group/8/opacity (0.0, 0.0, 0.0, 0.0, 0.0)
2025-12-10 00:23:28 [INFO] [BRIDGE] [LOG] osc.show_bridge.in - RECV /state/group/8/color/enabled (0.0, 0.0, 0.0, 0.0)
2025-12-10 00:23:28 [INFO] [BRIDGE] [LOG] osc.show_bridge.in - RECV /state/group/7/effects/autopilot (0.0, 0.0, 0.0, 0.0, 0.0, 0.0)
2025-12-10 00:23:28 [INFO] [BRIDGE] [LOG] osc.show_bridge.in - RECV /state/group/8/intensity (0.0, 0.0, 0.0, 0.0, 0.0)
2025-12-10 00:23:28 [INFO] [BRIDGE] [LOG] osc.show_bridge.in - RECV /state/group/7/effects/enabled (0.0, 0.0, 0.0, 0.0, 0.0, 0.0)
2025-12-10 00:23:28 [INFO] [BRIDGE] [LOG] osc.show_bridge.in - RECV /state/group/8/playing/autopilot (0.0, 0.0, 0.0, 0.0, 0.0)
2025-12-10 00:23:28 [INFO] [BRIDGE] [LOG] osc.show_bridge.in - RECV /state/group/7/transforms/autopilot (0.0, 0.0, 0.0, 0.0, 0.0, 0.0)
2025-12-10 00:23:28 [INFO] [BRIDGE] [LOG] osc.show_bridge.in - RECV /state/group/8/playing/enabled (0.0, 0.0, 0.0, 0.0, 0.0)
2025-12-10 00:23:28 [INFO] [BRIDGE] [LOG] osc.show_bridge.in - RECV /state/group/7/transforms/enabled (0.0, 0.0, 0.0, 0.0, 0.0, 0.0)
2025-12-10 00:23:28 [INFO] [BRIDGE] [LOG] osc.show_bridge.in - RECV /state/group/8/effects/autopilot (0.0, 0.0, 0.0, 0.0, 0.0)
2025-12-10 00:23:28 [INFO] [BRIDGE] [LOG] osc.show_bridge.in - RECV /state/group/7/dynamic_masks/autopilot (0.0, 0.0, 0.0, 0.0, 0.0, 0.0)
2025-12-10 00:23:28 [INFO] [BRIDGE] [LOG] osc.show_bridge.in - RECV /state/group/8/effects/enabled (0.0, 0.0, 0.0, 0.0, 0.0)
2025-12-10 00:23:28 [INFO] [BRIDGE] [LOG] osc.show_bridge.in - RECV /state/group/7/dynamic_masks/enabled (0.0, 0.0, 0.0, 0.0, 0.0, 0.0)
2025-12-10 00:23:28 [INFO] [BRIDGE] [LOG] osc.show_bridge.in - RECV /state/group/8/transforms/autopilot (0.0, 0.0, 0.0, 0.0, 0.0)
2025-12-10 00:23:28 [INFO] [BRIDGE] [LOG] osc.show_bridge.in - RECV /state/group/7/color/autopilot (0.0, 0.0, 0.0, 0.0, 0.0, 0.0)
2025-12-10 00:23:28 [INFO] [BRIDGE] [LOG] osc.show_bridge.in - RECV /state/group/8/transforms/enabled (0.0, 0.0, 0.0, 0.0, 0.0)
2025-12-10 00:23:28 [INFO] [BRIDGE] [LOG] osc.show_bridge.in - RECV /state/group/7/color/enabled (0.0, 0.0, 0.0, 0.0, 0.0, 0.0)
2025-12-10 00:23:28 [INFO] [BRIDGE] [LOG] osc.show_bridge.in - RECV /state/group/8/dynamic_masks/autopilot (0.0, 0.0, 0.0, 0.0, 0.0)
2025-12-10 00:23:28 [INFO] [BRIDGE] [LOG] osc.show_bridge.in - RECV /state/group/8/opacity (0.0, 0.0, 0.0, 0.0, 0.0, 0.0)
2025-12-10 00:23:28 [INFO] [BRIDGE] [LOG] osc.show_bridge.in - RECV /state/group/8/dynamic_masks/enabled (0.0, 0.0, 0.0, 0.0, 0.0)
2025-12-10 00:23:28 [INFO] [BRIDGE] [LOG] osc.show_bridge.in - RECV /state/group/8/intensity (0.0, 0.0, 0.0, 0.0, 0.0, 0.0)
2025-12-10 00:23:28 [INFO] [BRIDGE] [LOG] osc.show_bridge.in - RECV /state/group/8/color/autopilot (0.0, 0.0, 0.0, 0.0, 0.0)
2025-12-10 00:23:28 [INFO] [BRIDGE] [LOG] osc.show_bridge.in - RECV /state/group/8/playing/autopilot (0.0, 0.0, 0.0, 0.0, 0.0, 0.0)
2025-12-10 00:23:28 [INFO] [BRIDGE] [LOG] osc.show_bridge.in - RECV /state/group/8/color/enabled (0.0, 0.0, 0.0, 0.0, 0.0)
2025-12-10 00:23:28 [INFO] [BRIDGE] [LOG] osc.show_bridge.in - RECV /state/group/8/playing/enabled (0.0, 0.0, 0.0, 0.0, 0.0, 0.0)
2025-12-10 00:23:28 [INFO] [BRIDGE] [LOG] osc.show_bridge.in - RECV /state/group/8/effects/autopilot (0.0, 0.0, 0.0, 0.0, 0.0, 0.0)
2025-12-10 00:23:28 [INFO] [BRIDGE] [LOG] osc.show_bridge.in - RECV /state/group/8/effects/enabled (0.0, 0.0, 0.0, 0.0, 0.0, 0.0)
2025-12-10 00:23:28 [INFO] [BRIDGE] [LOG] osc.show_bridge.in - RECV /state/group/8/transforms/autopilot (0.0, 0.0, 0.0, 0.0, 0.0, 0.0)
2025-12-10 00:23:28 [INFO] [BRIDGE] [LOG] osc.show_bridge.in - RECV /state/group/8/transforms/enabled (0.0, 0.0, 0.0, 0.0, 0.0, 0.0)
2025-12-10 00:23:28 [INFO] [BRIDGE] [LOG] osc.show_bridge.in - RECV /state/group/8/dynamic_masks/autopilot (0.0, 0.0, 0.0, 0.0, 0.0, 0.0)
2025-12-10 00:23:28 [INFO] [BRIDGE] [LOG] osc.show_bridge.in - RECV /state/group/8/dynamic_masks/enabled (0.0, 0.0, 0.0, 0.0, 0.0, 0.0)
2025-12-10 00:23:28 [INFO] [BRIDGE] [LOG] osc.show_bridge.in - RECV /state/group/8/color/autopilot (0.0, 0.0, 0.0, 0.0, 0.0, 0.0)
2025-12-10 00:23:28 [INFO] [BRIDGE] [LOG] osc.show_bridge.in - RECV /state/group/8/color/enabled (0.0, 0.0, 0.0, 0.0, 0.0, 0.0)
2025-12-10 00:23:29 [INFO] [BRIDGE] [LOG] osc.show_bridge.in - RECV /_samplerate (60.0,)
2025-12-10 00:23:29 [INFO] [BRIDGE] [LOG] osc.show_bridge.in - RECV /composition/sync (0.0, 0.0, 0.0, 0.0)
2025-12-10 00:23:29 [INFO] [BRIDGE] [LOG] osc.show_bridge.in - RECV /state/group/1/opacity (0.0, 0.0, 0.0, 0.0)
2025-12-10 00:23:29 [INFO] [BRIDGE] [LOG] osc.show_bridge.in - RECV /state/group/1/intensity (0.0, 0.0, 0.0, 0.0)
2025-12-10 00:23:29 [INFO] [BRIDGE] [LOG] osc.show_bridge.in - RECV /state/group/1/playing/autopilot (0.0, 0.0, 0.0, 0.0)
2025-12-10 00:23:29 [INFO] [BRIDGE] [LOG] osc.show_bridge.in - RECV /state/group/1/playing/enabled (0.0, 0.0, 0.0, 0.0)
2025-12-10 00:23:29 [INFO] [BRIDGE] [LOG] osc.show_bridge.in - RECV /state/group/1/effects/autopilot (0.0, 0.0, 0.0, 0.0)
2025-12-10 00:23:29 [INFO] [BRIDGE] [LOG] osc.show_bridge.in - RECV /state/group/1/effects/enabled (0.0, 0.0, 0.0, 0.0)
2025-12-10 00:23:29 [INFO] [BRIDGE] [LOG] osc.show_bridge.in - RECV /state/group/1/transforms/autopilot (1.0, 1.0, 0.0, 0.0)
2025-12-10 00:23:29 [INFO] [BRIDGE] [LOG] osc.show_bridge.in - RECV /state/group/1/transforms/enabled (0.0, 0.0, 0.0, 0.0)
2025-12-10 00:23:29 [INFO] [BRIDGE] [LOG] osc.show_bridge.in - RECV /state/group/1/dynamic_masks/autopilot (0.0, 0.0, 0.0, 0.0)
2025-12-10 00:23:29 [INFO] [BRIDGE] [LOG] osc.show_bridge.in - RECV /state/group/1/dynamic_masks/enabled (0.0, 0.0, 0.0, 0.0)
2025-12-10 00:23:29 [INFO] [BRIDGE] [LOG] osc.show_bridge.in - RECV /state/group/1/color/autopilot (0.0, 0.0, 0.0, 0.0)
2025-12-10 00:23:29 [INFO] [BRIDGE] [LOG] osc.show_bridge.in - RECV /state/group/1/color/enabled (0.0, 0.0, 0.0, 0.0)
2025-12-10 00:23:29 [INFO] [BRIDGE] [LOG] osc.show_bridge.in - RECV /state/group/2/opacity (0.0, 0.0, 0.0, 0.0)
2025-12-10 00:23:29 [INFO] [BRIDGE] [LOG] osc.show_bridge.in - RECV /state/group/2/intensity (0.0, 0.0, 0.0, 0.0)
2025-12-10 00:23:29 [INFO] [BRIDGE] [LOG] osc.show_bridge.in - RECV /state/group/2/playing/autopilot (0.0, 0.0, 0.0, 0.0)
2025-12-10 00:23:29 [INFO] [BRIDGE] [LOG] osc.show_bridge.in - RECV /state/group/2/playing/enabled (0.0, 0.0, 0.0, 0.0)
2025-12-10 00:23:29 [INFO] [BRIDGE] [LOG] osc.show_bridge.in - RECV /state/group/2/effects/autopilot (0.0, 0.0, 0.0, 0.0)
2025-12-10 00:23:29 [INFO] [BRIDGE] [LOG] osc.show_bridge.in - RECV /state/group/2/effects/enabled (0.0, 0.0, 0.0, 0.0)
2025-12-10 00:23:29 [INFO] [BRIDGE] [LOG] osc.show_bridge.in - RECV /state/group/2/transforms/autopilot (0.0, 0.0, 0.0, 0.0)
2025-12-10 00:23:29 [INFO] [BRIDGE] [LOG] osc.show_bridge.in - RECV /state/group/2/transforms/enabled (0.0, 0.0, 0.0, 0.0)
2025-12-10 00:23:29 [INFO] [BRIDGE] [LOG] osc.show_bridge.in - RECV /state/group/2/dynamic_masks/autopilot (0.0, 0.0, 0.0, 0.0)
2025-12-10 00:23:29 [INFO] [BRIDGE] [LOG] osc.show_bridge.in - RECV /state/group/2/dynamic_masks/enabled (0.0, 0.0, 0.0, 0.0)
2025-12-10 00:23:29 [INFO] [BRIDGE] [LOG] osc.show_bridge.in - RECV /state/group/2/color/autopilot (0.0, 0.0, 0.0, 0.0)
2025-12-10 00:23:29 [INFO] [BRIDGE] [LOG] osc.show_bridge.in - RECV /state/group/2/color/enabled (0.0, 0.0, 0.0, 0.0)
2025-12-10 00:23:29 [INFO] [BRIDGE] [LOG] osc.show_bridge.in - RECV /state/group/3/opacity (0.0, 0.0, 0.0, 0.0)
2025-12-10 00:23:29 [INFO] [BRIDGE] [LOG] osc.show_bridge.in - RECV /state/group/3/intensity (0.0, 0.0, 0.0, 0.0)
2025-12-10 00:23:29 [INFO] [BRIDGE] [LOG] osc.show_bridge.in - RECV /state/group/3/playing/autopilot (0.0, 0.0, 0.0, 0.0)
2025-12-10 00:23:29 [INFO] [BRIDGE] [LOG] osc.show_bridge.in - RECV /state/group/3/playing/enabled (0.0, 0.0, 0.0, 0.0)
2025-12-10 00:23:29 [INFO] [BRIDGE] [LOG] osc.show_bridge.in - RECV /state/group/3/effects/autopilot (0.0, 0.0, 0.0, 0.0)
2025-12-10 00:23:29 [INFO] [BRIDGE] [LOG] osc.show_bridge.in - RECV /_samplerate (60.0,)
2025-12-10 00:23:29 [INFO] [BRIDGE] [LOG] osc.show_bridge.in - RECV /composition/sync (0.0, 0.0, 0.0, 0.0)
2025-12-10 00:23:29 [INFO] [BRIDGE] [LOG] osc.show_bridge.in - RECV /state/group/1/opacity (0.0, 0.0, 0.0, 0.0)
2025-12-10 00:23:29 [INFO] [BRIDGE] [LOG] osc.show_bridge.in - RECV /state/group/3/effects/enabled (0.0, 0.0, 0.0, 0.0)
2025-12-10 00:23:29 [INFO] [BRIDGE] [LOG] osc.show_bridge.in - RECV /state/group/1/intensity (0.0, 0.0, 0.0, 0.0)
2025-12-10 00:23:29 [INFO] [BRIDGE] [LOG] osc.show_bridge.in - RECV /state/group/3/transforms/autopilot (0.0, 0.0, 0.0, 0.0)
2025-12-10 00:23:29 [INFO] [BRIDGE] [LOG] osc.show_bridge.in - RECV /state/group/1/playing/autopilot (0.0, 0.0, 0.0, 0.0)
2025-12-10 00:23:29 [INFO] [BRIDGE] [LOG] osc.show_bridge.in - RECV /state/group/3/transforms/enabled (0.0, 0.0, 0.0, 0.0)
2025-12-10 00:23:29 [INFO] [BRIDGE] [LOG] osc.show_bridge.in - RECV /state/group/1/playing/enabled (0.0, 0.0, 0.0, 0.0)
2025-12-10 00:23:29 [INFO] [BRIDGE] [LOG] osc.show_bridge.in - RECV /state/group/3/dynamic_masks/autopilot (0.0, 0.0, 0.0, 0.0)
2025-12-10 00:23:29 [INFO] [BRIDGE] [LOG] osc.show_bridge.in - RECV /state/group/1/effects/autopilot (0.0, 0.0, 0.0, 0.0)
2025-12-10 00:23:29 [INFO] [BRIDGE] [LOG] osc.show_bridge.in - RECV /state/group/3/dynamic_masks/enabled (0.0, 0.0, 0.0, 0.0)
2025-12-10 00:23:29 [INFO] [BRIDGE] [LOG] osc.show_bridge.in - RECV /state/group/1/effects/enabled (0.0, 0.0, 0.0, 0.0)
2025-12-10 00:23:29 [INFO] [BRIDGE] [LOG] osc.show_bridge.in - RECV /state/group/3/color/autopilot (0.0, 0.0, 0.0, 0.0)
2025-12-10 00:23:29 [INFO] [BRIDGE] [LOG] osc.show_bridge.in - RECV /state/group/1/transforms/autopilot (0.0, 0.0, 0.0, 0.0)
2025-12-10 00:23:29 [INFO] [BRIDGE] [LOG] osc.show_bridge.in - RECV /state/group/3/color/enabled (0.0, 0.0, 0.0, 0.0)
2025-12-10 00:23:29 [INFO] [BRIDGE] [LOG] osc.show_bridge.in - RECV /state/group/1/transforms/enabled (0.0, 0.0, 0.0, 0.0)
2025-12-10 00:23:29 [INFO] [BRIDGE] [LOG] osc.show_bridge.in - RECV /state/group/4/opacity (0.0, 0.0, 0.0, 0.0)
2025-12-10 00:23:29 [INFO] [BRIDGE] [LOG] osc.show_bridge.in - RECV /state/group/1/dynamic_masks/autopilot (0.0, 0.0, 0.0, 0.0)
2025-12-10 00:23:29 [INFO] [BRIDGE] [LOG] osc.show_bridge.in - RECV /state/group/4/intensity (0.0, 0.0, 0.0, 0.0)
2025-12-10 00:23:29 [INFO] [BRIDGE] [LOG] osc.show_bridge.in - RECV /state/group/1/dynamic_masks/enabled (0.0, 0.0, 0.0, 0.0)
2025-12-10 00:23:29 [INFO] [BRIDGE] [LOG] osc.show_bridge.in - RECV /state/group/4/playing/autopilot (0.0, 0.0, 0.0, 0.0)
2025-12-10 00:23:29 [INFO] [BRIDGE] [LOG] osc.show_bridge.in - RECV /state/group/1/color/autopilot (0.0, 0.0, 0.0, 0.0)
2025-12-10 00:23:29 [INFO] [BRIDGE] [LOG] osc.show_bridge.in - RECV /state/group/4/playing/enabled (0.0, 0.0, 0.0, 0.0)
2025-12-10 00:23:29 [INFO] [BRIDGE] [LOG] osc.show_bridge.in - RECV /state/group/1/color/enabled (0.0, 0.0, 0.0, 0.0)
2025-12-10 00:23:29 [INFO] [BRIDGE] [LOG] osc.show_bridge.in - RECV /state/group/4/effects/autopilot (0.0, 0.0, 0.0, 0.0)
2025-12-10 00:23:29 [INFO] [BRIDGE] [LOG] osc.show_bridge.in - RECV /state/group/2/opacity (0.0, 0.0, 0.0, 0.0)
2025-12-10 00:23:29 [INFO] [BRIDGE] [LOG] osc.show_bridge.in - RECV /state/group/4/effects/enabled (0.0, 0.0, 0.0, 0.0)
2025-12-10 00:23:29 [INFO] [BRIDGE] [LOG] osc.show_bridge.in - RECV /state/group/2/intensity (0.0, 0.0, 0.0, 0.0)
2025-12-10 00:23:29 [INFO] [BRIDGE] [LOG] osc.show_bridge.in - RECV /state/group/4/transforms/autopilot (0.0, 0.0, 0.0, 0.0)
2025-12-10 00:23:29 [INFO] [BRIDGE] [LOG] osc.show_bridge.in - RECV /state/group/2/playing/autopilot (0.0, 0.0, 0.0, 0.0)
2025-12-10 00:23:29 [INFO] [BRIDGE] [LOG] osc.show_bridge.in - RECV /state/group/4/transforms/enabled (0.0, 0.0, 0.0, 0.0)
2025-12-10 00:23:29 [INFO] [BRIDGE] [LOG] osc.show_bridge.in - RECV /state/group/2/playing/enabled (0.0, 0.0, 0.0, 0.0)
2025-12-10 00:23:29 [INFO] [BRIDGE] [LOG] osc.show_bridge.in - RECV /state/group/4/dynamic_masks/autopilot (0.0, 0.0, 0.0, 0.0)
2025-12-10 00:23:29 [INFO] [BRIDGE] [LOG] osc.show_bridge.in - RECV /state/group/2/effects/autopilot (0.0, 0.0, 0.0, 0.0)
2025-12-10 00:23:29 [INFO] [BRIDGE] [LOG] osc.show_bridge.in - RECV /state/group/4/dynamic_masks/enabled (0.0, 0.0, 0.0, 0.0)
2025-12-10 00:23:29 [INFO] [BRIDGE] [LOG] osc.show_bridge.in - RECV /state/group/2/effects/enabled (0.0, 0.0, 0.0, 0.0)
2025-12-10 00:23:29 [INFO] [BRIDGE] [LOG] osc.show_bridge.in - RECV /state/group/4/color/autopilot (0.0, 0.0, 0.0, 0.0)
2025-12-10 00:23:29 [INFO] [BRIDGE] [LOG] osc.show_bridge.in - RECV /state/group/2/transforms/autopilot (0.0, 0.0, 0.0, 0.0)
2025-12-10 00:23:29 [INFO] [BRIDGE] [LOG] osc.show_bridge.in - RECV /state/group/4/color/enabled (0.0, 0.0, 0.0, 0.0)
2025-12-10 00:23:29 [INFO] [BRIDGE] [LOG] osc.show_bridge.in - RECV /state/group/2/transforms/enabled (0.0, 0.0, 0.0, 0.0)
2025-12-10 00:23:29 [INFO] [BRIDGE] [LOG] osc.show_bridge.in - RECV /state/group/5/opacity (0.0, 0.0, 0.0, 0.0)
2025-12-10 00:23:29 [INFO] [BRIDGE] [LOG] osc.show_bridge.in - RECV /state/group/2/dynamic_masks/autopilot (0.0, 0.0, 0.0, 0.0)
2025-12-10 00:23:29 [INFO] [BRIDGE] [LOG] osc.show_bridge.in - RECV /state/group/5/intensity (0.0, 0.0, 0.0, 0.0)
2025-12-10 00:23:29 [INFO] [BRIDGE] [LOG] osc.show_bridge.in - RECV /state/group/2/dynamic_masks/enabled (0.0, 0.0, 0.0, 0.0)
2025-12-10 00:23:29 [INFO] [BRIDGE] [LOG] osc.show_bridge.in - RECV /state/group/5/playing/autopilot (0.0, 0.0, 0.0, 0.0)
2025-12-10 00:23:29 [INFO] [BRIDGE] [LOG] osc.show_bridge.in - RECV /state/group/2/color/autopilot (0.0, 0.0, 0.0, 0.0)
2025-12-10 00:23:29 [INFO] [BRIDGE] [LOG] osc.show_bridge.in - RECV /state/group/5/playing/enabled (0.0, 0.0, 0.0, 0.0)
2025-12-10 00:23:29 [INFO] [BRIDGE] [LOG] osc.show_bridge.in - RECV /state/group/2/color/enabled (0.0, 0.0, 0.0, 0.0)
2025-12-10 00:23:29 [INFO] [BRIDGE] [LOG] osc.show_bridge.in - RECV /state/group/5/effects/autopilot (0.0, 0.0, 0.0, 0.0)
2025-12-10 00:23:29 [INFO] [BRIDGE] [LOG] osc.show_bridge.in - RECV /state/group/3/opacity (0.0, 0.0, 0.0, 0.0)
2025-12-10 00:23:29 [INFO] [BRIDGE] [LOG] osc.show_bridge.in - RECV /state/group/5/effects/enabled (0.0, 0.0, 0.0, 0.0)
2025-12-10 00:23:29 [INFO] [BRIDGE] [LOG] osc.show_bridge.in - RECV /state/group/3/intensity (0.0, 0.0, 0.0, 0.0)
2025-12-10 00:23:29 [INFO] [BRIDGE] [LOG] osc.show_bridge.in - RECV /state/group/5/transforms/autopilot (0.0, 0.0, 0.0, 0.0)
2025-12-10 00:23:29 [INFO] [BRIDGE] [LOG] osc.show_bridge.in - RECV /state/group/3/playing/autopilot (0.0, 0.0, 0.0, 0.0)
2025-12-10 00:23:29 [INFO] [BRIDGE] [LOG] osc.show_bridge.in - RECV /state/group/5/transforms/enabled (0.0, 0.0, 0.0, 0.0)
2025-12-10 00:23:29 [INFO] [BRIDGE] [LOG] osc.show_bridge.in - RECV /state/group/3/playing/enabled (0.0, 0.0, 0.0, 0.0)
2025-12-10 00:23:29 [INFO] [BRIDGE] [LOG] osc.show_bridge.in - RECV /state/group/5/dynamic_masks/autopilot (0.0, 0.0, 0.0, 0.0)
2025-12-10 00:23:29 [INFO] [BRIDGE] [LOG] osc.show_bridge.in - RECV /state/group/3/effects/autopilot (0.0, 0.0, 0.0, 0.0)
2025-12-10 00:23:29 [INFO] [BRIDGE] [LOG] osc.show_bridge.in - RECV /state/group/5/dynamic_masks/enabled (0.0, 0.0, 0.0, 0.0)
2025-12-10 00:23:29 [INFO] [BRIDGE] [LOG] osc.show_bridge.in - RECV /state/group/3/effects/enabled (0.0, 0.0, 0.0, 0.0)
2025-12-10 00:23:29 [INFO] [BRIDGE] [LOG] osc.show_bridge.in - RECV /state/group/5/color/autopilot (0.0, 0.0, 0.0, 0.0)
2025-12-10 00:23:29 [INFO] [BRIDGE] [LOG] osc.show_bridge.in - RECV /state/group/5/color/enabled (0.0, 0.0, 0.0, 0.0)
2025-12-10 00:23:29 [INFO] [BRIDGE] [LOG] osc.show_bridge.in - RECV /state/group/3/transforms/autopilot (0.0, 0.0, 0.0, 0.0)
2025-12-10 00:23:29 [INFO] [BRIDGE] [LOG] osc.show_bridge.in - RECV /state/group/6/opacity (0.0, 0.0, 0.0, 0.0)
2025-12-10 00:23:29 [INFO] [BRIDGE] [LOG] osc.show_bridge.in - RECV /state/group/3/transforms/enabled (0.0, 0.0, 0.0, 0.0)
2025-12-10 00:23:29 [INFO] [BRIDGE] [LOG] osc.show_bridge.in - RECV /state/group/6/intensity (0.0, 0.0, 0.0, 0.0)
2025-12-10 00:23:29 [INFO] [BRIDGE] [LOG] osc.show_bridge.in - RECV /state/group/3/dynamic_masks/autopilot (0.0, 0.0, 0.0, 0.0)
2025-12-10 00:23:29 [INFO] [BRIDGE] [LOG] osc.show_bridge.in - RECV /state/group/6/playing/autopilot (0.0, 0.0, 0.0, 0.0)
2025-12-10 00:23:29 [INFO] [BRIDGE] [LOG] osc.show_bridge.in - RECV /state/group/3/dynamic_masks/enabled (0.0, 0.0, 0.0, 0.0)
2025-12-10 00:23:29 [INFO] [BRIDGE] [LOG] osc.show_bridge.in - RECV /state/group/6/playing/enabled (0.0, 0.0, 0.0, 0.0)
2025-12-10 00:23:29 [INFO] [BRIDGE] [LOG] osc.show_bridge.in - RECV /state/group/3/color/autopilot (0.0, 0.0, 0.0, 0.0)
2025-12-10 00:23:29 [INFO] [BRIDGE] [LOG] osc.show_bridge.in - RECV /state/group/6/effects/autopilot (0.0, 0.0, 0.0, 0.0)
2025-12-10 00:23:29 [INFO] [BRIDGE] [LOG] osc.show_bridge.in - RECV /state/group/3/color/enabled (0.0, 0.0, 0.0, 0.0)
2025-12-10 00:23:29 [INFO] [BRIDGE] [LOG] osc.show_bridge.in - RECV /state/group/6/effects/enabled (0.0, 0.0, 0.0, 0.0)
2025-12-10 00:23:29 [INFO] [BRIDGE] [LOG] osc.show_bridge.in - RECV /state/group/4/opacity (0.0, 0.0, 0.0, 0.0)
2025-12-10 00:23:29 [INFO] [BRIDGE] [LOG] osc.show_bridge.in - RECV /state/group/6/transforms/autopilot (0.0, 0.0, 0.0, 0.0)
2025-12-10 00:23:29 [INFO] [BRIDGE] [LOG] osc.show_bridge.in - RECV /state/group/4/intensity (0.0, 0.0, 0.0, 0.0)
2025-12-10 00:23:29 [INFO] [BRIDGE] [LOG] osc.show_bridge.in - RECV /state/group/6/transforms/enabled (0.0, 0.0, 0.0, 0.0)
2025-12-10 00:23:29 [INFO] [BRIDGE] [LOG] osc.show_bridge.in - RECV /state/group/4/playing/autopilot (0.0, 0.0, 0.0, 0.0)
2025-12-10 00:23:29 [INFO] [BRIDGE] [LOG] osc.show_bridge.in - RECV /state/group/6/dynamic_masks/autopilot (0.0, 0.0, 0.0, 0.0)
2025-12-10 00:23:29 [INFO] [BRIDGE] [LOG] osc.show_bridge.in - RECV /state/group/4/playing/enabled (0.0, 0.0, 0.0, 0.0)
2025-12-10 00:23:29 [INFO] [BRIDGE] [LOG] osc.show_bridge.in - RECV /state/group/6/dynamic_masks/enabled (0.0, 0.0, 0.0, 0.0)
2025-12-10 00:23:29 [INFO] [BRIDGE] [LOG] osc.show_bridge.in - RECV /state/group/4/effects/autopilot (0.0, 0.0, 0.0, 0.0)
2025-12-10 00:23:29 [INFO] [BRIDGE] [LOG] osc.show_bridge.in - RECV /state/group/6/color/autopilot (0.0, 0.0, 0.0, 0.0)
2025-12-10 00:23:29 [INFO] [BRIDGE] [LOG] osc.show_bridge.in - RECV /state/group/4/effects/enabled (0.0, 0.0, 0.0, 0.0)
2025-12-10 00:23:29 [INFO] [BRIDGE] [LOG] osc.show_bridge.in - RECV /state/group/6/color/enabled (0.0, 0.0, 0.0, 0.0)
2025-12-10 00:23:29 [INFO] [BRIDGE] [LOG] osc.show_bridge.in - RECV /state/group/4/transforms/autopilot (0.0, 0.0, 0.0, 0.0)
2025-12-10 00:23:29 [INFO] [BRIDGE] [LOG] osc.show_bridge.in - RECV /state/group/7/opacity (0.0, 0.0, 0.0, 0.0)
2025-12-10 00:23:29 [INFO] [BRIDGE] [LOG] osc.show_bridge.in - RECV /state/group/4/transforms/enabled (0.0, 0.0, 0.0, 0.0)
2025-12-10 00:23:29 [INFO] [BRIDGE] [LOG] osc.show_bridge.in - RECV /state/group/7/intensity (0.0, 0.0, 0.0, 0.0)
2025-12-10 00:23:29 [INFO] [BRIDGE] [LOG] osc.show_bridge.in - RECV /state/group/4/dynamic_masks/autopilot (0.0, 0.0, 0.0, 0.0)
2025-12-10 00:23:29 [INFO] [BRIDGE] [LOG] osc.show_bridge.in - RECV /state/group/7/playing/autopilot (0.0, 0.0, 0.0, 0.0)
2025-12-10 00:23:29 [INFO] [BRIDGE] [LOG] osc.show_bridge.in - RECV /state/group/4/dynamic_masks/enabled (0.0, 0.0, 0.0, 0.0)
2025-12-10 00:23:29 [INFO] [BRIDGE] [LOG] osc.show_bridge.in - RECV /state/group/7/playing/enabled (0.0, 0.0, 0.0, 0.0)
2025-12-10 00:23:29 [INFO] [BRIDGE] [LOG] osc.show_bridge.in - RECV /state/group/4/color/autopilot (0.0, 0.0, 0.0, 0.0)
2025-12-10 00:23:29 [INFO] [BRIDGE] [LOG] osc.show_bridge.in - RECV /state/group/7/effects/autopilot (0.0, 0.0, 0.0, 0.0)
2025-12-10 00:23:29 [INFO] [BRIDGE] [LOG] osc.show_bridge.in - RECV /state/group/4/color/enabled (0.0, 0.0, 0.0, 0.0)
2025-12-10 00:23:29 [INFO] [BRIDGE] [LOG] osc.show_bridge.in - RECV /state/group/7/effects/enabled (0.0, 0.0, 0.0, 0.0)
2025-12-10 00:23:29 [INFO] [BRIDGE] [LOG] osc.show_bridge.in - RECV /state/group/5/opacity (0.0, 0.0, 0.0, 0.0)
2025-12-10 00:23:29 [INFO] [BRIDGE] [LOG] osc.show_bridge.in - RECV /state/group/7/transforms/autopilot (0.0, 0.0, 0.0, 0.0)
2025-12-10 00:23:29 [INFO] [BRIDGE] [LOG] osc.show_bridge.in - RECV /state/group/5/intensity (0.0, 0.0, 0.0, 0.0)
2025-12-10 00:23:29 [INFO] [BRIDGE] [LOG] osc.show_bridge.in - RECV /state/group/7/transforms/enabled (0.0, 0.0, 0.0, 0.0)
2025-12-10 00:23:29 [INFO] [BRIDGE] [LOG] osc.show_bridge.in - RECV /state/group/5/playing/autopilot (0.0, 0.0, 0.0, 0.0)
2025-12-10 00:23:29 [INFO] [BRIDGE] [LOG] osc.show_bridge.in - RECV /state/group/7/dynamic_masks/autopilot (0.0, 0.0, 0.0, 0.0)
2025-12-10 00:23:29 [INFO] [BRIDGE] [LOG] osc.show_bridge.in - RECV /state/group/5/playing/enabled (0.0, 0.0, 0.0, 0.0)
2025-12-10 00:23:29 [INFO] [BRIDGE] [LOG] osc.show_bridge.in - RECV /state/group/7/dynamic_masks/enabled (0.0, 0.0, 0.0, 0.0)
2025-12-10 00:23:29 [INFO] [BRIDGE] [LOG] osc.show_bridge.in - RECV /state/group/5/effects/autopilot (0.0, 0.0, 0.0, 0.0)
2025-12-10 00:23:29 [INFO] [BRIDGE] [LOG] osc.show_bridge.in - RECV /state/group/7/color/autopilot (0.0, 0.0, 0.0, 0.0)
2025-12-10 00:23:30 [INFO] [BRIDGE] [LOG] osc.show_bridge.in - RECV /state/group/5/effects/enabled (0.0, 0.0, 0.0, 0.0)
2025-12-10 00:23:30 [INFO] [BRIDGE] [LOG] osc.show_bridge.in - RECV /state/group/7/color/enabled (0.0, 0.0, 0.0, 0.0)
2025-12-10 00:23:30 [INFO] [BRIDGE] [LOG] osc.show_bridge.in - RECV /state/group/5/transforms/autopilot (0.0, 0.0, 0.0, 0.0)
2025-12-10 00:23:30 [INFO] [BRIDGE] [LOG] osc.show_bridge.in - RECV /state/group/8/opacity (0.0, 0.0, 0.0, 0.0)
2025-12-10 00:23:30 [INFO] [BRIDGE] [LOG] osc.show_bridge.in - RECV /state/group/5/transforms/enabled (0.0, 0.0, 0.0, 0.0)
2025-12-10 00:23:30 [INFO] [BRIDGE] [LOG] osc.show_bridge.in - RECV /state/group/8/intensity (0.0, 0.0, 0.0, 0.0)
2025-12-10 00:23:30 [INFO] [BRIDGE] [LOG] osc.show_bridge.in - RECV /state/group/5/dynamic_masks/autopilot (0.0, 0.0, 0.0, 0.0)
2025-12-10 00:23:30 [INFO] [BRIDGE] [LOG] osc.show_bridge.in - RECV /state/group/8/playing/autopilot (0.0, 0.0, 0.0, 0.0)
2025-12-10 00:23:30 [INFO] [BRIDGE] [LOG] osc.show_bridge.in - RECV /state/group/5/dynamic_masks/enabled (0.0, 0.0, 0.0, 0.0)
2025-12-10 00:23:30 [INFO] [BRIDGE] [LOG] osc.show_bridge.in - RECV /state/group/8/playing/enabled (0.0, 0.0, 0.0, 0.0)
2025-12-10 00:23:30 [INFO] [BRIDGE] [LOG] osc.show_bridge.in - RECV /state/group/5/color/autopilot (0.0, 0.0, 0.0, 0.0)
2025-12-10 00:23:30 [INFO] [BRIDGE] [LOG] osc.show_bridge.in - RECV /state/group/8/effects/autopilot (0.0, 0.0, 0.0, 0.0)
2025-12-10 00:23:30 [INFO] [BRIDGE] [LOG] osc.show_bridge.in - RECV /state/group/5/color/enabled (0.0, 0.0, 0.0, 0.0)
2025-12-10 00:23:30 [INFO] [BRIDGE] [LOG] osc.show_bridge.in - RECV /state/group/8/effects/enabled (0.0, 0.0, 0.0, 0.0)
2025-12-10 00:23:30 [INFO] [BRIDGE] [LOG] osc.show_bridge.in - RECV /state/group/6/opacity (0.0, 0.0, 0.0, 0.0)
2025-12-10 00:23:30 [INFO] [BRIDGE] [LOG] osc.show_bridge.in - RECV /state/group/8/transforms/autopilot (0.0, 0.0, 0.0, 0.0)
2025-12-10 00:23:30 [INFO] [BRIDGE] [LOG] osc.show_bridge.in - RECV /state/group/6/intensity (0.0, 0.0, 0.0, 0.0)
2025-12-10 00:23:30 [INFO] [BRIDGE] [LOG] osc.show_bridge.in - RECV /state/group/8/transforms/enabled (0.0, 0.0, 0.0, 0.0)
2025-12-10 00:23:30 [INFO] [BRIDGE] [LOG] osc.show_bridge.in - RECV /state/group/6/playing/autopilot (0.0, 0.0, 0.0, 0.0)
2025-12-10 00:23:30 [INFO] [BRIDGE] [LOG] osc.show_bridge.in - RECV /state/group/8/dynamic_masks/autopilot (0.0, 0.0, 0.0, 0.0)
2025-12-10 00:23:30 [INFO] [BRIDGE] [LOG] osc.show_bridge.in - RECV /state/group/6/playing/enabled (0.0, 0.0, 0.0, 0.0)
2025-12-10 00:23:30 [INFO] [BRIDGE] [LOG] osc.show_bridge.in - RECV /state/group/8/dynamic_masks/enabled (0.0, 0.0, 0.0, 0.0)
2025-12-10 00:23:30 [INFO] [BRIDGE] [LOG] osc.show_bridge.in - RECV /state/group/6/effects/autopilot (0.0, 0.0, 0.0, 0.0)
2025-12-10 00:23:30 [INFO] [BRIDGE] [LOG] osc.show_bridge.in - RECV /state/group/8/color/autopilot (0.0, 0.0, 0.0, 0.0)
2025-12-10 00:23:30 [INFO] [BRIDGE] [LOG] osc.show_bridge.in - RECV /state/group/6/effects/enabled (0.0, 0.0, 0.0, 0.0)
2025-12-10 00:23:30 [INFO] [BRIDGE] [LOG] osc.show_bridge.in - RECV /state/group/8/color/enabled (0.0, 0.0, 0.0, 0.0)
2025-12-10 00:23:30 [INFO] [BRIDGE] [LOG] osc.show_bridge.in - RECV /state/group/6/transforms/autopilot (0.0, 0.0, 0.0, 0.0)
2025-12-10 00:23:30 [INFO] [BRIDGE] [LOG] osc.show_bridge.in - RECV /state/group/6/transforms/enabled (0.0, 0.0, 0.0, 0.0)
2025-12-10 00:23:30 [INFO] [BRIDGE] [LOG] osc.show_bridge.in - RECV /state/group/6/dynamic_masks/autopilot (0.0, 0.0, 0.0, 0.0)
2025-12-10 00:23:30 [INFO] [BRIDGE] [LOG] osc.show_bridge.in - RECV /state/group/6/dynamic_masks/enabled (0.0, 0.0, 0.0, 0.0)
2025-12-10 00:23:30 [INFO] [BRIDGE] [LOG] osc.show_bridge.in - RECV /state/group/6/color/autopilot (0.0, 0.0, 0.0, 0.0)
2025-12-10 00:23:30 [INFO] [BRIDGE] [LOG] osc.show_bridge.in - RECV /state/group/6/color/enabled (0.0, 0.0, 0.0, 0.0)
2025-12-10 00:23:30 [INFO] [BRIDGE] [LOG] osc.show_bridge.in - RECV /state/group/7/opacity (0.0, 0.0, 0.0, 0.0)
2025-12-10 00:23:30 [INFO] [BRIDGE] [LOG] osc.show_bridge.in - RECV /state/group/7/intensity (0.0, 0.0, 0.0, 0.0)
2025-12-10 00:23:30 [INFO] [BRIDGE] [LOG] osc.show_bridge.in - RECV /state/group/7/playing/autopilot (0.0, 0.0, 0.0, 0.0)
2025-12-10 00:23:30 [INFO] [BRIDGE] [LOG] osc.show_bridge.in - RECV /state/group/7/playing/enabled (0.0, 0.0, 0.0, 0.0)
2025-12-10 00:23:30 [INFO] [BRIDGE] [LOG] osc.show_bridge.in - RECV /state/group/7/effects/autopilot (0.0, 0.0, 0.0, 0.0)
2025-12-10 00:23:30 [INFO] [BRIDGE] [LOG] osc.show_bridge.in - RECV /state/group/7/effects/enabled (0.0, 0.0, 0.0, 0.0)
2025-12-10 00:23:30 [INFO] [BRIDGE] [LOG] osc.show_bridge.in - RECV /state/group/7/transforms/autopilot (0.0, 0.0, 0.0, 0.0)
2025-12-10 00:23:30 [INFO] [BRIDGE] [LOG] osc.show_bridge.in - RECV /state/group/7/transforms/enabled (0.0, 0.0, 0.0, 0.0)
2025-12-10 00:23:30 [INFO] [BRIDGE] [LOG] osc.show_bridge.in - RECV /state/group/7/dynamic_masks/autopilot (0.0, 0.0, 0.0, 0.0)
2025-12-10 00:23:30 [INFO] [BRIDGE] [LOG] osc.show_bridge.in - RECV /state/group/7/dynamic_masks/enabled (0.0, 0.0, 0.0, 0.0)
2025-12-10 00:23:30 [INFO] [BRIDGE] [LOG] osc.show_bridge.in - RECV /state/group/7/color/autopilot (0.0, 0.0, 0.0, 0.0)
2025-12-10 00:23:30 [INFO] [BRIDGE] [LOG] osc.show_bridge.in - RECV /state/group/7/color/enabled (0.0, 0.0, 0.0, 0.0)
2025-12-10 00:23:30 [INFO] [BRIDGE] [LOG] osc.show_bridge.in - RECV /state/group/8/opacity (0.0, 0.0, 0.0, 0.0)
2025-12-10 00:23:30 [INFO] [BRIDGE] [LOG] osc.show_bridge.in - RECV /state/group/8/intensity (0.0, 0.0, 0.0, 0.0)
2025-12-10 00:23:30 [INFO] [BRIDGE] [LOG] osc.show_bridge.in - RECV /state/group/8/playing/autopilot (0.0, 0.0, 0.0, 0.0)
2025-12-10 00:23:30 [INFO] [BRIDGE] [LOG] osc.show_bridge.in - RECV /state/group/8/playing/enabled (0.0, 0.0, 0.0, 0.0)
2025-12-10 00:23:30 [INFO] [BRIDGE] [LOG] osc.show_bridge.in - RECV /state/group/8/effects/autopilot (0.0, 0.0, 0.0, 0.0)
2025-12-10 00:23:30 [INFO] [BRIDGE] [LOG] osc.show_bridge.in - RECV /state/group/8/effects/enabled (0.0, 0.0, 0.0, 0.0)
2025-12-10 00:23:30 [INFO] [BRIDGE] [LOG] osc.show_bridge.in - RECV /state/group/8/transforms/autopilot (0.0, 0.0, 0.0, 0.0)
2025-12-10 00:23:30 [INFO] [BRIDGE] [LOG] osc.show_bridge.in - RECV /state/group/8/transforms/enabled (0.0, 0.0, 0.0, 0.0)
2025-12-10 00:23:30 [INFO] [BRIDGE] [LOG] osc.show_bridge.in - RECV /state/group/8/dynamic_masks/autopilot (0.0, 0.0, 0.0, 0.0)
2025-12-10 00:23:30 [INFO] [BRIDGE] [LOG] osc.show_bridge.in - RECV /state/group/8/dynamic_masks/enabled (0.0, 0.0, 0.0, 0.0)
2025-12-10 00:23:30 [INFO] [BRIDGE] [LOG] osc.show_bridge.in - RECV /state/group/8/color/autopilot (0.0, 0.0, 0.0, 0.0)
2025-12-10 00:23:30 [INFO] [BRIDGE] [LOG] osc.show_bridge.in - RECV /state/group/8/color/enabled (0.0, 0.0, 0.0, 0.0)
2025-12-10 00:29:30 [INFO] [BRIDGE] [LOG] osc.show_bridge.in - RECV /state/group/1/transforms/autopilot (1.0,)
2025-12-10 00:30:03 [INFO] [BRIDGE] [LOG] osc.show_bridge.in - RECV /state/group/1/color/autopilot (0.0,)
2025-12-10 00:30:07 [INFO] [BRIDGE] [LOG] osc.show_bridge.in - RECV /state/group/1/color/autopilot (1.0,)
2025-12-10 00:30:08 [INFO] [BRIDGE] [LOG] osc.show_bridge.in - RECV /state/group/1/color/autopilot (0.0,)
2025-12-10 00:30:09 [INFO] [BRIDGE] [LOG] osc.show_bridge.in - RECV /state/group/1/effects/autopilot (1.0,)
2025-12-10 00:30:10 [INFO] [BRIDGE] [LOG] osc.show_bridge.in - RECV /state/group/1/transforms/autopilot (0.0,)
2025-12-10 00:30:28 [INFO] [BRIDGE] [LOG] osc.show_bridge.in - RECV /state/group/1/transforms/enabled (1.0,)
2025-12-10 00:30:30 [INFO] [BRIDGE] [LOG] osc.show_bridge.in - RECV /state/group/1/effects/enabled (1.0,)
2025-12-10 00:30:31 [INFO] [BRIDGE] [LOG] osc.show_bridge.in - RECV /state/group/1/color/enabled (1.0,)
2025-12-10 00:30:33 [INFO] [BRIDGE] [LOG] osc.show_bridge.in - RECV /state/group/1/effects/autopilot (0.0,)
2025-12-10 00:30:34 [INFO] [BRIDGE] [LOG] osc.show_bridge.in - RECV /state/group/1/color/autopilot (1.0,)
2025-12-10 00:30:35 [INFO] [BRIDGE] [LOG] osc.show_bridge.in - RECV /state/group/1/effects/autopilot (1.0,)
2025-12-10 00:30:36 [INFO] [BRIDGE] [LOG] osc.show_bridge.in - RECV /state/group/1/transforms/autopilot (1.0,)
2025-12-10 00:30:44 [INFO] [BRIDGE] [LOG] osc.show_bridge.in - RECV /state/group/1/intensity (0.03524648770689964,)
2025-12-10 00:30:44 [INFO] [BRIDGE] [LOG] osc.show_bridge.in - RECV /state/group/1/intensity (0.07059312611818314,)
2025-12-10 00:30:45 [INFO] [BRIDGE] [LOG] osc.show_bridge.in - RECV /state/group/1/intensity (0.06520519405603409,)
2025-12-10 00:30:45 [INFO] [BRIDGE] [LOG] osc.show_bridge.in - RECV /state/group/1/intensity (0.0660264790058136,)
2025-12-10 00:30:45 [INFO] [BRIDGE] [LOG] osc.show_bridge.in - RECV /state/group/1/intensity (0.06590128690004349,)
2025-12-10 00:30:45 [INFO] [BRIDGE] [LOG] osc.show_bridge.in - RECV /state/group/1/intensity (0.06592036783695221,)
2025-12-10 00:30:45 [INFO] [BRIDGE] [LOG] osc.show_bridge.in - RECV /state/group/1/intensity (0.0659172311425209,)
2025-12-10 00:30:49 [INFO] [BRIDGE] [LOG] osc.show_bridge.in - RECV /state/group/1/playing/enabled (0.0,)
2025-12-10 00:30:49 [INFO] [BRIDGE] [LOG] osc.show_bridge.in - RECV /state/group/1/dynamic_masks/enabled (0.0,)
2025-12-10 00:30:58 [INFO] [BRIDGE] [LOG] osc.show_bridge.in - RECV /state/group/1/playing/autopilot (0.0,)
2025-12-10 00:30:59 [INFO] [BRIDGE] [LOG] osc.show_bridge.in - RECV /state/group/1/dynamic_masks/autopilot (0.0,)
2025-12-10 00:30:59 [INFO] [BRIDGE] [LOG] osc.show_bridge.in - RECV /state/group/1/transforms/autopilot (0.0,)
2025-12-10 00:31:00 [INFO] [BRIDGE] [LOG] osc.show_bridge.in - RECV /state/group/1/effects/autopilot (0.0,)
2025-12-10 00:31:01 [INFO] [BRIDGE] [LOG] osc.show_bridge.in - RECV /state/group/1/color/autopilot (0.0,)
2025-12-10 00:31:23 [INFO] [BRIDGE] [LOG] osc.show_bridge.in - RECV /state/group/1/effects/enabled (0.0,)
2025-12-10 00:31:23 [INFO] [BRIDGE] [LOG] osc.show_bridge.in - RECV /state/group/1/effects/autopilot (0.0,)
2025-12-10 00:31:23 [INFO] [BRIDGE] [LOG] osc.show_bridge.in - RECV /state/group/1/transforms/enabled (0.0,)
2025-12-10 00:31:23 [INFO] [BRIDGE] [LOG] osc.show_bridge.in - RECV /state/group/1/color/enabled (0.0,)
2025-12-10 00:31:25 [INFO] [BRIDGE] [LOG] osc.show_bridge.in - RECV /state/group/2/intensity (0.11886699497699738,)
2025-12-10 00:31:25 [INFO] [BRIDGE] [LOG] osc.show_bridge.in - RECV /state/group/2/playing/autopilot (0.0,)
2025-12-10 00:31:25 [INFO] [BRIDGE] [LOG] osc.show_bridge.in - RECV /state/group/2/playing (1.0,)
2025-12-10 00:31:25 [INFO] [BRIDGE] [LOG] osc.show_bridge.in - RECV /state/group/2/playing (1.0,)
2025-12-10 00:31:25 [INFO] [BRIDGE] [LOG] osc.show_bridge.in - RECV /state/group/2/playing (0.0,)
2025-12-10 00:31:25 [INFO] [BRIDGE] [LOG] osc.show_bridge.in - RECV /state/group/2/playing (0.0,)
2025-12-10 00:31:25 [INFO] [BRIDGE] [LOG] osc.show_bridge.in - RECV /state/group/2/playing (1.0,)
2025-12-10 00:31:25 [INFO] [BRIDGE] [LOG] osc.show_bridge.in - RECV /state/group/2/playing (0.0,)
2025-12-10 00:31:25 [INFO] [BRIDGE] [LOG] osc.show_bridge.in - RECV /state/group/2/intensity (0.10652261227369308,)
2025-12-10 00:31:26 [INFO] [BRIDGE] [LOG] osc.show_bridge.in - RECV /state/group/2/intensity (0.10826526582241058,)
2025-12-10 00:31:26 [INFO] [BRIDGE] [LOG] osc.show_bridge.in - RECV /state/group/2/intensity (0.10799963027238846,)
2025-12-10 00:31:26 [INFO] [BRIDGE] [LOG] osc.show_bridge.in - RECV /state/group/2/intensity (0.10803712904453278,)
2025-12-10 00:31:26 [INFO] [BRIDGE] [LOG] osc.show_bridge.in - RECV /state/group/2/intensity (0.10803183168172836,)
2025-12-10 00:31:26 [INFO] [BRIDGE] [LOG] osc.show_bridge.in - RECV /state/group/2/intensity (0.10803257673978806,)
2025-12-10 00:31:45 [INFO] [BRIDGE] [LOG] osc.show_bridge.in - RECV /state/group/2/playing/enabled (0.0,)
2025-12-10 00:31:48 [INFO] [BRIDGE] [LOG] osc.show_bridge.in - RECV /state/group/2/playing/autopilot (1.0,)
2025-12-10 00:31:49 [INFO] [BRIDGE] [LOG] osc.show_bridge.in - RECV /state/group/2/dynamic_masks/autopilot (1.0,)
2025-12-10 00:31:50 [INFO] [BRIDGE] [LOG] osc.show_bridge.in - RECV /state/group/2/transforms/autopilot (1.0,)
2025-12-10 00:31:51 [INFO] [BRIDGE] [LOG] osc.show_bridge.in - RECV /state/group/2/effects/autopilot (1.0,)
2025-12-10 00:31:51 [INFO] [BRIDGE] [LOG] osc.show_bridge.in - RECV /state/group/2/color/autopilot (1.0,)
2025-12-10 00:31:53 [INFO] [BRIDGE] [LOG] osc.show_bridge.in - RECV /state/group/2/color/autopilot (0.0,)
2025-12-10 00:31:54 [INFO] [BRIDGE] [LOG] osc.show_bridge.in - RECV /state/group/2/effects/autopilot (0.0,)
2025-12-10 00:31:55 [INFO] [BRIDGE] [LOG] osc.show_bridge.in - RECV /state/group/2/transforms/autopilot (0.0,)
2025-12-10 00:31:55 [INFO] [BRIDGE] [LOG] osc.show_bridge.in - RECV /state/group/2/dynamic_masks/autopilot (0.0,)
2025-12-10 00:32:00 [INFO] [BRIDGE] [LOG] osc.show_bridge.in - RECV /state/group/2/playing/enabled (1.0,)
2025-12-10 00:32:12 [INFO] [BRIDGE] [LOG] osc.show_bridge.in - RECV /state/group/1/intensity (0.044977933168411255,)
2025-12-10 00:32:12 [INFO] [BRIDGE] [LOG] osc.show_bridge.in - RECV /state/group/2/intensity (0.07371482998132706,)
2025-12-10 00:32:12 [INFO] [BRIDGE] [LOG] osc.show_bridge.in - RECV /state/group/1/intensity (0.03993433341383934,)
2025-12-10 00:32:12 [INFO] [BRIDGE] [LOG] osc.show_bridge.in - RECV /state/group/2/intensity (0.0654488280415535,)
2025-12-10 00:32:12 [INFO] [BRIDGE] [LOG] osc.show_bridge.in - RECV /state/group/1/intensity (0.0405450165271759,)
2025-12-10 00:32:12 [INFO] [BRIDGE] [LOG] osc.show_bridge.in - RECV /state/group/2/intensity (0.06644969433546066,)
2025-12-10 00:32:13 [INFO] [BRIDGE] [LOG] osc.show_bridge.in - RECV /state/group/1/intensity (0.04048159345984459,)
2025-12-10 00:32:13 [INFO] [BRIDGE] [LOG] osc.show_bridge.in - RECV /state/group/2/intensity (0.06634576618671417,)
2025-12-10 00:32:13 [INFO] [BRIDGE] [LOG] osc.show_bridge.in - RECV /state/group/1/intensity (0.04048818349838257,)
2025-12-10 00:32:13 [INFO] [BRIDGE] [LOG] osc.show_bridge.in - RECV /state/group/2/intensity (0.06635655462741852,)
2025-12-10 00:32:13 [INFO] [BRIDGE] [LOG] osc.show_bridge.in - RECV /state/group/1/intensity (0.0404873862862587,)
2025-12-10 00:32:13 [INFO] [BRIDGE] [LOG] osc.show_bridge.in - RECV /state/group/2/intensity (0.06635525077581406,)
2025-12-10 00:32:32 [INFO] [BRIDGE] [LOG] osc.show_bridge.in - RECV /state/group/1/playing/enabled (1.0,)
2025-12-10 00:32:33 [INFO] [BRIDGE] [LOG] osc.show_bridge.in - RECV /state/group/1/dynamic_masks/enabled (1.0,)
2025-12-10 00:32:56 [INFO] [BRIDGE] [LOG] osc.show_bridge.in - RECV /state/group/1/color/enabled (0.0,)
2025-12-10 00:32:57 [INFO] [BRIDGE] [LOG] osc.show_bridge.in - RECV /state/group/1/effects/enabled (0.0,)
2025-12-10 00:32:58 [INFO] [BRIDGE] [LOG] osc.show_bridge.in - RECV /state/group/1/transforms/enabled (0.0,)
2025-12-10 00:32:58 [INFO] [BRIDGE] [LOG] osc.show_bridge.in - RECV /state/group/1/dynamic_masks/enabled (0.0,)
2025-12-10 00:32:59 [INFO] [BRIDGE] [LOG] osc.show_bridge.in - RECV /state/group/1/playing/enabled (0.0,)
2025-12-10 00:33:26 [INFO] [BRIDGE] [LOG] osc.show_bridge.in - RECV /state/group/2/transforms/enabled (0.0,)
2025-12-10 00:33:35 [INFO] [BRIDGE] [LOG] osc.show_bridge.in - RECV /state/group/2/dynamic_masks/enabled (0.0,)
2025-12-10 00:35:20 [INFO] [BRIDGE] [LOG] osc.show_bridge.in - RECV /state/group/1/intensity (0.07831250876188278,)
2025-12-10 00:35:20 [INFO] [BRIDGE] [LOG] osc.show_bridge.in - RECV /state/group/1/playing/autopilot (0.0,)
2025-12-10 00:35:20 [INFO] [BRIDGE] [LOG] osc.show_bridge.in - RECV /state/group/1/playing (1.0,)
2025-12-10 00:35:20 [INFO] [BRIDGE] [LOG] osc.show_bridge.in - RECV /state/group/1/playing (1.0,)
2025-12-10 00:35:20 [INFO] [BRIDGE] [LOG] osc.show_bridge.in - RECV /state/group/1/playing (0.0,)
2025-12-10 00:35:20 [INFO] [BRIDGE] [LOG] osc.show_bridge.in - RECV /state/group/1/playing (0.0,)
2025-12-10 00:35:20 [INFO] [BRIDGE] [LOG] osc.show_bridge.in - RECV /state/group/1/playing (1.0,)
2025-12-10 00:35:20 [INFO] [BRIDGE] [LOG] osc.show_bridge.in - RECV /state/group/1/playing (0.0,)
2025-12-10 00:35:20 [INFO] [BRIDGE] [LOG] osc.show_bridge.in - RECV /state/group/2/intensity (0.10241533815860748,)
2025-12-10 00:35:20 [INFO] [BRIDGE] [LOG] osc.show_bridge.in - RECV /state/group/2/playing/autopilot (0.0,)
2025-12-10 00:35:20 [INFO] [BRIDGE] [LOG] osc.show_bridge.in - RECV /state/group/2/playing (1.0,)
2025-12-10 00:35:20 [INFO] [BRIDGE] [LOG] osc.show_bridge.in - RECV /state/group/2/playing (1.0,)
2025-12-10 00:35:20 [INFO] [BRIDGE] [LOG] osc.show_bridge.in - RECV /state/group/2/playing (0.0,)
2025-12-10 00:35:20 [INFO] [BRIDGE] [LOG] osc.show_bridge.in - RECV /state/group/2/playing (0.0,)
2025-12-10 00:35:20 [INFO] [BRIDGE] [LOG] osc.show_bridge.in - RECV /state/group/2/playing (1.0,)
2025-12-10 00:35:20 [INFO] [BRIDGE] [LOG] osc.show_bridge.in - RECV /state/group/2/playing (0.0,)
2025-12-10 00:35:20 [INFO] [BRIDGE] [LOG] osc.show_bridge.in - RECV /state/group/3/intensity (0.040587712079286575,)
2025-12-10 00:35:20 [INFO] [BRIDGE] [LOG] osc.show_bridge.in - RECV /state/group/3/playing/autopilot (0.0,)
2025-12-10 00:35:20 [INFO] [BRIDGE] [LOG] osc.show_bridge.in - RECV /state/group/3/playing (1.0,)
2025-12-10 00:35:20 [INFO] [BRIDGE] [LOG] osc.show_bridge.in - RECV /state/group/3/playing (1.0,)
2025-12-10 00:35:20 [INFO] [BRIDGE] [LOG] osc.show_bridge.in - RECV /state/group/3/playing (0.0,)
2025-12-10 00:35:20 [INFO] [BRIDGE] [LOG] osc.show_bridge.in - RECV /state/group/3/playing (0.0,)
2025-12-10 00:35:20 [INFO] [BRIDGE] [LOG] osc.show_bridge.in - RECV /state/group/3/playing (1.0,)
2025-12-10 00:35:20 [INFO] [BRIDGE] [LOG] osc.show_bridge.in - RECV /state/group/3/playing (0.0,)
2025-12-10 00:35:20 [INFO] [BRIDGE] [LOG] osc.show_bridge.in - RECV /state/group/4/intensity (0.040587712079286575,)
2025-12-10 00:35:20 [INFO] [BRIDGE] [LOG] osc.show_bridge.in - RECV /state/group/4/playing/autopilot (0.0,)
2025-12-10 00:35:20 [INFO] [BRIDGE] [LOG] osc.show_bridge.in - RECV /state/group/4/playing (1.0,)
2025-12-10 00:35:20 [INFO] [BRIDGE] [LOG] osc.show_bridge.in - RECV /state/group/4/playing (1.0,)
2025-12-10 00:35:20 [INFO] [BRIDGE] [LOG] osc.show_bridge.in - RECV /state/group/4/playing (0.0,)
2025-12-10 00:35:20 [INFO] [BRIDGE] [LOG] osc.show_bridge.in - RECV /state/group/4/playing (0.0,)
2025-12-10 00:35:20 [INFO] [BRIDGE] [LOG] osc.show_bridge.in - RECV /state/group/4/playing (1.0,)
2025-12-10 00:35:20 [INFO] [BRIDGE] [LOG] osc.show_bridge.in - RECV /state/group/4/playing (0.0,)
2025-12-10 00:35:20 [INFO] [BRIDGE] [LOG] osc.show_bridge.in - RECV /state/group/5/intensity (0.040587712079286575,)
2025-12-10 00:35:20 [INFO] [BRIDGE] [LOG] osc.show_bridge.in - RECV /state/group/5/playing/autopilot (0.0,)
2025-12-10 00:35:20 [INFO] [BRIDGE] [LOG] osc.show_bridge.in - RECV /state/group/5/playing (1.0,)
2025-12-10 00:35:20 [INFO] [BRIDGE] [LOG] osc.show_bridge.in - RECV /state/group/5/playing (1.0,)
2025-12-10 00:35:20 [INFO] [BRIDGE] [LOG] osc.show_bridge.in - RECV /state/group/5/playing (0.0,)
2025-12-10 00:35:20 [INFO] [BRIDGE] [LOG] osc.show_bridge.in - RECV /state/group/5/playing (0.0,)
2025-12-10 00:35:20 [INFO] [BRIDGE] [LOG] osc.show_bridge.in - RECV /state/group/5/playing (1.0,)
2025-12-10 00:35:20 [INFO] [BRIDGE] [LOG] osc.show_bridge.in - RECV /state/group/5/playing (0.0,)
2025-12-10 00:35:20 [INFO] [BRIDGE] [LOG] osc.show_bridge.in - RECV /state/group/6/intensity (0.040587712079286575,)
2025-12-10 00:35:20 [INFO] [BRIDGE] [LOG] osc.show_bridge.in - RECV /state/group/6/playing/autopilot (0.0,)
2025-12-10 00:35:20 [INFO] [BRIDGE] [LOG] osc.show_bridge.in - RECV /state/group/6/playing (1.0,)
2025-12-10 00:35:20 [INFO] [BRIDGE] [LOG] osc.show_bridge.in - RECV /state/group/6/playing (1.0,)
2025-12-10 00:35:20 [INFO] [BRIDGE] [LOG] osc.show_bridge.in - RECV /state/group/6/playing (0.0,)
2025-12-10 00:35:20 [INFO] [BRIDGE] [LOG] osc.show_bridge.in - RECV /state/group/6/playing (0.0,)
2025-12-10 00:35:20 [INFO] [BRIDGE] [LOG] osc.show_bridge.in - RECV /state/group/6/playing (1.0,)
2025-12-10 00:35:20 [INFO] [BRIDGE] [LOG] osc.show_bridge.in - RECV /state/group/6/playing (0.0,)
2025-12-10 00:35:20 [INFO] [BRIDGE] [LOG] osc.show_bridge.in - RECV /state/group/7/intensity (0.040587712079286575,)
2025-12-10 00:35:20 [INFO] [BRIDGE] [LOG] osc.show_bridge.in - RECV /state/group/7/playing/autopilot (0.0,)
2025-12-10 00:35:20 [INFO] [BRIDGE] [LOG] osc.show_bridge.in - RECV /state/group/7/playing (1.0,)
2025-12-10 00:35:20 [INFO] [BRIDGE] [LOG] osc.show_bridge.in - RECV /state/group/7/playing (1.0,)
2025-12-10 00:35:20 [INFO] [BRIDGE] [LOG] osc.show_bridge.in - RECV /state/group/7/playing (0.0,)
2025-12-10 00:35:20 [INFO] [BRIDGE] [LOG] osc.show_bridge.in - RECV /state/group/7/playing (0.0,)
2025-12-10 00:35:20 [INFO] [BRIDGE] [LOG] osc.show_bridge.in - RECV /state/group/7/playing (1.0,)
2025-12-10 00:35:20 [INFO] [BRIDGE] [LOG] osc.show_bridge.in - RECV /state/group/7/playing (0.0,)
2025-12-10 00:35:20 [INFO] [BRIDGE] [LOG] osc.show_bridge.in - RECV /state/group/8/intensity (0.040587712079286575,)
2025-12-10 00:35:20 [INFO] [BRIDGE] [LOG] osc.show_bridge.in - RECV /state/group/8/playing/autopilot (0.0,)
2025-12-10 00:35:20 [INFO] [BRIDGE] [LOG] osc.show_bridge.in - RECV /state/group/8/playing (1.0,)
2025-12-10 00:35:20 [INFO] [BRIDGE] [LOG] osc.show_bridge.in - RECV /state/group/8/playing (1.0,)
2025-12-10 00:35:20 [INFO] [BRIDGE] [LOG] osc.show_bridge.in - RECV /state/group/8/playing (0.0,)
2025-12-10 00:35:20 [INFO] [BRIDGE] [LOG] osc.show_bridge.in - RECV /state/group/8/playing (0.0,)
2025-12-10 00:35:20 [INFO] [BRIDGE] [LOG] osc.show_bridge.in - RECV /state/group/8/playing (1.0,)
2025-12-10 00:35:20 [INFO] [BRIDGE] [LOG] osc.show_bridge.in - RECV /state/group/8/playing (0.0,)
2025-12-10 00:35:21 [INFO] [BRIDGE] [LOG] osc.show_bridge.in - RECV /state/group/1/intensity (0.07438436150550842,)
2025-12-10 00:35:21 [INFO] [BRIDGE] [LOG] osc.show_bridge.in - RECV /state/group/2/intensity (0.09867049753665924,)
2025-12-10 00:35:21 [INFO] [BRIDGE] [LOG] osc.show_bridge.in - RECV /state/group/3/intensity (0.03637266531586647,)
2025-12-10 00:35:21 [INFO] [BRIDGE] [LOG] osc.show_bridge.in - RECV /state/group/4/intensity (0.03637266531586647,)
2025-12-10 00:35:21 [INFO] [BRIDGE] [LOG] osc.show_bridge.in - RECV /state/group/5/intensity (0.03637266531586647,)
2025-12-10 00:35:21 [INFO] [BRIDGE] [LOG] osc.show_bridge.in - RECV /state/group/6/intensity (0.03637266531586647,)
2025-12-10 00:35:21 [INFO] [BRIDGE] [LOG] osc.show_bridge.in - RECV /state/group/7/intensity (0.03637266531586647,)
2025-12-10 00:35:21 [INFO] [BRIDGE] [LOG] osc.show_bridge.in - RECV /state/group/8/intensity (0.03637266531586647,)
2025-12-10 00:35:21 [INFO] [BRIDGE] [LOG] osc.show_bridge.in - RECV /state/group/1/intensity (0.0747922956943512,)
2025-12-10 00:35:21 [INFO] [BRIDGE] [LOG] osc.show_bridge.in - RECV /state/group/2/intensity (0.09905940294265747,)
2025-12-10 00:35:21 [INFO] [BRIDGE] [LOG] osc.show_bridge.in - RECV /state/group/3/intensity (0.03681039810180664,)
2025-12-10 00:35:21 [INFO] [BRIDGE] [LOG] osc.show_bridge.in - RECV /state/group/4/intensity (0.03681039810180664,)
2025-12-10 00:35:21 [INFO] [BRIDGE] [LOG] osc.show_bridge.in - RECV /state/group/5/intensity (0.03681039810180664,)
2025-12-10 00:35:21 [INFO] [BRIDGE] [LOG] osc.show_bridge.in - RECV /state/group/6/intensity (0.03681039810180664,)
2025-12-10 00:35:21 [INFO] [BRIDGE] [LOG] osc.show_bridge.in - RECV /state/group/7/intensity (0.03681039810180664,)
2025-12-10 00:35:21 [INFO] [BRIDGE] [LOG] osc.show_bridge.in - RECV /state/group/8/intensity (0.03681039810180664,)
2025-12-10 00:35:21 [INFO] [BRIDGE] [LOG] osc.show_bridge.in - RECV /state/group/1/intensity (0.07473471015691757,)
2025-12-10 00:35:21 [INFO] [BRIDGE] [LOG] osc.show_bridge.in - RECV /state/group/2/intensity (0.09900449961423874,)
2025-12-10 00:35:21 [INFO] [BRIDGE] [LOG] osc.show_bridge.in - RECV /state/group/3/intensity (0.03674860671162605,)
2025-12-10 00:35:21 [INFO] [BRIDGE] [LOG] osc.show_bridge.in - RECV /state/group/4/intensity (0.03674860671162605,)
2025-12-10 00:35:21 [INFO] [BRIDGE] [LOG] osc.show_bridge.in - RECV /state/group/5/intensity (0.03674860671162605,)
2025-12-10 00:35:21 [INFO] [BRIDGE] [LOG] osc.show_bridge.in - RECV /state/group/6/intensity (0.03674860671162605,)
2025-12-10 00:35:21 [INFO] [BRIDGE] [LOG] osc.show_bridge.in - RECV /state/group/7/intensity (0.03674860671162605,)
2025-12-10 00:35:21 [INFO] [BRIDGE] [LOG] osc.show_bridge.in - RECV /state/group/8/intensity (0.03674860671162605,)
2025-12-10 00:35:21 [INFO] [BRIDGE] [LOG] osc.show_bridge.in - RECV /state/group/1/intensity (0.07476113736629486,)
2025-12-10 00:35:21 [INFO] [BRIDGE] [LOG] osc.show_bridge.in - RECV /state/group/2/intensity (0.09902969002723694,)
2025-12-10 00:35:21 [INFO] [BRIDGE] [LOG] osc.show_bridge.in - RECV /state/group/3/intensity (0.03677695617079735,)
2025-12-10 00:35:21 [INFO] [BRIDGE] [LOG] osc.show_bridge.in - RECV /state/group/4/intensity (0.03677695617079735,)
2025-12-10 00:35:21 [INFO] [BRIDGE] [LOG] osc.show_bridge.in - RECV /state/group/5/intensity (0.03677695617079735,)
2025-12-10 00:35:21 [INFO] [BRIDGE] [LOG] osc.show_bridge.in - RECV /state/group/6/intensity (0.03677695617079735,)
2025-12-10 00:35:21 [INFO] [BRIDGE] [LOG] osc.show_bridge.in - RECV /state/group/7/intensity (0.03677695617079735,)
2025-12-10 00:35:21 [INFO] [BRIDGE] [LOG] osc.show_bridge.in - RECV /state/group/8/intensity (0.03677695617079735,)
2025-12-10 00:35:22 [INFO] [BRIDGE] [LOG] osc.show_bridge.in - RECV /state/group/1/intensity (0.0747658908367157,)
2025-12-10 00:35:22 [INFO] [BRIDGE] [LOG] osc.show_bridge.in - RECV /state/group/2/intensity (0.09903421998023987,)
2025-12-10 00:35:22 [INFO] [BRIDGE] [LOG] osc.show_bridge.in - RECV /state/group/3/intensity (0.036782052367925644,)
2025-12-10 00:35:22 [INFO] [BRIDGE] [LOG] osc.show_bridge.in - RECV /state/group/4/intensity (0.036782052367925644,)
2025-12-10 00:35:22 [INFO] [BRIDGE] [LOG] osc.show_bridge.in - RECV /state/group/5/intensity (0.036782052367925644,)
2025-12-10 00:35:22 [INFO] [BRIDGE] [LOG] osc.show_bridge.in - RECV /state/group/6/intensity (0.036782052367925644,)
2025-12-10 00:35:22 [INFO] [BRIDGE] [LOG] osc.show_bridge.in - RECV /state/group/7/intensity (0.036782052367925644,)
2025-12-10 00:35:22 [INFO] [BRIDGE] [LOG] osc.show_bridge.in - RECV /state/group/8/intensity (0.036782052367925644,)
2025-12-10 00:35:22 [INFO] [BRIDGE] [LOG] osc.show_bridge.in - RECV /state/group/1/intensity (0.07476530969142914,)
2025-12-10 00:35:22 [INFO] [BRIDGE] [LOG] osc.show_bridge.in - RECV /state/group/2/intensity (0.09903367608785629,)
2025-12-10 00:35:22 [INFO] [BRIDGE] [LOG] osc.show_bridge.in - RECV /state/group/3/intensity (0.0367814339697361,)
2025-12-10 00:35:22 [INFO] [BRIDGE] [LOG] osc.show_bridge.in - RECV /state/group/4/intensity (0.0367814339697361,)
2025-12-10 00:35:22 [INFO] [BRIDGE] [LOG] osc.show_bridge.in - RECV /state/group/5/intensity (0.0367814339697361,)
2025-12-10 00:35:22 [INFO] [BRIDGE] [LOG] osc.show_bridge.in - RECV /state/group/6/intensity (0.0367814339697361,)
2025-12-10 00:35:22 [INFO] [BRIDGE] [LOG] osc.show_bridge.in - RECV /state/group/7/intensity (0.0367814339697361,)
2025-12-10 00:35:22 [INFO] [BRIDGE] [LOG] osc.show_bridge.in - RECV /state/group/8/intensity (0.0367814339697361,)
2025-12-10 00:35:22 [INFO] [BRIDGE] [LOG] osc.show_bridge.in - RECV /state/group/6/intensity (0.036782052367925644,)
2025-12-10 00:35:22 [INFO] [BRIDGE] [LOG] osc.show_bridge.in - RECV /state/group/7/intensity (0.036782052367925644,)
2025-12-10 00:35:22 [INFO] [BRIDGE] [LOG] osc.show_bridge.in - RECV /state/group/8/intensity (0.036782052367925644,)
2025-12-10 00:35:38 [INFO] [BRIDGE] [LOG] osc.show_bridge.in - RECV /state/group/1/transforms/enabled (0.0,)
2025-12-10 00:35:40 [INFO] [BRIDGE] [LOG] osc.show_bridge.in - RECV /state/group/1/effects/enabled (0.0,)
2025-12-10 00:35:42 [INFO] [BRIDGE] [LOG] osc.show_bridge.in - RECV /state/group/1/color/enabled (0.0,)
2025-12-10 00:35:45 [INFO] [BRIDGE] [LOG] osc.show_bridge.in - RECV /state/group/2/color/enabled (0.0,)
2025-12-10 00:35:46 [INFO] [BRIDGE] [LOG] osc.show_bridge.in - RECV /state/group/2/playing/enabled (0.0,)
2025-12-10 00:35:48 [INFO] [BRIDGE] [LOG] osc.show_bridge.in - RECV /state/group/3/playing/enabled (0.0,)
2025-12-10 00:35:48 [INFO] [BRIDGE] [LOG] osc.show_bridge.in - RECV /state/group/3/dynamic_masks/enabled (0.0,)
2025-12-10 00:35:49 [INFO] [BRIDGE] [LOG] osc.show_bridge.in - RECV /state/group/3/effects/enabled (0.0,)
2025-12-10 00:35:50 [INFO] [BRIDGE] [LOG] osc.show_bridge.in - RECV /state/group/3/color/enabled (0.0,)
2025-12-10 00:35:51 [INFO] [BRIDGE] [LOG] osc.show_bridge.in - RECV /state/group/4/playing/enabled (0.0,)
2025-12-10 00:35:51 [INFO] [BRIDGE] [LOG] osc.show_bridge.in - RECV /state/group/4/transforms/enabled (0.0,)
2025-12-10 00:35:52 [INFO] [BRIDGE] [LOG] osc.show_bridge.in - RECV /state/group/4/effects/enabled (0.0,)
2025-12-10 00:35:52 [INFO] [BRIDGE] [LOG] osc.show_bridge.in - RECV /state/group/4/color/enabled (0.0,)
2025-12-10 00:35:54 [INFO] [BRIDGE] [LOG] osc.show_bridge.in - RECV /state/group/5/dynamic_masks/enabled (0.0,)
2025-12-10 00:35:55 [INFO] [BRIDGE] [LOG] osc.show_bridge.in - RECV /state/group/5/effects/enabled (0.0,)
2025-12-10 00:35:55 [INFO] [BRIDGE] [LOG] osc.show_bridge.in - RECV /state/group/5/color/enabled (0.0,)
2025-12-10 00:35:56 [INFO] [BRIDGE] [LOG] osc.show_bridge.in - RECV /state/group/6/playing/enabled (0.0,)
2025-12-10 00:35:56 [INFO] [BRIDGE] [LOG] osc.show_bridge.in - RECV /state/group/6/dynamic_masks/enabled (0.0,)
2025-12-10 00:35:57 [INFO] [BRIDGE] [LOG] osc.show_bridge.in - RECV /state/group/6/effects/enabled (0.0,)
2025-12-10 00:35:58 [INFO] [BRIDGE] [LOG] osc.show_bridge.in - RECV /state/group/6/color/enabled (0.0,)
2025-12-10 00:35:59 [INFO] [BRIDGE] [LOG] osc.show_bridge.in - RECV /state/group/7/playing/enabled (0.0,)
2025-12-10 00:36:00 [INFO] [BRIDGE] [LOG] osc.show_bridge.in - RECV /state/group/7/dynamic_masks/enabled (0.0,)
2025-12-10 00:36:00 [INFO] [BRIDGE] [LOG] osc.show_bridge.in - RECV /state/group/7/transforms/enabled (0.0,)
2025-12-10 00:36:02 [INFO] [BRIDGE] [LOG] osc.show_bridge.in - RECV /state/group/8/dynamic_masks/enabled (0.0,)
2025-12-10 00:36:03 [INFO] [BRIDGE] [LOG] osc.show_bridge.in - RECV /state/group/8/transforms/enabled (0.0,)
2025-12-10 00:36:03 [INFO] [BRIDGE] [LOG] osc.show_bridge.in - RECV /state/group/8/effects/enabled (0.0,)
2025-12-10 00:36:03 [INFO] [BRIDGE] [LOG] osc.show_bridge.in - RECV /state/group/8/color/enabled (0.0,)
2025-12-10 00:36:09 [INFO] [BRIDGE] [LOG] osc.show_bridge.in - RECV /state/group/7/playing/autopilot (1.0,)
2025-12-10 00:36:15 [INFO] [BRIDGE] [LOG] osc.show_bridge.in - RECV /state/group/5/playing/autopilot (1.0,)
2025-12-10 00:36:16 [INFO] [BRIDGE] [LOG] osc.show_bridge.in - RECV /state/group/4/playing/autopilot (1.0,)
2025-12-10 00:36:17 [INFO] [BRIDGE] [LOG] osc.show_bridge.in - RECV /state/group/3/playing/autopilot (1.0,)
2025-12-10 00:36:18 [INFO] [BRIDGE] [LOG] osc.show_bridge.in - RECV /state/group/2/playing/autopilot (1.0,)
2025-12-10 00:36:20 [INFO] [BRIDGE] [LOG] osc.show_bridge.in - RECV /state/group/1/transforms/enabled (1.0,)
2025-12-10 00:36:21 [INFO] [BRIDGE] [LOG] osc.show_bridge.in - RECV /state/group/1/color/enabled (1.0,)
2025-12-10 00:36:22 [INFO] [BRIDGE] [LOG] osc.show_bridge.in - RECV /state/group/1/effects/enabled (1.0,)
2025-12-10 00:36:24 [INFO] [BRIDGE] [LOG] osc.show_bridge.in - RECV /state/group/1/effects/enabled (0.0,)
2025-12-10 00:36:24 [INFO] [BRIDGE] [LOG] osc.show_bridge.in - RECV /state/group/1/effects/enabled (1.0,)
2025-12-10 00:36:25 [INFO] [BRIDGE] [LOG] osc.show_bridge.in - RECV /state/group/1/effects/enabled (0.0,)
2025-12-10 00:36:27 [INFO] [BRIDGE] [LOG] osc.show_bridge.in - RECV /state/group/1/effects/enabled (1.0,)
2025-12-10 00:36:30 [INFO] [BRIDGE] [LOG] osc.show_bridge.in - RECV /state/group/2/effects/enabled (0.0,)
2025-12-10 00:36:32 [INFO] [BRIDGE] [LOG] osc.show_bridge.in - RECV /state/group/3/transforms/enabled (0.0,)
2025-12-10 00:36:34 [INFO] [BRIDGE] [LOG] osc.show_bridge.in - RECV /state/group/4/dynamic_masks/enabled (0.0,)
2025-12-10 00:36:35 [INFO] [BRIDGE] [LOG] osc.show_bridge.in - RECV /state/group/5/transforms/enabled (0.0,)
2025-12-10 00:36:37 [INFO] [BRIDGE] [LOG] osc.show_bridge.in - RECV /state/group/5/playing/enabled (0.0,)
2025-12-10 00:36:39 [INFO] [BRIDGE] [LOG] osc.show_bridge.in - RECV /state/group/6/transforms/enabled (0.0,)
2025-12-10 00:36:40 [INFO] [BRIDGE] [LOG] osc.show_bridge.in - RECV /state/group/7/effects/enabled (0.0,)
2025-12-10 00:36:41 [INFO] [BRIDGE] [LOG] osc.show_bridge.in - RECV /state/group/7/color/enabled (0.0,)
2025-12-10 00:36:42 [INFO] [BRIDGE] [LOG] osc.show_bridge.in - RECV /state/group/8/playing/enabled (0.0,)
2025-12-10 00:36:46 [INFO] [BRIDGE] [LOG] osc.show_bridge.in - RECV /state/group/8/playing/autopilot (1.0,)
2025-12-10 00:37:02 [INFO] [BRIDGE] [LOG] osc.show_bridge.in - RECV /state/group/2/transforms/enabled (0.0,)
2025-12-10 00:37:14 [INFO] [BRIDGE] [LOG] osc.show_bridge.in - RECV /state/group/2/transforms/enabled (1.0,)
2025-12-10 00:37:16 [INFO] [BRIDGE] [LOG] osc.show_bridge.in - RECV /state/group/2/transforms/enabled (0.0,)
2025-12-10 00:37:17 [INFO] [BRIDGE] [LOG] osc.show_bridge.in - RECV /state/group/2/transforms/enabled (1.0,)
2025-12-10 00:37:18 [INFO] [BRIDGE] [LOG] osc.show_bridge.in - RECV /state/group/2/transforms/enabled (0.0,)
2025-12-10 00:37:26 [INFO] [BRIDGE] [LOG] osc.show_bridge.in - RECV /state/group/2/transforms/enabled (1.0,)
2025-12-10 00:37:27 [INFO] [BRIDGE] [LOG] osc.show_bridge.in - RECV /state/group/2/transforms/enabled (0.0,)
2025-12-10 00:37:27 [INFO] [BRIDGE] [LOG] osc.show_bridge.in - RECV /state/group/2/transforms/enabled (1.0,)
2025-12-10 00:37:28 [INFO] [BRIDGE] [LOG] osc.show_bridge.in - RECV /state/group/2/transforms/enabled (0.0,)
2025-12-10 00:38:00 [INFO] [BRIDGE] [LOG] osc.show_bridge.in - RECV /state/group/2/playing/enabled (1.0,)
2025-12-10 00:38:03 [INFO] [BRIDGE] [LOG] osc.show_bridge.in - RECV /state/group/2/playing/enabled (0.0,)
2025-12-10 00:38:05 [INFO] [BRIDGE] [LOG] osc.show_bridge.in - RECV /state/group/2/playing/enabled (1.0,)
2025-12-10 00:38:07 [INFO] [BRIDGE] [LOG] osc.show_bridge.in - RECV /state/group/2/playing/enabled (0.0,)
2025-12-10 00:38:10 [INFO] [BRIDGE] [LOG] osc.show_bridge.in - RECV /state/group/2/playing/enabled (1.0,)
2025-12-10 00:38:12 [INFO] [BRIDGE] [LOG] osc.show_bridge.in - RECV /state/group/2/transforms/enabled (1.0,)
2025-12-10 00:38:14 [INFO] [BRIDGE] [LOG] osc.show_bridge.in - RECV /state/group/3/playing/enabled (1.0,)
2025-12-10 00:38:18 [INFO] [BRIDGE] [LOG] osc.show_bridge.in - RECV /state/group/4/playing/enabled (1.0,)
2025-12-10 00:38:21 [INFO] [BRIDGE] [LOG] osc.show_bridge.in - RECV /state/group/5/playing/enabled (1.0,)
2025-12-10 00:38:22 [INFO] [BRIDGE] [LOG] osc.show_bridge.in - RECV /state/group/6/playing/enabled (1.0,)
2025-12-10 00:38:37 [INFO] [BRIDGE] [LOG] osc.show_bridge.in - RECV /state/group/6/playing/autopilot (1.0,)
2025-12-10 00:38:38 [INFO] [BRIDGE] [LOG] osc.show_bridge.in - RECV /state/group/6/playing/autopilot (0.0,)
2025-12-10 00:38:40 [INFO] [BRIDGE] [LOG] osc.show_bridge.in - RECV /state/group/6/playing/autopilot (1.0,)
2025-12-10 00:38:55 [INFO] [BRIDGE] [LOG] osc.show_bridge.in - RECV /state/group/7/playing/enabled (1.0,)
2025-12-10 00:38:58 [INFO] [BRIDGE] [LOG] osc.show_bridge.in - RECV /state/group/8/playing/enabled (1.0,)
2025-12-10 00:39:00 [INFO] [BRIDGE] [LOG] osc.show_bridge.in - RECV /state/group/8/dynamic_masks/enabled (1.0,)
2025-12-10 00:39:01 [INFO] [BRIDGE] [LOG] osc.show_bridge.in - RECV /state/group/8/dynamic_masks/enabled (0.0,)
2025-12-10 00:39:02 [INFO] [BRIDGE] [LOG] osc.show_bridge.in - RECV /state/group/8/transforms/enabled (1.0,)
2025-12-10 00:39:04 [INFO] [BRIDGE] [LOG] osc.show_bridge.in - RECV /state/group/8/transforms/enabled (0.0,)
2025-12-10 00:39:04 [INFO] [BRIDGE] [LOG] osc.show_bridge.in - RECV /state/group/8/effects/enabled (1.0,)
2025-12-10 00:39:06 [INFO] [BRIDGE] [LOG] osc.show_bridge.in - RECV /state/group/8/color/enabled (1.0,)
2025-12-10 00:39:07 [INFO] [BRIDGE] [LOG] osc.show_bridge.in - RECV /state/group/8/color/enabled (0.0,)
2025-12-10 00:39:08 [INFO] [BRIDGE] [LOG] osc.show_bridge.in - RECV /state/group/7/color/enabled (1.0,)
2025-12-10 00:39:11 [INFO] [BRIDGE] [LOG] osc.show_bridge.in - RECV /state/group/7/effects/enabled (1.0,)
2025-12-10 00:39:12 [INFO] [BRIDGE] [LOG] osc.show_bridge.in - RECV /state/group/7/effects/enabled (0.0,)
2025-12-10 00:39:14 [INFO] [BRIDGE] [LOG] osc.show_bridge.in - RECV /state/group/7/effects/enabled (1.0,)
2025-12-10 00:39:44 [INFO] [BRIDGE] [LOG] osc.show_bridge.in - RECV /state/group/1/intensity (0.20984576642513275,)
2025-12-10 00:39:44 [INFO] [BRIDGE] [LOG] osc.show_bridge.in - RECV /state/group/2/intensity (0.06757458299398422,)
2025-12-10 00:39:44 [INFO] [BRIDGE] [LOG] osc.show_bridge.in - RECV /state/group/1/intensity (0.24497780203819275,)
2025-12-10 00:39:44 [INFO] [BRIDGE] [LOG] osc.show_bridge.in - RECV /state/group/2/intensity (0.05939261615276337,)
2025-12-10 00:39:44 [INFO] [BRIDGE] [LOG] osc.show_bridge.in - RECV /state/group/3/intensity (0.3325963616371155,)
2025-12-10 00:39:44 [INFO] [BRIDGE] [LOG] osc.show_bridge.in - RECV /state/group/4/intensity (0.3325963616371155,)
2025-12-10 00:39:44 [INFO] [BRIDGE] [LOG] osc.show_bridge.in - RECV /state/group/5/intensity (0.43628647923469543,)
2025-12-10 00:39:44 [INFO] [BRIDGE] [LOG] osc.show_bridge.in - RECV /state/group/6/intensity (0.2289065569639206,)
2025-12-10 00:39:44 [INFO] [BRIDGE] [LOG] osc.show_bridge.in - RECV /state/group/7/intensity (0.2289065569639206,)
2025-12-10 00:39:44 [INFO] [BRIDGE] [LOG] osc.show_bridge.in - RECV /state/group/8/intensity (0.33259668946266174,)
2025-12-10 00:39:45 [INFO] [BRIDGE] [LOG] osc.show_bridge.in - RECV /state/group/1/intensity (0.24038466811180115,)
2025-12-10 00:39:45 [INFO] [BRIDGE] [LOG] osc.show_bridge.in - RECV /state/group/2/intensity (0.06046232581138611,)
2025-12-10 00:39:45 [INFO] [BRIDGE] [LOG] osc.show_bridge.in - RECV /state/group/3/intensity (0.38716766238212585,)
2025-12-10 00:39:45 [INFO] [BRIDGE] [LOG] osc.show_bridge.in - RECV /state/group/4/intensity (0.38716766238212585,)
2025-12-10 00:39:45 [INFO] [BRIDGE] [LOG] osc.show_bridge.in - RECV /state/group/5/intensity (0.5099862813949585,)
2025-12-10 00:39:45 [INFO] [BRIDGE] [LOG] osc.show_bridge.in - RECV /state/group/6/intensity (0.2643492817878723,)
2025-12-10 00:39:45 [INFO] [BRIDGE] [LOG] osc.show_bridge.in - RECV /state/group/7/intensity (0.2643492817878723,)
2025-12-10 00:39:45 [INFO] [BRIDGE] [LOG] osc.show_bridge.in - RECV /state/group/8/intensity (0.38716793060302734,)
2025-12-10 00:39:45 [INFO] [BRIDGE] [LOG] osc.show_bridge.in - RECV /state/group/1/intensity (0.2409851849079132,)
2025-12-10 00:39:45 [INFO] [BRIDGE] [LOG] osc.show_bridge.in - RECV /state/group/2/intensity (0.06032247468829155,)
2025-12-10 00:39:45 [INFO] [BRIDGE] [LOG] osc.show_bridge.in - RECV /state/group/3/intensity (0.380033016204834,)
2025-12-10 00:39:45 [INFO] [BRIDGE] [LOG] osc.show_bridge.in - RECV /state/group/4/intensity (0.380033016204834,)
2025-12-10 00:39:45 [INFO] [BRIDGE] [LOG] osc.show_bridge.in - RECV /state/group/5/intensity (0.500350832939148,)
2025-12-10 00:39:45 [INFO] [BRIDGE] [LOG] osc.show_bridge.in - RECV /state/group/6/intensity (0.2597154974937439,)
2025-12-10 00:39:45 [INFO] [BRIDGE] [LOG] osc.show_bridge.in - RECV /state/group/7/intensity (0.2597154974937439,)
2025-12-10 00:39:45 [INFO] [BRIDGE] [LOG] osc.show_bridge.in - RECV /state/group/8/intensity (0.38003331422805786,)
2025-12-10 00:39:45 [INFO] [BRIDGE] [LOG] osc.show_bridge.in - RECV /state/group/1/intensity (0.2409004271030426,)
2025-12-10 00:39:45 [INFO] [BRIDGE] [LOG] osc.show_bridge.in - RECV /state/group/2/intensity (0.0603422187268734,)
2025-12-10 00:39:45 [INFO] [BRIDGE] [LOG] osc.show_bridge.in - RECV /state/group/3/intensity (0.38104021549224854,)
2025-12-10 00:39:45 [INFO] [BRIDGE] [LOG] osc.show_bridge.in - RECV /state/group/4/intensity (0.38104021549224854,)
2025-12-10 00:39:45 [INFO] [BRIDGE] [LOG] osc.show_bridge.in - RECV /state/group/5/intensity (0.5017110705375671,)
2025-12-10 00:39:45 [INFO] [BRIDGE] [LOG] osc.show_bridge.in - RECV /state/group/6/intensity (0.2603696286678314,)
2025-12-10 00:39:45 [INFO] [BRIDGE] [LOG] osc.show_bridge.in - RECV /state/group/7/intensity (0.2603696286678314,)
2025-12-10 00:39:45 [INFO] [BRIDGE] [LOG] osc.show_bridge.in - RECV /state/group/8/intensity (0.3810405135154724,)
2025-12-10 00:39:45 [INFO] [BRIDGE] [LOG] osc.show_bridge.in - RECV /state/group/1/intensity (0.24094268679618835,)
2025-12-10 00:39:45 [INFO] [BRIDGE] [LOG] osc.show_bridge.in - RECV /state/group/2/intensity (0.060332365334033966,)
2025-12-10 00:39:45 [INFO] [BRIDGE] [LOG] osc.show_bridge.in - RECV /state/group/3/intensity (0.38053783774375916,)
2025-12-10 00:39:45 [INFO] [BRIDGE] [LOG] osc.show_bridge.in - RECV /state/group/4/intensity (0.38053783774375916,)
2025-12-10 00:39:45 [INFO] [BRIDGE] [LOG] osc.show_bridge.in - RECV /state/group/5/intensity (0.5010326504707336,)
2025-12-10 00:39:45 [INFO] [BRIDGE] [LOG] osc.show_bridge.in - RECV /state/group/6/intensity (0.26004329323768616,)
2025-12-10 00:39:45 [INFO] [BRIDGE] [LOG] osc.show_bridge.in - RECV /state/group/7/intensity (0.26004329323768616,)
2025-12-10 00:39:45 [INFO] [BRIDGE] [LOG] osc.show_bridge.in - RECV /state/group/8/intensity (0.38053813576698303,)
2025-12-10 00:39:45 [INFO] [BRIDGE] [LOG] osc.show_bridge.in - RECV /state/group/1/intensity (0.24094823002815247,)
2025-12-10 00:39:45 [INFO] [BRIDGE] [LOG] osc.show_bridge.in - RECV /state/group/2/intensity (0.0603310763835907,)
2025-12-10 00:39:45 [INFO] [BRIDGE] [LOG] osc.show_bridge.in - RECV /state/group/3/intensity (0.3804718554019928,)
2025-12-10 00:39:45 [INFO] [BRIDGE] [LOG] osc.show_bridge.in - RECV /state/group/4/intensity (0.3804718554019928,)
2025-12-10 00:39:45 [INFO] [BRIDGE] [LOG] osc.show_bridge.in - RECV /state/group/5/intensity (0.5009434819221497,)
2025-12-10 00:39:45 [INFO] [BRIDGE] [LOG] osc.show_bridge.in - RECV /state/group/6/intensity (0.26000043749809265,)
2025-12-10 00:39:45 [INFO] [BRIDGE] [LOG] osc.show_bridge.in - RECV /state/group/7/intensity (0.26000043749809265,)
2025-12-10 00:39:45 [INFO] [BRIDGE] [LOG] osc.show_bridge.in - RECV /state/group/8/intensity (0.3804721534252167,)
2025-12-10 00:39:45 [INFO] [BRIDGE] [LOG] osc.show_bridge.in - RECV /state/group/1/intensity (0.24094745516777039,)
2025-12-10 00:39:45 [INFO] [BRIDGE] [LOG] osc.show_bridge.in - RECV /state/group/3/intensity (0.38048121333122253,)
2025-12-10 00:39:45 [INFO] [BRIDGE] [LOG] osc.show_bridge.in - RECV /state/group/4/intensity (0.38048121333122253,)
2025-12-10 00:39:45 [INFO] [BRIDGE] [LOG] osc.show_bridge.in - RECV /state/group/5/intensity (0.5009560585021973,)
2025-12-10 00:39:45 [INFO] [BRIDGE] [LOG] osc.show_bridge.in - RECV /state/group/6/intensity (0.26000648736953735,)
2025-12-10 00:39:45 [INFO] [BRIDGE] [LOG] osc.show_bridge.in - RECV /state/group/7/intensity (0.26000648736953735,)
2025-12-10 00:39:45 [INFO] [BRIDGE] [LOG] osc.show_bridge.in - RECV /state/group/8/intensity (0.3804815113544464,)
2025-12-10 00:39:45 [INFO] [BRIDGE] [LOG] osc.show_bridge.in - RECV /state/group/3/intensity (0.3804799020290375,)
2025-12-10 00:39:45 [INFO] [BRIDGE] [LOG] osc.show_bridge.in - RECV /state/group/4/intensity (0.3804799020290375,)
2025-12-10 00:39:45 [INFO] [BRIDGE] [LOG] osc.show_bridge.in - RECV /state/group/5/intensity (0.5009543299674988,)
2025-12-10 00:39:45 [INFO] [BRIDGE] [LOG] osc.show_bridge.in - RECV /state/group/6/intensity (0.2600037157535553,)
2025-12-10 00:39:45 [INFO] [BRIDGE] [LOG] osc.show_bridge.in - RECV /state/group/7/intensity (0.2600037157535553,)
2025-12-10 00:39:45 [INFO] [BRIDGE] [LOG] osc.show_bridge.in - RECV /state/group/8/intensity (0.3804771900177002,)
2025-12-10 00:39:46 [INFO] [BRIDGE] [LOG] osc.show_bridge.in - RECV /state/group/3/intensity (0.38048055768013,)
2025-12-10 00:39:46 [INFO] [BRIDGE] [LOG] osc.show_bridge.in - RECV /state/group/4/intensity (0.38048055768013,)
2025-12-10 00:39:46 [INFO] [BRIDGE] [LOG] osc.show_bridge.in - RECV /state/group/5/intensity (0.5009551644325256,)
2025-12-10 00:39:46 [INFO] [BRIDGE] [LOG] osc.show_bridge.in - RECV /state/group/6/intensity (0.26000431180000305,)
2025-12-10 00:39:46 [INFO] [BRIDGE] [LOG] osc.show_bridge.in - RECV /state/group/7/intensity (0.26000431180000305,)
2025-12-10 00:39:46 [INFO] [BRIDGE] [LOG] osc.show_bridge.in - RECV /state/group/8/intensity (0.3804781436920166,)
2025-12-10 00:39:46 [INFO] [BRIDGE] [LOG] osc.show_bridge.in - RECV /state/group/8/intensity (0.3804786503314972,)
2025-12-10 00:40:01 [INFO] [BRIDGE] [LOG] osc.show_bridge.in - RECV /state/group/6/opacity (0.3385826647281647,)
2025-12-10 00:40:01 [INFO] [BRIDGE] [LOG] osc.show_bridge.in - RECV /state/group/7/opacity (0.29921260476112366,)
2025-12-10 00:40:01 [INFO] [BRIDGE] [LOG] osc.show_bridge.in - RECV /state/group/3/opacity (0.8267716765403748,)
2025-12-10 00:40:01 [INFO] [BRIDGE] [LOG] osc.show_bridge.in - RECV /state/group/4/opacity (0.8188976645469666,)
2025-12-10 00:40:01 [INFO] [BRIDGE] [LOG] osc.show_bridge.in - RECV /state/group/1/opacity (0.6614173054695129,)
2025-12-10 00:40:01 [INFO] [BRIDGE] [LOG] osc.show_bridge.in - RECV /state/group/2/opacity (0.9370078444480896,)
2025-12-10 00:40:01 [INFO] [BRIDGE] [LOG] osc.show_bridge.in - RECV /state/group/3/opacity (0.9842519760131836,)
2025-12-10 00:40:01 [INFO] [BRIDGE] [LOG] osc.show_bridge.in - RECV /state/group/1/opacity (0.6692913174629211,)
2025-12-10 00:40:01 [INFO] [BRIDGE] [LOG] osc.show_bridge.in - RECV /state/group/2/opacity (0.960629940032959,)
2025-12-10 00:40:01 [INFO] [BRIDGE] [LOG] osc.show_bridge.in - RECV /state/group/3/opacity (1.0,)
2025-12-10 00:40:01 [INFO] [BRIDGE] [LOG] osc.show_bridge.in - RECV /state/group/4/opacity (1.0,)
2025-12-10 00:40:01 [INFO] [BRIDGE] [LOG] osc.show_bridge.in - RECV /state/group/6/opacity (0.9842519760131836,)
2025-12-10 00:40:01 [INFO] [BRIDGE] [LOG] osc.show_bridge.in - RECV /state/group/7/opacity (0.9685039520263672,)
2025-12-10 00:40:01 [INFO] [BRIDGE] [LOG] osc.show_bridge.in - RECV /state/group/1/opacity (0.9527559280395508,)
2025-12-10 00:40:01 [INFO] [BRIDGE] [LOG] osc.show_bridge.in - RECV /state/group/2/opacity (1.0,)
2025-12-10 00:40:02 [INFO] [BRIDGE] [LOG] osc.show_bridge.in - RECV /state/group/7/opacity (0.9921259880065918,)
2025-12-10 00:40:02 [INFO] [BRIDGE] [LOG] osc.show_bridge.in - RECV /state/group/6/opacity (1.0,)
2025-12-10 00:45:51 [INFO] [BRIDGE] [LOG] osc.show_bridge.in - RECV /state/group/6/transforms/enabled (1.0,)
2025-12-10 00:45:53 [INFO] [BRIDGE] [LOG] osc.show_bridge.in - RECV /state/group/6/effects/enabled (1.0,)
2025-12-10 00:45:55 [INFO] [BRIDGE] [LOG] osc.show_bridge.in - RECV /state/group/6/color/enabled (1.0,)
2025-12-10 00:45:57 [INFO] [BRIDGE] [LOG] osc.show_bridge.in - RECV /state/group/5/color/enabled (1.0,)
2025-12-10 00:45:58 [INFO] [BRIDGE] [LOG] osc.show_bridge.in - RECV /state/group/5/effects/enabled (1.0,)
2025-12-10 00:46:00 [INFO] [BRIDGE] [LOG] osc.show_bridge.in - RECV /state/group/5/transforms/enabled (1.0,)
2025-12-10 01:10:05 [INFO] [BRIDGE] [LOG] osc.show_bridge.in - RECV /state/group/5/playing/enabled (0.0,)
2025-12-10 01:10:09 [INFO] [BRIDGE] [LOG] osc.show_bridge.in - RECV /state/group/5/dynamic_masks/enabled (1.0,)
2025-12-10 01:10:18 [INFO] [BRIDGE] [LOG] osc.show_bridge.in - RECV /state/group/4/dynamic_masks/enabled (1.0,)
2025-12-10 01:10:19 [INFO] [BRIDGE] [LOG] osc.show_bridge.in - RECV /state/group/4/playing/enabled (0.0,)
2025-12-10 01:10:21 [INFO] [BRIDGE] [LOG] osc.show_bridge.in - RECV /state/group/3/playing/autopilot (0.0,)
2025-12-10 01:10:22 [INFO] [BRIDGE] [LOG] osc.show_bridge.in - RECV /state/group/3/playing/enabled (0.0,)
2025-12-10 01:10:22 [INFO] [BRIDGE] [LOG] osc.show_bridge.in - RECV /state/group/2/playing/autopilot (0.0,)
2025-12-10 01:10:23 [INFO] [BRIDGE] [LOG] osc.show_bridge.in - RECV /state/group/3/transforms/enabled (1.0,)
2025-12-10 01:10:25 [INFO] [BRIDGE] [LOG] osc.show_bridge.in - RECV /state/group/3/dynamic_masks/enabled (1.0,)
2025-12-10 11:37:43 [INFO] [BRIDGE] [LOG] osc.show_bridge.in - RECV /state/group/6/transforms/enabled (0.0,)
2025-12-10 11:37:45 [INFO] [BRIDGE] [LOG] osc.show_bridge.in - RECV /state/group/6/dynamic_masks/enabled (1.0,)
2025-12-15 16:13:39 [INFO] [BRIDGE] [LOG] osc.show_bridge.in - RECV /state/group/1/intensity (0.07831250876188278,)
2025-12-15 16:13:39 [INFO] [BRIDGE] [LOG] osc.show_bridge.in - RECV /state/group/1/playing/autopilot (0.0,)
2025-12-15 16:13:39 [INFO] [BRIDGE] [LOG] osc.show_bridge.in - RECV /state/group/1/playing (1.0,)
2025-12-15 16:13:39 [INFO] [BRIDGE] [LOG] osc.show_bridge.in - RECV /state/group/1/playing (1.0,)
2025-12-15 16:13:39 [INFO] [BRIDGE] [LOG] osc.show_bridge.in - RECV /state/group/1/playing (0.0,)
2025-12-15 16:13:39 [INFO] [BRIDGE] [LOG] osc.show_bridge.in - RECV /state/group/1/playing (0.0,)
2025-12-15 16:13:39 [INFO] [BRIDGE] [LOG] osc.show_bridge.in - RECV /state/group/1/playing (1.0,)
2025-12-15 16:13:39 [INFO] [BRIDGE] [LOG] osc.show_bridge.in - RECV /state/group/1/playing (0.0,)
2025-12-15 16:13:39 [INFO] [BRIDGE] [LOG] osc.show_bridge.in - RECV /state/group/2/intensity (0.10241533815860748,)
2025-12-15 16:13:39 [INFO] [BRIDGE] [LOG] osc.show_bridge.in - RECV /state/group/2/playing/autopilot (0.0,)
2025-12-15 16:13:39 [INFO] [BRIDGE] [LOG] osc.show_bridge.in - RECV /state/group/2/playing (1.0,)
2025-12-15 16:13:39 [INFO] [BRIDGE] [LOG] osc.show_bridge.in - RECV /state/group/2/playing (1.0,)
2025-12-15 16:13:39 [INFO] [BRIDGE] [LOG] osc.show_bridge.in - RECV /state/group/2/playing (0.0,)
2025-12-15 16:13:39 [INFO] [BRIDGE] [LOG] osc.show_bridge.in - RECV /state/group/2/playing (0.0,)
2025-12-15 16:13:39 [INFO] [BRIDGE] [LOG] osc.show_bridge.in - RECV /state/group/2/playing (1.0,)
2025-12-15 16:13:39 [INFO] [BRIDGE] [LOG] osc.show_bridge.in - RECV /state/group/2/playing (0.0,)
2025-12-15 16:13:39 [INFO] [BRIDGE] [LOG] osc.show_bridge.in - RECV /state/group/3/intensity (0.040587712079286575,)
2025-12-15 16:13:39 [INFO] [BRIDGE] [LOG] osc.show_bridge.in - RECV /state/group/3/playing/autopilot (0.0,)
2025-12-15 16:13:39 [INFO] [BRIDGE] [LOG] osc.show_bridge.in - RECV /state/group/3/playing (1.0,)
2025-12-15 16:13:39 [INFO] [BRIDGE] [LOG] osc.show_bridge.in - RECV /state/group/3/playing (1.0,)
2025-12-15 16:13:39 [INFO] [BRIDGE] [LOG] osc.show_bridge.in - RECV /state/group/3/playing (0.0,)
2025-12-15 16:13:39 [INFO] [BRIDGE] [LOG] osc.show_bridge.in - RECV /state/group/3/playing (0.0,)
2025-12-15 16:13:39 [INFO] [BRIDGE] [LOG] osc.show_bridge.in - RECV /state/group/3/playing (1.0,)
2025-12-15 16:13:39 [INFO] [BRIDGE] [LOG] osc.show_bridge.in - RECV /state/group/3/playing (0.0,)
2025-12-15 16:13:39 [INFO] [BRIDGE] [LOG] osc.show_bridge.in - RECV /state/group/4/intensity (0.040587712079286575,)
2025-12-15 16:13:39 [INFO] [BRIDGE] [LOG] osc.show_bridge.in - RECV /state/group/4/playing/autopilot (0.0,)
2025-12-15 16:13:39 [INFO] [BRIDGE] [LOG] osc.show_bridge.in - RECV /state/group/4/playing (1.0,)
2025-12-15 16:13:39 [INFO] [BRIDGE] [LOG] osc.show_bridge.in - RECV /state/group/4/playing (1.0,)
2025-12-15 16:13:39 [INFO] [BRIDGE] [LOG] osc.show_bridge.in - RECV /state/group/4/playing (0.0,)
2025-12-15 16:13:39 [INFO] [BRIDGE] [LOG] osc.show_bridge.in - RECV /state/group/4/playing (0.0,)
2025-12-15 16:13:39 [INFO] [BRIDGE] [LOG] osc.show_bridge.in - RECV /state/group/4/playing (1.0,)
2025-12-15 16:13:39 [INFO] [BRIDGE] [LOG] osc.show_bridge.in - RECV /state/group/4/playing (0.0,)
2025-12-15 16:13:39 [INFO] [BRIDGE] [LOG] osc.show_bridge.in - RECV /state/group/5/intensity (0.040587712079286575,)
2025-12-15 16:13:39 [INFO] [BRIDGE] [LOG] osc.show_bridge.in - RECV /state/group/5/playing/autopilot (0.0,)
2025-12-15 16:13:39 [INFO] [BRIDGE] [LOG] osc.show_bridge.in - RECV /state/group/5/playing (1.0,)
2025-12-15 16:13:39 [INFO] [BRIDGE] [LOG] osc.show_bridge.in - RECV /state/group/5/playing (1.0,)
2025-12-15 16:13:39 [INFO] [BRIDGE] [LOG] osc.show_bridge.in - RECV /state/group/5/playing (0.0,)
2025-12-15 16:13:39 [INFO] [BRIDGE] [LOG] osc.show_bridge.in - RECV /state/group/5/playing (0.0,)
2025-12-15 16:13:39 [INFO] [BRIDGE] [LOG] osc.show_bridge.in - RECV /state/group/5/playing (1.0,)
2025-12-15 16:13:39 [INFO] [BRIDGE] [LOG] osc.show_bridge.in - RECV /state/group/5/playing (0.0,)
2025-12-15 16:13:39 [INFO] [BRIDGE] [LOG] osc.show_bridge.in - RECV /state/group/6/intensity (0.040587712079286575,)
2025-12-15 16:13:39 [INFO] [BRIDGE] [LOG] osc.show_bridge.in - RECV /state/group/6/playing/autopilot (0.0,)
2025-12-15 16:13:39 [INFO] [BRIDGE] [LOG] osc.show_bridge.in - RECV /state/group/6/playing (1.0,)
2025-12-15 16:13:39 [INFO] [BRIDGE] [LOG] osc.show_bridge.in - RECV /state/group/6/playing (1.0,)
2025-12-15 16:13:39 [INFO] [BRIDGE] [LOG] osc.show_bridge.in - RECV /state/group/6/playing (0.0,)
2025-12-15 16:13:39 [INFO] [BRIDGE] [LOG] osc.show_bridge.in - RECV /state/group/6/playing (0.0,)
2025-12-15 16:13:39 [INFO] [BRIDGE] [LOG] osc.show_bridge.in - RECV /state/group/6/playing (1.0,)
2025-12-15 16:13:39 [INFO] [BRIDGE] [LOG] osc.show_bridge.in - RECV /state/group/6/playing (0.0,)
2025-12-15 16:13:39 [INFO] [BRIDGE] [LOG] osc.show_bridge.in - RECV /state/group/7/intensity (0.040587712079286575,)
2025-12-15 16:13:39 [INFO] [BRIDGE] [LOG] osc.show_bridge.in - RECV /state/group/7/playing/autopilot (0.0,)
2025-12-15 16:13:39 [INFO] [BRIDGE] [LOG] osc.show_bridge.in - RECV /state/group/7/playing (1.0,)
2025-12-15 16:13:39 [INFO] [BRIDGE] [LOG] osc.show_bridge.in - RECV /state/group/7/playing (1.0,)
2025-12-15 16:13:39 [INFO] [BRIDGE] [LOG] osc.show_bridge.in - RECV /state/group/7/playing (0.0,)
2025-12-15 16:13:39 [INFO] [BRIDGE] [LOG] osc.show_bridge.in - RECV /state/group/7/playing (0.0,)
2025-12-15 16:13:39 [INFO] [BRIDGE] [LOG] osc.show_bridge.in - RECV /state/group/7/playing (1.0,)
2025-12-15 16:13:39 [INFO] [BRIDGE] [LOG] osc.show_bridge.in - RECV /state/group/7/playing (0.0,)
2025-12-15 16:13:39 [INFO] [BRIDGE] [LOG] osc.show_bridge.in - RECV /state/group/8/intensity (0.040587712079286575,)
2025-12-15 16:13:39 [INFO] [BRIDGE] [LOG] osc.show_bridge.in - RECV /state/group/8/playing/autopilot (0.0,)
2025-12-15 16:13:39 [INFO] [BRIDGE] [LOG] osc.show_bridge.in - RECV /state/group/8/playing (1.0,)
2025-12-15 16:13:39 [INFO] [BRIDGE] [LOG] osc.show_bridge.in - RECV /state/group/8/playing (1.0,)
2025-12-15 16:13:39 [INFO] [BRIDGE] [LOG] osc.show_bridge.in - RECV /state/group/8/playing (0.0,)
2025-12-15 16:13:39 [INFO] [BRIDGE] [LOG] osc.show_bridge.in - RECV /state/group/8/playing (0.0,)
2025-12-15 16:13:39 [INFO] [BRIDGE] [LOG] osc.show_bridge.in - RECV /state/group/8/playing (1.0,)
2025-12-15 16:13:39 [INFO] [BRIDGE] [LOG] osc.show_bridge.in - RECV /state/group/8/playing (0.0,)
2025-12-15 16:13:40 [INFO] [BRIDGE] [LOG] osc.show_bridge.in - RECV /state/group/1/intensity (0.05554585158824921,)
2025-12-15 16:13:40 [INFO] [BRIDGE] [LOG] osc.show_bridge.in - RECV /state/group/2/intensity (0.08071106672286987,)
2025-12-15 16:13:40 [INFO] [BRIDGE] [LOG] osc.show_bridge.in - RECV /state/group/3/intensity (0.01615826040506363,)
2025-12-15 16:13:40 [INFO] [BRIDGE] [LOG] osc.show_bridge.in - RECV /state/group/4/intensity (0.01615826040506363,)
2025-12-15 16:13:40 [INFO] [BRIDGE] [LOG] osc.show_bridge.in - RECV /state/group/5/intensity (0.01615826040506363,)
2025-12-15 16:13:40 [INFO] [BRIDGE] [LOG] osc.show_bridge.in - RECV /state/group/6/intensity (0.01615826040506363,)
2025-12-15 16:13:40 [INFO] [BRIDGE] [LOG] osc.show_bridge.in - RECV /state/group/7/intensity (0.01615826040506363,)
2025-12-15 16:13:40 [INFO] [BRIDGE] [LOG] osc.show_bridge.in - RECV /state/group/8/intensity (0.01615826040506363,)
2025-12-15 16:13:40 [INFO] [BRIDGE] [LOG] osc.show_bridge.in - RECV /state/group/1/intensity (0.046482279896736145,)
2025-12-15 16:13:40 [INFO] [BRIDGE] [LOG] osc.show_bridge.in - RECV /state/group/2/intensity (0.07207044214010239,)
2025-12-15 16:13:40 [INFO] [BRIDGE] [LOG] osc.show_bridge.in - RECV /state/group/3/intensity (0.006432719994336367,)
2025-12-15 16:13:40 [INFO] [BRIDGE] [LOG] osc.show_bridge.in - RECV /state/group/4/intensity (0.006432719994336367,)
2025-12-15 16:13:40 [INFO] [BRIDGE] [LOG] osc.show_bridge.in - RECV /state/group/5/intensity (0.006432719994336367,)
2025-12-15 16:13:40 [INFO] [BRIDGE] [LOG] osc.show_bridge.in - RECV /state/group/6/intensity (0.006432719994336367,)
2025-12-15 16:13:40 [INFO] [BRIDGE] [LOG] osc.show_bridge.in - RECV /state/group/7/intensity (0.006432719994336367,)
2025-12-15 16:13:40 [INFO] [BRIDGE] [LOG] osc.show_bridge.in - RECV /state/group/8/intensity (0.006432719994336367,)
2025-12-15 16:13:40 [INFO] [BRIDGE] [LOG] osc.show_bridge.in - RECV /state/group/1/intensity (0.044571660459041595,)
2025-12-15 16:13:40 [INFO] [BRIDGE] [LOG] osc.show_bridge.in - RECV /state/group/2/intensity (0.07024898380041122,)
2025-12-15 16:13:40 [INFO] [BRIDGE] [LOG] osc.show_bridge.in - RECV /state/group/3/intensity (0.004382560960948467,)
2025-12-15 16:13:40 [INFO] [BRIDGE] [LOG] osc.show_bridge.in - RECV /state/group/4/intensity (0.004382560960948467,)
2025-12-15 16:13:40 [INFO] [BRIDGE] [LOG] osc.show_bridge.in - RECV /state/group/5/intensity (0.004382560960948467,)
2025-12-15 16:13:40 [INFO] [BRIDGE] [LOG] osc.show_bridge.in - RECV /state/group/6/intensity (0.004382560960948467,)
2025-12-15 16:13:40 [INFO] [BRIDGE] [LOG] osc.show_bridge.in - RECV /state/group/7/intensity (0.004382560960948467,)
2025-12-15 16:13:40 [INFO] [BRIDGE] [LOG] osc.show_bridge.in - RECV /state/group/8/intensity (0.004382560960948467,)
2025-12-15 16:13:40 [INFO] [BRIDGE] [LOG] osc.show_bridge.in - RECV /state/group/1/intensity (0.04269767925143242,)
2025-12-15 16:13:40 [INFO] [BRIDGE] [LOG] osc.show_bridge.in - RECV /state/group/2/intensity (0.06846244633197784,)
2025-12-15 16:13:40 [INFO] [BRIDGE] [LOG] osc.show_bridge.in - RECV /state/group/3/intensity (0.002371708396822214,)
2025-12-15 16:13:40 [INFO] [BRIDGE] [LOG] osc.show_bridge.in - RECV /state/group/4/intensity (0.002371708396822214,)
2025-12-15 16:13:40 [INFO] [BRIDGE] [LOG] osc.show_bridge.in - RECV /state/group/5/intensity (0.002371708396822214,)
2025-12-15 16:13:40 [INFO] [BRIDGE] [LOG] osc.show_bridge.in - RECV /state/group/6/intensity (0.002371708396822214,)
2025-12-15 16:13:40 [INFO] [BRIDGE] [LOG] osc.show_bridge.in - RECV /state/group/7/intensity (0.002371708396822214,)
2025-12-15 16:13:40 [INFO] [BRIDGE] [LOG] osc.show_bridge.in - RECV /state/group/8/intensity (0.002371708396822214,)
2025-12-15 16:13:40 [INFO] [BRIDGE] [LOG] osc.show_bridge.in - RECV /state/group/1/intensity (0.041683536022901535,)
2025-12-15 16:13:40 [INFO] [BRIDGE] [LOG] osc.show_bridge.in - RECV /state/group/2/intensity (0.06749562174081802,)
2025-12-15 16:13:40 [INFO] [BRIDGE] [LOG] osc.show_bridge.in - RECV /state/group/3/intensity (0.0012834963854402304,)
2025-12-15 16:13:40 [INFO] [BRIDGE] [LOG] osc.show_bridge.in - RECV /state/group/4/intensity (0.0012834963854402304,)
2025-12-15 16:13:40 [INFO] [BRIDGE] [LOG] osc.show_bridge.in - RECV /state/group/5/intensity (0.0012834963854402304,)
2025-12-15 16:13:40 [INFO] [BRIDGE] [LOG] osc.show_bridge.in - RECV /state/group/6/intensity (0.0012834963854402304,)
2025-12-15 16:13:40 [INFO] [BRIDGE] [LOG] osc.show_bridge.in - RECV /state/group/7/intensity (0.0012834963854402304,)
2025-12-15 16:13:40 [INFO] [BRIDGE] [LOG] osc.show_bridge.in - RECV /state/group/8/intensity (0.0012834963854402304,)
2025-12-15 16:13:41 [INFO] [BRIDGE] [LOG] osc.show_bridge.in - RECV /state/group/1/intensity (0.04118635132908821,)
2025-12-15 16:13:41 [INFO] [BRIDGE] [LOG] osc.show_bridge.in - RECV /state/group/2/intensity (0.06702163815498352,)
2025-12-15 16:13:41 [INFO] [BRIDGE] [LOG] osc.show_bridge.in - RECV /state/group/3/intensity (0.0007500001229345798,)
2025-12-15 16:13:41 [INFO] [BRIDGE] [LOG] osc.show_bridge.in - RECV /state/group/4/intensity (0.0007500001229345798,)
2025-12-15 16:13:41 [INFO] [BRIDGE] [LOG] osc.show_bridge.in - RECV /state/group/5/intensity (0.0007500001229345798,)
2025-12-15 16:13:41 [INFO] [BRIDGE] [LOG] osc.show_bridge.in - RECV /state/group/6/intensity (0.0007500001229345798,)
2025-12-15 16:13:41 [INFO] [BRIDGE] [LOG] osc.show_bridge.in - RECV /state/group/7/intensity (0.0007500001229345798,)
2025-12-15 16:13:41 [INFO] [BRIDGE] [LOG] osc.show_bridge.in - RECV /state/group/8/intensity (0.0007500001229345798,)
2025-12-15 16:13:41 [INFO] [BRIDGE] [LOG] osc.show_bridge.in - RECV /state/group/1/intensity (0.04092840850353241,)
2025-12-15 16:13:41 [INFO] [BRIDGE] [LOG] osc.show_bridge.in - RECV /state/group/2/intensity (0.06677573174238205,)
2025-12-15 16:13:41 [INFO] [BRIDGE] [LOG] osc.show_bridge.in - RECV /state/group/3/intensity (0.00047321809688583016,)
2025-12-15 16:13:41 [INFO] [BRIDGE] [LOG] osc.show_bridge.in - RECV /state/group/4/intensity (0.00047321809688583016,)
2025-12-15 16:13:41 [INFO] [BRIDGE] [LOG] osc.show_bridge.in - RECV /state/group/5/intensity (0.00047321809688583016,)
2025-12-15 16:13:41 [INFO] [BRIDGE] [LOG] osc.show_bridge.in - RECV /state/group/6/intensity (0.00047321809688583016,)
2025-12-15 16:13:41 [INFO] [BRIDGE] [LOG] osc.show_bridge.in - RECV /state/group/7/intensity (0.00047321809688583016,)
2025-12-15 16:13:41 [INFO] [BRIDGE] [LOG] osc.show_bridge.in - RECV /state/group/8/intensity (0.00047321809688583016,)
2025-12-15 16:13:41 [INFO] [BRIDGE] [LOG] osc.show_bridge.in - RECV /state/group/1/intensity (0.040765658020973206,)
2025-12-15 16:13:41 [INFO] [BRIDGE] [LOG] osc.show_bridge.in - RECV /state/group/2/intensity (0.06662057340145111,)
2025-12-15 16:13:41 [INFO] [BRIDGE] [LOG] osc.show_bridge.in - RECV /state/group/3/intensity (0.00029858044581487775,)
2025-12-15 16:13:41 [INFO] [BRIDGE] [LOG] osc.show_bridge.in - RECV /state/group/4/intensity (0.00029858044581487775,)
2025-12-15 16:13:41 [INFO] [BRIDGE] [LOG] osc.show_bridge.in - RECV /state/group/5/intensity (0.00029858044581487775,)
2025-12-15 16:13:41 [INFO] [BRIDGE] [LOG] osc.show_bridge.in - RECV /state/group/6/intensity (0.00029858044581487775,)
2025-12-15 16:13:41 [INFO] [BRIDGE] [LOG] osc.show_bridge.in - RECV /state/group/7/intensity (0.00029858044581487775,)
2025-12-15 16:13:41 [INFO] [BRIDGE] [LOG] osc.show_bridge.in - RECV /state/group/8/intensity (0.00029858044581487775,)
2025-12-15 16:13:41 [INFO] [BRIDGE] [LOG] osc.show_bridge.in - RECV /state/group/1/intensity (0.04067697376012802,)
2025-12-15 16:13:41 [INFO] [BRIDGE] [LOG] osc.show_bridge.in - RECV /state/group/2/intensity (0.06653603911399841,)
2025-12-15 16:13:41 [INFO] [BRIDGE] [LOG] osc.show_bridge.in - RECV /state/group/3/intensity (0.00020342048082966357,)
2025-12-15 16:13:41 [INFO] [BRIDGE] [LOG] osc.show_bridge.in - RECV /state/group/4/intensity (0.00020342048082966357,)
2025-12-15 16:13:41 [INFO] [BRIDGE] [LOG] osc.show_bridge.in - RECV /state/group/5/intensity (0.00020342048082966357,)
2025-12-15 16:13:41 [INFO] [BRIDGE] [LOG] osc.show_bridge.in - RECV /state/group/6/intensity (0.00020342048082966357,)
2025-12-15 16:13:41 [INFO] [BRIDGE] [LOG] osc.show_bridge.in - RECV /state/group/7/intensity (0.00020342048082966357,)
2025-12-15 16:13:41 [INFO] [BRIDGE] [LOG] osc.show_bridge.in - RECV /state/group/8/intensity (0.00020342048082966357,)
2025-12-15 16:13:41 [INFO] [BRIDGE] [LOG] osc.show_bridge.in - RECV /state/group/1/intensity (0.040598176419734955,)
2025-12-15 16:13:41 [INFO] [BRIDGE] [LOG] osc.show_bridge.in - RECV /state/group/2/intensity (0.06646091490983963,)
2025-12-15 16:13:41 [INFO] [BRIDGE] [LOG] osc.show_bridge.in - RECV /state/group/3/intensity (0.00011886702122865245,)
2025-12-15 16:13:41 [INFO] [BRIDGE] [LOG] osc.show_bridge.in - RECV /state/group/4/intensity (0.00011886702122865245,)
2025-12-15 16:13:41 [INFO] [BRIDGE] [LOG] osc.show_bridge.in - RECV /state/group/5/intensity (0.00011886702122865245,)
2025-12-15 16:13:41 [INFO] [BRIDGE] [LOG] osc.show_bridge.in - RECV /state/group/6/intensity (0.00011886702122865245,)
2025-12-15 16:13:41 [INFO] [BRIDGE] [LOG] osc.show_bridge.in - RECV /state/group/7/intensity (0.00011886702122865245,)
2025-12-15 16:13:41 [INFO] [BRIDGE] [LOG] osc.show_bridge.in - RECV /state/group/8/intensity (0.00011886702122865245,)
2025-12-15 16:13:41 [INFO] [BRIDGE] [LOG] osc.show_bridge.in - RECV /state/group/1/intensity (0.040557295083999634,)
2025-12-15 16:13:41 [INFO] [BRIDGE] [LOG] osc.show_bridge.in - RECV /state/group/2/intensity (0.06642194092273712,)
2025-12-15 16:13:41 [INFO] [BRIDGE] [LOG] osc.show_bridge.in - RECV /state/group/3/intensity (7.500002539018169e-05,)
2025-12-15 16:13:41 [INFO] [BRIDGE] [LOG] osc.show_bridge.in - RECV /state/group/4/intensity (7.500002539018169e-05,)
2025-12-15 16:13:41 [INFO] [BRIDGE] [LOG] osc.show_bridge.in - RECV /state/group/5/intensity (7.500002539018169e-05,)
2025-12-15 16:13:41 [INFO] [BRIDGE] [LOG] osc.show_bridge.in - RECV /state/group/6/intensity (7.500002539018169e-05,)
2025-12-15 16:13:41 [INFO] [BRIDGE] [LOG] osc.show_bridge.in - RECV /state/group/7/intensity (7.500002539018169e-05,)
2025-12-15 16:13:41 [INFO] [BRIDGE] [LOG] osc.show_bridge.in - RECV /state/group/8/intensity (7.500002539018169e-05,)
2025-12-15 16:13:41 [INFO] [BRIDGE] [LOG] osc.show_bridge.in - RECV /state/group/1/intensity (0.040531501173973083,)
2025-12-15 16:13:41 [INFO] [BRIDGE] [LOG] osc.show_bridge.in - RECV /state/group/2/intensity (0.06639734655618668,)
2025-12-15 16:13:41 [INFO] [BRIDGE] [LOG] osc.show_bridge.in - RECV /state/group/3/intensity (4.732182060251944e-05,)
2025-12-15 16:13:41 [INFO] [BRIDGE] [LOG] osc.show_bridge.in - RECV /state/group/4/intensity (4.732182060251944e-05,)
2025-12-15 16:13:41 [INFO] [BRIDGE] [LOG] osc.show_bridge.in - RECV /state/group/5/intensity (4.732182060251944e-05,)
2025-12-15 16:13:41 [INFO] [BRIDGE] [LOG] osc.show_bridge.in - RECV /state/group/6/intensity (4.732182060251944e-05,)
2025-12-15 16:13:41 [INFO] [BRIDGE] [LOG] osc.show_bridge.in - RECV /state/group/7/intensity (4.732182060251944e-05,)
2025-12-15 16:13:41 [INFO] [BRIDGE] [LOG] osc.show_bridge.in - RECV /state/group/8/intensity (4.732182060251944e-05,)
2025-12-15 16:13:41 [INFO] [BRIDGE] [LOG] osc.show_bridge.in - RECV /state/group/1/intensity (0.0405152253806591,)
2025-12-15 16:13:41 [INFO] [BRIDGE] [LOG] osc.show_bridge.in - RECV /state/group/2/intensity (0.06638182699680328,)
2025-12-15 16:13:41 [INFO] [BRIDGE] [LOG] osc.show_bridge.in - RECV /state/group/3/intensity (2.985805258504115e-05,)
2025-12-15 16:13:41 [INFO] [BRIDGE] [LOG] osc.show_bridge.in - RECV /state/group/4/intensity (2.985805258504115e-05,)
2025-12-15 16:13:41 [INFO] [BRIDGE] [LOG] osc.show_bridge.in - RECV /state/group/5/intensity (2.985805258504115e-05,)
2025-12-15 16:13:41 [INFO] [BRIDGE] [LOG] osc.show_bridge.in - RECV /state/group/6/intensity (2.985805258504115e-05,)
2025-12-15 16:13:41 [INFO] [BRIDGE] [LOG] osc.show_bridge.in - RECV /state/group/7/intensity (2.985805258504115e-05,)
2025-12-15 16:13:41 [INFO] [BRIDGE] [LOG] osc.show_bridge.in - RECV /state/group/8/intensity (2.985805258504115e-05,)
2025-12-15 16:13:41 [INFO] [BRIDGE] [LOG] osc.show_bridge.in - RECV /state/group/1/intensity (0.04050495848059654,)
2025-12-15 16:13:41 [INFO] [BRIDGE] [LOG] osc.show_bridge.in - RECV /state/group/2/intensity (0.06637203693389893,)
2025-12-15 16:13:41 [INFO] [BRIDGE] [LOG] osc.show_bridge.in - RECV /state/group/3/intensity (1.8839158656192012e-05,)
2025-12-15 16:13:41 [INFO] [BRIDGE] [LOG] osc.show_bridge.in - RECV /state/group/4/intensity (1.8839158656192012e-05,)
2025-12-15 16:13:41 [INFO] [BRIDGE] [LOG] osc.show_bridge.in - RECV /state/group/5/intensity (1.8839158656192012e-05,)
2025-12-15 16:13:41 [INFO] [BRIDGE] [LOG] osc.show_bridge.in - RECV /state/group/6/intensity (1.8839158656192012e-05,)
2025-12-15 16:13:41 [INFO] [BRIDGE] [LOG] osc.show_bridge.in - RECV /state/group/7/intensity (1.8839158656192012e-05,)
2025-12-15 16:13:41 [INFO] [BRIDGE] [LOG] osc.show_bridge.in - RECV /state/group/8/intensity (1.8839158656192012e-05,)
2025-12-15 16:13:41 [INFO] [BRIDGE] [LOG] osc.show_bridge.in - RECV /state/group/1/intensity (0.040499359369277954,)
2025-12-15 16:13:41 [INFO] [BRIDGE] [LOG] osc.show_bridge.in - RECV /state/group/2/intensity (0.06636670231819153,)
2025-12-15 16:13:41 [INFO] [BRIDGE] [LOG] osc.show_bridge.in - RECV /state/group/3/intensity (1.2834968401875813e-05,)
2025-12-15 16:13:41 [INFO] [BRIDGE] [LOG] osc.show_bridge.in - RECV /state/group/4/intensity (1.2834968401875813e-05,)
2025-12-15 16:13:41 [INFO] [BRIDGE] [LOG] osc.show_bridge.in - RECV /state/group/5/intensity (1.2834968401875813e-05,)
2025-12-15 16:13:41 [INFO] [BRIDGE] [LOG] osc.show_bridge.in - RECV /state/group/6/intensity (1.2834968401875813e-05,)
2025-12-15 16:13:41 [INFO] [BRIDGE] [LOG] osc.show_bridge.in - RECV /state/group/7/intensity (1.2834968401875813e-05,)
2025-12-15 16:13:41 [INFO] [BRIDGE] [LOG] osc.show_bridge.in - RECV /state/group/8/intensity (1.2834968401875813e-05,)
2025-12-15 16:13:42 [INFO] [BRIDGE] [LOG] osc.show_bridge.in - RECV /state/group/1/intensity (0.04049494490027428,)
2025-12-15 16:13:42 [INFO] [BRIDGE] [LOG] osc.show_bridge.in - RECV /state/group/2/intensity (0.06636249274015427,)
2025-12-15 16:13:42 [INFO] [BRIDGE] [LOG] osc.show_bridge.in - RECV /state/group/3/intensity (0.0,)
2025-12-15 16:13:42 [INFO] [BRIDGE] [LOG] osc.show_bridge.in - RECV /state/group/4/intensity (0.0,)
2025-12-15 16:13:42 [INFO] [BRIDGE] [LOG] osc.show_bridge.in - RECV /state/group/5/intensity (0.0,)
2025-12-15 16:13:42 [INFO] [BRIDGE] [LOG] osc.show_bridge.in - RECV /state/group/6/intensity (0.0,)
2025-12-15 16:13:42 [INFO] [BRIDGE] [LOG] osc.show_bridge.in - RECV /state/group/7/intensity (0.0,)
2025-12-15 16:13:42 [INFO] [BRIDGE] [LOG] osc.show_bridge.in - RECV /state/group/8/intensity (0.0,)
2025-12-15 16:13:42 [INFO] [BRIDGE] [LOG] osc.show_bridge.in - RECV /state/group/1/intensity (0.04049253836274147,)
2025-12-15 16:13:42 [INFO] [BRIDGE] [LOG] osc.show_bridge.in - RECV /state/group/2/intensity (0.06636020541191101,)
2025-12-15 16:13:42 [INFO] [BRIDGE] [LOG] osc.show_bridge.in - RECV /state/group/1/intensity (0.04049064591526985,)
2025-12-15 16:13:42 [INFO] [BRIDGE] [LOG] osc.show_bridge.in - RECV /state/group/2/intensity (0.06635838747024536,)
2025-12-15 16:13:42 [INFO] [BRIDGE] [LOG] osc.show_bridge.in - RECV /state/group/1/intensity (0.04048890620470047,)
2025-12-15 16:13:42 [INFO] [BRIDGE] [LOG] osc.show_bridge.in - RECV /state/group/2/intensity (0.06635673344135284,)
2025-12-15 16:13:42 [INFO] [BRIDGE] [LOG] osc.show_bridge.in - RECV /state/group/1/intensity (0.04048827663064003,)
2025-12-15 16:13:42 [INFO] [BRIDGE] [LOG] osc.show_bridge.in - RECV /state/group/2/intensity (0.06635614484548569,)
2025-12-15 16:13:42 [INFO] [BRIDGE] [LOG] osc.show_bridge.in - RECV /state/group/1/intensity (0.040487997233867645,)
2025-12-15 16:13:42 [INFO] [BRIDGE] [LOG] osc.show_bridge.in - RECV /state/group/2/intensity (0.0663558766245842,)
2025-12-15 16:13:42 [INFO] [BRIDGE] [LOG] osc.show_bridge.in - RECV /state/group/1/intensity (0.04048740118741989,)
2025-12-15 16:13:42 [INFO] [BRIDGE] [LOG] osc.show_bridge.in - RECV /state/group/2/intensity (0.06635530292987823,)
2025-12-15 16:16:56 [INFO] [BRIDGE] [LOG] osc.show_bridge.in - RECV /state/group/3/transforms/enabled (0.0,)
2025-12-15 16:16:56 [INFO] [BRIDGE] [LOG] osc.show_bridge.in - RECV /state/group/3/effects/enabled (0.0,)
2025-12-15 16:20:13 [INFO] [BRIDGE] [LOG] osc.show_bridge.in - RECV /state/group/1/intensity (0.07831250876188278,)
2025-12-15 16:20:13 [INFO] [BRIDGE] [LOG] osc.show_bridge.in - RECV /state/group/1/playing/autopilot (0.0,)
2025-12-15 16:20:13 [INFO] [BRIDGE] [LOG] osc.show_bridge.in - RECV /state/group/1/playing (1.0,)
2025-12-15 16:20:13 [INFO] [BRIDGE] [LOG] osc.show_bridge.in - RECV /state/group/1/playing (1.0,)
2025-12-15 16:20:13 [INFO] [BRIDGE] [LOG] osc.show_bridge.in - RECV /state/group/1/playing (0.0,)
2025-12-15 16:20:13 [INFO] [BRIDGE] [LOG] osc.show_bridge.in - RECV /state/group/1/playing (0.0,)
2025-12-15 16:20:13 [INFO] [BRIDGE] [LOG] osc.show_bridge.in - RECV /state/group/1/playing (1.0,)
2025-12-15 16:20:13 [INFO] [BRIDGE] [LOG] osc.show_bridge.in - RECV /state/group/1/playing (0.0,)
2025-12-15 16:20:13 [INFO] [BRIDGE] [LOG] osc.show_bridge.in - RECV /state/group/2/intensity (0.10241533815860748,)
2025-12-15 16:20:13 [INFO] [BRIDGE] [LOG] osc.show_bridge.in - RECV /state/group/2/playing/autopilot (0.0,)
2025-12-15 16:20:13 [INFO] [BRIDGE] [LOG] osc.show_bridge.in - RECV /state/group/2/playing (1.0,)
2025-12-15 16:20:13 [INFO] [BRIDGE] [LOG] osc.show_bridge.in - RECV /state/group/2/playing (1.0,)
2025-12-15 16:20:13 [INFO] [BRIDGE] [LOG] osc.show_bridge.in - RECV /state/group/2/playing (0.0,)
2025-12-15 16:20:13 [INFO] [BRIDGE] [LOG] osc.show_bridge.in - RECV /state/group/2/playing (0.0,)
2025-12-15 16:20:13 [INFO] [BRIDGE] [LOG] osc.show_bridge.in - RECV /state/group/2/playing (1.0,)
2025-12-15 16:20:13 [INFO] [BRIDGE] [LOG] osc.show_bridge.in - RECV /state/group/2/playing (0.0,)
2025-12-15 16:20:13 [INFO] [BRIDGE] [LOG] osc.show_bridge.in - RECV /state/group/3/intensity (0.040587712079286575,)
2025-12-15 16:20:13 [INFO] [BRIDGE] [LOG] osc.show_bridge.in - RECV /state/group/3/playing/autopilot (0.0,)
2025-12-15 16:20:13 [INFO] [BRIDGE] [LOG] osc.show_bridge.in - RECV /state/group/3/playing (1.0,)
2025-12-15 16:20:13 [INFO] [BRIDGE] [LOG] osc.show_bridge.in - RECV /state/group/3/playing (1.0,)
2025-12-15 16:20:13 [INFO] [BRIDGE] [LOG] osc.show_bridge.in - RECV /state/group/3/playing (0.0,)
2025-12-15 16:20:13 [INFO] [BRIDGE] [LOG] osc.show_bridge.in - RECV /state/group/3/playing (0.0,)
2025-12-15 16:20:13 [INFO] [BRIDGE] [LOG] osc.show_bridge.in - RECV /state/group/3/playing (1.0,)
2025-12-15 16:20:13 [INFO] [BRIDGE] [LOG] osc.show_bridge.in - RECV /state/group/3/playing (0.0,)
2025-12-15 16:20:13 [INFO] [BRIDGE] [LOG] osc.show_bridge.in - RECV /state/group/4/intensity (0.040587712079286575,)
2025-12-15 16:20:13 [INFO] [BRIDGE] [LOG] osc.show_bridge.in - RECV /state/group/4/playing/autopilot (0.0,)
2025-12-15 16:20:13 [INFO] [BRIDGE] [LOG] osc.show_bridge.in - RECV /state/group/4/playing (1.0,)
2025-12-15 16:20:13 [INFO] [BRIDGE] [LOG] osc.show_bridge.in - RECV /state/group/4/playing (1.0,)
2025-12-15 16:20:13 [INFO] [BRIDGE] [LOG] osc.show_bridge.in - RECV /state/group/4/playing (0.0,)
2025-12-15 16:20:13 [INFO] [BRIDGE] [LOG] osc.show_bridge.in - RECV /state/group/4/playing (0.0,)
2025-12-15 16:20:13 [INFO] [BRIDGE] [LOG] osc.show_bridge.in - RECV /state/group/4/playing (1.0,)
2025-12-15 16:20:13 [INFO] [BRIDGE] [LOG] osc.show_bridge.in - RECV /state/group/4/playing (0.0,)
2025-12-15 16:20:13 [INFO] [BRIDGE] [LOG] osc.show_bridge.in - RECV /state/group/5/intensity (0.040587712079286575,)
2025-12-15 16:20:13 [INFO] [BRIDGE] [LOG] osc.show_bridge.in - RECV /state/group/5/playing/autopilot (0.0,)
2025-12-15 16:20:13 [INFO] [BRIDGE] [LOG] osc.show_bridge.in - RECV /state/group/5/playing (1.0,)
2025-12-15 16:20:13 [INFO] [BRIDGE] [LOG] osc.show_bridge.in - RECV /state/group/5/playing (1.0,)
2025-12-15 16:20:13 [INFO] [BRIDGE] [LOG] osc.show_bridge.in - RECV /state/group/5/playing (0.0,)
2025-12-15 16:20:13 [INFO] [BRIDGE] [LOG] osc.show_bridge.in - RECV /state/group/5/playing (0.0,)
2025-12-15 16:20:13 [INFO] [BRIDGE] [LOG] osc.show_bridge.in - RECV /state/group/5/playing (1.0,)
2025-12-15 16:20:13 [INFO] [BRIDGE] [LOG] osc.show_bridge.in - RECV /state/group/5/playing (0.0,)
2025-12-15 16:20:13 [INFO] [BRIDGE] [LOG] osc.show_bridge.in - RECV /state/group/6/intensity (0.040587712079286575,)
2025-12-15 16:20:13 [INFO] [BRIDGE] [LOG] osc.show_bridge.in - RECV /state/group/6/playing/autopilot (0.0,)
2025-12-15 16:20:13 [INFO] [BRIDGE] [LOG] osc.show_bridge.in - RECV /state/group/6/playing (1.0,)
2025-12-15 16:20:13 [INFO] [BRIDGE] [LOG] osc.show_bridge.in - RECV /state/group/6/playing (1.0,)
2025-12-15 16:20:13 [INFO] [BRIDGE] [LOG] osc.show_bridge.in - RECV /state/group/6/playing (0.0,)
2025-12-15 16:20:13 [INFO] [BRIDGE] [LOG] osc.show_bridge.in - RECV /state/group/6/playing (0.0,)
2025-12-15 16:20:13 [INFO] [BRIDGE] [LOG] osc.show_bridge.in - RECV /state/group/6/playing (1.0,)
2025-12-15 16:20:13 [INFO] [BRIDGE] [LOG] osc.show_bridge.in - RECV /state/group/6/playing (0.0,)
2025-12-15 16:20:13 [INFO] [BRIDGE] [LOG] osc.show_bridge.in - RECV /state/group/7/intensity (0.040587712079286575,)
2025-12-15 16:20:13 [INFO] [BRIDGE] [LOG] osc.show_bridge.in - RECV /state/group/7/playing/autopilot (0.0,)
2025-12-15 16:20:13 [INFO] [BRIDGE] [LOG] osc.show_bridge.in - RECV /state/group/7/playing (1.0,)
2025-12-15 16:20:13 [INFO] [BRIDGE] [LOG] osc.show_bridge.in - RECV /state/group/7/playing (1.0,)
2025-12-15 16:20:13 [INFO] [BRIDGE] [LOG] osc.show_bridge.in - RECV /state/group/7/playing (0.0,)
2025-12-15 16:20:13 [INFO] [BRIDGE] [LOG] osc.show_bridge.in - RECV /state/group/7/playing (0.0,)
2025-12-15 16:20:13 [INFO] [BRIDGE] [LOG] osc.show_bridge.in - RECV /state/group/7/playing (1.0,)
2025-12-15 16:20:13 [INFO] [BRIDGE] [LOG] osc.show_bridge.in - RECV /state/group/7/playing (0.0,)
2025-12-15 16:20:13 [INFO] [BRIDGE] [LOG] osc.show_bridge.in - RECV /state/group/8/intensity (0.040587712079286575,)
2025-12-15 16:20:13 [INFO] [BRIDGE] [LOG] osc.show_bridge.in - RECV /state/group/8/playing/autopilot (0.0,)
2025-12-15 16:20:13 [INFO] [BRIDGE] [LOG] osc.show_bridge.in - RECV /state/group/8/playing (1.0,)
2025-12-15 16:20:13 [INFO] [BRIDGE] [LOG] osc.show_bridge.in - RECV /state/group/8/playing (1.0,)
2025-12-15 16:20:13 [INFO] [BRIDGE] [LOG] osc.show_bridge.in - RECV /state/group/8/playing (0.0,)
2025-12-15 16:20:13 [INFO] [BRIDGE] [LOG] osc.show_bridge.in - RECV /state/group/8/playing (0.0,)
2025-12-15 16:20:13 [INFO] [BRIDGE] [LOG] osc.show_bridge.in - RECV /state/group/8/playing (1.0,)
2025-12-15 16:20:13 [INFO] [BRIDGE] [LOG] osc.show_bridge.in - RECV /state/group/8/playing (0.0,)
2025-12-15 16:20:14 [INFO] [BRIDGE] [LOG] osc.show_bridge.in - RECV /state/group/1/intensity (0.05554585158824921,)
2025-12-15 16:20:14 [INFO] [BRIDGE] [LOG] osc.show_bridge.in - RECV /state/group/2/intensity (0.08071106672286987,)
2025-12-15 16:20:14 [INFO] [BRIDGE] [LOG] osc.show_bridge.in - RECV /state/group/3/intensity (0.01615826040506363,)
2025-12-15 16:20:14 [INFO] [BRIDGE] [LOG] osc.show_bridge.in - RECV /state/group/4/intensity (0.01615826040506363,)
2025-12-15 16:20:14 [INFO] [BRIDGE] [LOG] osc.show_bridge.in - RECV /state/group/5/intensity (0.01615826040506363,)
2025-12-15 16:20:14 [INFO] [BRIDGE] [LOG] osc.show_bridge.in - RECV /state/group/6/intensity (0.01615826040506363,)
2025-12-15 16:20:14 [INFO] [BRIDGE] [LOG] osc.show_bridge.in - RECV /state/group/7/intensity (0.01615826040506363,)
2025-12-15 16:20:14 [INFO] [BRIDGE] [LOG] osc.show_bridge.in - RECV /state/group/8/intensity (0.01615826040506363,)
2025-12-15 16:20:14 [INFO] [BRIDGE] [LOG] osc.show_bridge.in - RECV /state/group/1/intensity (0.046482279896736145,)
2025-12-15 16:20:14 [INFO] [BRIDGE] [LOG] osc.show_bridge.in - RECV /state/group/2/intensity (0.07207044214010239,)
2025-12-15 16:20:14 [INFO] [BRIDGE] [LOG] osc.show_bridge.in - RECV /state/group/3/intensity (0.006432719994336367,)
2025-12-15 16:20:14 [INFO] [BRIDGE] [LOG] osc.show_bridge.in - RECV /state/group/4/intensity (0.006432719994336367,)
2025-12-15 16:20:14 [INFO] [BRIDGE] [LOG] osc.show_bridge.in - RECV /state/group/5/intensity (0.006432719994336367,)
2025-12-15 16:20:14 [INFO] [BRIDGE] [LOG] osc.show_bridge.in - RECV /state/group/6/intensity (0.006432719994336367,)
2025-12-15 16:20:14 [INFO] [BRIDGE] [LOG] osc.show_bridge.in - RECV /state/group/7/intensity (0.006432719994336367,)
2025-12-15 16:20:14 [INFO] [BRIDGE] [LOG] osc.show_bridge.in - RECV /state/group/8/intensity (0.006432719994336367,)
2025-12-15 16:20:14 [INFO] [BRIDGE] [LOG] osc.show_bridge.in - RECV /state/group/1/intensity (0.04373164474964142,)
2025-12-15 16:20:14 [INFO] [BRIDGE] [LOG] osc.show_bridge.in - RECV /state/group/2/intensity (0.06944816559553146,)
2025-12-15 16:20:14 [INFO] [BRIDGE] [LOG] osc.show_bridge.in - RECV /state/group/3/intensity (0.0034811918158084154,)
2025-12-15 16:20:14 [INFO] [BRIDGE] [LOG] osc.show_bridge.in - RECV /state/group/4/intensity (0.0034811918158084154,)
2025-12-15 16:20:14 [INFO] [BRIDGE] [LOG] osc.show_bridge.in - RECV /state/group/5/intensity (0.0034811918158084154,)
2025-12-15 16:20:14 [INFO] [BRIDGE] [LOG] osc.show_bridge.in - RECV /state/group/6/intensity (0.0034811918158084154,)
2025-12-15 16:20:14 [INFO] [BRIDGE] [LOG] osc.show_bridge.in - RECV /state/group/7/intensity (0.0034811918158084154,)
2025-12-15 16:20:14 [INFO] [BRIDGE] [LOG] osc.show_bridge.in - RECV /state/group/8/intensity (0.0034811918158084154,)
2025-12-15 16:20:14 [INFO] [BRIDGE] [LOG] osc.show_bridge.in - RECV /state/group/1/intensity (0.04211337864398956,)
2025-12-15 16:20:14 [INFO] [BRIDGE] [LOG] osc.show_bridge.in - RECV /state/group/2/intensity (0.06790541112422943,)
2025-12-15 16:20:14 [INFO] [BRIDGE] [LOG] osc.show_bridge.in - RECV /state/group/3/intensity (0.0017447288846597075,)
2025-12-15 16:20:14 [INFO] [BRIDGE] [LOG] osc.show_bridge.in - RECV /state/group/4/intensity (0.0017447288846597075,)
2025-12-15 16:20:14 [INFO] [BRIDGE] [LOG] osc.show_bridge.in - RECV /state/group/5/intensity (0.0017447288846597075,)
2025-12-15 16:20:14 [INFO] [BRIDGE] [LOG] osc.show_bridge.in - RECV /state/group/6/intensity (0.0017447288846597075,)
2025-12-15 16:20:14 [INFO] [BRIDGE] [LOG] osc.show_bridge.in - RECV /state/group/7/intensity (0.0017447288846597075,)
2025-12-15 16:20:14 [INFO] [BRIDGE] [LOG] osc.show_bridge.in - RECV /state/group/8/intensity (0.0017447288846597075,)
2025-12-15 16:20:15 [INFO] [BRIDGE] [LOG] osc.show_bridge.in - RECV /state/group/1/intensity (0.04118635132908821,)
2025-12-15 16:20:15 [INFO] [BRIDGE] [LOG] osc.show_bridge.in - RECV /state/group/2/intensity (0.06702163815498352,)
2025-12-15 16:20:15 [INFO] [BRIDGE] [LOG] osc.show_bridge.in - RECV /state/group/3/intensity (0.0007500001229345798,)
2025-12-15 16:20:15 [INFO] [BRIDGE] [LOG] osc.show_bridge.in - RECV /state/group/4/intensity (0.0007500001229345798,)
2025-12-15 16:20:15 [INFO] [BRIDGE] [LOG] osc.show_bridge.in - RECV /state/group/5/intensity (0.0007500001229345798,)
2025-12-15 16:20:15 [INFO] [BRIDGE] [LOG] osc.show_bridge.in - RECV /state/group/6/intensity (0.0007500001229345798,)
2025-12-15 16:20:15 [INFO] [BRIDGE] [LOG] osc.show_bridge.in - RECV /state/group/7/intensity (0.0007500001229345798,)
2025-12-15 16:20:15 [INFO] [BRIDGE] [LOG] osc.show_bridge.in - RECV /state/group/8/intensity (0.0007500001229345798,)
2025-12-15 16:20:15 [INFO] [BRIDGE] [LOG] osc.show_bridge.in - RECV /state/group/1/intensity (0.040765658020973206,)
2025-12-15 16:20:15 [INFO] [BRIDGE] [LOG] osc.show_bridge.in - RECV /state/group/2/intensity (0.06662057340145111,)
2025-12-15 16:20:15 [INFO] [BRIDGE] [LOG] osc.show_bridge.in - RECV /state/group/3/intensity (0.00029858044581487775,)
2025-12-15 16:20:15 [INFO] [BRIDGE] [LOG] osc.show_bridge.in - RECV /state/group/4/intensity (0.00029858044581487775,)
2025-12-15 16:20:15 [INFO] [BRIDGE] [LOG] osc.show_bridge.in - RECV /state/group/5/intensity (0.00029858044581487775,)
2025-12-15 16:20:15 [INFO] [BRIDGE] [LOG] osc.show_bridge.in - RECV /state/group/6/intensity (0.00029858044581487775,)
2025-12-15 16:20:15 [INFO] [BRIDGE] [LOG] osc.show_bridge.in - RECV /state/group/7/intensity (0.00029858044581487775,)
2025-12-15 16:20:15 [INFO] [BRIDGE] [LOG] osc.show_bridge.in - RECV /state/group/8/intensity (0.00029858044581487775,)
2025-12-15 16:20:15 [INFO] [BRIDGE] [LOG] osc.show_bridge.in - RECV /state/group/1/intensity (0.040598176419734955,)
2025-12-15 16:20:15 [INFO] [BRIDGE] [LOG] osc.show_bridge.in - RECV /state/group/2/intensity (0.06646091490983963,)
2025-12-15 16:20:15 [INFO] [BRIDGE] [LOG] osc.show_bridge.in - RECV /state/group/3/intensity (0.00011886702122865245,)
2025-12-15 16:20:15 [INFO] [BRIDGE] [LOG] osc.show_bridge.in - RECV /state/group/4/intensity (0.00011886702122865245,)
2025-12-15 16:20:15 [INFO] [BRIDGE] [LOG] osc.show_bridge.in - RECV /state/group/5/intensity (0.00011886702122865245,)
2025-12-15 16:20:15 [INFO] [BRIDGE] [LOG] osc.show_bridge.in - RECV /state/group/6/intensity (0.00011886702122865245,)
2025-12-15 16:20:15 [INFO] [BRIDGE] [LOG] osc.show_bridge.in - RECV /state/group/7/intensity (0.00011886702122865245,)
2025-12-15 16:20:15 [INFO] [BRIDGE] [LOG] osc.show_bridge.in - RECV /state/group/8/intensity (0.00011886702122865245,)
2025-12-15 16:20:16 [INFO] [BRIDGE] [LOG] osc.show_bridge.in - RECV /state/group/1/intensity (0.040531501173973083,)
2025-12-15 16:20:16 [INFO] [BRIDGE] [LOG] osc.show_bridge.in - RECV /state/group/2/intensity (0.06639734655618668,)
2025-12-15 16:20:16 [INFO] [BRIDGE] [LOG] osc.show_bridge.in - RECV /state/group/3/intensity (4.732182060251944e-05,)
2025-12-15 16:20:16 [INFO] [BRIDGE] [LOG] osc.show_bridge.in - RECV /state/group/4/intensity (4.732182060251944e-05,)
2025-12-15 16:20:16 [INFO] [BRIDGE] [LOG] osc.show_bridge.in - RECV /state/group/5/intensity (4.732182060251944e-05,)
2025-12-15 16:20:16 [INFO] [BRIDGE] [LOG] osc.show_bridge.in - RECV /state/group/6/intensity (4.732182060251944e-05,)
2025-12-15 16:20:16 [INFO] [BRIDGE] [LOG] osc.show_bridge.in - RECV /state/group/7/intensity (4.732182060251944e-05,)
2025-12-15 16:20:16 [INFO] [BRIDGE] [LOG] osc.show_bridge.in - RECV /state/group/8/intensity (4.732182060251944e-05,)
2025-12-15 16:20:16 [INFO] [BRIDGE] [LOG] osc.show_bridge.in - RECV /state/group/1/intensity (0.0405152253806591,)
2025-12-15 16:20:16 [INFO] [BRIDGE] [LOG] osc.show_bridge.in - RECV /state/group/2/intensity (0.06638182699680328,)
2025-12-15 16:20:16 [INFO] [BRIDGE] [LOG] osc.show_bridge.in - RECV /state/group/3/intensity (2.985805258504115e-05,)
2025-12-15 16:20:16 [INFO] [BRIDGE] [LOG] osc.show_bridge.in - RECV /state/group/4/intensity (2.985805258504115e-05,)
2025-12-15 16:20:16 [INFO] [BRIDGE] [LOG] osc.show_bridge.in - RECV /state/group/5/intensity (2.985805258504115e-05,)
2025-12-15 16:20:16 [INFO] [BRIDGE] [LOG] osc.show_bridge.in - RECV /state/group/6/intensity (2.985805258504115e-05,)
2025-12-15 16:20:16 [INFO] [BRIDGE] [LOG] osc.show_bridge.in - RECV /state/group/7/intensity (2.985805258504115e-05,)
2025-12-15 16:20:16 [INFO] [BRIDGE] [LOG] osc.show_bridge.in - RECV /state/group/8/intensity (2.985805258504115e-05,)
2025-12-15 16:20:16 [INFO] [BRIDGE] [LOG] osc.show_bridge.in - RECV /state/group/1/intensity (0.040506359189748764,)
2025-12-15 16:20:16 [INFO] [BRIDGE] [LOG] osc.show_bridge.in - RECV /state/group/2/intensity (0.06637337058782578,)
2025-12-15 16:20:16 [INFO] [BRIDGE] [LOG] osc.show_bridge.in - RECV /state/group/3/intensity (2.034205499512609e-05,)
2025-12-15 16:20:16 [INFO] [BRIDGE] [LOG] osc.show_bridge.in - RECV /state/group/4/intensity (2.034205499512609e-05,)
2025-12-15 16:20:16 [INFO] [BRIDGE] [LOG] osc.show_bridge.in - RECV /state/group/5/intensity (2.034205499512609e-05,)
2025-12-15 16:20:16 [INFO] [BRIDGE] [LOG] osc.show_bridge.in - RECV /state/group/6/intensity (2.034205499512609e-05,)
2025-12-15 16:20:16 [INFO] [BRIDGE] [LOG] osc.show_bridge.in - RECV /state/group/7/intensity (2.034205499512609e-05,)
2025-12-15 16:20:16 [INFO] [BRIDGE] [LOG] osc.show_bridge.in - RECV /state/group/8/intensity (2.034205499512609e-05,)
2025-12-15 16:20:16 [INFO] [BRIDGE] [LOG] osc.show_bridge.in - RECV /state/group/1/intensity (0.04050031304359436,)
2025-12-15 16:20:16 [INFO] [BRIDGE] [LOG] osc.show_bridge.in - RECV /state/group/2/intensity (0.06636761128902435,)
2025-12-15 16:20:16 [INFO] [BRIDGE] [LOG] osc.show_bridge.in - RECV /state/group/3/intensity (1.385888026561588e-05,)
2025-12-15 16:20:16 [INFO] [BRIDGE] [LOG] osc.show_bridge.in - RECV /state/group/4/intensity (1.385888026561588e-05,)
2025-12-15 16:20:16 [INFO] [BRIDGE] [LOG] osc.show_bridge.in - RECV /state/group/5/intensity (1.385888026561588e-05,)
2025-12-15 16:20:16 [INFO] [BRIDGE] [LOG] osc.show_bridge.in - RECV /state/group/6/intensity (1.385888026561588e-05,)
2025-12-15 16:20:16 [INFO] [BRIDGE] [LOG] osc.show_bridge.in - RECV /state/group/7/intensity (1.385888026561588e-05,)
2025-12-15 16:20:16 [INFO] [BRIDGE] [LOG] osc.show_bridge.in - RECV /state/group/8/intensity (1.385888026561588e-05,)
2025-12-15 16:20:16 [INFO] [BRIDGE] [LOG] osc.show_bridge.in - RECV /state/group/1/intensity (0.04049554839730263,)
2025-12-15 16:20:16 [INFO] [BRIDGE] [LOG] osc.show_bridge.in - RECV /state/group/2/intensity (0.06636306643486023,)
2025-12-15 16:20:16 [INFO] [BRIDGE] [LOG] osc.show_bridge.in - RECV /state/group/3/intensity (0.0,)
2025-12-15 16:20:16 [INFO] [BRIDGE] [LOG] osc.show_bridge.in - RECV /state/group/4/intensity (0.0,)
2025-12-15 16:20:16 [INFO] [BRIDGE] [LOG] osc.show_bridge.in - RECV /state/group/5/intensity (0.0,)
2025-12-15 16:20:16 [INFO] [BRIDGE] [LOG] osc.show_bridge.in - RECV /state/group/6/intensity (0.0,)
2025-12-15 16:20:16 [INFO] [BRIDGE] [LOG] osc.show_bridge.in - RECV /state/group/7/intensity (0.0,)
2025-12-15 16:20:16 [INFO] [BRIDGE] [LOG] osc.show_bridge.in - RECV /state/group/8/intensity (0.0,)
2025-12-15 16:20:16 [INFO] [BRIDGE] [LOG] osc.show_bridge.in - RECV /state/group/1/intensity (0.04049180820584297,)
2025-12-15 16:20:16 [INFO] [BRIDGE] [LOG] osc.show_bridge.in - RECV /state/group/2/intensity (0.0663595050573349,)
2025-12-15 16:20:16 [INFO] [BRIDGE] [LOG] osc.show_bridge.in - RECV /state/group/1/intensity (0.04048961400985718,)
2025-12-15 16:20:16 [INFO] [BRIDGE] [LOG] osc.show_bridge.in - RECV /state/group/2/intensity (0.06635740399360657,)
2025-12-15 16:20:16 [INFO] [BRIDGE] [LOG] osc.show_bridge.in - RECV /state/group/1/intensity (0.040488794445991516,)
2025-12-15 16:20:16 [INFO] [BRIDGE] [LOG] osc.show_bridge.in - RECV /state/group/2/intensity (0.06635662913322449,)
2025-12-15 16:20:16 [INFO] [BRIDGE] [LOG] osc.show_bridge.in - RECV /state/group/1/intensity (0.0404883474111557,)
2025-12-15 16:20:16 [INFO] [BRIDGE] [LOG] osc.show_bridge.in - RECV /state/group/2/intensity (0.06635621190071106,)
2025-12-15 16:20:16 [INFO] [BRIDGE] [LOG] osc.show_bridge.in - RECV /state/group/1/intensity (0.040487997233867645,)
2025-12-15 16:20:16 [INFO] [BRIDGE] [LOG] osc.show_bridge.in - RECV /state/group/2/intensity (0.0663558766245842,)
2025-12-15 16:20:17 [INFO] [BRIDGE] [LOG] osc.show_bridge.in - RECV /state/group/1/intensity (0.04048740118741989,)
2025-12-15 16:20:17 [INFO] [BRIDGE] [LOG] osc.show_bridge.in - RECV /state/group/2/intensity (0.06635530292987823,)
2025-12-15 16:22:26 [INFO] [BRIDGE] [LOG] osc.show_bridge.in - RECV /state/group/1/intensity (0.07831250876188278,)
2025-12-15 16:22:26 [INFO] [BRIDGE] [LOG] osc.show_bridge.in - RECV /state/group/1/playing/autopilot (0.0,)
2025-12-15 16:22:26 [INFO] [BRIDGE] [LOG] osc.show_bridge.in - RECV /state/group/1/playing (1.0,)
2025-12-15 16:22:26 [INFO] [BRIDGE] [LOG] osc.show_bridge.in - RECV /state/group/1/playing (1.0,)
2025-12-15 16:22:26 [INFO] [BRIDGE] [LOG] osc.show_bridge.in - RECV /state/group/1/playing (0.0,)
2025-12-15 16:22:26 [INFO] [BRIDGE] [LOG] osc.show_bridge.in - RECV /state/group/1/playing (0.0,)
2025-12-15 16:22:26 [INFO] [BRIDGE] [LOG] osc.show_bridge.in - RECV /state/group/1/playing (1.0,)
2025-12-15 16:22:26 [INFO] [BRIDGE] [LOG] osc.show_bridge.in - RECV /state/group/1/playing (0.0,)
2025-12-15 16:22:26 [INFO] [BRIDGE] [LOG] osc.show_bridge.in - RECV /state/group/2/intensity (0.10241533815860748,)
2025-12-15 16:22:26 [INFO] [BRIDGE] [LOG] osc.show_bridge.in - RECV /state/group/2/playing/autopilot (0.0,)
2025-12-15 16:22:26 [INFO] [BRIDGE] [LOG] osc.show_bridge.in - RECV /state/group/2/playing (1.0,)
2025-12-15 16:22:26 [INFO] [BRIDGE] [LOG] osc.show_bridge.in - RECV /state/group/2/playing (1.0,)
2025-12-15 16:22:26 [INFO] [BRIDGE] [LOG] osc.show_bridge.in - RECV /state/group/2/playing (0.0,)
2025-12-15 16:22:26 [INFO] [BRIDGE] [LOG] osc.show_bridge.in - RECV /state/group/2/playing (0.0,)
2025-12-15 16:22:26 [INFO] [BRIDGE] [LOG] osc.show_bridge.in - RECV /state/group/2/playing (1.0,)
2025-12-15 16:22:26 [INFO] [BRIDGE] [LOG] osc.show_bridge.in - RECV /state/group/2/playing (0.0,)
2025-12-15 16:22:26 [INFO] [BRIDGE] [LOG] osc.show_bridge.in - RECV /state/group/3/intensity (0.040587712079286575,)
2025-12-15 16:22:26 [INFO] [BRIDGE] [LOG] osc.show_bridge.in - RECV /state/group/3/playing/autopilot (0.0,)
2025-12-15 16:22:26 [INFO] [BRIDGE] [LOG] osc.show_bridge.in - RECV /state/group/3/playing (1.0,)
2025-12-15 16:22:26 [INFO] [BRIDGE] [LOG] osc.show_bridge.in - RECV /state/group/3/playing (1.0,)
2025-12-15 16:22:26 [INFO] [BRIDGE] [LOG] osc.show_bridge.in - RECV /state/group/3/playing (0.0,)
2025-12-15 16:22:26 [INFO] [BRIDGE] [LOG] osc.show_bridge.in - RECV /state/group/3/playing (0.0,)
2025-12-15 16:22:26 [INFO] [BRIDGE] [LOG] osc.show_bridge.in - RECV /state/group/3/playing (1.0,)
2025-12-15 16:22:26 [INFO] [BRIDGE] [LOG] osc.show_bridge.in - RECV /state/group/3/playing (0.0,)
2025-12-15 16:22:26 [INFO] [BRIDGE] [LOG] osc.show_bridge.in - RECV /state/group/4/intensity (0.040587712079286575,)
2025-12-15 16:22:26 [INFO] [BRIDGE] [LOG] osc.show_bridge.in - RECV /state/group/4/playing/autopilot (0.0,)
2025-12-15 16:22:26 [INFO] [BRIDGE] [LOG] osc.show_bridge.in - RECV /state/group/4/playing (1.0,)
2025-12-15 16:22:26 [INFO] [BRIDGE] [LOG] osc.show_bridge.in - RECV /state/group/4/playing (1.0,)
2025-12-15 16:22:26 [INFO] [BRIDGE] [LOG] osc.show_bridge.in - RECV /state/group/4/playing (0.0,)
2025-12-15 16:22:26 [INFO] [BRIDGE] [LOG] osc.show_bridge.in - RECV /state/group/4/playing (0.0,)
2025-12-15 16:22:26 [INFO] [BRIDGE] [LOG] osc.show_bridge.in - RECV /state/group/4/playing (1.0,)
2025-12-15 16:22:26 [INFO] [BRIDGE] [LOG] osc.show_bridge.in - RECV /state/group/4/playing (0.0,)
2025-12-15 16:22:26 [INFO] [BRIDGE] [LOG] osc.show_bridge.in - RECV /state/group/5/intensity (0.040587712079286575,)
2025-12-15 16:22:26 [INFO] [BRIDGE] [LOG] osc.show_bridge.in - RECV /state/group/5/playing/autopilot (0.0,)
2025-12-15 16:22:26 [INFO] [BRIDGE] [LOG] osc.show_bridge.in - RECV /state/group/5/playing (1.0,)
2025-12-15 16:22:26 [INFO] [BRIDGE] [LOG] osc.show_bridge.in - RECV /state/group/5/playing (1.0,)
2025-12-15 16:22:26 [INFO] [BRIDGE] [LOG] osc.show_bridge.in - RECV /state/group/5/playing (0.0,)
2025-12-15 16:22:26 [INFO] [BRIDGE] [LOG] osc.show_bridge.in - RECV /state/group/5/playing (0.0,)
2025-12-15 16:22:26 [INFO] [BRIDGE] [LOG] osc.show_bridge.in - RECV /state/group/5/playing (1.0,)
2025-12-15 16:22:26 [INFO] [BRIDGE] [LOG] osc.show_bridge.in - RECV /state/group/5/playing (0.0,)
2025-12-15 16:22:26 [INFO] [BRIDGE] [LOG] osc.show_bridge.in - RECV /state/group/6/intensity (0.040587712079286575,)
2025-12-15 16:22:26 [INFO] [BRIDGE] [LOG] osc.show_bridge.in - RECV /state/group/6/playing/autopilot (0.0,)
2025-12-15 16:22:26 [INFO] [BRIDGE] [LOG] osc.show_bridge.in - RECV /state/group/6/playing (1.0,)
2025-12-15 16:22:26 [INFO] [BRIDGE] [LOG] osc.show_bridge.in - RECV /state/group/6/playing (1.0,)
2025-12-15 16:22:26 [INFO] [BRIDGE] [LOG] osc.show_bridge.in - RECV /state/group/6/playing (0.0,)
2025-12-15 16:22:26 [INFO] [BRIDGE] [LOG] osc.show_bridge.in - RECV /state/group/6/playing (0.0,)
2025-12-15 16:22:26 [INFO] [BRIDGE] [LOG] osc.show_bridge.in - RECV /state/group/6/playing (1.0,)
2025-12-15 16:22:26 [INFO] [BRIDGE] [LOG] osc.show_bridge.in - RECV /state/group/6/playing (0.0,)
2025-12-15 16:22:26 [INFO] [BRIDGE] [LOG] osc.show_bridge.in - RECV /state/group/7/intensity (0.040587712079286575,)
2025-12-15 16:22:26 [INFO] [BRIDGE] [LOG] osc.show_bridge.in - RECV /state/group/7/playing/autopilot (0.0,)
2025-12-15 16:22:26 [INFO] [BRIDGE] [LOG] osc.show_bridge.in - RECV /state/group/7/playing (1.0,)
2025-12-15 16:22:26 [INFO] [BRIDGE] [LOG] osc.show_bridge.in - RECV /state/group/7/playing (1.0,)
2025-12-15 16:22:26 [INFO] [BRIDGE] [LOG] osc.show_bridge.in - RECV /state/group/7/playing (0.0,)
2025-12-15 16:22:26 [INFO] [BRIDGE] [LOG] osc.show_bridge.in - RECV /state/group/7/playing (0.0,)
2025-12-15 16:22:26 [INFO] [BRIDGE] [LOG] osc.show_bridge.in - RECV /state/group/7/playing (1.0,)
2025-12-15 16:22:26 [INFO] [BRIDGE] [LOG] osc.show_bridge.in - RECV /state/group/7/playing (0.0,)
2025-12-15 16:22:26 [INFO] [BRIDGE] [LOG] osc.show_bridge.in - RECV /state/group/8/intensity (0.040587712079286575,)
2025-12-15 16:22:26 [INFO] [BRIDGE] [LOG] osc.show_bridge.in - RECV /state/group/8/playing/autopilot (0.0,)
2025-12-15 16:22:26 [INFO] [BRIDGE] [LOG] osc.show_bridge.in - RECV /state/group/8/playing (1.0,)
2025-12-15 16:22:26 [INFO] [BRIDGE] [LOG] osc.show_bridge.in - RECV /state/group/8/playing (1.0,)
2025-12-15 16:22:26 [INFO] [BRIDGE] [LOG] osc.show_bridge.in - RECV /state/group/8/playing (0.0,)
2025-12-15 16:22:26 [INFO] [BRIDGE] [LOG] osc.show_bridge.in - RECV /state/group/8/playing (0.0,)
2025-12-15 16:22:26 [INFO] [BRIDGE] [LOG] osc.show_bridge.in - RECV /state/group/8/playing (1.0,)
2025-12-15 16:22:26 [INFO] [BRIDGE] [LOG] osc.show_bridge.in - RECV /state/group/8/playing (0.0,)
2025-12-15 16:22:26 [INFO] [BRIDGE] [LOG] osc.show_bridge.in - RECV /state/group/1/intensity (0.05554585158824921,)
2025-12-15 16:22:26 [INFO] [BRIDGE] [LOG] osc.show_bridge.in - RECV /state/group/2/intensity (0.08071106672286987,)
2025-12-15 16:22:26 [INFO] [BRIDGE] [LOG] osc.show_bridge.in - RECV /state/group/3/intensity (0.01615826040506363,)
2025-12-15 16:22:26 [INFO] [BRIDGE] [LOG] osc.show_bridge.in - RECV /state/group/4/intensity (0.01615826040506363,)
2025-12-15 16:22:26 [INFO] [BRIDGE] [LOG] osc.show_bridge.in - RECV /state/group/5/intensity (0.01615826040506363,)
2025-12-15 16:22:26 [INFO] [BRIDGE] [LOG] osc.show_bridge.in - RECV /state/group/6/intensity (0.01615826040506363,)
2025-12-15 16:22:26 [INFO] [BRIDGE] [LOG] osc.show_bridge.in - RECV /state/group/7/intensity (0.01615826040506363,)
2025-12-15 16:22:26 [INFO] [BRIDGE] [LOG] osc.show_bridge.in - RECV /state/group/8/intensity (0.01615826040506363,)
2025-12-15 16:22:26 [INFO] [BRIDGE] [LOG] osc.show_bridge.in - RECV /state/group/1/intensity (0.046482279896736145,)
2025-12-15 16:22:26 [INFO] [BRIDGE] [LOG] osc.show_bridge.in - RECV /state/group/2/intensity (0.07207044214010239,)
2025-12-15 16:22:26 [INFO] [BRIDGE] [LOG] osc.show_bridge.in - RECV /state/group/3/intensity (0.006432719994336367,)
2025-12-15 16:22:26 [INFO] [BRIDGE] [LOG] osc.show_bridge.in - RECV /state/group/4/intensity (0.006432719994336367,)
2025-12-15 16:22:26 [INFO] [BRIDGE] [LOG] osc.show_bridge.in - RECV /state/group/5/intensity (0.006432719994336367,)
2025-12-15 16:22:26 [INFO] [BRIDGE] [LOG] osc.show_bridge.in - RECV /state/group/6/intensity (0.006432719994336367,)
2025-12-15 16:22:26 [INFO] [BRIDGE] [LOG] osc.show_bridge.in - RECV /state/group/7/intensity (0.006432719994336367,)
2025-12-15 16:22:26 [INFO] [BRIDGE] [LOG] osc.show_bridge.in - RECV /state/group/8/intensity (0.006432719994336367,)
2025-12-15 16:22:26 [INFO] [BRIDGE] [LOG] osc.show_bridge.in - RECV /state/group/1/intensity (0.04426991194486618,)
2025-12-15 16:22:26 [INFO] [BRIDGE] [LOG] osc.show_bridge.in - RECV /state/group/2/intensity (0.069961316883564,)
2025-12-15 16:22:26 [INFO] [BRIDGE] [LOG] osc.show_bridge.in - RECV /state/group/3/intensity (0.004058771766722202,)
2025-12-15 16:22:26 [INFO] [BRIDGE] [LOG] osc.show_bridge.in - RECV /state/group/4/intensity (0.004058771766722202,)
2025-12-15 16:22:26 [INFO] [BRIDGE] [LOG] osc.show_bridge.in - RECV /state/group/5/intensity (0.004058771766722202,)
2025-12-15 16:22:26 [INFO] [BRIDGE] [LOG] osc.show_bridge.in - RECV /state/group/6/intensity (0.004058771766722202,)
2025-12-15 16:22:26 [INFO] [BRIDGE] [LOG] osc.show_bridge.in - RECV /state/group/7/intensity (0.004058771766722202,)
2025-12-15 16:22:26 [INFO] [BRIDGE] [LOG] osc.show_bridge.in - RECV /state/group/8/intensity (0.004058771766722202,)
2025-12-15 16:22:27 [INFO] [BRIDGE] [LOG] osc.show_bridge.in - RECV /state/group/1/intensity (0.04287400469183922,)
2025-12-15 16:22:27 [INFO] [BRIDGE] [LOG] osc.show_bridge.in - RECV /state/group/2/intensity (0.06863054633140564,)
2025-12-15 16:22:27 [INFO] [BRIDGE] [LOG] osc.show_bridge.in - RECV /state/group/3/intensity (0.002560911700129509,)
2025-12-15 16:22:27 [INFO] [BRIDGE] [LOG] osc.show_bridge.in - RECV /state/group/4/intensity (0.002560911700129509,)
2025-12-15 16:22:27 [INFO] [BRIDGE] [LOG] osc.show_bridge.in - RECV /state/group/5/intensity (0.002560911700129509,)
2025-12-15 16:22:27 [INFO] [BRIDGE] [LOG] osc.show_bridge.in - RECV /state/group/6/intensity (0.002560911700129509,)
2025-12-15 16:22:27 [INFO] [BRIDGE] [LOG] osc.show_bridge.in - RECV /state/group/7/intensity (0.002560911700129509,)
2025-12-15 16:22:27 [INFO] [BRIDGE] [LOG] osc.show_bridge.in - RECV /state/group/8/intensity (0.002560911700129509,)
2025-12-15 16:22:27 [INFO] [BRIDGE] [LOG] osc.show_bridge.in - RECV /state/group/1/intensity (0.04199324920773506,)
2025-12-15 16:22:27 [INFO] [BRIDGE] [LOG] osc.show_bridge.in - RECV /state/group/2/intensity (0.06779088824987411,)
2025-12-15 16:22:27 [INFO] [BRIDGE] [LOG] osc.show_bridge.in - RECV /state/group/3/intensity (0.0016158261569216847,)
2025-12-15 16:22:27 [INFO] [BRIDGE] [LOG] osc.show_bridge.in - RECV /state/group/4/intensity (0.0016158261569216847,)
2025-12-15 16:22:27 [INFO] [BRIDGE] [LOG] osc.show_bridge.in - RECV /state/group/5/intensity (0.0016158261569216847,)
2025-12-15 16:22:27 [INFO] [BRIDGE] [LOG] osc.show_bridge.in - RECV /state/group/6/intensity (0.0016158261569216847,)
2025-12-15 16:22:27 [INFO] [BRIDGE] [LOG] osc.show_bridge.in - RECV /state/group/7/intensity (0.0016158261569216847,)
2025-12-15 16:22:27 [INFO] [BRIDGE] [LOG] osc.show_bridge.in - RECV /state/group/8/intensity (0.0016158261569216847,)
2025-12-15 16:22:27 [INFO] [BRIDGE] [LOG] osc.show_bridge.in - RECV /state/group/1/intensity (0.04136732965707779,)
2025-12-15 16:22:27 [INFO] [BRIDGE] [LOG] osc.show_bridge.in - RECV /state/group/2/intensity (0.06719417124986649,)
2025-12-15 16:22:27 [INFO] [BRIDGE] [LOG] osc.show_bridge.in - RECV /state/group/3/intensity (0.0009441942092962563,)
2025-12-15 16:22:27 [INFO] [BRIDGE] [LOG] osc.show_bridge.in - RECV /state/group/4/intensity (0.0009441942092962563,)
2025-12-15 16:22:27 [INFO] [BRIDGE] [LOG] osc.show_bridge.in - RECV /state/group/5/intensity (0.0009441942092962563,)
2025-12-15 16:22:27 [INFO] [BRIDGE] [LOG] osc.show_bridge.in - RECV /state/group/6/intensity (0.0009441942092962563,)
2025-12-15 16:22:27 [INFO] [BRIDGE] [LOG] osc.show_bridge.in - RECV /state/group/7/intensity (0.0009441942092962563,)
2025-12-15 16:22:27 [INFO] [BRIDGE] [LOG] osc.show_bridge.in - RECV /state/group/8/intensity (0.0009441942092962563,)
2025-12-15 16:22:27 [INFO] [BRIDGE] [LOG] osc.show_bridge.in - RECV /state/group/1/intensity (0.0410015769302845,)
2025-12-15 16:22:27 [INFO] [BRIDGE] [LOG] osc.show_bridge.in - RECV /state/group/2/intensity (0.06684549152851105,)
2025-12-15 16:22:27 [INFO] [BRIDGE] [LOG] osc.show_bridge.in - RECV /state/group/3/intensity (0.0005517317913472652,)
2025-12-15 16:22:27 [INFO] [BRIDGE] [LOG] osc.show_bridge.in - RECV /state/group/4/intensity (0.0005517317913472652,)
2025-12-15 16:22:27 [INFO] [BRIDGE] [LOG] osc.show_bridge.in - RECV /state/group/5/intensity (0.0005517317913472652,)
2025-12-15 16:22:27 [INFO] [BRIDGE] [LOG] osc.show_bridge.in - RECV /state/group/6/intensity (0.0005517317913472652,)
2025-12-15 16:22:27 [INFO] [BRIDGE] [LOG] osc.show_bridge.in - RECV /state/group/7/intensity (0.0005517317913472652,)
2025-12-15 16:22:27 [INFO] [BRIDGE] [LOG] osc.show_bridge.in - RECV /state/group/8/intensity (0.0005517317913472652,)
2025-12-15 16:22:27 [INFO] [BRIDGE] [LOG] osc.show_bridge.in - RECV /state/group/1/intensity (0.04078785702586174,)
2025-12-15 16:22:27 [INFO] [BRIDGE] [LOG] osc.show_bridge.in - RECV /state/group/2/intensity (0.06664173305034637,)
2025-12-15 16:22:27 [INFO] [BRIDGE] [LOG] osc.show_bridge.in - RECV /state/group/3/intensity (0.00032239974825643003,)
2025-12-15 16:22:27 [INFO] [BRIDGE] [LOG] osc.show_bridge.in - RECV /state/group/4/intensity (0.00032239974825643003,)
2025-12-15 16:22:27 [INFO] [BRIDGE] [LOG] osc.show_bridge.in - RECV /state/group/5/intensity (0.00032239974825643003,)
2025-12-15 16:22:27 [INFO] [BRIDGE] [LOG] osc.show_bridge.in - RECV /state/group/6/intensity (0.00032239974825643003,)
2025-12-15 16:22:27 [INFO] [BRIDGE] [LOG] osc.show_bridge.in - RECV /state/group/7/intensity (0.00032239974825643003,)
2025-12-15 16:22:27 [INFO] [BRIDGE] [LOG] osc.show_bridge.in - RECV /state/group/8/intensity (0.00032239974825643003,)
2025-12-15 16:22:27 [INFO] [BRIDGE] [LOG] osc.show_bridge.in - RECV /state/group/1/intensity (0.04067697376012802,)
2025-12-15 16:22:27 [INFO] [BRIDGE] [LOG] osc.show_bridge.in - RECV /state/group/2/intensity (0.06653603911399841,)
2025-12-15 16:22:27 [INFO] [BRIDGE] [LOG] osc.show_bridge.in - RECV /state/group/3/intensity (0.00020342048082966357,)
2025-12-15 16:22:27 [INFO] [BRIDGE] [LOG] osc.show_bridge.in - RECV /state/group/4/intensity (0.00020342048082966357,)
2025-12-15 16:22:27 [INFO] [BRIDGE] [LOG] osc.show_bridge.in - RECV /state/group/5/intensity (0.00020342048082966357,)
2025-12-15 16:22:27 [INFO] [BRIDGE] [LOG] osc.show_bridge.in - RECV /state/group/6/intensity (0.00020342048082966357,)
2025-12-15 16:22:27 [INFO] [BRIDGE] [LOG] osc.show_bridge.in - RECV /state/group/7/intensity (0.00020342048082966357,)
2025-12-15 16:22:27 [INFO] [BRIDGE] [LOG] osc.show_bridge.in - RECV /state/group/8/intensity (0.00020342048082966357,)
2025-12-15 16:22:27 [INFO] [BRIDGE] [LOG] osc.show_bridge.in - RECV /state/group/1/intensity (0.040607012808322906,)
2025-12-15 16:22:27 [INFO] [BRIDGE] [LOG] osc.show_bridge.in - RECV /state/group/2/intensity (0.06646934151649475,)
2025-12-15 16:22:27 [INFO] [BRIDGE] [LOG] osc.show_bridge.in - RECV /state/group/3/intensity (0.00012834965309593827,)
2025-12-15 16:22:27 [INFO] [BRIDGE] [LOG] osc.show_bridge.in - RECV /state/group/4/intensity (0.00012834965309593827,)
2025-12-15 16:22:27 [INFO] [BRIDGE] [LOG] osc.show_bridge.in - RECV /state/group/5/intensity (0.00012834965309593827,)
2025-12-15 16:22:27 [INFO] [BRIDGE] [LOG] osc.show_bridge.in - RECV /state/group/6/intensity (0.00012834965309593827,)
2025-12-15 16:22:27 [INFO] [BRIDGE] [LOG] osc.show_bridge.in - RECV /state/group/7/intensity (0.00012834965309593827,)
2025-12-15 16:22:27 [INFO] [BRIDGE] [LOG] osc.show_bridge.in - RECV /state/group/8/intensity (0.00012834965309593827,)
2025-12-15 16:22:27 [INFO] [BRIDGE] [LOG] osc.show_bridge.in - RECV /state/group/1/intensity (0.040552131831645966,)
2025-12-15 16:22:27 [INFO] [BRIDGE] [LOG] osc.show_bridge.in - RECV /state/group/2/intensity (0.06641701608896255,)
2025-12-15 16:22:27 [INFO] [BRIDGE] [LOG] osc.show_bridge.in - RECV /state/group/3/intensity (6.945892528165132e-05,)
2025-12-15 16:22:27 [INFO] [BRIDGE] [LOG] osc.show_bridge.in - RECV /state/group/4/intensity (6.945892528165132e-05,)
2025-12-15 16:22:27 [INFO] [BRIDGE] [LOG] osc.show_bridge.in - RECV /state/group/5/intensity (6.945892528165132e-05,)
2025-12-15 16:22:27 [INFO] [BRIDGE] [LOG] osc.show_bridge.in - RECV /state/group/6/intensity (6.945892528165132e-05,)
2025-12-15 16:22:27 [INFO] [BRIDGE] [LOG] osc.show_bridge.in - RECV /state/group/7/intensity (6.945892528165132e-05,)
2025-12-15 16:22:27 [INFO] [BRIDGE] [LOG] osc.show_bridge.in - RECV /state/group/8/intensity (6.945892528165132e-05,)
2025-12-15 16:22:27 [INFO] [BRIDGE] [LOG] osc.show_bridge.in - RECV /state/group/1/intensity (0.04052824154496193,)
2025-12-15 16:22:27 [INFO] [BRIDGE] [LOG] osc.show_bridge.in - RECV /state/group/2/intensity (0.06639423966407776,)
2025-12-15 16:22:27 [INFO] [BRIDGE] [LOG] osc.show_bridge.in - RECV /state/group/3/intensity (4.382562474347651e-05,)
2025-12-15 16:22:27 [INFO] [BRIDGE] [LOG] osc.show_bridge.in - RECV /state/group/4/intensity (4.382562474347651e-05,)
2025-12-15 16:22:27 [INFO] [BRIDGE] [LOG] osc.show_bridge.in - RECV /state/group/5/intensity (4.382562474347651e-05,)
2025-12-15 16:22:27 [INFO] [BRIDGE] [LOG] osc.show_bridge.in - RECV /state/group/6/intensity (4.382562474347651e-05,)
2025-12-15 16:22:27 [INFO] [BRIDGE] [LOG] osc.show_bridge.in - RECV /state/group/7/intensity (4.382562474347651e-05,)
2025-12-15 16:22:27 [INFO] [BRIDGE] [LOG] osc.show_bridge.in - RECV /state/group/8/intensity (4.382562474347651e-05,)
2025-12-15 16:22:28 [INFO] [BRIDGE] [LOG] osc.show_bridge.in - RECV /state/group/1/intensity (0.04051316902041435,)
2025-12-15 16:22:28 [INFO] [BRIDGE] [LOG] osc.show_bridge.in - RECV /state/group/2/intensity (0.06637986749410629,)
2025-12-15 16:22:28 [INFO] [BRIDGE] [LOG] osc.show_bridge.in - RECV /state/group/3/intensity (2.765210228972137e-05,)
2025-12-15 16:22:28 [INFO] [BRIDGE] [LOG] osc.show_bridge.in - RECV /state/group/4/intensity (2.765210228972137e-05,)
2025-12-15 16:22:28 [INFO] [BRIDGE] [LOG] osc.show_bridge.in - RECV /state/group/5/intensity (2.765210228972137e-05,)
2025-12-15 16:22:28 [INFO] [BRIDGE] [LOG] osc.show_bridge.in - RECV /state/group/6/intensity (2.765210228972137e-05,)
2025-12-15 16:22:28 [INFO] [BRIDGE] [LOG] osc.show_bridge.in - RECV /state/group/7/intensity (2.765210228972137e-05,)
2025-12-15 16:22:28 [INFO] [BRIDGE] [LOG] osc.show_bridge.in - RECV /state/group/8/intensity (2.765210228972137e-05,)
2025-12-15 16:22:28 [INFO] [BRIDGE] [LOG] osc.show_bridge.in - RECV /state/group/1/intensity (0.04050495848059654,)
2025-12-15 16:22:28 [INFO] [BRIDGE] [LOG] osc.show_bridge.in - RECV /state/group/2/intensity (0.06637203693389893,)
2025-12-15 16:22:28 [INFO] [BRIDGE] [LOG] osc.show_bridge.in - RECV /state/group/3/intensity (1.8839158656192012e-05,)
2025-12-15 16:22:28 [INFO] [BRIDGE] [LOG] osc.show_bridge.in - RECV /state/group/4/intensity (1.8839158656192012e-05,)
2025-12-15 16:22:28 [INFO] [BRIDGE] [LOG] osc.show_bridge.in - RECV /state/group/5/intensity (1.8839158656192012e-05,)
2025-12-15 16:22:28 [INFO] [BRIDGE] [LOG] osc.show_bridge.in - RECV /state/group/6/intensity (1.8839158656192012e-05,)
2025-12-15 16:22:28 [INFO] [BRIDGE] [LOG] osc.show_bridge.in - RECV /state/group/7/intensity (1.8839158656192012e-05,)
2025-12-15 16:22:28 [INFO] [BRIDGE] [LOG] osc.show_bridge.in - RECV /state/group/8/intensity (1.8839158656192012e-05,)
2025-12-15 16:22:28 [INFO] [BRIDGE] [LOG] osc.show_bridge.in - RECV /state/group/1/intensity (0.04049847647547722,)
2025-12-15 16:22:28 [INFO] [BRIDGE] [LOG] osc.show_bridge.in - RECV /state/group/2/intensity (0.06636586040258408,)
2025-12-15 16:22:28 [INFO] [BRIDGE] [LOG] osc.show_bridge.in - RECV /state/group/3/intensity (1.188670466945041e-05,)
2025-12-15 16:22:28 [INFO] [BRIDGE] [LOG] osc.show_bridge.in - RECV /state/group/4/intensity (1.188670466945041e-05,)
2025-12-15 16:22:28 [INFO] [BRIDGE] [LOG] osc.show_bridge.in - RECV /state/group/5/intensity (1.188670466945041e-05,)
2025-12-15 16:22:28 [INFO] [BRIDGE] [LOG] osc.show_bridge.in - RECV /state/group/6/intensity (1.188670466945041e-05,)
2025-12-15 16:22:28 [INFO] [BRIDGE] [LOG] osc.show_bridge.in - RECV /state/group/7/intensity (1.188670466945041e-05,)
2025-12-15 16:22:28 [INFO] [BRIDGE] [LOG] osc.show_bridge.in - RECV /state/group/8/intensity (1.188670466945041e-05,)
2025-12-15 16:22:28 [INFO] [BRIDGE] [LOG] osc.show_bridge.in - RECV /state/group/1/intensity (0.04049438610672951,)
2025-12-15 16:22:28 [INFO] [BRIDGE] [LOG] osc.show_bridge.in - RECV /state/group/2/intensity (0.06636196374893188,)
2025-12-15 16:22:28 [INFO] [BRIDGE] [LOG] osc.show_bridge.in - RECV /state/group/3/intensity (0.0,)
2025-12-15 16:22:28 [INFO] [BRIDGE] [LOG] osc.show_bridge.in - RECV /state/group/4/intensity (0.0,)
2025-12-15 16:22:28 [INFO] [BRIDGE] [LOG] osc.show_bridge.in - RECV /state/group/5/intensity (0.0,)
2025-12-15 16:22:28 [INFO] [BRIDGE] [LOG] osc.show_bridge.in - RECV /state/group/6/intensity (0.0,)
2025-12-15 16:22:28 [INFO] [BRIDGE] [LOG] osc.show_bridge.in - RECV /state/group/7/intensity (0.0,)
2025-12-15 16:22:28 [INFO] [BRIDGE] [LOG] osc.show_bridge.in - RECV /state/group/8/intensity (0.0,)
2025-12-15 16:22:28 [INFO] [BRIDGE] [LOG] osc.show_bridge.in - RECV /state/group/1/intensity (0.04049180820584297,)
2025-12-15 16:22:28 [INFO] [BRIDGE] [LOG] osc.show_bridge.in - RECV /state/group/2/intensity (0.0663595050573349,)
2025-12-15 16:22:28 [INFO] [BRIDGE] [LOG] osc.show_bridge.in - RECV /state/group/1/intensity (0.04049040749669075,)
2025-12-15 16:22:28 [INFO] [BRIDGE] [LOG] osc.show_bridge.in - RECV /state/group/2/intensity (0.06635815650224686,)
2025-12-15 16:22:28 [INFO] [BRIDGE] [LOG] osc.show_bridge.in - RECV /state/group/1/intensity (0.04048929736018181,)
2025-12-15 16:22:28 [INFO] [BRIDGE] [LOG] osc.show_bridge.in - RECV /state/group/2/intensity (0.06635710597038269,)
2025-12-15 16:22:28 [INFO] [BRIDGE] [LOG] osc.show_bridge.in - RECV /state/group/1/intensity (0.0404885932803154,)
2025-12-15 16:22:28 [INFO] [BRIDGE] [LOG] osc.show_bridge.in - RECV /state/group/2/intensity (0.06635644286870956,)
2025-12-15 16:22:28 [INFO] [BRIDGE] [LOG] osc.show_bridge.in - RECV /state/group/1/intensity (0.040488213300704956,)
2025-12-15 16:22:28 [INFO] [BRIDGE] [LOG] osc.show_bridge.in - RECV /state/group/2/intensity (0.06635608524084091,)
2025-12-15 16:22:28 [INFO] [BRIDGE] [LOG] osc.show_bridge.in - RECV /state/group/1/intensity (0.040487952530384064,)
2025-12-15 16:22:28 [INFO] [BRIDGE] [LOG] osc.show_bridge.in - RECV /state/group/2/intensity (0.06635583192110062,)
2025-12-15 16:22:28 [INFO] [BRIDGE] [LOG] osc.show_bridge.in - RECV /state/group/1/intensity (0.04048740118741989,)
2025-12-15 16:22:28 [INFO] [BRIDGE] [LOG] osc.show_bridge.in - RECV /state/group/2/intensity (0.06635530292987823,)
