2025-12-06 21:33:34 [INFO] show_bridge - Starting show_bridge state machine runner
2025-12-06 21:33:34 [INFO] show_bridge - [STATE] Loaded state_machine_mappings.yaml for OSC broadcast.
2025-12-06 21:33:36 [INFO] show_bridge - [RESOLUME] Loaded composition 'Snow Place 2025' with 11 groups.
2025-12-06 21:33:36 [WARNING] show_bridge - [RESOLUME] WARNING: could not initialize Resolume composition/OSC: debug_dump_composition_columns() missing 1 required positional argument: 'logger'
2025-12-06 21:33:36 [INFO] show_bridge - 
Using input:  Akai APC40 2
2025-12-06 21:33:36 [INFO] show_bridge - Using output: Akai APC40 3
2025-12-06 21:33:38 [INFO] show_bridge.state - [RESOLUME] Loaded composition 'Snow Place 2025' with 11 groups.
2025-12-06 21:33:38 [INFO] show_bridge.state - [DEBUG] Composition 'Snow Place 2025' column layout:
2025-12-06 21:33:38 [INFO] show_bridge.state -   Group 0 'Test Group' (APC=-)
2025-12-06 21:33:38 [INFO] show_bridge.state -     Layer 0 (global 0) 'Reference Images' role=- -> 2:Full Building Perspective Corrected, 3:OSC Transport Beat
2025-12-06 21:33:38 [INFO] show_bridge.state -     Layer 1 (global 1) 'Test Patterns' role=- -> 2:All Area 2, 3:Mix 1, 4:Checkered, 5:Test Card, 6:All Area Wireframe 1, 7:All Area Wireframe 2, 8:WAAT Test Card
2025-12-06 21:33:38 [INFO] show_bridge.state -   Group 1 'Internal Videos' (APC=-)
2025-12-06 21:33:38 [INFO] show_bridge.state -     Layer 0 (global 2) 'Layer #' role=- -> 
2025-12-06 21:33:38 [INFO] show_bridge.state -     Layer 1 (global 3) 'FFT Fills' role=fills -> 
2025-12-06 21:33:38 [INFO] show_bridge.state -     Layer 2 (global 4) 'Full Stage Effects' role=effects -> 2:Edge Detection, 3:Noisy, 4:Shift Glitch, 5:Acuarela, 6:Mirror Quad, 7:Infinite Zoom, 8:Bloom, 9:Hatched, 10:Dither, 12:Posterize
2025-12-06 21:33:38 [INFO] show_bridge.state -     Layer 3 (global 5) 'Full Stage Colors' role=colors -> 2:No Changes, 3:Reds, 4:Oranges, 5:Yellows, 6:Limes, 7:Greens, 8:Teals, 9:Cyans, 10:Blues, 11:Purples, 12:Magentas, 13:Pinks, 14:Grayscale, 15:White, 16:Dull, 17:Rainbow, 18:Inferno, 19:Plasma, 20:Viridis, 21:Clockwork Orange, 22:Warhol, 23:Mona Lisa, 24:Salmon, 25:Purple Rain
2025-12-06 21:33:38 [INFO] show_bridge.state -     Layer 4 (global 6) 'Stage Masks' role=static_masks -> 1:Solid Color, 2:Mask Randomizer, 3:All Area 2, 4:Big Window, 5:Brick Face, 6:Column Tops and Bottoms, 7:Columns, 8:Door, 9:Mix 1, 10:Roof Circle, 11:Roof Crown, 12:Roof Peak, 13:Roof Trim, 14:Windows Columns Door, 15:Windows, 16:Lights
2025-12-06 21:33:38 [INFO] show_bridge.state -   Group 2 'Synestesia' (APC=8)
2025-12-06 21:33:38 [INFO] show_bridge.state -     Layer 0 (global 7) 'Fills 1' role=fills -> 2:None, 4:Synesthesia Soft Flip, 5:Synesthesia Mirror
2025-12-06 21:33:38 [INFO] show_bridge.state -     Layer 1 (global 8) 'Effects' role=effects -> 1:None, 2:None, 3:Edge Detection, 4:Noisy, 5:Shift Glitch, 6:Acuarela, 7:Mirror Quad, 8:Infinite Zoom, 9:Bloom, 10:Hatched, 11:Dither, 12:Posterize, 13:Dot Screen, 14:Dither Dots, 15:Edge Dots, 16:Rainbow LEDs
2025-12-06 21:33:38 [INFO] show_bridge.state -     Layer 2 (global 9) 'Colors' role=colors -> 1:None, 2:None, 3:Grayscale, 4:White, 5:Reds, 6:Oranges, 7:Yellows, 8:Limes, 9:Greens, 10:Teals, 11:Cyans, 12:Blues, 13:Purples, 14:Magentas, 15:Pinks, 16:Dull, 17:Rainbow, 18:Inferno, 19:Plasma, 20:Viridis, 21:Clockwork Orange, 22:Mona Lisa, 23:Salmon, 24:Purple Rain
2025-12-06 21:33:38 [INFO] show_bridge.state -     Layer 3 (global 10) 'Static Masks' role=static_masks -> 1:None, 2:Solid Color, 3:Mask Randomizer, 4:All Area 2, 5:Big Window, 6:Brick Face, 7:Column Tops and Bottoms, 8:Columns, 9:Door, 10:Mix 1, 11:Roof Circle, 12:Roof Crown, 13:Roof Peak, 14:Roof Trim, 15:Windows Columns Door, 16:Windows, 17:Lights
2025-12-06 21:33:38 [INFO] show_bridge.state -   Group 3 'Wireframe' (APC=7)
2025-12-06 21:33:38 [INFO] show_bridge.state -     Layer 0 (global 11) 'Fills 1' role=fills -> 2:None, 3:all_wireframe_noisefill_full_C1, 4:all_wireframe_noisefill_full_turb_C1, 5:all_wireframe_noisefill_narrow_B1, 6:all_wireframe_noisefill_narrow_C1, 7:all_wireframe_noisefill_narrow_W1, 8:all_wireframe_noisefill_shape_bands_C1, 9:all_wireframe_noisefill_shape_C1, 10:all_wireframe_noisefill_wide_B1, 11:all_wireframe_noisefill_wide_W1, 12:all_wireframe_pointfill_wide_C1, 13:all_wireframe_pointfill_wide_C2
2025-12-06 21:33:38 [INFO] show_bridge.state -     Layer 1 (global 12) 'Fills 2' role=fills -> 2:None, 3:all_wireframe_noisefill_full_C1, 4:all_wireframe_noisefill_full_turb_C1, 5:all_wireframe_noisefill_narrow_B1, 6:all_wireframe_noisefill_narrow_C1, 7:all_wireframe_noisefill_narrow_W1, 8:all_wireframe_noisefill_shape_bands_C1, 9:all_wireframe_noisefill_shape_C1, 10:all_wireframe_noisefill_wide_B1, 11:all_wireframe_noisefill_wide_W1, 12:all_wireframe_pointfill_wide_C1, 13:all_wireframe_pointfill_wide_C2
2025-12-06 21:33:38 [INFO] show_bridge.state -     Layer 2 (global 13) 'Static Masks' role=static_masks -> 2:None, 3:Mix 1, 4:All Area 2, 5:Windows Columns Door, 6:Windows, 7:Lights, 8:Columns
2025-12-06 21:33:38 [INFO] show_bridge.state -     Layer 3 (global 14) 'Dynamic Masks' role=dynamic_masks -> 2:None, 3:Radial Circle 1, 4:Radial Circle 2, 5:Radial Circle 3, 6:Radial Square 1, 7:Radial Square 2, 8:Radial Square 3
2025-12-06 21:33:38 [INFO] show_bridge.state -     Layer 4 (global 15) 'Colors' role=colors -> 1:None, 2:None, 3:Grayscale, 4:White, 5:Reds, 6:Oranges, 7:Yellows, 8:Limes, 9:Greens, 10:Teals, 11:Cyans, 12:Blues, 13:Purples, 14:Magentas, 15:Pinks, 16:Dull, 17:Rainbow, 18:Inferno, 19:Plasma, 20:Viridis, 21:Clockwork Orange, 22:Mona Lisa, 23:Salmon, 24:Purple Rain
2025-12-06 21:33:38 [INFO] show_bridge.state -     Layer 5 (global 16) 'Effects' role=effects -> 1:None, 2:None, 3:Edge Detection, 4:Noisy, 5:Shift Glitch, 6:Acuarela, 7:Mirror Quad, 8:Infinite Zoom, 9:Bloom, 10:Hatched, 11:Dither, 12:Posterize, 13:Dot Screen, 14:Dither Dots, 15:Edge Dots, 16:Rainbow LEDs
2025-12-06 21:33:38 [INFO] show_bridge.state -     Layer 6 (global 17) 'Transforms' role=transforms -> 1:None, 2:None, 3:Rotate Blur, 4:Particle System, 5:Displace, 6:Kaleidoscope, 7:TAS Turbulent, 8:TAS Turbulent, 9:TAS Turbulent Edges, 10:TAS Sine Transform, 11:TAS Slider Tile
2025-12-06 21:33:38 [INFO] show_bridge.state -   Group 4 'Brick' (APC=6)
2025-12-06 21:33:38 [INFO] show_bridge.state -     Layer 0 (global 18) 'Fills 1' role=fills -> 2:None, 3:brick_noisefill_full_C1, 4:brick_noisefill_full_turb_C1, 5:brick_noisefill_narrow_B1, 6:brick_noisefill_narrow_C1, 7:brick_noisefill_narrow_W1, 8:brick_noisefill_shape_bands_C1, 9:brick_noisefill_shape_C1, 10:brick_noisefill_wide_B1, 11:brick_noisefill_wide_W1, 12:brick_pointfill_wide_C1, 13:brick_pointfill_wide_C2
2025-12-06 21:33:38 [INFO] show_bridge.state -     Layer 1 (global 19) 'Fills 2' role=fills -> 2:None, 3:brick_noisefill_full_C1, 4:brick_noisefill_full_turb_C1, 5:brick_noisefill_narrow_B1, 6:brick_noisefill_narrow_C1, 7:brick_noisefill_narrow_W1, 8:brick_noisefill_shape_bands_C1, 9:brick_noisefill_shape_C1, 10:brick_noisefill_wide_B1, 11:brick_noisefill_wide_W1, 12:brick_pointfill_wide_C1, 13:brick_pointfill_wide_C2
2025-12-06 21:33:38 [INFO] show_bridge.state -     Layer 2 (global 20) 'Static Masks' role=static_masks -> 2:None, 3:Mix 1, 4:All Area 2, 5:Windows Columns Door, 6:Windows, 7:Lights, 8:Columns
2025-12-06 21:33:38 [INFO] show_bridge.state -     Layer 3 (global 21) 'Dynamic Masks' role=dynamic_masks -> 2:None, 3:Radial Circle 1, 4:Radial Circle 2, 5:Radial Circle 3, 6:Radial Square 1, 7:Radial Square 2, 8:Radial Square 3
2025-12-06 21:33:38 [INFO] show_bridge.state -     Layer 4 (global 22) 'Colors' role=colors -> 1:None, 2:None, 3:Grayscale, 4:White, 5:Reds, 6:Oranges, 7:Yellows, 8:Limes, 9:Greens, 10:Teals, 11:Cyans, 12:Blues, 13:Purples, 14:Magentas, 15:Pinks, 16:Dull, 17:Rainbow, 18:Inferno, 19:Plasma, 20:Viridis, 21:Clockwork Orange, 22:Warhol, 23:Mona Lisa, 24:Salmon, 25:Purple Rain
2025-12-06 21:33:38 [INFO] show_bridge.state -     Layer 5 (global 23) 'Effects' role=effects -> 1:None, 2:None, 3:Edge Detection, 4:Noisy, 5:Shift Glitch, 6:Acuarela, 7:Mirror Quad, 8:Infinite Zoom, 9:Bloom, 10:Hatched, 11:Dither, 12:Posterize, 13:Dot Screen, 14:Dither Dots, 15:Edge Dots, 16:Rainbow LEDs
2025-12-06 21:33:38 [INFO] show_bridge.state -     Layer 6 (global 24) 'Transforms' role=transforms -> 1:None, 2:None, 3:Rotate Blur, 4:Particle System, 5:Displace, 6:Kaleidoscope, 7:TAS Turbulent, 8:TAS Turbulent, 9:TAS Turbulent Edges, 10:TAS Sine Transform, 11:TAS Slider Tile
2025-12-06 21:33:38 [INFO] show_bridge.state -   Group 5 'Mix' (APC=5)
2025-12-06 21:33:38 [INFO] show_bridge.state -     Layer 0 (global 25) 'Fills 1' role=fills -> 2:None, 3:mix_1_noisefill_full_C1, 4:mix_1_noisefill_full_turb_C1, 5:mix_1_noisefill_narrow_B1, 6:mix_1_noisefill_narrow_C1, 7:mix_1_noisefill_narrow_W1, 8:mix_1_noisefill_shape_bands_C1, 9:mix_1_noisefill_shape_C1, 10:mix_1_noisefill_wide_B1, 11:mix_1_noisefill_wide_W1, 12:mix_1_pointfill_wide_C1, 13:mix_1_pointfill_wide_C2
2025-12-06 21:33:38 [INFO] show_bridge.state -     Layer 1 (global 26) 'Fills 2' role=fills -> 2:None, 3:mix_1_noisefill_full_C1, 4:mix_1_noisefill_full_turb_C1, 5:mix_1_noisefill_narrow_B1, 6:mix_1_noisefill_narrow_C1, 7:mix_1_noisefill_narrow_W1, 8:mix_1_noisefill_shape_bands_C1, 9:mix_1_noisefill_shape_C1, 10:mix_1_noisefill_wide_B1, 11:mix_1_noisefill_wide_W1, 12:mix_1_pointfill_wide_C1, 13:mix_1_pointfill_wide_C2
2025-12-06 21:33:38 [INFO] show_bridge.state -     Layer 2 (global 27) 'Static Masks' role=static_masks -> 2:None, 3:Mask Randomizer, 4:Mask Randomizer 2
2025-12-06 21:33:38 [INFO] show_bridge.state -     Layer 3 (global 28) 'Dynamic Masks' role=dynamic_masks -> 2:None, 3:Radial Circle 1, 4:Radial Circle 2, 5:Radial Circle 3, 6:Radial Square 1, 7:Radial Square 2, 8:Radial Square 3
2025-12-06 21:33:38 [INFO] show_bridge.state -     Layer 4 (global 29) 'Colors' role=colors -> 1:None, 2:None, 3:Grayscale, 4:White, 5:Reds, 6:Oranges, 7:Yellows, 8:Limes, 9:Greens, 10:Teals, 11:Cyans, 12:Blues, 13:Purples, 14:Magentas, 15:Pinks, 16:Dull, 17:Rainbow, 18:Inferno, 19:Plasma, 20:Viridis, 21:Clockwork Orange, 23:Mona Lisa, 24:Salmon, 25:Purple Rain
2025-12-06 21:33:38 [INFO] show_bridge.state -     Layer 5 (global 30) 'Effects' role=effects -> 1:None, 2:None, 3:Edge Detection, 4:Noisy, 5:Shift Glitch, 6:Acuarela, 7:Mirror Quad, 8:Infinite Zoom, 9:Bloom, 10:Hatched, 11:Dither, 12:Posterize, 13:Dot Screen, 14:Dither Dots, 15:Edge Dots, 16:Rainbow LEDs
2025-12-06 21:33:38 [INFO] show_bridge.state -     Layer 6 (global 31) 'Transforms' role=transforms -> 1:None, 2:None, 3:Rotate Blur, 4:Particle System, 5:Displace, 6:Kaleidoscope, 7:TAS Turbulent, 8:TAS Turbulent, 9:TAS Turbulent Edges, 10:TAS Sine Transform, 11:TAS Slider Tile
2025-12-06 21:33:38 [INFO] show_bridge.state -   Group 6 'Windows' (APC=4)
2025-12-06 21:33:38 [INFO] show_bridge.state -     Layer 0 (global 32) 'Fills 1' role=fills -> 2:None, 3:windows_noisefill_full_C1, 4:windows_noisefill_full_turb_C1, 5:windows_noisefill_narrow_B1, 6:windows_noisefill_narrow_C1, 7:windows_noisefill_narrow_W1, 8:windows_noisefill_shape_bands_C1, 9:windows_noisefill_shape_C1, 10:windows_noisefill_wide_B1, 11:windows_noisefill_wide_W1, 12:windows_pointfill_wide_C1, 13:windows_pointfill_wide_C2
2025-12-06 21:33:38 [INFO] show_bridge.state -     Layer 1 (global 33) 'Fills 2' role=fills -> 2:None, 3:windows_noisefill_full_C1, 4:windows_noisefill_full_turb_C1, 5:windows_noisefill_narrow_B1, 6:windows_noisefill_narrow_C1, 7:windows_noisefill_narrow_W1, 8:windows_noisefill_shape_bands_C1, 9:windows_noisefill_shape_C1, 10:windows_noisefill_wide_B1, 11:windows_noisefill_wide_W1, 12:windows_pointfill_wide_C1, 13:windows_pointfill_wide_C2
2025-12-06 21:33:38 [INFO] show_bridge.state -     Layer 2 (global 34) 'Dynamic Masks' role=dynamic_masks -> 2:None, 3:Radial Circle 1, 4:Radial Circle 2, 5:Radial Circle 3, 6:Radial Square 1, 7:Radial Square 2, 8:Radial Square 3
2025-12-06 21:33:38 [INFO] show_bridge.state -     Layer 3 (global 35) 'Colors' role=colors -> 1:None, 2:None, 3:Grayscale, 4:White, 5:Reds, 6:Oranges, 7:Yellows, 8:Limes, 9:Greens, 10:Teals, 11:Cyans, 12:Blues, 13:Purples, 14:Magentas, 15:Pinks, 16:Dull, 17:Rainbow, 18:Inferno, 19:Plasma, 20:Viridis, 21:Clockwork Orange, 23:Mona Lisa, 24:Salmon, 25:Purple Rain
2025-12-06 21:33:38 [INFO] show_bridge.state -     Layer 4 (global 36) 'Effects' role=effects -> 1:None, 2:None, 3:Edge Detection, 4:Noisy, 5:Shift Glitch, 6:Acuarela, 7:Mirror Quad, 8:Infinite Zoom, 9:Bloom, 10:Hatched, 11:Dither, 12:Posterize, 13:Dot Screen, 14:Dither Dots, 15:Edge Dots, 16:Rainbow LEDs
2025-12-06 21:33:38 [INFO] show_bridge.state -     Layer 5 (global 37) 'Transforms' role=transforms -> 1:None, 2:None, 3:Rotate Blur, 4:Particle System, 5:Displace, 6:Kaleidoscope, 7:TAS Turbulent, 8:TAS Turbulent, 9:TAS Turbulent Edges, 10:TAS Sine Transform, 11:TAS Slider Tile
2025-12-06 21:33:38 [INFO] show_bridge.state -   Group 7 'Columns' (APC=3)
2025-12-06 21:33:38 [INFO] show_bridge.state -     Layer 0 (global 38) 'Fills 1' role=fills -> 2:None, 3:columns_noisefill_full_C1, 4:columns_noisefill_full_turb_C1, 5:columns_noisefill_narrow_B1, 6:columns_noisefill_narrow_C1, 7:columns_noisefill_narrow_W1, 8:columns_noisefill_shape_bands_C1, 9:columns_noisefill_shape_C1, 10:columns_noisefill_wide_B1, 11:columns_noisefill_wide_W1, 12:columns_pointfill_wide_C1, 13:columns_pointfill_wide_C2
2025-12-06 21:33:38 [INFO] show_bridge.state -     Layer 1 (global 39) 'Fills 2' role=fills -> 2:None, 3:columns_noisefill_full_C1, 4:columns_noisefill_full_turb_C1, 5:columns_noisefill_narrow_B1, 6:columns_noisefill_narrow_C1, 7:columns_noisefill_narrow_W1, 8:columns_noisefill_shape_bands_C1, 9:columns_noisefill_shape_C1, 10:columns_noisefill_wide_B1, 11:columns_noisefill_wide_W1, 12:columns_pointfill_wide_C1, 13:columns_pointfill_wide_C2
2025-12-06 21:33:38 [INFO] show_bridge.state -     Layer 2 (global 40) 'Static Masks' role=static_masks -> 2:None, 3:Mix 1, 4:All Area 2, 5:Windows Columns Door, 6:Windows, 7:Lights, 8:Columns
2025-12-06 21:33:38 [INFO] show_bridge.state -     Layer 3 (global 41) 'Dynamic Masks' role=dynamic_masks -> 2:None, 3:Radial Circle 1, 4:Radial Circle 2, 5:Radial Circle 3, 6:Radial Square 1, 7:Radial Square 2, 8:Radial Square 3
2025-12-06 21:33:38 [INFO] show_bridge.state -     Layer 4 (global 42) 'Colors' role=colors -> 1:None, 2:None, 3:Grayscale, 4:White, 5:Reds, 6:Oranges, 7:Yellows, 8:Limes, 9:Greens, 10:Teals, 11:Cyans, 12:Blues, 13:Purples, 14:Magentas, 15:Pinks, 16:Dull, 17:Rainbow, 18:Inferno, 19:Plasma, 20:Viridis, 21:Clockwork Orange, 22:Mona Lisa, 23:Salmon, 24:Purple Rain
2025-12-06 21:33:38 [INFO] show_bridge.state -     Layer 5 (global 43) 'Effects' role=effects -> 1:None, 2:None, 3:Edge Detection, 4:Noisy, 5:Shift Glitch, 6:Acuarela, 7:Mirror Quad, 8:Infinite Zoom, 9:Bloom, 10:Hatched, 11:Dither, 12:Posterize, 13:Dot Screen, 14:Dither Dots, 15:Edge Dots, 16:Rainbow LEDs
2025-12-06 21:33:38 [INFO] show_bridge.state -     Layer 6 (global 44) 'Transforms' role=transforms -> 1:None, 2:None, 3:Rotate Blur, 4:Particle System, 5:Displace, 6:Kaleidoscope, 7:TAS Turbulent, 8:TAS Turbulent, 9:TAS Turbulent Edges, 10:TAS Sine Transform, 11:TAS Slider Tile
2025-12-06 21:33:38 [INFO] show_bridge.state -   Group 8 'Lights' (APC=2)
2025-12-06 21:33:38 [INFO] show_bridge.state -     Layer 0 (global 45) 'Fills 1' role=fills -> 2:None, 3:mix_1_noisefill_full_C1, 4:mix_1_noisefill_full_turb_C1, 5:mix_1_noisefill_narrow_B1, 6:mix_1_noisefill_narrow_C1, 7:mix_1_noisefill_narrow_W1, 8:mix_1_noisefill_shape_bands_C1, 9:mix_1_noisefill_shape_C1, 10:mix_1_noisefill_wide_B1, 11:mix_1_noisefill_wide_W1, 12:mix_1_pointfill_wide_C1, 13:mix_1_pointfill_wide_C2
2025-12-06 21:33:38 [INFO] show_bridge.state -     Layer 1 (global 46) 'Fills 2' role=fills -> 2:None, 3:mix_1_noisefill_full_C1, 4:mix_1_noisefill_full_turb_C1, 5:mix_1_noisefill_narrow_B1, 6:mix_1_noisefill_narrow_C1, 7:mix_1_noisefill_narrow_W1, 8:mix_1_noisefill_shape_bands_C1, 9:mix_1_noisefill_shape_C1, 10:mix_1_noisefill_wide_B1, 11:mix_1_noisefill_wide_W1, 12:mix_1_pointfill_wide_C1, 13:mix_1_pointfill_wide_C2
2025-12-06 21:33:38 [INFO] show_bridge.state -     Layer 2 (global 47) 'Dynamic Masks' role=dynamic_masks -> 1:None, 2:None, 3:Radial Circle 1, 4:Radial Circle 2, 5:Radial Circle 3, 6:Radial Square 1, 7:Radial Square 2, 8:Radial Square 3
2025-12-06 21:33:38 [INFO] show_bridge.state -     Layer 3 (global 48) 'Colors' role=colors -> 1:None, 2:None, 3:Grayscale, 4:White, 5:Reds, 6:Oranges, 7:Yellows, 8:Limes, 9:Greens, 10:Teals, 11:Cyans, 12:Blues, 13:Purples, 14:Magentas, 15:Pinks, 16:Dull, 17:Rainbow, 18:Inferno, 19:Plasma, 20:Viridis, 21:Clockwork Orange, 22:Mona Lisa, 23:Salmon, 24:Purple Rain, 25:Purple Rain, 26:Purple Rain
2025-12-06 21:33:38 [INFO] show_bridge.state -     Layer 4 (global 49) 'Effects' role=effects -> 1:None, 2:None, 3:Edge Detection, 4:Noisy, 5:Shift Glitch, 6:Acuarela, 7:Mirror Quad, 8:Infinite Zoom, 9:Bloom, 10:Hatched, 11:Dither, 12:Posterize, 13:Dot Screen, 14:Dither Dots, 15:Edge Dots, 16:Rainbow LEDs
2025-12-06 21:33:38 [INFO] show_bridge.state -     Layer 5 (global 50) 'Transforms' role=transforms -> 1:None, 2:None, 3:Rotate Blur, 4:Particle System, 5:Displace, 6:Kaleidoscope, 7:TAS Turbulent, 8:TAS Turbulent, 9:TAS Turbulent Edges, 10:TAS Sine Transform, 11:TAS Slider Tile, 12:Feedback Down, 13:Feedback Perlin
2025-12-06 21:33:38 [INFO] show_bridge.state -   Group 9 'Snow' (APC=1)
2025-12-06 21:33:38 [INFO] show_bridge.state -     Layer 0 (global 51) 'Fills 1' role=fills -> 2:None, 3:Flakes Avg Change, 4:Flakes Avg Med, 5:Flakes Lots Med, 6:Snow Thick Med, 7:Snow Avg Med, 8:Snow Light Med, 9:Snow Thick Slow, 10:Snow Avg Slow, 11:Snow Light Slow, 12:Snow Thick Slow, 13:Snow Avg Slow, 14:Snow Light Slow
2025-12-06 21:33:38 [INFO] show_bridge.state -     Layer 1 (global 52) 'Fills 2' role=fills -> 2:None, 3:Flakes Avg Change, 4:Flakes Avg Med, 5:Flakes Lots Med, 6:Snow Thick Med, 7:Snow Avg Med, 8:Snow Light Med, 9:Snow Thick Slow, 10:Snow Avg Slow, 11:Snow Light Slow, 12:Snow Thick Slow, 13:Snow Avg Slow, 14:Snow Light Slow
2025-12-06 21:33:38 [INFO] show_bridge.state -     Layer 2 (global 53) 'Effects' role=effects -> 1:None, 2:Edge Detection, 3:Bloom, 4:Posterize, 5:Noisy, 6:Acuarela, 7:Mirror Quad, 8:Flip, 9:Vertical Noise Glow
2025-12-06 21:33:38 [INFO] show_bridge.state -     Layer 3 (global 54) 'Transforms' role=transforms -> 1:None, 2:None, 3:Feedback Controller, 4:Kaleidoscope, 5:Flip
2025-12-06 21:33:38 [INFO] show_bridge.state -     Layer 4 (global 55) 'Color' role=colors -> 1:None, 2:None, 3:Hue Rotate, 4:Reds, 5:Teals, 6:Cyans, 7:Blues, 8:Purples, 9:Grayscale, 10:White, 11:Dull, 12:Rainbow
2025-12-06 21:33:38 [INFO] show_bridge.state -   Group 10 'Routing Group' (APC=-)
2025-12-06 21:33:38 [INFO] show_bridge.state -     Layer 0 (global 56) 'OSC Transport Beat' role=- -> 1:OSC Transport Beat, 2:OSC Transport Beat
2025-12-06 21:33:38 [INFO] show_bridge.state -     Layer 1 (global 57) 'Test Router' role=routing -> 1:Video Router, 2:Video Router
2025-12-06 21:33:38 [INFO] show_bridge.state -     Layer 2 (global 58) 'Synestesia Router' role=routing -> 1:Video Router, 2:Video Router
2025-12-06 21:33:38 [INFO] show_bridge.state -     Layer 3 (global 59) 'Wireframe Router' role=routing -> 1:Video Router, 2:Video Router
2025-12-06 21:33:38 [INFO] show_bridge.state -     Layer 4 (global 60) 'Brick Router' role=routing -> 1:Video Router, 2:Video Router
2025-12-06 21:33:38 [INFO] show_bridge.state -     Layer 5 (global 61) 'Mix Router' role=routing -> 1:Video Router, 2:Video Router
2025-12-06 21:33:38 [INFO] show_bridge.state -     Layer 6 (global 62) 'Windows Router' role=routing -> 1:Video Router, 2:Video Router
2025-12-06 21:33:38 [INFO] show_bridge.state -     Layer 7 (global 63) 'Columns Router' role=routing -> 1:Video Router, 2:Video Router
2025-12-06 21:33:38 [INFO] show_bridge.state -     Layer 8 (global 64) 'Lights Router' role=routing -> 1:Video Router, 2:Video Router
2025-12-06 21:33:38 [INFO] show_bridge.state -     Layer 9 (global 65) 'Snow Router' role=routing -> 1:Video Router, 2:Video Router
2025-12-06 21:33:38 [INFO] show_bridge.state - [OSC] Using Resolume OSC at 127.0.0.1:7000
2025-12-06 21:33:38 [INFO] show_bridge.state - [OSC] Using show_bridge OSC at 127.0.0.1:13001 for state broadcasts
2025-12-06 21:33:38 [INFO] show_bridge.state - [SYN] Using Synesthesia OSC at 127.0.0.1:12001
2025-12-06 21:33:38 [INFO] show_bridge.state - [SYN] Synesthesia mapped to APC group 8 (internal group_idx=7)
2025-12-06 21:33:38 [INFO] show_bridge.state - [ROUTING] Mapped routing layers:
2025-12-06 21:33:38 [INFO] show_bridge.state - [RESOLUME] Attached composition 'Snow Place 2025' with 11 groups.
2025-12-06 21:33:38 [INFO] show_bridge.state -   APC group 8: roles -> fills(1), effects(1), colors(1), static_masks(1)
2025-12-06 21:33:38 [INFO] show_bridge.state -   APC group 7: roles -> fills(2), static_masks(1), dynamic_masks(1), colors(1), effects(1), transforms(1)
2025-12-06 21:33:38 [INFO] show_bridge.state -   APC group 6: roles -> fills(2), static_masks(1), dynamic_masks(1), colors(1), effects(1), transforms(1)
2025-12-06 21:33:38 [INFO] show_bridge.state -   APC group 5: roles -> fills(2), static_masks(1), dynamic_masks(1), colors(1), effects(1), transforms(1)
2025-12-06 21:33:38 [INFO] show_bridge.state -   APC group 4: roles -> fills(2), dynamic_masks(1), colors(1), effects(1), transforms(1)
2025-12-06 21:33:38 [INFO] show_bridge.state -   APC group 3: roles -> fills(2), static_masks(1), dynamic_masks(1), colors(1), effects(1), transforms(1)
2025-12-06 21:33:38 [INFO] show_bridge.state -   APC group 2: roles -> fills(2), dynamic_masks(1), colors(1), effects(1), transforms(1)
2025-12-06 21:33:38 [INFO] show_bridge.state -   APC group 1: roles -> fills(2), effects(1), transforms(1), colors(1)
2025-12-06 21:33:38 [INFO] show_bridge.state - [INIT] Syncing with composition...
2025-12-06 21:33:38 [INFO] show_bridge.state - [INIT] Layer 0 'Reference Images' col=1 -> ON=False
2025-12-06 21:33:38 [INFO] show_bridge.state - [INIT] Layer 1 'Test Patterns' col=1 -> ON=False
2025-12-06 21:33:38 [INFO] show_bridge.state - [INIT] Layer 2 'Layer #' col=1 -> ON=False
2025-12-06 21:33:38 [INFO] show_bridge.state - [INIT] Layer 3 'FFT Fills' col=1 -> ON=False
2025-12-06 21:33:38 [INFO] show_bridge.state - [INIT] Layer 4 'Full Stage Effects' col=1 -> ON=False
2025-12-06 21:33:38 [INFO] show_bridge.state - [INIT] Layer 5 'Full Stage Colors' col=1 -> ON=False
2025-12-06 21:33:38 [INFO] show_bridge.state - [INIT] Layer 6 'Stage Masks' col=1 -> ON=False
2025-12-06 21:33:38 [INFO] show_bridge.state - [INIT] Layer 7 'Fills 1' col=1 -> ON=False
2025-12-06 21:33:38 [INFO] show_bridge.state - [INIT] Layer 8 'Effects' col=1 -> ON=False
2025-12-06 21:33:38 [INFO] show_bridge.state - [INIT] Layer 9 'Colors' col=1 -> ON=False
2025-12-06 21:33:38 [INFO] show_bridge.state - [INIT] Layer 10 'Static Masks' col=1 -> ON=False
2025-12-06 21:33:38 [INFO] show_bridge.state - [INIT] Layer 11 'Fills 1' col=1 -> ON=False
2025-12-06 21:33:38 [INFO] show_bridge.state - [INIT] Layer 12 'Fills 2' col=1 -> ON=False
2025-12-06 21:33:38 [INFO] show_bridge.state - [INIT] Layer 13 'Static Masks' col=1 -> ON=False
2025-12-06 21:33:38 [INFO] show_bridge.state - [INIT] Layer 14 'Dynamic Masks' col=1 -> ON=False
2025-12-06 21:33:38 [INFO] show_bridge.state - [INIT] Layer 15 'Colors' col=1 -> ON=False
2025-12-06 21:33:38 [INFO] show_bridge.state - [INIT] Layer 16 'Effects' col=1 -> ON=False
2025-12-06 21:33:38 [INFO] show_bridge.state - [INIT] Layer 17 'Transforms' col=1 -> ON=False
2025-12-06 21:33:38 [INFO] show_bridge.state - [INIT] Layer 18 'Fills 1' col=1 -> ON=False
2025-12-06 21:33:38 [INFO] show_bridge.state - [INIT] Layer 19 'Fills 2' col=1 -> ON=False
2025-12-06 21:33:38 [INFO] show_bridge.state - [INIT] Layer 20 'Static Masks' col=1 -> ON=False
2025-12-06 21:33:38 [INFO] show_bridge.state - [INIT] Layer 21 'Dynamic Masks' col=1 -> ON=False
2025-12-06 21:33:38 [INFO] show_bridge.state - [INIT] Layer 22 'Colors' col=1 -> ON=False
2025-12-06 21:33:38 [INFO] show_bridge.state - [INIT] Layer 23 'Effects' col=1 -> ON=False
2025-12-06 21:33:38 [INFO] show_bridge.state - [INIT] Layer 24 'Transforms' col=1 -> ON=False
2025-12-06 21:33:38 [INFO] show_bridge.state - [INIT] Layer 25 'Fills 1' col=1 -> ON=False
2025-12-06 21:33:38 [INFO] show_bridge.state - [INIT] Layer 26 'Fills 2' col=1 -> ON=False
2025-12-06 21:33:38 [INFO] show_bridge.state - [INIT] Layer 27 'Static Masks' col=1 -> ON=False
2025-12-06 21:33:38 [INFO] show_bridge.state - [INIT] Layer 28 'Dynamic Masks' col=1 -> ON=False
2025-12-06 21:33:38 [INFO] show_bridge.state - [INIT] Layer 29 'Colors' col=1 -> ON=False
2025-12-06 21:33:38 [INFO] show_bridge.state - [INIT] Layer 30 'Effects' col=1 -> ON=False
2025-12-06 21:33:38 [INFO] show_bridge.state - [INIT] Layer 31 'Transforms' col=1 -> ON=False
2025-12-06 21:33:38 [INFO] show_bridge.state - [INIT] Layer 32 'Fills 1' col=1 -> ON=False
2025-12-06 21:33:38 [INFO] show_bridge.state - [INIT] Layer 33 'Fills 2' col=1 -> ON=False
2025-12-06 21:33:38 [INFO] show_bridge.state - [INIT] Layer 34 'Dynamic Masks' col=1 -> ON=False
2025-12-06 21:33:38 [INFO] show_bridge.state - [INIT] Layer 35 'Colors' col=1 -> ON=False
2025-12-06 21:33:38 [INFO] show_bridge.state - [INIT] Layer 36 'Effects' col=1 -> ON=False
2025-12-06 21:33:38 [INFO] show_bridge.state - [INIT] Layer 37 'Transforms' col=1 -> ON=False
2025-12-06 21:33:38 [INFO] show_bridge.state - [INIT] Layer 38 'Fills 1' col=1 -> ON=False
2025-12-06 21:33:38 [INFO] show_bridge.state - [INIT] Layer 39 'Fills 2' col=1 -> ON=False
2025-12-06 21:33:38 [INFO] show_bridge.state - [INIT] Layer 40 'Static Masks' col=1 -> ON=False
2025-12-06 21:33:38 [INFO] show_bridge.state - [INIT] Layer 41 'Dynamic Masks' col=1 -> ON=False
2025-12-06 21:33:38 [INFO] show_bridge.state - [INIT] Layer 42 'Colors' col=1 -> ON=False
2025-12-06 21:33:38 [INFO] show_bridge.state - [INIT] Layer 43 'Effects' col=1 -> ON=False
2025-12-06 21:33:38 [INFO] show_bridge.state - [INIT] Layer 44 'Transforms' col=1 -> ON=False
2025-12-06 21:33:38 [INFO] show_bridge.state - [INIT] Layer 45 'Fills 1' col=1 -> ON=False
2025-12-06 21:33:38 [INFO] show_bridge.state - [INIT] Layer 46 'Fills 2' col=1 -> ON=False
2025-12-06 21:33:38 [INFO] show_bridge.state - [INIT] Layer 47 'Dynamic Masks' col=1 -> ON=False
2025-12-06 21:33:38 [INFO] show_bridge.state - [INIT] Layer 48 'Colors' col=1 -> ON=False
2025-12-06 21:33:38 [INFO] show_bridge.state - [INIT] Layer 49 'Effects' col=1 -> ON=False
2025-12-06 21:33:38 [INFO] show_bridge.state - [INIT] Layer 50 'Transforms' col=1 -> ON=False
2025-12-06 21:33:38 [INFO] show_bridge.state - [INIT] Layer 51 'Fills 1' col=1 -> ON=False
2025-12-06 21:33:38 [INFO] show_bridge.state - [INIT] Layer 52 'Fills 2' col=1 -> ON=False
2025-12-06 21:33:38 [INFO] show_bridge.state - [INIT] Layer 53 'Effects' col=1 -> ON=False
2025-12-06 21:33:38 [INFO] show_bridge.state - [INIT] Layer 54 'Transforms' col=1 -> ON=False
2025-12-06 21:33:38 [INFO] show_bridge.state - [INIT] Layer 55 'Color' col=1 -> ON=False
2025-12-06 21:33:38 [INFO] show_bridge.state - [INIT] Layer 56 'OSC Transport Beat' col=1 -> ON=False
2025-12-06 21:33:38 [INFO] show_bridge.state - [INIT] Layer 57 'Test Router' col=1 -> ON=False
2025-12-06 21:33:38 [INFO] show_bridge.state - [INIT] Layer 58 'Synestesia Router' col=1 -> ON=False
2025-12-06 21:33:38 [INFO] show_bridge.state - [INIT] Layer 59 'Wireframe Router' col=1 -> ON=False
2025-12-06 21:33:38 [INFO] show_bridge.state - [INIT] Layer 60 'Brick Router' col=1 -> ON=False
2025-12-06 21:33:38 [INFO] show_bridge.state - [INIT] Layer 61 'Mix Router' col=1 -> ON=False
2025-12-06 21:33:38 [INFO] show_bridge.state - [INIT] Layer 62 'Windows Router' col=1 -> ON=False
2025-12-06 21:33:38 [INFO] show_bridge.state - [INIT] Layer 63 'Columns Router' col=1 -> ON=False
2025-12-06 21:33:38 [INFO] show_bridge.state - [INIT] Layer 64 'Lights Router' col=1 -> ON=False
2025-12-06 21:33:38 [INFO] show_bridge.state - [INIT] Layer 65 'Snow Router' col=1 -> ON=False
2025-12-06 21:33:38 [INFO] show_bridge.state - [INIT] Group 8 -> playing=False, effects=False, transforms=False, dynamic_masks=False, color=False
2025-12-06 21:33:38 [INFO] show_bridge.state - [INIT] Group 7 -> playing=False, effects=False, transforms=False, dynamic_masks=False, color=False
2025-12-06 21:33:38 [INFO] show_bridge.state - [INIT] Group 6 -> playing=False, effects=False, transforms=False, dynamic_masks=False, color=False
2025-12-06 21:33:38 [INFO] show_bridge.state - [INIT] Group 5 -> playing=False, effects=False, transforms=False, dynamic_masks=False, color=False
2025-12-06 21:33:38 [INFO] show_bridge.state - [INIT] Group 4 -> playing=False, effects=False, transforms=False, dynamic_masks=False, color=False
2025-12-06 21:33:38 [INFO] show_bridge.state - [INIT] Group 3 -> playing=False, effects=False, transforms=False, dynamic_masks=False, color=False
2025-12-06 21:33:38 [INFO] show_bridge.state - [INIT] Group 2 -> playing=False, effects=False, transforms=False, dynamic_masks=False, color=False
2025-12-06 21:33:38 [INFO] show_bridge.state - [INIT] Group 1 -> playing=False, effects=False, transforms=False, dynamic_masks=False, color=False
2025-12-06 21:33:38 [INFO] show_bridge - [MONITOR] State monitoring HTTP server started on port 8765.
2025-12-06 21:34:28 [INFO] show_bridge - Starting show_bridge state machine runner
2025-12-06 21:34:28 [INFO] show_bridge - [STATE] Loaded state_machine_mappings.yaml for OSC broadcast.
2025-12-06 21:34:30 [INFO] show_bridge - [RESOLUME] Loaded composition 'Snow Place 2025' with 11 groups.
2025-12-06 21:34:30 [INFO] show_bridge - [DEBUG] Composition 'Snow Place 2025' column layout:
2025-12-06 21:34:30 [INFO] show_bridge -   Group 0 'Test Group' (APC=-)
2025-12-06 21:34:30 [INFO] show_bridge -     Layer 0 (global 0) 'Reference Images' role=- -> 2:Full Building Perspective Corrected, 3:OSC Transport Beat
2025-12-06 21:34:30 [INFO] show_bridge -     Layer 1 (global 1) 'Test Patterns' role=- -> 2:All Area 2, 3:Mix 1, 4:Checkered, 5:Test Card, 6:All Area Wireframe 1, 7:All Area Wireframe 2, 8:WAAT Test Card
2025-12-06 21:34:30 [INFO] show_bridge -   Group 1 'Internal Videos' (APC=-)
2025-12-06 21:34:30 [INFO] show_bridge -     Layer 0 (global 2) 'Layer #' role=- -> 
2025-12-06 21:34:30 [INFO] show_bridge -     Layer 1 (global 3) 'FFT Fills' role=fills -> 
2025-12-06 21:34:30 [INFO] show_bridge -     Layer 2 (global 4) 'Full Stage Effects' role=effects -> 2:Edge Detection, 3:Noisy, 4:Shift Glitch, 5:Acuarela, 6:Mirror Quad, 7:Infinite Zoom, 8:Bloom, 9:Hatched, 10:Dither, 12:Posterize
2025-12-06 21:34:30 [INFO] show_bridge -     Layer 3 (global 5) 'Full Stage Colors' role=colors -> 2:No Changes, 3:Reds, 4:Oranges, 5:Yellows, 6:Limes, 7:Greens, 8:Teals, 9:Cyans, 10:Blues, 11:Purples, 12:Magentas, 13:Pinks, 14:Grayscale, 15:White, 16:Dull, 17:Rainbow, 18:Inferno, 19:Plasma, 20:Viridis, 21:Clockwork Orange, 22:Warhol, 23:Mona Lisa, 24:Salmon, 25:Purple Rain
2025-12-06 21:34:30 [INFO] show_bridge -     Layer 4 (global 6) 'Stage Masks' role=static_masks -> 1:Solid Color, 2:Mask Randomizer, 3:All Area 2, 4:Big Window, 5:Brick Face, 6:Column Tops and Bottoms, 7:Columns, 8:Door, 9:Mix 1, 10:Roof Circle, 11:Roof Crown, 12:Roof Peak, 13:Roof Trim, 14:Windows Columns Door, 15:Windows, 16:Lights
2025-12-06 21:34:30 [INFO] show_bridge -   Group 2 'Synestesia' (APC=8)
2025-12-06 21:34:30 [INFO] show_bridge -     Layer 0 (global 7) 'Fills 1' role=fills -> 2:None, 4:Synesthesia Soft Flip, 5:Synesthesia Mirror
2025-12-06 21:34:30 [INFO] show_bridge -     Layer 1 (global 8) 'Effects' role=effects -> 1:None, 2:None, 3:Edge Detection, 4:Noisy, 5:Shift Glitch, 6:Acuarela, 7:Mirror Quad, 8:Infinite Zoom, 9:Bloom, 10:Hatched, 11:Dither, 12:Posterize, 13:Dot Screen, 14:Dither Dots, 15:Edge Dots, 16:Rainbow LEDs
2025-12-06 21:34:30 [INFO] show_bridge -     Layer 2 (global 9) 'Colors' role=colors -> 1:None, 2:None, 3:Grayscale, 4:White, 5:Reds, 6:Oranges, 7:Yellows, 8:Limes, 9:Greens, 10:Teals, 11:Cyans, 12:Blues, 13:Purples, 14:Magentas, 15:Pinks, 16:Dull, 17:Rainbow, 18:Inferno, 19:Plasma, 20:Viridis, 21:Clockwork Orange, 22:Mona Lisa, 23:Salmon, 24:Purple Rain
2025-12-06 21:34:30 [INFO] show_bridge -     Layer 3 (global 10) 'Static Masks' role=static_masks -> 1:None, 2:Solid Color, 3:Mask Randomizer, 4:All Area 2, 5:Big Window, 6:Brick Face, 7:Column Tops and Bottoms, 8:Columns, 9:Door, 10:Mix 1, 11:Roof Circle, 12:Roof Crown, 13:Roof Peak, 14:Roof Trim, 15:Windows Columns Door, 16:Windows, 17:Lights
2025-12-06 21:34:30 [INFO] show_bridge -   Group 3 'Wireframe' (APC=7)
2025-12-06 21:34:30 [INFO] show_bridge -     Layer 0 (global 11) 'Fills 1' role=fills -> 2:None, 3:all_wireframe_noisefill_full_C1, 4:all_wireframe_noisefill_full_turb_C1, 5:all_wireframe_noisefill_narrow_B1, 6:all_wireframe_noisefill_narrow_C1, 7:all_wireframe_noisefill_narrow_W1, 8:all_wireframe_noisefill_shape_bands_C1, 9:all_wireframe_noisefill_shape_C1, 10:all_wireframe_noisefill_wide_B1, 11:all_wireframe_noisefill_wide_W1, 12:all_wireframe_pointfill_wide_C1, 13:all_wireframe_pointfill_wide_C2
2025-12-06 21:34:30 [INFO] show_bridge -     Layer 1 (global 12) 'Fills 2' role=fills -> 2:None, 3:all_wireframe_noisefill_full_C1, 4:all_wireframe_noisefill_full_turb_C1, 5:all_wireframe_noisefill_narrow_B1, 6:all_wireframe_noisefill_narrow_C1, 7:all_wireframe_noisefill_narrow_W1, 8:all_wireframe_noisefill_shape_bands_C1, 9:all_wireframe_noisefill_shape_C1, 10:all_wireframe_noisefill_wide_B1, 11:all_wireframe_noisefill_wide_W1, 12:all_wireframe_pointfill_wide_C1, 13:all_wireframe_pointfill_wide_C2
2025-12-06 21:34:30 [INFO] show_bridge -     Layer 2 (global 13) 'Static Masks' role=static_masks -> 2:None, 3:Mix 1, 4:All Area 2, 5:Windows Columns Door, 6:Windows, 7:Lights, 8:Columns
2025-12-06 21:34:30 [INFO] show_bridge -     Layer 3 (global 14) 'Dynamic Masks' role=dynamic_masks -> 2:None, 3:Radial Circle 1, 4:Radial Circle 2, 5:Radial Circle 3, 6:Radial Square 1, 7:Radial Square 2, 8:Radial Square 3
2025-12-06 21:34:30 [INFO] show_bridge -     Layer 4 (global 15) 'Colors' role=colors -> 1:None, 2:None, 3:Grayscale, 4:White, 5:Reds, 6:Oranges, 7:Yellows, 8:Limes, 9:Greens, 10:Teals, 11:Cyans, 12:Blues, 13:Purples, 14:Magentas, 15:Pinks, 16:Dull, 17:Rainbow, 18:Inferno, 19:Plasma, 20:Viridis, 21:Clockwork Orange, 22:Mona Lisa, 23:Salmon, 24:Purple Rain
2025-12-06 21:34:30 [INFO] show_bridge -     Layer 5 (global 16) 'Effects' role=effects -> 1:None, 2:None, 3:Edge Detection, 4:Noisy, 5:Shift Glitch, 6:Acuarela, 7:Mirror Quad, 8:Infinite Zoom, 9:Bloom, 10:Hatched, 11:Dither, 12:Posterize, 13:Dot Screen, 14:Dither Dots, 15:Edge Dots, 16:Rainbow LEDs
2025-12-06 21:34:30 [INFO] show_bridge -     Layer 6 (global 17) 'Transforms' role=transforms -> 1:None, 2:None, 3:Rotate Blur, 4:Particle System, 5:Displace, 6:Kaleidoscope, 7:TAS Turbulent, 8:TAS Turbulent, 9:TAS Turbulent Edges, 10:TAS Sine Transform, 11:TAS Slider Tile
2025-12-06 21:34:30 [INFO] show_bridge -   Group 4 'Brick' (APC=6)
2025-12-06 21:34:30 [INFO] show_bridge -     Layer 0 (global 18) 'Fills 1' role=fills -> 2:None, 3:brick_noisefill_full_C1, 4:brick_noisefill_full_turb_C1, 5:brick_noisefill_narrow_B1, 6:brick_noisefill_narrow_C1, 7:brick_noisefill_narrow_W1, 8:brick_noisefill_shape_bands_C1, 9:brick_noisefill_shape_C1, 10:brick_noisefill_wide_B1, 11:brick_noisefill_wide_W1, 12:brick_pointfill_wide_C1, 13:brick_pointfill_wide_C2
2025-12-06 21:34:30 [INFO] show_bridge -     Layer 1 (global 19) 'Fills 2' role=fills -> 2:None, 3:brick_noisefill_full_C1, 4:brick_noisefill_full_turb_C1, 5:brick_noisefill_narrow_B1, 6:brick_noisefill_narrow_C1, 7:brick_noisefill_narrow_W1, 8:brick_noisefill_shape_bands_C1, 9:brick_noisefill_shape_C1, 10:brick_noisefill_wide_B1, 11:brick_noisefill_wide_W1, 12:brick_pointfill_wide_C1, 13:brick_pointfill_wide_C2
2025-12-06 21:34:30 [INFO] show_bridge -     Layer 2 (global 20) 'Static Masks' role=static_masks -> 2:None, 3:Mix 1, 4:All Area 2, 5:Windows Columns Door, 6:Windows, 7:Lights, 8:Columns
2025-12-06 21:34:30 [INFO] show_bridge -     Layer 3 (global 21) 'Dynamic Masks' role=dynamic_masks -> 2:None, 3:Radial Circle 1, 4:Radial Circle 2, 5:Radial Circle 3, 6:Radial Square 1, 7:Radial Square 2, 8:Radial Square 3
2025-12-06 21:34:30 [INFO] show_bridge -     Layer 4 (global 22) 'Colors' role=colors -> 1:None, 2:None, 3:Grayscale, 4:White, 5:Reds, 6:Oranges, 7:Yellows, 8:Limes, 9:Greens, 10:Teals, 11:Cyans, 12:Blues, 13:Purples, 14:Magentas, 15:Pinks, 16:Dull, 17:Rainbow, 18:Inferno, 19:Plasma, 20:Viridis, 21:Clockwork Orange, 22:Warhol, 23:Mona Lisa, 24:Salmon, 25:Purple Rain
2025-12-06 21:34:30 [INFO] show_bridge -     Layer 5 (global 23) 'Effects' role=effects -> 1:None, 2:None, 3:Edge Detection, 4:Noisy, 5:Shift Glitch, 6:Acuarela, 7:Mirror Quad, 8:Infinite Zoom, 9:Bloom, 10:Hatched, 11:Dither, 12:Posterize, 13:Dot Screen, 14:Dither Dots, 15:Edge Dots, 16:Rainbow LEDs
2025-12-06 21:34:30 [INFO] show_bridge -     Layer 6 (global 24) 'Transforms' role=transforms -> 1:None, 2:None, 3:Rotate Blur, 4:Particle System, 5:Displace, 6:Kaleidoscope, 7:TAS Turbulent, 8:TAS Turbulent, 9:TAS Turbulent Edges, 10:TAS Sine Transform, 11:TAS Slider Tile
2025-12-06 21:34:30 [INFO] show_bridge -   Group 5 'Mix' (APC=5)
2025-12-06 21:34:30 [INFO] show_bridge -     Layer 0 (global 25) 'Fills 1' role=fills -> 2:None, 3:mix_1_noisefill_full_C1, 4:mix_1_noisefill_full_turb_C1, 5:mix_1_noisefill_narrow_B1, 6:mix_1_noisefill_narrow_C1, 7:mix_1_noisefill_narrow_W1, 8:mix_1_noisefill_shape_bands_C1, 9:mix_1_noisefill_shape_C1, 10:mix_1_noisefill_wide_B1, 11:mix_1_noisefill_wide_W1, 12:mix_1_pointfill_wide_C1, 13:mix_1_pointfill_wide_C2
2025-12-06 21:34:30 [INFO] show_bridge -     Layer 1 (global 26) 'Fills 2' role=fills -> 2:None, 3:mix_1_noisefill_full_C1, 4:mix_1_noisefill_full_turb_C1, 5:mix_1_noisefill_narrow_B1, 6:mix_1_noisefill_narrow_C1, 7:mix_1_noisefill_narrow_W1, 8:mix_1_noisefill_shape_bands_C1, 9:mix_1_noisefill_shape_C1, 10:mix_1_noisefill_wide_B1, 11:mix_1_noisefill_wide_W1, 12:mix_1_pointfill_wide_C1, 13:mix_1_pointfill_wide_C2
2025-12-06 21:34:30 [INFO] show_bridge -     Layer 2 (global 27) 'Static Masks' role=static_masks -> 2:None, 3:Mask Randomizer, 4:Mask Randomizer 2
2025-12-06 21:34:30 [INFO] show_bridge -     Layer 3 (global 28) 'Dynamic Masks' role=dynamic_masks -> 2:None, 3:Radial Circle 1, 4:Radial Circle 2, 5:Radial Circle 3, 6:Radial Square 1, 7:Radial Square 2, 8:Radial Square 3
2025-12-06 21:34:30 [INFO] show_bridge -     Layer 4 (global 29) 'Colors' role=colors -> 1:None, 2:None, 3:Grayscale, 4:White, 5:Reds, 6:Oranges, 7:Yellows, 8:Limes, 9:Greens, 10:Teals, 11:Cyans, 12:Blues, 13:Purples, 14:Magentas, 15:Pinks, 16:Dull, 17:Rainbow, 18:Inferno, 19:Plasma, 20:Viridis, 21:Clockwork Orange, 23:Mona Lisa, 24:Salmon, 25:Purple Rain
2025-12-06 21:34:30 [INFO] show_bridge -     Layer 5 (global 30) 'Effects' role=effects -> 1:None, 2:None, 3:Edge Detection, 4:Noisy, 5:Shift Glitch, 6:Acuarela, 7:Mirror Quad, 8:Infinite Zoom, 9:Bloom, 10:Hatched, 11:Dither, 12:Posterize, 13:Dot Screen, 14:Dither Dots, 15:Edge Dots, 16:Rainbow LEDs
2025-12-06 21:34:30 [INFO] show_bridge -     Layer 6 (global 31) 'Transforms' role=transforms -> 1:None, 2:None, 3:Rotate Blur, 4:Particle System, 5:Displace, 6:Kaleidoscope, 7:TAS Turbulent, 8:TAS Turbulent, 9:TAS Turbulent Edges, 10:TAS Sine Transform, 11:TAS Slider Tile
2025-12-06 21:34:30 [INFO] show_bridge -   Group 6 'Windows' (APC=4)
2025-12-06 21:34:30 [INFO] show_bridge -     Layer 0 (global 32) 'Fills 1' role=fills -> 2:None, 3:windows_noisefill_full_C1, 4:windows_noisefill_full_turb_C1, 5:windows_noisefill_narrow_B1, 6:windows_noisefill_narrow_C1, 7:windows_noisefill_narrow_W1, 8:windows_noisefill_shape_bands_C1, 9:windows_noisefill_shape_C1, 10:windows_noisefill_wide_B1, 11:windows_noisefill_wide_W1, 12:windows_pointfill_wide_C1, 13:windows_pointfill_wide_C2
2025-12-06 21:34:30 [INFO] show_bridge -     Layer 1 (global 33) 'Fills 2' role=fills -> 2:None, 3:windows_noisefill_full_C1, 4:windows_noisefill_full_turb_C1, 5:windows_noisefill_narrow_B1, 6:windows_noisefill_narrow_C1, 7:windows_noisefill_narrow_W1, 8:windows_noisefill_shape_bands_C1, 9:windows_noisefill_shape_C1, 10:windows_noisefill_wide_B1, 11:windows_noisefill_wide_W1, 12:windows_pointfill_wide_C1, 13:windows_pointfill_wide_C2
2025-12-06 21:34:30 [INFO] show_bridge -     Layer 2 (global 34) 'Dynamic Masks' role=dynamic_masks -> 2:None, 3:Radial Circle 1, 4:Radial Circle 2, 5:Radial Circle 3, 6:Radial Square 1, 7:Radial Square 2, 8:Radial Square 3
2025-12-06 21:34:30 [INFO] show_bridge -     Layer 3 (global 35) 'Colors' role=colors -> 1:None, 2:None, 3:Grayscale, 4:White, 5:Reds, 6:Oranges, 7:Yellows, 8:Limes, 9:Greens, 10:Teals, 11:Cyans, 12:Blues, 13:Purples, 14:Magentas, 15:Pinks, 16:Dull, 17:Rainbow, 18:Inferno, 19:Plasma, 20:Viridis, 21:Clockwork Orange, 23:Mona Lisa, 24:Salmon, 25:Purple Rain
2025-12-06 21:34:30 [INFO] show_bridge -     Layer 4 (global 36) 'Effects' role=effects -> 1:None, 2:None, 3:Edge Detection, 4:Noisy, 5:Shift Glitch, 6:Acuarela, 7:Mirror Quad, 8:Infinite Zoom, 9:Bloom, 10:Hatched, 11:Dither, 12:Posterize, 13:Dot Screen, 14:Dither Dots, 15:Edge Dots, 16:Rainbow LEDs
2025-12-06 21:34:30 [INFO] show_bridge -     Layer 5 (global 37) 'Transforms' role=transforms -> 1:None, 2:None, 3:Rotate Blur, 4:Particle System, 5:Displace, 6:Kaleidoscope, 7:TAS Turbulent, 8:TAS Turbulent, 9:TAS Turbulent Edges, 10:TAS Sine Transform, 11:TAS Slider Tile
2025-12-06 21:34:30 [INFO] show_bridge -   Group 7 'Columns' (APC=3)
2025-12-06 21:34:30 [INFO] show_bridge -     Layer 0 (global 38) 'Fills 1' role=fills -> 2:None, 3:columns_noisefill_full_C1, 4:columns_noisefill_full_turb_C1, 5:columns_noisefill_narrow_B1, 6:columns_noisefill_narrow_C1, 7:columns_noisefill_narrow_W1, 8:columns_noisefill_shape_bands_C1, 9:columns_noisefill_shape_C1, 10:columns_noisefill_wide_B1, 11:columns_noisefill_wide_W1, 12:columns_pointfill_wide_C1, 13:columns_pointfill_wide_C2
2025-12-06 21:34:30 [INFO] show_bridge -     Layer 1 (global 39) 'Fills 2' role=fills -> 2:None, 3:columns_noisefill_full_C1, 4:columns_noisefill_full_turb_C1, 5:columns_noisefill_narrow_B1, 6:columns_noisefill_narrow_C1, 7:columns_noisefill_narrow_W1, 8:columns_noisefill_shape_bands_C1, 9:columns_noisefill_shape_C1, 10:columns_noisefill_wide_B1, 11:columns_noisefill_wide_W1, 12:columns_pointfill_wide_C1, 13:columns_pointfill_wide_C2
2025-12-06 21:34:30 [INFO] show_bridge -     Layer 2 (global 40) 'Static Masks' role=static_masks -> 2:None, 3:Mix 1, 4:All Area 2, 5:Windows Columns Door, 6:Windows, 7:Lights, 8:Columns
2025-12-06 21:34:30 [INFO] show_bridge -     Layer 3 (global 41) 'Dynamic Masks' role=dynamic_masks -> 2:None, 3:Radial Circle 1, 4:Radial Circle 2, 5:Radial Circle 3, 6:Radial Square 1, 7:Radial Square 2, 8:Radial Square 3
2025-12-06 21:34:30 [INFO] show_bridge -     Layer 4 (global 42) 'Colors' role=colors -> 1:None, 2:None, 3:Grayscale, 4:White, 5:Reds, 6:Oranges, 7:Yellows, 8:Limes, 9:Greens, 10:Teals, 11:Cyans, 12:Blues, 13:Purples, 14:Magentas, 15:Pinks, 16:Dull, 17:Rainbow, 18:Inferno, 19:Plasma, 20:Viridis, 21:Clockwork Orange, 22:Mona Lisa, 23:Salmon, 24:Purple Rain
2025-12-06 21:34:30 [INFO] show_bridge -     Layer 5 (global 43) 'Effects' role=effects -> 1:None, 2:None, 3:Edge Detection, 4:Noisy, 5:Shift Glitch, 6:Acuarela, 7:Mirror Quad, 8:Infinite Zoom, 9:Bloom, 10:Hatched, 11:Dither, 12:Posterize, 13:Dot Screen, 14:Dither Dots, 15:Edge Dots, 16:Rainbow LEDs
2025-12-06 21:34:30 [INFO] show_bridge -     Layer 6 (global 44) 'Transforms' role=transforms -> 1:None, 2:None, 3:Rotate Blur, 4:Particle System, 5:Displace, 6:Kaleidoscope, 7:TAS Turbulent, 8:TAS Turbulent, 9:TAS Turbulent Edges, 10:TAS Sine Transform, 11:TAS Slider Tile
2025-12-06 21:34:30 [INFO] show_bridge -   Group 8 'Lights' (APC=2)
2025-12-06 21:34:30 [INFO] show_bridge -     Layer 0 (global 45) 'Fills 1' role=fills -> 2:None, 3:mix_1_noisefill_full_C1, 4:mix_1_noisefill_full_turb_C1, 5:mix_1_noisefill_narrow_B1, 6:mix_1_noisefill_narrow_C1, 7:mix_1_noisefill_narrow_W1, 8:mix_1_noisefill_shape_bands_C1, 9:mix_1_noisefill_shape_C1, 10:mix_1_noisefill_wide_B1, 11:mix_1_noisefill_wide_W1, 12:mix_1_pointfill_wide_C1, 13:mix_1_pointfill_wide_C2
2025-12-06 21:34:30 [INFO] show_bridge -     Layer 1 (global 46) 'Fills 2' role=fills -> 2:None, 3:mix_1_noisefill_full_C1, 4:mix_1_noisefill_full_turb_C1, 5:mix_1_noisefill_narrow_B1, 6:mix_1_noisefill_narrow_C1, 7:mix_1_noisefill_narrow_W1, 8:mix_1_noisefill_shape_bands_C1, 9:mix_1_noisefill_shape_C1, 10:mix_1_noisefill_wide_B1, 11:mix_1_noisefill_wide_W1, 12:mix_1_pointfill_wide_C1, 13:mix_1_pointfill_wide_C2
2025-12-06 21:34:30 [INFO] show_bridge -     Layer 2 (global 47) 'Dynamic Masks' role=dynamic_masks -> 1:None, 2:None, 3:Radial Circle 1, 4:Radial Circle 2, 5:Radial Circle 3, 6:Radial Square 1, 7:Radial Square 2, 8:Radial Square 3
2025-12-06 21:34:30 [INFO] show_bridge -     Layer 3 (global 48) 'Colors' role=colors -> 1:None, 2:None, 3:Grayscale, 4:White, 5:Reds, 6:Oranges, 7:Yellows, 8:Limes, 9:Greens, 10:Teals, 11:Cyans, 12:Blues, 13:Purples, 14:Magentas, 15:Pinks, 16:Dull, 17:Rainbow, 18:Inferno, 19:Plasma, 20:Viridis, 21:Clockwork Orange, 22:Mona Lisa, 23:Salmon, 24:Purple Rain, 25:Purple Rain, 26:Purple Rain
2025-12-06 21:34:30 [INFO] show_bridge -     Layer 4 (global 49) 'Effects' role=effects -> 1:None, 2:None, 3:Edge Detection, 4:Noisy, 5:Shift Glitch, 6:Acuarela, 7:Mirror Quad, 8:Infinite Zoom, 9:Bloom, 10:Hatched, 11:Dither, 12:Posterize, 13:Dot Screen, 14:Dither Dots, 15:Edge Dots, 16:Rainbow LEDs
2025-12-06 21:34:30 [INFO] show_bridge -     Layer 5 (global 50) 'Transforms' role=transforms -> 1:None, 2:None, 3:Rotate Blur, 4:Particle System, 5:Displace, 6:Kaleidoscope, 7:TAS Turbulent, 8:TAS Turbulent, 9:TAS Turbulent Edges, 10:TAS Sine Transform, 11:TAS Slider Tile, 12:Feedback Down, 13:Feedback Perlin
2025-12-06 21:34:30 [INFO] show_bridge -   Group 9 'Snow' (APC=1)
2025-12-06 21:34:30 [INFO] show_bridge -     Layer 0 (global 51) 'Fills 1' role=fills -> 2:None, 3:Flakes Avg Change, 4:Flakes Avg Med, 5:Flakes Lots Med, 6:Snow Thick Med, 7:Snow Avg Med, 8:Snow Light Med, 9:Snow Thick Slow, 10:Snow Avg Slow, 11:Snow Light Slow, 12:Snow Thick Slow, 13:Snow Avg Slow, 14:Snow Light Slow
2025-12-06 21:34:30 [INFO] show_bridge -     Layer 1 (global 52) 'Fills 2' role=fills -> 2:None, 3:Flakes Avg Change, 4:Flakes Avg Med, 5:Flakes Lots Med, 6:Snow Thick Med, 7:Snow Avg Med, 8:Snow Light Med, 9:Snow Thick Slow, 10:Snow Avg Slow, 11:Snow Light Slow, 12:Snow Thick Slow, 13:Snow Avg Slow, 14:Snow Light Slow
2025-12-06 21:34:30 [INFO] show_bridge -     Layer 2 (global 53) 'Effects' role=effects -> 1:None, 2:Edge Detection, 3:Bloom, 4:Posterize, 5:Noisy, 6:Acuarela, 7:Mirror Quad, 8:Flip, 9:Vertical Noise Glow
2025-12-06 21:34:30 [INFO] show_bridge -     Layer 3 (global 54) 'Transforms' role=transforms -> 1:None, 2:None, 3:Feedback Controller, 4:Kaleidoscope, 5:Flip
2025-12-06 21:34:30 [INFO] show_bridge -     Layer 4 (global 55) 'Color' role=colors -> 1:None, 2:None, 3:Hue Rotate, 4:Reds, 5:Teals, 6:Cyans, 7:Blues, 8:Purples, 9:Grayscale, 10:White, 11:Dull, 12:Rainbow
2025-12-06 21:34:30 [INFO] show_bridge -   Group 10 'Routing Group' (APC=-)
2025-12-06 21:34:30 [INFO] show_bridge -     Layer 0 (global 56) 'OSC Transport Beat' role=- -> 1:OSC Transport Beat, 2:OSC Transport Beat
2025-12-06 21:34:30 [INFO] show_bridge -     Layer 1 (global 57) 'Test Router' role=routing -> 1:Video Router, 2:Video Router
2025-12-06 21:34:30 [INFO] show_bridge -     Layer 2 (global 58) 'Synestesia Router' role=routing -> 1:Video Router, 2:Video Router
2025-12-06 21:34:30 [INFO] show_bridge -     Layer 3 (global 59) 'Wireframe Router' role=routing -> 1:Video Router, 2:Video Router
2025-12-06 21:34:30 [INFO] show_bridge -     Layer 4 (global 60) 'Brick Router' role=routing -> 1:Video Router, 2:Video Router
2025-12-06 21:34:30 [INFO] show_bridge -     Layer 5 (global 61) 'Mix Router' role=routing -> 1:Video Router, 2:Video Router
2025-12-06 21:34:30 [INFO] show_bridge -     Layer 6 (global 62) 'Windows Router' role=routing -> 1:Video Router, 2:Video Router
2025-12-06 21:34:30 [INFO] show_bridge -     Layer 7 (global 63) 'Columns Router' role=routing -> 1:Video Router, 2:Video Router
2025-12-06 21:34:30 [INFO] show_bridge -     Layer 8 (global 64) 'Lights Router' role=routing -> 1:Video Router, 2:Video Router
2025-12-06 21:34:30 [INFO] show_bridge -     Layer 9 (global 65) 'Snow Router' role=routing -> 1:Video Router, 2:Video Router
2025-12-06 21:34:30 [INFO] show_bridge - [OSC] Using Resolume OSC at 127.0.0.1:7000
2025-12-06 21:34:30 [INFO] show_bridge - [OSC] Using show_bridge OSC at 127.0.0.1:13001 for state broadcasts
2025-12-06 21:34:30 [INFO] show_bridge - [SYN] Using Synesthesia OSC at 127.0.0.1:12001
2025-12-06 21:34:30 [INFO] show_bridge - 
Using input:  Akai APC40 2
2025-12-06 21:34:30 [INFO] show_bridge - Using output: Akai APC40 3
2025-12-06 21:34:31 [INFO] show_bridge.state - [RESOLUME] Loaded composition 'Snow Place 2025' with 11 groups.
2025-12-06 21:34:31 [INFO] show_bridge.state - [DEBUG] Composition 'Snow Place 2025' column layout:
2025-12-06 21:34:31 [INFO] show_bridge.state -   Group 0 'Test Group' (APC=-)
2025-12-06 21:34:31 [INFO] show_bridge.state -     Layer 0 (global 0) 'Reference Images' role=- -> 2:Full Building Perspective Corrected, 3:OSC Transport Beat
2025-12-06 21:34:31 [INFO] show_bridge.state -     Layer 1 (global 1) 'Test Patterns' role=- -> 2:All Area 2, 3:Mix 1, 4:Checkered, 5:Test Card, 6:All Area Wireframe 1, 7:All Area Wireframe 2, 8:WAAT Test Card
2025-12-06 21:34:31 [INFO] show_bridge.state -   Group 1 'Internal Videos' (APC=-)
2025-12-06 21:34:31 [INFO] show_bridge.state -     Layer 0 (global 2) 'Layer #' role=- -> 
2025-12-06 21:34:31 [INFO] show_bridge.state -     Layer 1 (global 3) 'FFT Fills' role=fills -> 
2025-12-06 21:34:31 [INFO] show_bridge.state -     Layer 2 (global 4) 'Full Stage Effects' role=effects -> 2:Edge Detection, 3:Noisy, 4:Shift Glitch, 5:Acuarela, 6:Mirror Quad, 7:Infinite Zoom, 8:Bloom, 9:Hatched, 10:Dither, 12:Posterize
2025-12-06 21:34:31 [INFO] show_bridge.state -     Layer 3 (global 5) 'Full Stage Colors' role=colors -> 2:No Changes, 3:Reds, 4:Oranges, 5:Yellows, 6:Limes, 7:Greens, 8:Teals, 9:Cyans, 10:Blues, 11:Purples, 12:Magentas, 13:Pinks, 14:Grayscale, 15:White, 16:Dull, 17:Rainbow, 18:Inferno, 19:Plasma, 20:Viridis, 21:Clockwork Orange, 22:Warhol, 23:Mona Lisa, 24:Salmon, 25:Purple Rain
2025-12-06 21:34:31 [INFO] show_bridge.state -     Layer 4 (global 6) 'Stage Masks' role=static_masks -> 1:Solid Color, 2:Mask Randomizer, 3:All Area 2, 4:Big Window, 5:Brick Face, 6:Column Tops and Bottoms, 7:Columns, 8:Door, 9:Mix 1, 10:Roof Circle, 11:Roof Crown, 12:Roof Peak, 13:Roof Trim, 14:Windows Columns Door, 15:Windows, 16:Lights
2025-12-06 21:34:31 [INFO] show_bridge.state -   Group 2 'Synestesia' (APC=8)
2025-12-06 21:34:31 [INFO] show_bridge.state -     Layer 0 (global 7) 'Fills 1' role=fills -> 2:None, 4:Synesthesia Soft Flip, 5:Synesthesia Mirror
2025-12-06 21:34:31 [INFO] show_bridge.state -     Layer 1 (global 8) 'Effects' role=effects -> 1:None, 2:None, 3:Edge Detection, 4:Noisy, 5:Shift Glitch, 6:Acuarela, 7:Mirror Quad, 8:Infinite Zoom, 9:Bloom, 10:Hatched, 11:Dither, 12:Posterize, 13:Dot Screen, 14:Dither Dots, 15:Edge Dots, 16:Rainbow LEDs
2025-12-06 21:34:31 [INFO] show_bridge.state -     Layer 2 (global 9) 'Colors' role=colors -> 1:None, 2:None, 3:Grayscale, 4:White, 5:Reds, 6:Oranges, 7:Yellows, 8:Limes, 9:Greens, 10:Teals, 11:Cyans, 12:Blues, 13:Purples, 14:Magentas, 15:Pinks, 16:Dull, 17:Rainbow, 18:Inferno, 19:Plasma, 20:Viridis, 21:Clockwork Orange, 22:Mona Lisa, 23:Salmon, 24:Purple Rain
2025-12-06 21:34:31 [INFO] show_bridge.state -     Layer 3 (global 10) 'Static Masks' role=static_masks -> 1:None, 2:Solid Color, 3:Mask Randomizer, 4:All Area 2, 5:Big Window, 6:Brick Face, 7:Column Tops and Bottoms, 8:Columns, 9:Door, 10:Mix 1, 11:Roof Circle, 12:Roof Crown, 13:Roof Peak, 14:Roof Trim, 15:Windows Columns Door, 16:Windows, 17:Lights
2025-12-06 21:34:31 [INFO] show_bridge.state -   Group 3 'Wireframe' (APC=7)
2025-12-06 21:34:31 [INFO] show_bridge.state -     Layer 0 (global 11) 'Fills 1' role=fills -> 2:None, 3:all_wireframe_noisefill_full_C1, 4:all_wireframe_noisefill_full_turb_C1, 5:all_wireframe_noisefill_narrow_B1, 6:all_wireframe_noisefill_narrow_C1, 7:all_wireframe_noisefill_narrow_W1, 8:all_wireframe_noisefill_shape_bands_C1, 9:all_wireframe_noisefill_shape_C1, 10:all_wireframe_noisefill_wide_B1, 11:all_wireframe_noisefill_wide_W1, 12:all_wireframe_pointfill_wide_C1, 13:all_wireframe_pointfill_wide_C2
2025-12-06 21:34:31 [INFO] show_bridge.state -     Layer 1 (global 12) 'Fills 2' role=fills -> 2:None, 3:all_wireframe_noisefill_full_C1, 4:all_wireframe_noisefill_full_turb_C1, 5:all_wireframe_noisefill_narrow_B1, 6:all_wireframe_noisefill_narrow_C1, 7:all_wireframe_noisefill_narrow_W1, 8:all_wireframe_noisefill_shape_bands_C1, 9:all_wireframe_noisefill_shape_C1, 10:all_wireframe_noisefill_wide_B1, 11:all_wireframe_noisefill_wide_W1, 12:all_wireframe_pointfill_wide_C1, 13:all_wireframe_pointfill_wide_C2
2025-12-06 21:34:31 [INFO] show_bridge.state -     Layer 2 (global 13) 'Static Masks' role=static_masks -> 2:None, 3:Mix 1, 4:All Area 2, 5:Windows Columns Door, 6:Windows, 7:Lights, 8:Columns
2025-12-06 21:34:31 [INFO] show_bridge.state -     Layer 3 (global 14) 'Dynamic Masks' role=dynamic_masks -> 2:None, 3:Radial Circle 1, 4:Radial Circle 2, 5:Radial Circle 3, 6:Radial Square 1, 7:Radial Square 2, 8:Radial Square 3
2025-12-06 21:34:31 [INFO] show_bridge.state -     Layer 4 (global 15) 'Colors' role=colors -> 1:None, 2:None, 3:Grayscale, 4:White, 5:Reds, 6:Oranges, 7:Yellows, 8:Limes, 9:Greens, 10:Teals, 11:Cyans, 12:Blues, 13:Purples, 14:Magentas, 15:Pinks, 16:Dull, 17:Rainbow, 18:Inferno, 19:Plasma, 20:Viridis, 21:Clockwork Orange, 22:Mona Lisa, 23:Salmon, 24:Purple Rain
2025-12-06 21:34:31 [INFO] show_bridge.state -     Layer 5 (global 16) 'Effects' role=effects -> 1:None, 2:None, 3:Edge Detection, 4:Noisy, 5:Shift Glitch, 6:Acuarela, 7:Mirror Quad, 8:Infinite Zoom, 9:Bloom, 10:Hatched, 11:Dither, 12:Posterize, 13:Dot Screen, 14:Dither Dots, 15:Edge Dots, 16:Rainbow LEDs
2025-12-06 21:34:31 [INFO] show_bridge.state -     Layer 6 (global 17) 'Transforms' role=transforms -> 1:None, 2:None, 3:Rotate Blur, 4:Particle System, 5:Displace, 6:Kaleidoscope, 7:TAS Turbulent, 8:TAS Turbulent, 9:TAS Turbulent Edges, 10:TAS Sine Transform, 11:TAS Slider Tile
2025-12-06 21:34:31 [INFO] show_bridge.state -   Group 4 'Brick' (APC=6)
2025-12-06 21:34:31 [INFO] show_bridge.state -     Layer 0 (global 18) 'Fills 1' role=fills -> 2:None, 3:brick_noisefill_full_C1, 4:brick_noisefill_full_turb_C1, 5:brick_noisefill_narrow_B1, 6:brick_noisefill_narrow_C1, 7:brick_noisefill_narrow_W1, 8:brick_noisefill_shape_bands_C1, 9:brick_noisefill_shape_C1, 10:brick_noisefill_wide_B1, 11:brick_noisefill_wide_W1, 12:brick_pointfill_wide_C1, 13:brick_pointfill_wide_C2
2025-12-06 21:34:31 [INFO] show_bridge.state -     Layer 1 (global 19) 'Fills 2' role=fills -> 2:None, 3:brick_noisefill_full_C1, 4:brick_noisefill_full_turb_C1, 5:brick_noisefill_narrow_B1, 6:brick_noisefill_narrow_C1, 7:brick_noisefill_narrow_W1, 8:brick_noisefill_shape_bands_C1, 9:brick_noisefill_shape_C1, 10:brick_noisefill_wide_B1, 11:brick_noisefill_wide_W1, 12:brick_pointfill_wide_C1, 13:brick_pointfill_wide_C2
2025-12-06 21:34:31 [INFO] show_bridge.state -     Layer 2 (global 20) 'Static Masks' role=static_masks -> 2:None, 3:Mix 1, 4:All Area 2, 5:Windows Columns Door, 6:Windows, 7:Lights, 8:Columns
2025-12-06 21:34:31 [INFO] show_bridge.state -     Layer 3 (global 21) 'Dynamic Masks' role=dynamic_masks -> 2:None, 3:Radial Circle 1, 4:Radial Circle 2, 5:Radial Circle 3, 6:Radial Square 1, 7:Radial Square 2, 8:Radial Square 3
2025-12-06 21:34:31 [INFO] show_bridge.state -     Layer 4 (global 22) 'Colors' role=colors -> 1:None, 2:None, 3:Grayscale, 4:White, 5:Reds, 6:Oranges, 7:Yellows, 8:Limes, 9:Greens, 10:Teals, 11:Cyans, 12:Blues, 13:Purples, 14:Magentas, 15:Pinks, 16:Dull, 17:Rainbow, 18:Inferno, 19:Plasma, 20:Viridis, 21:Clockwork Orange, 22:Warhol, 23:Mona Lisa, 24:Salmon, 25:Purple Rain
2025-12-06 21:34:31 [INFO] show_bridge.state -     Layer 5 (global 23) 'Effects' role=effects -> 1:None, 2:None, 3:Edge Detection, 4:Noisy, 5:Shift Glitch, 6:Acuarela, 7:Mirror Quad, 8:Infinite Zoom, 9:Bloom, 10:Hatched, 11:Dither, 12:Posterize, 13:Dot Screen, 14:Dither Dots, 15:Edge Dots, 16:Rainbow LEDs
2025-12-06 21:34:31 [INFO] show_bridge.state -     Layer 6 (global 24) 'Transforms' role=transforms -> 1:None, 2:None, 3:Rotate Blur, 4:Particle System, 5:Displace, 6:Kaleidoscope, 7:TAS Turbulent, 8:TAS Turbulent, 9:TAS Turbulent Edges, 10:TAS Sine Transform, 11:TAS Slider Tile
2025-12-06 21:34:31 [INFO] show_bridge.state -   Group 5 'Mix' (APC=5)
2025-12-06 21:34:31 [INFO] show_bridge.state -     Layer 0 (global 25) 'Fills 1' role=fills -> 2:None, 3:mix_1_noisefill_full_C1, 4:mix_1_noisefill_full_turb_C1, 5:mix_1_noisefill_narrow_B1, 6:mix_1_noisefill_narrow_C1, 7:mix_1_noisefill_narrow_W1, 8:mix_1_noisefill_shape_bands_C1, 9:mix_1_noisefill_shape_C1, 10:mix_1_noisefill_wide_B1, 11:mix_1_noisefill_wide_W1, 12:mix_1_pointfill_wide_C1, 13:mix_1_pointfill_wide_C2
2025-12-06 21:34:31 [INFO] show_bridge.state -     Layer 1 (global 26) 'Fills 2' role=fills -> 2:None, 3:mix_1_noisefill_full_C1, 4:mix_1_noisefill_full_turb_C1, 5:mix_1_noisefill_narrow_B1, 6:mix_1_noisefill_narrow_C1, 7:mix_1_noisefill_narrow_W1, 8:mix_1_noisefill_shape_bands_C1, 9:mix_1_noisefill_shape_C1, 10:mix_1_noisefill_wide_B1, 11:mix_1_noisefill_wide_W1, 12:mix_1_pointfill_wide_C1, 13:mix_1_pointfill_wide_C2
2025-12-06 21:34:31 [INFO] show_bridge.state -     Layer 2 (global 27) 'Static Masks' role=static_masks -> 2:None, 3:Mask Randomizer, 4:Mask Randomizer 2
2025-12-06 21:34:31 [INFO] show_bridge.state -     Layer 3 (global 28) 'Dynamic Masks' role=dynamic_masks -> 2:None, 3:Radial Circle 1, 4:Radial Circle 2, 5:Radial Circle 3, 6:Radial Square 1, 7:Radial Square 2, 8:Radial Square 3
2025-12-06 21:34:31 [INFO] show_bridge.state -     Layer 4 (global 29) 'Colors' role=colors -> 1:None, 2:None, 3:Grayscale, 4:White, 5:Reds, 6:Oranges, 7:Yellows, 8:Limes, 9:Greens, 10:Teals, 11:Cyans, 12:Blues, 13:Purples, 14:Magentas, 15:Pinks, 16:Dull, 17:Rainbow, 18:Inferno, 19:Plasma, 20:Viridis, 21:Clockwork Orange, 23:Mona Lisa, 24:Salmon, 25:Purple Rain
2025-12-06 21:34:31 [INFO] show_bridge.state -     Layer 5 (global 30) 'Effects' role=effects -> 1:None, 2:None, 3:Edge Detection, 4:Noisy, 5:Shift Glitch, 6:Acuarela, 7:Mirror Quad, 8:Infinite Zoom, 9:Bloom, 10:Hatched, 11:Dither, 12:Posterize, 13:Dot Screen, 14:Dither Dots, 15:Edge Dots, 16:Rainbow LEDs
2025-12-06 21:34:31 [INFO] show_bridge.state -     Layer 6 (global 31) 'Transforms' role=transforms -> 1:None, 2:None, 3:Rotate Blur, 4:Particle System, 5:Displace, 6:Kaleidoscope, 7:TAS Turbulent, 8:TAS Turbulent, 9:TAS Turbulent Edges, 10:TAS Sine Transform, 11:TAS Slider Tile
2025-12-06 21:34:31 [INFO] show_bridge.state -   Group 6 'Windows' (APC=4)
2025-12-06 21:34:31 [INFO] show_bridge.state -     Layer 0 (global 32) 'Fills 1' role=fills -> 2:None, 3:windows_noisefill_full_C1, 4:windows_noisefill_full_turb_C1, 5:windows_noisefill_narrow_B1, 6:windows_noisefill_narrow_C1, 7:windows_noisefill_narrow_W1, 8:windows_noisefill_shape_bands_C1, 9:windows_noisefill_shape_C1, 10:windows_noisefill_wide_B1, 11:windows_noisefill_wide_W1, 12:windows_pointfill_wide_C1, 13:windows_pointfill_wide_C2
2025-12-06 21:34:31 [INFO] show_bridge.state -     Layer 1 (global 33) 'Fills 2' role=fills -> 2:None, 3:windows_noisefill_full_C1, 4:windows_noisefill_full_turb_C1, 5:windows_noisefill_narrow_B1, 6:windows_noisefill_narrow_C1, 7:windows_noisefill_narrow_W1, 8:windows_noisefill_shape_bands_C1, 9:windows_noisefill_shape_C1, 10:windows_noisefill_wide_B1, 11:windows_noisefill_wide_W1, 12:windows_pointfill_wide_C1, 13:windows_pointfill_wide_C2
2025-12-06 21:34:31 [INFO] show_bridge.state -     Layer 2 (global 34) 'Dynamic Masks' role=dynamic_masks -> 2:None, 3:Radial Circle 1, 4:Radial Circle 2, 5:Radial Circle 3, 6:Radial Square 1, 7:Radial Square 2, 8:Radial Square 3
2025-12-06 21:34:31 [INFO] show_bridge.state -     Layer 3 (global 35) 'Colors' role=colors -> 1:None, 2:None, 3:Grayscale, 4:White, 5:Reds, 6:Oranges, 7:Yellows, 8:Limes, 9:Greens, 10:Teals, 11:Cyans, 12:Blues, 13:Purples, 14:Magentas, 15:Pinks, 16:Dull, 17:Rainbow, 18:Inferno, 19:Plasma, 20:Viridis, 21:Clockwork Orange, 23:Mona Lisa, 24:Salmon, 25:Purple Rain
2025-12-06 21:34:31 [INFO] show_bridge.state -     Layer 4 (global 36) 'Effects' role=effects -> 1:None, 2:None, 3:Edge Detection, 4:Noisy, 5:Shift Glitch, 6:Acuarela, 7:Mirror Quad, 8:Infinite Zoom, 9:Bloom, 10:Hatched, 11:Dither, 12:Posterize, 13:Dot Screen, 14:Dither Dots, 15:Edge Dots, 16:Rainbow LEDs
2025-12-06 21:34:31 [INFO] show_bridge.state -     Layer 5 (global 37) 'Transforms' role=transforms -> 1:None, 2:None, 3:Rotate Blur, 4:Particle System, 5:Displace, 6:Kaleidoscope, 7:TAS Turbulent, 8:TAS Turbulent, 9:TAS Turbulent Edges, 10:TAS Sine Transform, 11:TAS Slider Tile
2025-12-06 21:34:31 [INFO] show_bridge.state -   Group 7 'Columns' (APC=3)
2025-12-06 21:34:31 [INFO] show_bridge.state -     Layer 0 (global 38) 'Fills 1' role=fills -> 2:None, 3:columns_noisefill_full_C1, 4:columns_noisefill_full_turb_C1, 5:columns_noisefill_narrow_B1, 6:columns_noisefill_narrow_C1, 7:columns_noisefill_narrow_W1, 8:columns_noisefill_shape_bands_C1, 9:columns_noisefill_shape_C1, 10:columns_noisefill_wide_B1, 11:columns_noisefill_wide_W1, 12:columns_pointfill_wide_C1, 13:columns_pointfill_wide_C2
2025-12-06 21:34:31 [INFO] show_bridge.state -     Layer 1 (global 39) 'Fills 2' role=fills -> 2:None, 3:columns_noisefill_full_C1, 4:columns_noisefill_full_turb_C1, 5:columns_noisefill_narrow_B1, 6:columns_noisefill_narrow_C1, 7:columns_noisefill_narrow_W1, 8:columns_noisefill_shape_bands_C1, 9:columns_noisefill_shape_C1, 10:columns_noisefill_wide_B1, 11:columns_noisefill_wide_W1, 12:columns_pointfill_wide_C1, 13:columns_pointfill_wide_C2
2025-12-06 21:34:31 [INFO] show_bridge.state -     Layer 2 (global 40) 'Static Masks' role=static_masks -> 2:None, 3:Mix 1, 4:All Area 2, 5:Windows Columns Door, 6:Windows, 7:Lights, 8:Columns
2025-12-06 21:34:31 [INFO] show_bridge.state -     Layer 3 (global 41) 'Dynamic Masks' role=dynamic_masks -> 2:None, 3:Radial Circle 1, 4:Radial Circle 2, 5:Radial Circle 3, 6:Radial Square 1, 7:Radial Square 2, 8:Radial Square 3
2025-12-06 21:34:31 [INFO] show_bridge.state -     Layer 4 (global 42) 'Colors' role=colors -> 1:None, 2:None, 3:Grayscale, 4:White, 5:Reds, 6:Oranges, 7:Yellows, 8:Limes, 9:Greens, 10:Teals, 11:Cyans, 12:Blues, 13:Purples, 14:Magentas, 15:Pinks, 16:Dull, 17:Rainbow, 18:Inferno, 19:Plasma, 20:Viridis, 21:Clockwork Orange, 22:Mona Lisa, 23:Salmon, 24:Purple Rain
2025-12-06 21:34:31 [INFO] show_bridge.state -     Layer 5 (global 43) 'Effects' role=effects -> 1:None, 2:None, 3:Edge Detection, 4:Noisy, 5:Shift Glitch, 6:Acuarela, 7:Mirror Quad, 8:Infinite Zoom, 9:Bloom, 10:Hatched, 11:Dither, 12:Posterize, 13:Dot Screen, 14:Dither Dots, 15:Edge Dots, 16:Rainbow LEDs
2025-12-06 21:34:31 [INFO] show_bridge.state -     Layer 6 (global 44) 'Transforms' role=transforms -> 1:None, 2:None, 3:Rotate Blur, 4:Particle System, 5:Displace, 6:Kaleidoscope, 7:TAS Turbulent, 8:TAS Turbulent, 9:TAS Turbulent Edges, 10:TAS Sine Transform, 11:TAS Slider Tile
2025-12-06 21:34:31 [INFO] show_bridge.state -   Group 8 'Lights' (APC=2)
2025-12-06 21:34:31 [INFO] show_bridge.state -     Layer 0 (global 45) 'Fills 1' role=fills -> 2:None, 3:mix_1_noisefill_full_C1, 4:mix_1_noisefill_full_turb_C1, 5:mix_1_noisefill_narrow_B1, 6:mix_1_noisefill_narrow_C1, 7:mix_1_noisefill_narrow_W1, 8:mix_1_noisefill_shape_bands_C1, 9:mix_1_noisefill_shape_C1, 10:mix_1_noisefill_wide_B1, 11:mix_1_noisefill_wide_W1, 12:mix_1_pointfill_wide_C1, 13:mix_1_pointfill_wide_C2
2025-12-06 21:34:31 [INFO] show_bridge.state -     Layer 1 (global 46) 'Fills 2' role=fills -> 2:None, 3:mix_1_noisefill_full_C1, 4:mix_1_noisefill_full_turb_C1, 5:mix_1_noisefill_narrow_B1, 6:mix_1_noisefill_narrow_C1, 7:mix_1_noisefill_narrow_W1, 8:mix_1_noisefill_shape_bands_C1, 9:mix_1_noisefill_shape_C1, 10:mix_1_noisefill_wide_B1, 11:mix_1_noisefill_wide_W1, 12:mix_1_pointfill_wide_C1, 13:mix_1_pointfill_wide_C2
2025-12-06 21:34:31 [INFO] show_bridge.state -     Layer 2 (global 47) 'Dynamic Masks' role=dynamic_masks -> 1:None, 2:None, 3:Radial Circle 1, 4:Radial Circle 2, 5:Radial Circle 3, 6:Radial Square 1, 7:Radial Square 2, 8:Radial Square 3
2025-12-06 21:34:31 [INFO] show_bridge.state -     Layer 3 (global 48) 'Colors' role=colors -> 1:None, 2:None, 3:Grayscale, 4:White, 5:Reds, 6:Oranges, 7:Yellows, 8:Limes, 9:Greens, 10:Teals, 11:Cyans, 12:Blues, 13:Purples, 14:Magentas, 15:Pinks, 16:Dull, 17:Rainbow, 18:Inferno, 19:Plasma, 20:Viridis, 21:Clockwork Orange, 22:Mona Lisa, 23:Salmon, 24:Purple Rain, 25:Purple Rain, 26:Purple Rain
2025-12-06 21:34:31 [INFO] show_bridge.state -     Layer 4 (global 49) 'Effects' role=effects -> 1:None, 2:None, 3:Edge Detection, 4:Noisy, 5:Shift Glitch, 6:Acuarela, 7:Mirror Quad, 8:Infinite Zoom, 9:Bloom, 10:Hatched, 11:Dither, 12:Posterize, 13:Dot Screen, 14:Dither Dots, 15:Edge Dots, 16:Rainbow LEDs
2025-12-06 21:34:31 [INFO] show_bridge.state -     Layer 5 (global 50) 'Transforms' role=transforms -> 1:None, 2:None, 3:Rotate Blur, 4:Particle System, 5:Displace, 6:Kaleidoscope, 7:TAS Turbulent, 8:TAS Turbulent, 9:TAS Turbulent Edges, 10:TAS Sine Transform, 11:TAS Slider Tile, 12:Feedback Down, 13:Feedback Perlin
2025-12-06 21:34:31 [INFO] show_bridge.state -   Group 9 'Snow' (APC=1)
2025-12-06 21:34:31 [INFO] show_bridge.state -     Layer 0 (global 51) 'Fills 1' role=fills -> 2:None, 3:Flakes Avg Change, 4:Flakes Avg Med, 5:Flakes Lots Med, 6:Snow Thick Med, 7:Snow Avg Med, 8:Snow Light Med, 9:Snow Thick Slow, 10:Snow Avg Slow, 11:Snow Light Slow, 12:Snow Thick Slow, 13:Snow Avg Slow, 14:Snow Light Slow
2025-12-06 21:34:31 [INFO] show_bridge.state -     Layer 1 (global 52) 'Fills 2' role=fills -> 2:None, 3:Flakes Avg Change, 4:Flakes Avg Med, 5:Flakes Lots Med, 6:Snow Thick Med, 7:Snow Avg Med, 8:Snow Light Med, 9:Snow Thick Slow, 10:Snow Avg Slow, 11:Snow Light Slow, 12:Snow Thick Slow, 13:Snow Avg Slow, 14:Snow Light Slow
2025-12-06 21:34:31 [INFO] show_bridge.state -     Layer 2 (global 53) 'Effects' role=effects -> 1:None, 2:Edge Detection, 3:Bloom, 4:Posterize, 5:Noisy, 6:Acuarela, 7:Mirror Quad, 8:Flip, 9:Vertical Noise Glow
2025-12-06 21:34:31 [INFO] show_bridge.state -     Layer 3 (global 54) 'Transforms' role=transforms -> 1:None, 2:None, 3:Feedback Controller, 4:Kaleidoscope, 5:Flip
2025-12-06 21:34:31 [INFO] show_bridge.state -     Layer 4 (global 55) 'Color' role=colors -> 1:None, 2:None, 3:Hue Rotate, 4:Reds, 5:Teals, 6:Cyans, 7:Blues, 8:Purples, 9:Grayscale, 10:White, 11:Dull, 12:Rainbow
2025-12-06 21:34:31 [INFO] show_bridge.state -   Group 10 'Routing Group' (APC=-)
2025-12-06 21:34:31 [INFO] show_bridge.state -     Layer 0 (global 56) 'OSC Transport Beat' role=- -> 1:OSC Transport Beat, 2:OSC Transport Beat
2025-12-06 21:34:31 [INFO] show_bridge.state -     Layer 1 (global 57) 'Test Router' role=routing -> 1:Video Router, 2:Video Router
2025-12-06 21:34:31 [INFO] show_bridge.state -     Layer 2 (global 58) 'Synestesia Router' role=routing -> 1:Video Router, 2:Video Router
2025-12-06 21:34:31 [INFO] show_bridge.state -     Layer 3 (global 59) 'Wireframe Router' role=routing -> 1:Video Router, 2:Video Router
2025-12-06 21:34:31 [INFO] show_bridge.state -     Layer 4 (global 60) 'Brick Router' role=routing -> 1:Video Router, 2:Video Router
2025-12-06 21:34:31 [INFO] show_bridge.state -     Layer 5 (global 61) 'Mix Router' role=routing -> 1:Video Router, 2:Video Router
2025-12-06 21:34:31 [INFO] show_bridge.state -     Layer 6 (global 62) 'Windows Router' role=routing -> 1:Video Router, 2:Video Router
2025-12-06 21:34:31 [INFO] show_bridge.state -     Layer 7 (global 63) 'Columns Router' role=routing -> 1:Video Router, 2:Video Router
2025-12-06 21:34:31 [INFO] show_bridge.state -     Layer 8 (global 64) 'Lights Router' role=routing -> 1:Video Router, 2:Video Router
2025-12-06 21:34:31 [INFO] show_bridge.state -     Layer 9 (global 65) 'Snow Router' role=routing -> 1:Video Router, 2:Video Router
2025-12-06 21:34:31 [INFO] show_bridge.state - [OSC] Using Resolume OSC at 127.0.0.1:7000
2025-12-06 21:34:31 [INFO] show_bridge.state - [OSC] Using show_bridge OSC at 127.0.0.1:13001 for state broadcasts
2025-12-06 21:34:31 [INFO] show_bridge.state - [SYN] Using Synesthesia OSC at 127.0.0.1:12001
2025-12-06 21:34:31 [INFO] show_bridge.state - [SYN] Synesthesia mapped to APC group 8 (internal group_idx=7)
2025-12-06 21:34:31 [INFO] show_bridge.state - [ROUTING] Mapped routing layers:
2025-12-06 21:34:31 [INFO] show_bridge.state - [RESOLUME] Attached composition 'Snow Place 2025' with 11 groups.
2025-12-06 21:34:31 [INFO] show_bridge.state -   APC group 8: roles -> fills(1), effects(1), colors(1), static_masks(1)
2025-12-06 21:34:31 [INFO] show_bridge.state -   APC group 7: roles -> fills(2), static_masks(1), dynamic_masks(1), colors(1), effects(1), transforms(1)
2025-12-06 21:34:31 [INFO] show_bridge.state -   APC group 6: roles -> fills(2), static_masks(1), dynamic_masks(1), colors(1), effects(1), transforms(1)
2025-12-06 21:34:31 [INFO] show_bridge.state -   APC group 5: roles -> fills(2), static_masks(1), dynamic_masks(1), colors(1), effects(1), transforms(1)
2025-12-06 21:34:31 [INFO] show_bridge.state -   APC group 4: roles -> fills(2), dynamic_masks(1), colors(1), effects(1), transforms(1)
2025-12-06 21:34:31 [INFO] show_bridge.state -   APC group 3: roles -> fills(2), static_masks(1), dynamic_masks(1), colors(1), effects(1), transforms(1)
2025-12-06 21:34:31 [INFO] show_bridge.state -   APC group 2: roles -> fills(2), dynamic_masks(1), colors(1), effects(1), transforms(1)
2025-12-06 21:34:31 [INFO] show_bridge.state -   APC group 1: roles -> fills(2), effects(1), transforms(1), colors(1)
2025-12-06 21:34:31 [INFO] show_bridge.state - [INIT] Syncing with composition...
2025-12-06 21:34:31 [INFO] show_bridge.state - [INIT] Layer 0 'Reference Images' col=1 -> ON=False
2025-12-06 21:34:31 [INFO] show_bridge.state - [INIT] Layer 1 'Test Patterns' col=1 -> ON=False
2025-12-06 21:34:31 [INFO] show_bridge.state - [INIT] Layer 2 'Layer #' col=1 -> ON=False
2025-12-06 21:34:31 [INFO] show_bridge.state - [INIT] Layer 3 'FFT Fills' col=1 -> ON=False
2025-12-06 21:34:31 [INFO] show_bridge.state - [INIT] Layer 4 'Full Stage Effects' col=1 -> ON=False
2025-12-06 21:34:31 [INFO] show_bridge.state - [INIT] Layer 5 'Full Stage Colors' col=1 -> ON=False
2025-12-06 21:34:31 [INFO] show_bridge.state - [INIT] Layer 6 'Stage Masks' col=1 -> ON=False
2025-12-06 21:34:31 [INFO] show_bridge.state - [INIT] Layer 7 'Fills 1' col=1 -> ON=False
2025-12-06 21:34:31 [INFO] show_bridge.state - [INIT] Layer 8 'Effects' col=1 -> ON=False
2025-12-06 21:34:31 [INFO] show_bridge.state - [INIT] Layer 9 'Colors' col=1 -> ON=False
2025-12-06 21:34:31 [INFO] show_bridge.state - [INIT] Layer 10 'Static Masks' col=1 -> ON=False
2025-12-06 21:34:31 [INFO] show_bridge.state - [INIT] Layer 11 'Fills 1' col=1 -> ON=False
2025-12-06 21:34:31 [INFO] show_bridge.state - [INIT] Layer 12 'Fills 2' col=1 -> ON=False
2025-12-06 21:34:31 [INFO] show_bridge.state - [INIT] Layer 13 'Static Masks' col=1 -> ON=False
2025-12-06 21:34:31 [INFO] show_bridge.state - [INIT] Layer 14 'Dynamic Masks' col=1 -> ON=False
2025-12-06 21:34:31 [INFO] show_bridge.state - [INIT] Layer 15 'Colors' col=1 -> ON=False
2025-12-06 21:34:31 [INFO] show_bridge.state - [INIT] Layer 16 'Effects' col=1 -> ON=False
2025-12-06 21:34:31 [INFO] show_bridge.state - [INIT] Layer 17 'Transforms' col=1 -> ON=False
2025-12-06 21:34:31 [INFO] show_bridge.state - [INIT] Layer 18 'Fills 1' col=1 -> ON=False
2025-12-06 21:34:31 [INFO] show_bridge.state - [INIT] Layer 19 'Fills 2' col=1 -> ON=False
2025-12-06 21:34:31 [INFO] show_bridge.state - [INIT] Layer 20 'Static Masks' col=1 -> ON=False
2025-12-06 21:34:31 [INFO] show_bridge.state - [INIT] Layer 21 'Dynamic Masks' col=1 -> ON=False
2025-12-06 21:34:31 [INFO] show_bridge.state - [INIT] Layer 22 'Colors' col=1 -> ON=False
2025-12-06 21:34:31 [INFO] show_bridge.state - [INIT] Layer 23 'Effects' col=1 -> ON=False
2025-12-06 21:34:31 [INFO] show_bridge.state - [INIT] Layer 24 'Transforms' col=1 -> ON=False
2025-12-06 21:34:31 [INFO] show_bridge.state - [INIT] Layer 25 'Fills 1' col=1 -> ON=False
2025-12-06 21:34:31 [INFO] show_bridge.state - [INIT] Layer 26 'Fills 2' col=1 -> ON=False
2025-12-06 21:34:31 [INFO] show_bridge.state - [INIT] Layer 27 'Static Masks' col=1 -> ON=False
2025-12-06 21:34:31 [INFO] show_bridge.state - [INIT] Layer 28 'Dynamic Masks' col=1 -> ON=False
2025-12-06 21:34:31 [INFO] show_bridge.state - [INIT] Layer 29 'Colors' col=1 -> ON=False
2025-12-06 21:34:31 [INFO] show_bridge.state - [INIT] Layer 30 'Effects' col=1 -> ON=False
2025-12-06 21:34:31 [INFO] show_bridge.state - [INIT] Layer 31 'Transforms' col=1 -> ON=False
2025-12-06 21:34:31 [INFO] show_bridge.state - [INIT] Layer 32 'Fills 1' col=1 -> ON=False
2025-12-06 21:34:31 [INFO] show_bridge.state - [INIT] Layer 33 'Fills 2' col=1 -> ON=False
2025-12-06 21:34:31 [INFO] show_bridge.state - [INIT] Layer 34 'Dynamic Masks' col=1 -> ON=False
2025-12-06 21:34:31 [INFO] show_bridge.state - [INIT] Layer 35 'Colors' col=1 -> ON=False
2025-12-06 21:34:31 [INFO] show_bridge.state - [INIT] Layer 36 'Effects' col=1 -> ON=False
2025-12-06 21:34:31 [INFO] show_bridge.state - [INIT] Layer 37 'Transforms' col=1 -> ON=False
2025-12-06 21:34:31 [INFO] show_bridge.state - [INIT] Layer 38 'Fills 1' col=1 -> ON=False
2025-12-06 21:34:31 [INFO] show_bridge.state - [INIT] Layer 39 'Fills 2' col=1 -> ON=False
2025-12-06 21:34:31 [INFO] show_bridge.state - [INIT] Layer 40 'Static Masks' col=1 -> ON=False
2025-12-06 21:34:31 [INFO] show_bridge.state - [INIT] Layer 41 'Dynamic Masks' col=1 -> ON=False
2025-12-06 21:34:31 [INFO] show_bridge.state - [INIT] Layer 42 'Colors' col=1 -> ON=False
2025-12-06 21:34:31 [INFO] show_bridge.state - [INIT] Layer 43 'Effects' col=1 -> ON=False
2025-12-06 21:34:31 [INFO] show_bridge.state - [INIT] Layer 44 'Transforms' col=1 -> ON=False
2025-12-06 21:34:31 [INFO] show_bridge.state - [INIT] Layer 45 'Fills 1' col=1 -> ON=False
2025-12-06 21:34:31 [INFO] show_bridge.state - [INIT] Layer 46 'Fills 2' col=1 -> ON=False
2025-12-06 21:34:31 [INFO] show_bridge.state - [INIT] Layer 47 'Dynamic Masks' col=1 -> ON=False
2025-12-06 21:34:31 [INFO] show_bridge.state - [INIT] Layer 48 'Colors' col=1 -> ON=False
2025-12-06 21:34:31 [INFO] show_bridge.state - [INIT] Layer 49 'Effects' col=1 -> ON=False
2025-12-06 21:34:31 [INFO] show_bridge.state - [INIT] Layer 50 'Transforms' col=1 -> ON=False
2025-12-06 21:34:31 [INFO] show_bridge.state - [INIT] Layer 51 'Fills 1' col=1 -> ON=False
2025-12-06 21:34:31 [INFO] show_bridge.state - [INIT] Layer 52 'Fills 2' col=1 -> ON=False
2025-12-06 21:34:31 [INFO] show_bridge.state - [INIT] Layer 53 'Effects' col=1 -> ON=False
2025-12-06 21:34:31 [INFO] show_bridge.state - [INIT] Layer 54 'Transforms' col=1 -> ON=False
2025-12-06 21:34:31 [INFO] show_bridge.state - [INIT] Layer 55 'Color' col=1 -> ON=False
2025-12-06 21:34:31 [INFO] show_bridge.state - [INIT] Layer 56 'OSC Transport Beat' col=1 -> ON=False
2025-12-06 21:34:31 [INFO] show_bridge.state - [INIT] Layer 57 'Test Router' col=1 -> ON=False
2025-12-06 21:34:31 [INFO] show_bridge.state - [INIT] Layer 58 'Synestesia Router' col=1 -> ON=False
2025-12-06 21:34:31 [INFO] show_bridge.state - [INIT] Layer 59 'Wireframe Router' col=1 -> ON=False
2025-12-06 21:34:31 [INFO] show_bridge.state - [INIT] Layer 60 'Brick Router' col=1 -> ON=False
2025-12-06 21:34:31 [INFO] show_bridge.state - [INIT] Layer 61 'Mix Router' col=1 -> ON=False
2025-12-06 21:34:31 [INFO] show_bridge.state - [INIT] Layer 62 'Windows Router' col=1 -> ON=False
2025-12-06 21:34:31 [INFO] show_bridge.state - [INIT] Layer 63 'Columns Router' col=1 -> ON=False
2025-12-06 21:34:31 [INFO] show_bridge.state - [INIT] Layer 64 'Lights Router' col=1 -> ON=False
2025-12-06 21:34:31 [INFO] show_bridge.state - [INIT] Layer 65 'Snow Router' col=1 -> ON=False
2025-12-06 21:34:31 [INFO] show_bridge.state - [INIT] Group 8 -> playing=False, effects=False, transforms=False, dynamic_masks=False, color=False
2025-12-06 21:34:31 [INFO] show_bridge.state - [INIT] Group 7 -> playing=False, effects=False, transforms=False, dynamic_masks=False, color=False
2025-12-06 21:34:31 [INFO] show_bridge.state - [INIT] Group 6 -> playing=False, effects=False, transforms=False, dynamic_masks=False, color=False
2025-12-06 21:34:31 [INFO] show_bridge.state - [INIT] Group 5 -> playing=False, effects=False, transforms=False, dynamic_masks=False, color=False
2025-12-06 21:34:31 [INFO] show_bridge.state - [INIT] Group 4 -> playing=False, effects=False, transforms=False, dynamic_masks=False, color=False
2025-12-06 21:34:31 [INFO] show_bridge.state - [INIT] Group 3 -> playing=False, effects=False, transforms=False, dynamic_masks=False, color=False
2025-12-06 21:34:31 [INFO] show_bridge.state - [INIT] Group 2 -> playing=False, effects=False, transforms=False, dynamic_masks=False, color=False
2025-12-06 21:34:31 [INFO] show_bridge.state - [INIT] Group 1 -> playing=False, effects=False, transforms=False, dynamic_masks=False, color=False
2025-12-06 21:34:32 [INFO] show_bridge - [MONITOR] State monitoring HTTP server started on port 8765.
2025-12-06 21:40:05 [INFO] show_bridge.state - [OSC] SEND /composition/layers/66/video/opacity 0.8188976377952756
2025-12-06 21:40:06 [INFO] show_bridge.state - [OSC] SEND /composition/layers/66/video/opacity 0.8031496062992126
2025-12-06 21:40:06 [INFO] show_bridge.state - [OSC] SEND /composition/layers/66/video/opacity 0.7716535433070866
2025-12-06 21:40:06 [INFO] show_bridge.state - [OSC] SEND /composition/layers/66/video/opacity 0.7401574803149606
2025-12-06 21:40:06 [INFO] show_bridge.state - [OSC] SEND /composition/layers/66/video/opacity 0.7007874015748031
2025-12-06 21:40:06 [INFO] show_bridge.state - [OSC] SEND /composition/layers/66/video/opacity 0.6692913385826772
2025-12-06 21:40:06 [INFO] show_bridge.state - [OSC] SEND /composition/layers/66/video/opacity 0.6299212598425197
2025-12-06 21:40:06 [INFO] show_bridge.state - [OSC] SEND /composition/layers/66/video/opacity 0.5433070866141733
2025-12-06 21:40:06 [INFO] show_bridge.state - [OSC] SEND /composition/layers/66/video/opacity 0.4566929133858268
2025-12-06 21:40:06 [INFO] show_bridge.state - [OSC] SEND /composition/layers/66/video/opacity 0.41732283464566927
2025-12-06 21:40:06 [INFO] show_bridge.state - [OSC] SEND /composition/layers/66/video/opacity 0.3779527559055118
2025-12-06 21:40:06 [INFO] show_bridge.state - [OSC] SEND /composition/layers/66/video/opacity 0.3543307086614173
2025-12-06 21:40:06 [INFO] show_bridge.state - [OSC] SEND /composition/layers/66/video/opacity 0.33070866141732286
2025-12-06 21:40:06 [INFO] show_bridge.state - [OSC] SEND /composition/layers/66/video/opacity 0.30708661417322836
2025-12-06 21:40:06 [INFO] show_bridge.state - [OSC] SEND /composition/layers/66/video/opacity 0.29133858267716534
2025-12-06 21:40:06 [INFO] show_bridge.state - [OSC] SEND /composition/layers/66/video/opacity 0.2677165354330709
2025-12-06 21:40:06 [INFO] show_bridge.state - [OSC] SEND /composition/layers/66/video/opacity 0.25196850393700787
2025-12-06 21:40:06 [INFO] show_bridge.state - [OSC] SEND /composition/layers/66/video/opacity 0.23622047244094488
2025-12-06 21:40:06 [INFO] show_bridge.state - [OSC] SEND /composition/layers/66/video/opacity 0.2125984251968504
2025-12-06 21:40:06 [INFO] show_bridge.state - [OSC] SEND /composition/layers/66/video/opacity 0.1968503937007874
2025-12-06 21:40:06 [INFO] show_bridge.state - [OSC] SEND /composition/layers/66/video/opacity 0.18110236220472442
2025-12-06 21:40:06 [INFO] show_bridge.state - [OSC] SEND /composition/layers/66/video/opacity 0.1732283464566929
2025-12-06 21:40:06 [INFO] show_bridge.state - [OSC] SEND /composition/layers/66/video/opacity 0.16535433070866143
2025-12-06 21:40:06 [INFO] show_bridge.state - [OSC] SEND /composition/layers/66/video/opacity 0.15748031496062992
2025-12-06 21:40:06 [INFO] show_bridge.state - [OSC] SEND /composition/layers/66/video/opacity 0.1732283464566929
2025-12-06 21:40:06 [INFO] show_bridge.state - [OSC] SEND /composition/layers/66/video/opacity 0.18110236220472442
2025-12-06 21:40:06 [INFO] show_bridge.state - [OSC] SEND /composition/layers/66/video/opacity 0.2047244094488189
2025-12-06 21:40:06 [INFO] show_bridge.state - [OSC] SEND /composition/layers/66/video/opacity 0.2204724409448819
2025-12-06 21:40:06 [INFO] show_bridge.state - [OSC] SEND /composition/layers/66/video/opacity 0.2440944881889764
2025-12-06 21:40:06 [INFO] show_bridge.state - [OSC] SEND /composition/layers/66/video/opacity 0.2677165354330709
2025-12-06 21:40:06 [INFO] show_bridge.state - [OSC] SEND /composition/layers/66/video/opacity 0.2992125984251969
2025-12-06 21:40:06 [INFO] show_bridge.state - [OSC] SEND /composition/layers/66/video/opacity 0.33070866141732286
2025-12-06 21:40:06 [INFO] show_bridge.state - [OSC] SEND /composition/layers/66/video/opacity 0.36220472440944884
2025-12-06 21:40:06 [INFO] show_bridge.state - [OSC] SEND /composition/layers/66/video/opacity 0.3937007874015748
2025-12-06 21:40:06 [INFO] show_bridge.state - [OSC] SEND /composition/layers/66/video/opacity 0.4251968503937008
2025-12-06 21:40:06 [INFO] show_bridge.state - [OSC] SEND /composition/layers/66/video/opacity 0.4645669291338583
2025-12-06 21:40:06 [INFO] show_bridge.state - [OSC] SEND /composition/layers/66/video/opacity 0.49606299212598426
2025-12-06 21:40:06 [INFO] show_bridge.state - [OSC] SEND /composition/layers/66/video/opacity 0.5275590551181102
2025-12-06 21:40:06 [INFO] show_bridge.state - [OSC] SEND /composition/layers/66/video/opacity 0.5590551181102362
2025-12-06 21:40:06 [INFO] show_bridge.state - [OSC] SEND /composition/layers/66/video/opacity 0.5905511811023622
2025-12-06 21:40:06 [INFO] show_bridge.state - [OSC] SEND /composition/layers/66/video/opacity 0.6220472440944882
2025-12-06 21:40:06 [INFO] show_bridge.state - [OSC] SEND /composition/layers/66/video/opacity 0.6535433070866141
2025-12-06 21:40:06 [INFO] show_bridge.state - [OSC] SEND /composition/layers/66/video/opacity 0.6850393700787402
2025-12-06 21:40:06 [INFO] show_bridge.state - [OSC] SEND /composition/layers/66/video/opacity 0.7086614173228346
2025-12-06 21:40:06 [INFO] show_bridge.state - [OSC] SEND /composition/layers/66/video/opacity 0.7322834645669292
2025-12-06 21:40:06 [INFO] show_bridge.state - [OSC] SEND /composition/layers/66/video/opacity 0.7559055118110236
2025-12-06 21:40:06 [INFO] show_bridge.state - [OSC] SEND /composition/layers/66/video/opacity 0.7795275590551181
2025-12-06 21:40:06 [INFO] show_bridge.state - [OSC] SEND /composition/layers/66/video/opacity 0.8110236220472441
2025-12-06 21:40:06 [INFO] show_bridge.state - [OSC] SEND /composition/layers/66/video/opacity 0.8267716535433071
2025-12-06 21:40:06 [INFO] show_bridge.state - [OSC] SEND /composition/layers/66/video/opacity 0.84251968503937
2025-12-06 21:40:06 [INFO] show_bridge.state - [OSC] SEND /composition/layers/66/video/opacity 0.8503937007874016
2025-12-06 21:40:06 [INFO] show_bridge.state - [OSC] SEND /composition/layers/66/video/opacity 0.8582677165354331
2025-12-06 21:40:06 [INFO] show_bridge.state - [OSC] SEND /composition/layers/66/video/opacity 0.8661417322834646
2025-12-06 21:40:06 [INFO] show_bridge.state - [OSC] SEND /composition/layers/66/video/opacity 0.8740157480314961
2025-12-06 21:40:06 [INFO] show_bridge.state - [OSC] SEND /composition/layers/66/video/opacity 0.8661417322834646
2025-12-06 21:40:06 [INFO] show_bridge.state - [OSC] SEND /composition/layers/66/video/opacity 0.8582677165354331
2025-12-06 21:40:06 [INFO] show_bridge.state - [OSC] SEND /composition/layers/66/video/opacity 0.84251968503937
2025-12-06 21:40:06 [INFO] show_bridge.state - [OSC] SEND /composition/layers/66/video/opacity 0.8267716535433071
2025-12-06 21:40:06 [INFO] show_bridge.state - [OSC] SEND /composition/layers/66/video/opacity 0.8110236220472441
2025-12-06 21:40:06 [INFO] show_bridge.state - [OSC] SEND /composition/layers/66/video/opacity 0.7952755905511811
2025-12-06 21:40:06 [INFO] show_bridge.state - [OSC] SEND /composition/layers/66/video/opacity 0.7716535433070866
2025-12-06 21:40:06 [INFO] show_bridge.state - [OSC] SEND /composition/layers/66/video/opacity 0.7480314960629921
2025-12-06 21:40:06 [INFO] show_bridge.state - [OSC] SEND /composition/layers/66/video/opacity 0.7322834645669292
2025-12-06 21:40:06 [INFO] show_bridge.state - [OSC] SEND /composition/layers/66/video/opacity 0.7086614173228346
2025-12-06 21:40:06 [INFO] show_bridge.state - [OSC] SEND /composition/layers/66/video/opacity 0.6850393700787402
2025-12-06 21:40:06 [INFO] show_bridge.state - [OSC] SEND /composition/layers/66/video/opacity 0.6535433070866141
2025-12-06 21:40:06 [INFO] show_bridge.state - [OSC] SEND /composition/layers/66/video/opacity 0.6299212598425197
2025-12-06 21:40:06 [INFO] show_bridge.state - [OSC] SEND /composition/layers/66/video/opacity 0.6062992125984252
2025-12-06 21:40:06 [INFO] show_bridge.state - [OSC] SEND /composition/layers/66/video/opacity 0.5669291338582677
2025-12-06 21:40:06 [INFO] show_bridge.state - [OSC] SEND /composition/layers/66/video/opacity 0.5433070866141733
2025-12-06 21:40:06 [INFO] show_bridge.state - [OSC] SEND /composition/layers/66/video/opacity 0.5275590551181102
2025-12-06 21:40:06 [INFO] show_bridge.state - [OSC] SEND /composition/layers/66/video/opacity 0.5039370078740157
2025-12-06 21:40:06 [INFO] show_bridge.state - [OSC] SEND /composition/layers/66/video/opacity 0.4881889763779528
2025-12-06 21:40:06 [INFO] show_bridge.state - [OSC] SEND /composition/layers/66/video/opacity 0.4645669291338583
2025-12-06 21:40:06 [INFO] show_bridge.state - [OSC] SEND /composition/layers/66/video/opacity 0.44881889763779526
2025-12-06 21:40:06 [INFO] show_bridge.state - [OSC] SEND /composition/layers/66/video/opacity 0.4251968503937008
2025-12-06 21:40:06 [INFO] show_bridge.state - [OSC] SEND /composition/layers/66/video/opacity 0.4094488188976378
2025-12-06 21:40:06 [INFO] show_bridge.state - [OSC] SEND /composition/layers/66/video/opacity 0.3937007874015748
2025-12-06 21:40:06 [INFO] show_bridge.state - [OSC] SEND /composition/layers/66/video/opacity 0.3779527559055118
2025-12-06 21:40:07 [INFO] show_bridge.state - [OSC] SEND /composition/layers/66/video/opacity 0.3543307086614173
2025-12-06 21:40:07 [INFO] show_bridge.state - [OSC] SEND /composition/layers/66/video/opacity 0.33858267716535434
2025-12-06 21:40:07 [INFO] show_bridge.state - [OSC] SEND /composition/layers/66/video/opacity 0.3228346456692913
2025-12-06 21:40:07 [INFO] show_bridge.state - [OSC] SEND /composition/layers/66/video/opacity 0.30708661417322836
2025-12-06 21:40:07 [INFO] show_bridge.state - [OSC] SEND /composition/layers/66/video/opacity 0.28346456692913385
2025-12-06 21:40:07 [INFO] show_bridge.state - [OSC] SEND /composition/layers/66/video/opacity 0.2677165354330709
2025-12-06 21:40:07 [INFO] show_bridge.state - [OSC] SEND /composition/layers/66/video/opacity 0.25196850393700787
2025-12-06 21:40:07 [INFO] show_bridge.state - [OSC] SEND /composition/layers/66/video/opacity 0.23622047244094488
2025-12-06 21:40:07 [INFO] show_bridge.state - [OSC] SEND /composition/layers/66/video/opacity 0.2204724409448819
2025-12-06 21:40:07 [INFO] show_bridge.state - [OSC] SEND /composition/layers/66/video/opacity 0.2047244094488189
2025-12-06 21:40:07 [INFO] show_bridge.state - [OSC] SEND /composition/layers/66/video/opacity 0.18110236220472442
2025-12-06 21:40:07 [INFO] show_bridge.state - [OSC] SEND /composition/layers/66/video/opacity 0.16535433070866143
2025-12-06 21:40:07 [INFO] show_bridge.state - [OSC] SEND /composition/layers/66/video/opacity 0.14960629921259844
2025-12-06 21:40:07 [INFO] show_bridge.state - [OSC] SEND /composition/layers/66/video/opacity 0.11811023622047244
2025-12-06 21:40:07 [INFO] show_bridge.state - [OSC] SEND /composition/layers/66/video/opacity 0.10236220472440945
2025-12-06 21:40:07 [INFO] show_bridge.state - [OSC] SEND /composition/layers/66/video/opacity 0.08661417322834646
2025-12-06 21:40:07 [INFO] show_bridge.state - [OSC] SEND /composition/layers/66/video/opacity 0.07086614173228346
2025-12-06 21:40:07 [INFO] show_bridge.state - [OSC] SEND /composition/layers/66/video/opacity 0.047244094488188976
2025-12-06 21:40:07 [INFO] show_bridge.state - [OSC] SEND /composition/layers/66/video/opacity 0.031496062992125984
2025-12-06 21:40:07 [INFO] show_bridge.state - [OSC] SEND /composition/layers/66/video/opacity 0.015748031496062992
2025-12-06 21:40:07 [INFO] show_bridge.state - [OSC] SEND /composition/layers/66/video/opacity 0.007874015748031496
2025-12-06 21:40:07 [INFO] show_bridge.state - [OSC] SEND /composition/layers/66/video/opacity 0.0
2025-12-06 21:40:07 [INFO] show_bridge.state - [OSC] SEND /composition/layers/66/video/opacity 0.015748031496062992
2025-12-06 21:40:07 [INFO] show_bridge.state - [OSC] SEND /composition/layers/66/video/opacity 0.031496062992125984
2025-12-06 21:40:07 [INFO] show_bridge.state - [OSC] SEND /composition/layers/66/video/opacity 0.05511811023622047
2025-12-06 21:40:07 [INFO] show_bridge.state - [OSC] SEND /composition/layers/66/video/opacity 0.07874015748031496
2025-12-06 21:40:07 [INFO] show_bridge.state - [OSC] SEND /composition/layers/66/video/opacity 0.10236220472440945
2025-12-06 21:40:07 [INFO] show_bridge.state - [OSC] SEND /composition/layers/66/video/opacity 0.12598425196850394
2025-12-06 21:40:07 [INFO] show_bridge.state - [OSC] SEND /composition/layers/66/video/opacity 0.14960629921259844
2025-12-06 21:40:07 [INFO] show_bridge.state - [OSC] SEND /composition/layers/66/video/opacity 0.1732283464566929
2025-12-06 21:40:07 [INFO] show_bridge.state - [OSC] SEND /composition/layers/66/video/opacity 0.1889763779527559
2025-12-06 21:40:07 [INFO] show_bridge.state - [OSC] SEND /composition/layers/66/video/opacity 0.2125984251968504
2025-12-06 21:40:07 [INFO] show_bridge.state - [OSC] SEND /composition/layers/65/video/opacity 0.4015748031496063
2025-12-06 21:40:07 [INFO] show_bridge.state - [OSC] SEND /composition/layers/66/video/opacity 0.23622047244094488
2025-12-06 21:40:07 [INFO] show_bridge.state - [OSC] SEND /composition/layers/66/video/opacity 0.25984251968503935
2025-12-06 21:40:07 [INFO] show_bridge.state - [OSC] SEND /composition/layers/66/video/opacity 0.28346456692913385
2025-12-06 21:40:07 [INFO] show_bridge.state - [OSC] SEND /composition/layers/66/video/opacity 0.30708661417322836
2025-12-06 21:40:07 [INFO] show_bridge.state - [OSC] SEND /composition/layers/66/video/opacity 0.33070866141732286
2025-12-06 21:40:07 [INFO] show_bridge.state - [OSC] SEND /composition/layers/66/video/opacity 0.3543307086614173
2025-12-06 21:40:07 [INFO] show_bridge.state - [OSC] SEND /composition/layers/65/video/opacity 0.3937007874015748
2025-12-06 21:40:07 [INFO] show_bridge.state - [OSC] SEND /composition/layers/66/video/opacity 0.3779527559055118
2025-12-06 21:40:07 [INFO] show_bridge.state - [OSC] SEND /composition/layers/66/video/opacity 0.4015748031496063
2025-12-06 21:40:07 [INFO] show_bridge.state - [OSC] SEND /composition/layers/66/video/opacity 0.4251968503937008
2025-12-06 21:40:07 [INFO] show_bridge.state - [OSC] SEND /composition/layers/66/video/opacity 0.44881889763779526
2025-12-06 21:40:07 [INFO] show_bridge.state - [OSC] SEND /composition/layers/66/video/opacity 0.47244094488188976
2025-12-06 21:40:07 [INFO] show_bridge.state - [OSC] SEND /composition/layers/66/video/opacity 0.49606299212598426
2025-12-06 21:40:07 [INFO] show_bridge.state - [OSC] SEND /composition/layers/66/video/opacity 0.5196850393700787
2025-12-06 21:40:07 [INFO] show_bridge.state - [OSC] SEND /composition/layers/66/video/opacity 0.5433070866141733
2025-12-06 21:40:07 [INFO] show_bridge.state - [OSC] SEND /composition/layers/66/video/opacity 0.5590551181102362
2025-12-06 21:40:07 [INFO] show_bridge.state - [OSC] SEND /composition/layers/66/video/opacity 0.5826771653543307
2025-12-06 21:40:07 [INFO] show_bridge.state - [OSC] SEND /composition/layers/66/video/opacity 0.6062992125984252
2025-12-06 21:40:07 [INFO] show_bridge.state - [OSC] SEND /composition/layers/66/video/opacity 0.6299212598425197
2025-12-06 21:40:07 [INFO] show_bridge.state - [OSC] SEND /composition/layers/66/video/opacity 0.6535433070866141
2025-12-06 21:40:07 [INFO] show_bridge.state - [OSC] SEND /composition/layers/66/video/opacity 0.6850393700787402
2025-12-06 21:40:07 [INFO] show_bridge.state - [OSC] SEND /composition/layers/66/video/opacity 0.7086614173228346
2025-12-06 21:40:07 [INFO] show_bridge.state - [OSC] SEND /composition/layers/66/video/opacity 0.7401574803149606
2025-12-06 21:40:07 [INFO] show_bridge.state - [OSC] SEND /composition/layers/66/video/opacity 0.7637795275590551
2025-12-06 21:40:07 [INFO] show_bridge.state - [OSC] SEND /composition/layers/65/video/opacity 0.3858267716535433
2025-12-06 21:40:07 [INFO] show_bridge.state - [OSC] SEND /composition/layers/66/video/opacity 0.7952755905511811
2025-12-06 21:40:07 [INFO] show_bridge.state - [OSC] SEND /composition/layers/66/video/opacity 0.8188976377952756
2025-12-06 21:40:07 [INFO] show_bridge.state - [OSC] SEND /composition/layers/66/video/opacity 0.84251968503937
2025-12-06 21:40:07 [INFO] show_bridge.state - [OSC] SEND /composition/layers/66/video/opacity 0.8661417322834646
2025-12-06 21:40:07 [INFO] show_bridge.state - [OSC] SEND /composition/layers/66/video/opacity 0.8976377952755905
2025-12-06 21:40:07 [INFO] show_bridge.state - [OSC] SEND /composition/layers/65/video/opacity 0.3779527559055118
2025-12-06 21:40:07 [INFO] show_bridge.state - [OSC] SEND /composition/layers/66/video/opacity 0.9212598425196851
2025-12-06 21:40:07 [INFO] show_bridge.state - [OSC] SEND /composition/layers/66/video/opacity 0.968503937007874
2025-12-06 21:40:07 [INFO] show_bridge.state - [OSC] SEND /composition/layers/66/video/opacity 0.984251968503937
2025-12-06 21:40:07 [INFO] show_bridge.state - [OSC] SEND /composition/layers/66/video/opacity 1.0
2025-12-06 21:40:07 [INFO] show_bridge.state - [OSC] SEND /composition/layers/65/video/opacity 0.3700787401574803
2025-12-06 21:40:08 [INFO] show_bridge.state - [OSC] SEND /composition/layers/65/video/opacity 0.36220472440944884
2025-12-06 21:40:08 [INFO] show_bridge.state - [OSC] SEND /composition/layers/65/video/opacity 0.3543307086614173
2025-12-06 21:40:08 [INFO] show_bridge.state - [OSC] SEND /composition/layers/65/video/opacity 0.3464566929133858
2025-12-06 21:40:08 [INFO] show_bridge.state - [OSC] SEND /composition/layers/65/video/opacity 0.33070866141732286
2025-12-06 21:40:08 [INFO] show_bridge.state - [OSC] SEND /composition/layers/65/video/opacity 0.3228346456692913
2025-12-06 21:40:08 [INFO] show_bridge.state - [OSC] SEND /composition/layers/66/video/opacity 0.984251968503937
2025-12-06 21:40:08 [INFO] show_bridge.state - [OSC] SEND /composition/layers/66/video/opacity 0.9763779527559056
2025-12-06 21:40:08 [INFO] show_bridge.state - [OSC] SEND /composition/layers/66/video/opacity 0.968503937007874
2025-12-06 21:40:08 [INFO] show_bridge.state - [OSC] SEND /composition/layers/66/video/opacity 0.9606299212598425
2025-12-06 21:40:08 [INFO] show_bridge.state - [OSC] SEND /composition/layers/66/video/opacity 0.9448818897637795
2025-12-06 21:40:08 [INFO] show_bridge.state - [OSC] SEND /composition/layers/66/video/opacity 0.937007874015748
2025-12-06 21:40:12 [INFO] show_bridge.state - [OSC] SEND /composition/layers/66/video/opacity 0.9291338582677166
2025-12-06 21:40:12 [INFO] show_bridge.state - [OSC] SEND /composition/layers/66/video/opacity 0.905511811023622
2025-12-06 21:40:12 [INFO] show_bridge.state - [OSC] SEND /composition/layers/66/video/opacity 0.8818897637795275
2025-12-06 21:40:12 [INFO] show_bridge.state - [OSC] SEND /composition/layers/66/video/opacity 0.8503937007874016
2025-12-06 21:40:12 [INFO] show_bridge.state - [OSC] SEND /composition/layers/66/video/opacity 0.8031496062992126
2025-12-06 21:40:12 [INFO] show_bridge.state - [OSC] SEND /composition/layers/66/video/opacity 0.7401574803149606
2025-12-06 21:40:12 [INFO] show_bridge.state - [OSC] SEND /composition/layers/66/video/opacity 0.6614173228346457
2025-12-06 21:40:12 [INFO] show_bridge.state - [OSC] SEND /composition/layers/66/video/opacity 0.5826771653543307
2025-12-06 21:40:12 [INFO] show_bridge.state - [OSC] SEND /composition/layers/66/video/opacity 0.5118110236220472
2025-12-06 21:40:12 [INFO] show_bridge.state - [OSC] SEND /composition/layers/66/video/opacity 0.44881889763779526
2025-12-06 21:40:12 [INFO] show_bridge.state - [OSC] SEND /composition/layers/66/video/opacity 0.3858267716535433
2025-12-06 21:40:12 [INFO] show_bridge.state - [OSC] SEND /composition/layers/66/video/opacity 0.33070866141732286
2025-12-06 21:40:12 [INFO] show_bridge.state - [OSC] SEND /composition/layers/66/video/opacity 0.2677165354330709
2025-12-06 21:40:12 [INFO] show_bridge.state - [OSC] SEND /composition/layers/66/video/opacity 0.2204724409448819
2025-12-06 21:40:12 [INFO] show_bridge.state - [OSC] SEND /composition/layers/66/video/opacity 0.1732283464566929
2025-12-06 21:40:12 [INFO] show_bridge.state - [OSC] SEND /composition/layers/66/video/opacity 0.13385826771653545
2025-12-06 21:40:12 [INFO] show_bridge.state - [OSC] SEND /composition/layers/66/video/opacity 0.09448818897637795
2025-12-06 21:40:12 [INFO] show_bridge.state - [OSC] SEND /composition/layers/66/video/opacity 0.06299212598425197
2025-12-06 21:40:12 [INFO] show_bridge.state - [OSC] SEND /composition/layers/66/video/opacity 0.031496062992125984
2025-12-06 21:40:12 [INFO] show_bridge.state - [OSC] SEND /composition/layers/66/video/opacity 0.015748031496062992
2025-12-06 21:40:12 [INFO] show_bridge.state - [OSC] SEND /composition/layers/66/video/opacity 0.0
2025-12-06 21:40:13 [INFO] show_bridge.state - [OSC] SEND /composition/layers/66/video/opacity 0.015748031496062992
2025-12-06 21:40:13 [INFO] show_bridge.state - [OSC] SEND /composition/layers/66/video/opacity 0.05511811023622047
2025-12-06 21:40:13 [INFO] show_bridge.state - [OSC] SEND /composition/layers/66/video/opacity 0.09448818897637795
2025-12-06 21:40:13 [INFO] show_bridge.state - [OSC] SEND /composition/layers/66/video/opacity 0.13385826771653545
2025-12-06 21:40:13 [INFO] show_bridge.state - [OSC] SEND /composition/layers/66/video/opacity 0.1732283464566929
2025-12-06 21:40:13 [INFO] show_bridge.state - [OSC] SEND /composition/layers/66/video/opacity 0.2204724409448819
2025-12-06 21:40:13 [INFO] show_bridge.state - [OSC] SEND /composition/layers/66/video/opacity 0.2677165354330709
2025-12-06 21:40:13 [INFO] show_bridge.state - [OSC] SEND /composition/layers/66/video/opacity 0.31496062992125984
2025-12-06 21:40:13 [INFO] show_bridge.state - [OSC] SEND /composition/layers/66/video/opacity 0.3543307086614173
2025-12-06 21:40:13 [INFO] show_bridge.state - [OSC] SEND /composition/layers/66/video/opacity 0.4015748031496063
2025-12-06 21:40:13 [INFO] show_bridge.state - [OSC] SEND /composition/layers/66/video/opacity 0.44881889763779526
2025-12-06 21:40:13 [INFO] show_bridge.state - [OSC] SEND /composition/layers/66/video/opacity 0.4881889763779528
2025-12-06 21:40:13 [INFO] show_bridge.state - [OSC] SEND /composition/layers/66/video/opacity 0.5196850393700787
2025-12-06 21:40:13 [INFO] show_bridge.state - [OSC] SEND /composition/layers/66/video/opacity 0.5511811023622047
2025-12-06 21:40:13 [INFO] show_bridge.state - [OSC] SEND /composition/layers/66/video/opacity 0.5826771653543307
2025-12-06 21:40:13 [INFO] show_bridge.state - [OSC] SEND /composition/layers/66/video/opacity 0.6062992125984252
2025-12-06 21:40:13 [INFO] show_bridge.state - [OSC] SEND /composition/layers/66/video/opacity 0.6377952755905512
2025-12-06 21:40:13 [INFO] show_bridge.state - [OSC] SEND /composition/layers/66/video/opacity 0.6692913385826772
2025-12-06 21:40:13 [INFO] show_bridge.state - [OSC] SEND /composition/layers/66/video/opacity 0.6929133858267716
2025-12-06 21:40:13 [INFO] show_bridge.state - [OSC] SEND /composition/layers/66/video/opacity 0.7165354330708661
2025-12-06 21:40:13 [INFO] show_bridge.state - [OSC] SEND /composition/layers/66/video/opacity 0.7401574803149606
2025-12-06 21:40:13 [INFO] show_bridge.state - [OSC] SEND /composition/layers/66/video/opacity 0.7559055118110236
2025-12-06 21:40:13 [INFO] show_bridge.state - [OSC] SEND /composition/layers/66/video/opacity 0.7716535433070866
2025-12-06 21:40:13 [INFO] show_bridge.state - [OSC] SEND /composition/layers/66/video/opacity 0.7795275590551181
2025-12-06 21:40:13 [INFO] show_bridge.state - [OSC] SEND /composition/layers/66/video/opacity 0.7952755905511811
2025-12-06 21:40:13 [INFO] show_bridge.state - [OSC] SEND /composition/layers/66/video/opacity 0.8110236220472441
2025-12-06 21:40:13 [INFO] show_bridge.state - [OSC] SEND /composition/layers/66/video/opacity 0.8188976377952756
2025-12-06 21:40:13 [INFO] show_bridge.state - [OSC] SEND /composition/layers/66/video/opacity 0.8267716535433071
2025-12-06 21:40:13 [INFO] show_bridge.state - [OSC] SEND /composition/layers/66/video/opacity 0.8346456692913385
2025-12-06 21:40:13 [INFO] show_bridge.state - [OSC] SEND /composition/layers/66/video/opacity 0.84251968503937
2025-12-06 21:40:13 [INFO] show_bridge.state - [OSC] SEND /composition/layers/66/video/opacity 0.8582677165354331
2025-12-06 21:40:13 [INFO] show_bridge.state - [OSC] SEND /composition/layers/65/video/opacity 0.31496062992125984
2025-12-06 21:40:13 [INFO] show_bridge.state - [OSC] SEND /composition/layers/66/video/opacity 0.84251968503937
2025-12-06 21:40:13 [INFO] show_bridge.state - [OSC] SEND /composition/layers/66/video/opacity 0.8346456692913385
2025-12-06 21:40:13 [INFO] show_bridge.state - [OSC] SEND /composition/layers/66/video/opacity 0.8267716535433071
2025-12-06 21:40:13 [INFO] show_bridge.state - [OSC] SEND /composition/layers/66/video/opacity 0.8188976377952756
2025-12-06 21:40:13 [INFO] show_bridge.state - [OSC] SEND /composition/layers/66/video/opacity 0.8031496062992126
2025-12-06 21:40:13 [INFO] show_bridge.state - [OSC] SEND /composition/layers/66/video/opacity 0.7874015748031497
2025-12-06 21:40:13 [INFO] show_bridge.state - [OSC] SEND /composition/layers/66/video/opacity 0.7795275590551181
2025-12-06 21:40:13 [INFO] show_bridge.state - [OSC] SEND /composition/layers/66/video/opacity 0.7716535433070866
2025-12-06 21:40:13 [INFO] show_bridge.state - [OSC] SEND /composition/layers/66/video/opacity 0.7637795275590551
2025-12-06 21:40:15 [INFO] show_bridge.state - [OSC] SEND /composition/layers/63/video/opacity 0.47244094488188976
2025-12-06 21:40:15 [INFO] show_bridge.state - [OSC] SEND /composition/layers/63/video/opacity 0.48031496062992124
2025-12-06 21:40:15 [INFO] show_bridge.state - [OSC] SEND /composition/layers/63/video/opacity 0.4881889763779528
2025-12-06 21:40:15 [INFO] show_bridge.state - [OSC] SEND /composition/layers/63/video/opacity 0.49606299212598426
2025-12-06 21:40:15 [INFO] show_bridge.state - [OSC] SEND /composition/layers/64/video/opacity 0.23622047244094488
2025-12-06 21:40:15 [INFO] show_bridge.state - [OSC] SEND /composition/layers/63/video/opacity 0.5118110236220472
2025-12-06 21:40:15 [INFO] show_bridge.state - [OSC] SEND /composition/layers/64/video/opacity 0.25196850393700787
2025-12-06 21:40:15 [INFO] show_bridge.state - [OSC] SEND /composition/layers/63/video/opacity 0.5275590551181102
2025-12-06 21:40:15 [INFO] show_bridge.state - [OSC] SEND /composition/layers/64/video/opacity 0.2755905511811024
2025-12-06 21:40:15 [INFO] show_bridge.state - [OSC] SEND /composition/layers/63/video/opacity 0.5511811023622047
2025-12-06 21:40:15 [INFO] show_bridge.state - [OSC] SEND /composition/layers/64/video/opacity 0.30708661417322836
2025-12-06 21:40:15 [INFO] show_bridge.state - [OSC] SEND /composition/layers/63/video/opacity 0.5669291338582677
2025-12-06 21:40:15 [INFO] show_bridge.state - [OSC] SEND /composition/layers/64/video/opacity 0.3228346456692913
2025-12-06 21:40:15 [INFO] show_bridge.state - [OSC] SEND /composition/layers/63/video/opacity 0.5826771653543307
2025-12-06 21:40:15 [INFO] show_bridge.state - [OSC] SEND /composition/layers/64/video/opacity 0.3464566929133858
2025-12-06 21:40:15 [INFO] show_bridge.state - [OSC] SEND /composition/layers/63/video/opacity 0.5905511811023622
2025-12-06 21:40:15 [INFO] show_bridge.state - [OSC] SEND /composition/layers/64/video/opacity 0.36220472440944884
2025-12-06 21:40:15 [INFO] show_bridge.state - [OSC] SEND /composition/layers/63/video/opacity 0.6062992125984252
2025-12-06 21:40:15 [INFO] show_bridge.state - [OSC] SEND /composition/layers/64/video/opacity 0.3858267716535433
2025-12-06 21:40:15 [INFO] show_bridge.state - [OSC] SEND /composition/layers/63/video/opacity 0.6141732283464567
2025-12-06 21:40:15 [INFO] show_bridge.state - [OSC] SEND /composition/layers/64/video/opacity 0.41732283464566927
2025-12-06 21:40:15 [INFO] show_bridge.state - [OSC] SEND /composition/layers/63/video/opacity 0.6220472440944882
2025-12-06 21:40:15 [INFO] show_bridge.state - [OSC] SEND /composition/layers/64/video/opacity 0.4330708661417323
2025-12-06 21:40:15 [INFO] show_bridge.state - [OSC] SEND /composition/layers/62/video/opacity 0.5826771653543307
2025-12-06 21:40:15 [INFO] show_bridge.state - [OSC] SEND /composition/layers/64/video/opacity 0.4566929133858268
2025-12-06 21:40:15 [INFO] show_bridge.state - [OSC] SEND /composition/layers/63/video/opacity 0.6299212598425197
2025-12-06 21:40:15 [INFO] show_bridge.state - [OSC] SEND /composition/layers/64/video/opacity 0.47244094488188976
2025-12-06 21:40:15 [INFO] show_bridge.state - [OSC] SEND /composition/layers/63/video/opacity 0.6535433070866141
2025-12-06 21:40:15 [INFO] show_bridge.state - [OSC] SEND /composition/layers/64/video/opacity 0.49606299212598426
2025-12-06 21:40:15 [INFO] show_bridge.state - [OSC] SEND /composition/layers/63/video/opacity 0.6614173228346457
2025-12-06 21:40:15 [INFO] show_bridge.state - [OSC] SEND /composition/layers/64/video/opacity 0.5118110236220472
2025-12-06 21:40:15 [INFO] show_bridge.state - [OSC] SEND /composition/layers/63/video/opacity 0.6692913385826772
2025-12-06 21:40:15 [INFO] show_bridge.state - [OSC] SEND /composition/layers/64/video/opacity 0.5275590551181102
2025-12-06 21:40:15 [INFO] show_bridge.state - [OSC] SEND /composition/layers/63/video/opacity 0.6850393700787402
2025-12-06 21:40:15 [INFO] show_bridge.state - [OSC] SEND /composition/layers/64/video/opacity 0.5433070866141733
2025-12-06 21:40:15 [INFO] show_bridge.state - [OSC] SEND /composition/layers/63/video/opacity 0.6929133858267716
2025-12-06 21:40:15 [INFO] show_bridge.state - [OSC] SEND /composition/layers/65/video/opacity 0.33858267716535434
2025-12-06 21:40:15 [INFO] show_bridge.state - [OSC] SEND /composition/layers/64/video/opacity 0.5590551181102362
2025-12-06 21:40:15 [INFO] show_bridge.state - [OSC] SEND /composition/layers/65/video/opacity 0.3543307086614173
2025-12-06 21:40:15 [INFO] show_bridge.state - [OSC] SEND /composition/layers/64/video/opacity 0.5748031496062992
2025-12-06 21:40:15 [INFO] show_bridge.state - [OSC] SEND /composition/layers/65/video/opacity 0.3700787401574803
2025-12-06 21:40:15 [INFO] show_bridge.state - [OSC] SEND /composition/layers/64/video/opacity 0.5905511811023622
2025-12-06 21:40:15 [INFO] show_bridge.state - [OSC] SEND /composition/layers/65/video/opacity 0.3937007874015748
2025-12-06 21:40:15 [INFO] show_bridge.state - [OSC] SEND /composition/layers/64/video/opacity 0.6062992125984252
2025-12-06 21:40:15 [INFO] show_bridge.state - [OSC] SEND /composition/layers/65/video/opacity 0.41732283464566927
2025-12-06 21:40:15 [INFO] show_bridge.state - [OSC] SEND /composition/layers/65/video/opacity 0.4330708661417323
2025-12-06 21:40:15 [INFO] show_bridge.state - [OSC] SEND /composition/layers/64/video/opacity 0.6456692913385826
2025-12-06 21:40:15 [INFO] show_bridge.state - [OSC] SEND /composition/layers/65/video/opacity 0.4566929133858268
2025-12-06 21:40:15 [INFO] show_bridge.state - [OSC] SEND /composition/layers/64/video/opacity 0.6692913385826772
2025-12-06 21:40:15 [INFO] show_bridge.state - [OSC] SEND /composition/layers/65/video/opacity 0.47244094488188976
2025-12-06 21:40:15 [INFO] show_bridge.state - [OSC] SEND /composition/layers/64/video/opacity 0.6850393700787402
2025-12-06 21:40:15 [INFO] show_bridge.state - [OSC] SEND /composition/layers/65/video/opacity 0.49606299212598426
2025-12-06 21:40:15 [INFO] show_bridge.state - [OSC] SEND /composition/layers/64/video/opacity 0.7007874015748031
2025-12-06 21:40:15 [INFO] show_bridge.state - [OSC] SEND /composition/layers/65/video/opacity 0.5118110236220472
2025-12-06 21:40:15 [INFO] show_bridge.state - [OSC] SEND /composition/layers/64/video/opacity 0.7244094488188977
2025-12-06 21:40:15 [INFO] show_bridge.state - [OSC] SEND /composition/layers/65/video/opacity 0.5275590551181102
2025-12-06 21:40:15 [INFO] show_bridge.state - [OSC] SEND /composition/layers/64/video/opacity 0.7401574803149606
2025-12-06 21:40:15 [INFO] show_bridge.state - [OSC] SEND /composition/layers/65/video/opacity 0.5433070866141733
2025-12-06 21:40:15 [INFO] show_bridge.state - [OSC] SEND /composition/layers/64/video/opacity 0.7559055118110236
2025-12-06 21:40:15 [INFO] show_bridge.state - [OSC] SEND /composition/layers/65/video/opacity 0.5590551181102362
2025-12-06 21:40:15 [INFO] show_bridge.state - [OSC] SEND /composition/layers/64/video/opacity 0.7716535433070866
2025-12-06 21:40:15 [INFO] show_bridge.state - [OSC] SEND /composition/layers/65/video/opacity 0.5748031496062992
2025-12-06 21:40:15 [INFO] show_bridge.state - [OSC] SEND /composition/layers/64/video/opacity 0.7874015748031497
2025-12-06 21:40:15 [INFO] show_bridge.state - [OSC] SEND /composition/layers/65/video/opacity 0.5905511811023622
2025-12-06 21:40:15 [INFO] show_bridge.state - [OSC] SEND /composition/layers/64/video/opacity 0.8031496062992126
2025-12-06 21:40:15 [INFO] show_bridge.state - [OSC] SEND /composition/layers/65/video/opacity 0.6062992125984252
2025-12-06 21:40:15 [INFO] show_bridge.state - [OSC] SEND /composition/layers/64/video/opacity 0.8267716535433071
2025-12-06 21:40:15 [INFO] show_bridge.state - [OSC] SEND /composition/layers/65/video/opacity 0.6141732283464567
2025-12-06 21:40:15 [INFO] show_bridge.state - [OSC] SEND /composition/layers/64/video/opacity 0.84251968503937
2025-12-06 21:40:15 [INFO] show_bridge.state - [OSC] SEND /composition/layers/65/video/opacity 0.6299212598425197
2025-12-06 21:40:15 [INFO] show_bridge.state - [OSC] SEND /composition/layers/64/video/opacity 0.8661417322834646
2025-12-06 21:40:15 [INFO] show_bridge.state - [OSC] SEND /composition/layers/65/video/opacity 0.6377952755905512
2025-12-06 21:40:15 [INFO] show_bridge.state - [OSC] SEND /composition/layers/64/video/opacity 0.889763779527559
2025-12-06 21:40:15 [INFO] show_bridge.state - [OSC] SEND /composition/layers/65/video/opacity 0.6535433070866141
2025-12-06 21:40:15 [INFO] show_bridge.state - [OSC] SEND /composition/layers/64/video/opacity 0.905511811023622
2025-12-06 21:40:15 [INFO] show_bridge.state - [OSC] SEND /composition/layers/65/video/opacity 0.6614173228346457
2025-12-06 21:40:15 [INFO] show_bridge.state - [OSC] SEND /composition/layers/64/video/opacity 0.9291338582677166
2025-12-06 21:40:15 [INFO] show_bridge.state - [OSC] SEND /composition/layers/65/video/opacity 0.6771653543307087
2025-12-06 21:40:15 [INFO] show_bridge.state - [OSC] SEND /composition/layers/65/video/opacity 0.6850393700787402
2025-12-06 21:40:15 [INFO] show_bridge.state - [OSC] SEND /composition/layers/64/video/opacity 0.9606299212598425
2025-12-06 21:40:15 [INFO] show_bridge.state - [OSC] SEND /composition/layers/64/video/opacity 0.968503937007874
2025-12-06 21:40:15 [INFO] show_bridge.state - [OSC] SEND /composition/layers/63/video/opacity 1.0
2025-12-06 21:40:15 [INFO] show_bridge.state - [OSC] SEND /composition/layers/62/video/opacity 1.0
2025-12-06 21:40:15 [INFO] show_bridge.state - [OSC] SEND /composition/layers/61/video/opacity 0.9212598425196851
2025-12-06 21:40:15 [INFO] show_bridge.state - [OSC] SEND /composition/layers/65/video/opacity 0.6929133858267716
2025-12-06 21:40:15 [INFO] show_bridge.state - [OSC] SEND /composition/layers/64/video/opacity 0.9763779527559056
2025-12-06 21:40:15 [INFO] show_bridge.state - [OSC] SEND /composition/layers/61/video/opacity 0.9291338582677166
2025-12-06 21:40:15 [INFO] show_bridge.state - [OSC] SEND /composition/layers/61/video/opacity 0.937007874015748
2025-12-06 21:40:15 [INFO] show_bridge.state - [OSC] SEND /composition/layers/66/video/opacity 0.7716535433070866
2025-12-06 21:40:15 [INFO] show_bridge.state - [OSC] SEND /composition/layers/61/video/opacity 0.9448818897637795
2025-12-06 21:40:15 [INFO] show_bridge.state - [OSC] SEND /composition/layers/66/video/opacity 0.7874015748031497
2025-12-06 21:40:15 [INFO] show_bridge.state - [OSC] SEND /composition/layers/66/video/opacity 0.7952755905511811
2025-12-06 21:40:15 [INFO] show_bridge.state - [OSC] SEND /composition/layers/66/video/opacity 0.8110236220472441
2025-12-06 21:40:16 [INFO] show_bridge.state - [OSC] SEND /composition/layers/66/video/opacity 0.7952755905511811
2025-12-06 21:40:16 [INFO] show_bridge.state - [OSC] SEND /composition/layers/66/video/opacity 0.7874015748031497
2025-12-06 21:40:16 [INFO] show_bridge.state - [OSC] SEND /composition/layers/66/video/opacity 0.7716535433070866
2025-12-06 21:40:16 [INFO] show_bridge.state - [OSC] SEND /composition/layers/66/video/opacity 0.7559055118110236
2025-12-06 21:40:16 [INFO] show_bridge.state - [OSC] SEND /composition/layers/66/video/opacity 0.7401574803149606
2025-12-06 21:40:16 [INFO] show_bridge.state - [OSC] SEND /composition/layers/64/video/opacity 0.952755905511811
2025-12-06 21:40:16 [INFO] show_bridge.state - [OSC] SEND /composition/layers/66/video/opacity 0.7244094488188977
2025-12-06 21:40:16 [INFO] show_bridge.state - [OSC] SEND /composition/layers/64/video/opacity 0.9291338582677166
2025-12-06 21:40:16 [INFO] show_bridge.state - [OSC] SEND /composition/layers/66/video/opacity 0.7165354330708661
2025-12-06 21:40:16 [INFO] show_bridge.state - [OSC] SEND /composition/layers/66/video/opacity 0.7086614173228346
2025-12-06 21:40:16 [INFO] show_bridge.state - [OSC] SEND /composition/layers/64/video/opacity 0.889763779527559
2025-12-06 21:40:16 [INFO] show_bridge.state - [OSC] SEND /composition/layers/66/video/opacity 0.7007874015748031
2025-12-06 21:40:16 [INFO] show_bridge.state - [OSC] SEND /composition/layers/65/video/opacity 0.6771653543307087
2025-12-06 21:40:16 [INFO] show_bridge.state - [OSC] SEND /composition/layers/64/video/opacity 0.84251968503937
2025-12-06 21:40:16 [INFO] show_bridge.state - [OSC] SEND /composition/layers/63/video/opacity 0.9133858267716536
2025-12-06 21:40:16 [INFO] show_bridge.state - [OSC] SEND /composition/layers/66/video/opacity 0.6929133858267716
2025-12-06 21:40:16 [INFO] show_bridge.state - [OSC] SEND /composition/layers/65/video/opacity 0.6692913385826772
2025-12-06 21:40:16 [INFO] show_bridge.state - [OSC] SEND /composition/layers/64/video/opacity 0.7716535433070866
2025-12-06 21:40:16 [INFO] show_bridge.state - [OSC] SEND /composition/layers/63/video/opacity 0.8582677165354331
2025-12-06 21:40:16 [INFO] show_bridge.state - [OSC] SEND /composition/layers/66/video/opacity 0.6850393700787402
2025-12-06 21:40:16 [INFO] show_bridge.state - [OSC] SEND /composition/layers/65/video/opacity 0.6535433070866141
2025-12-06 21:40:16 [INFO] show_bridge.state - [OSC] SEND /composition/layers/65/video/opacity 0.6456692913385826
2025-12-06 21:40:16 [INFO] show_bridge.state - [OSC] SEND /composition/layers/64/video/opacity 0.7322834645669292
2025-12-06 21:40:16 [INFO] show_bridge.state - [OSC] SEND /composition/layers/66/video/opacity 0.6692913385826772
2025-12-06 21:40:16 [INFO] show_bridge.state - [OSC] SEND /composition/layers/65/video/opacity 0.6377952755905512
2025-12-06 21:40:16 [INFO] show_bridge.state - [OSC] SEND /composition/layers/66/video/opacity 0.6614173228346457
2025-12-06 21:40:16 [INFO] show_bridge.state - [OSC] SEND /composition/layers/65/video/opacity 0.6220472440944882
2025-12-06 21:40:16 [INFO] show_bridge.state - [OSC] SEND /composition/layers/66/video/opacity 0.6456692913385826
2025-12-06 21:40:16 [INFO] show_bridge.state - [OSC] SEND /composition/layers/65/video/opacity 0.6062992125984252
2025-12-06 21:40:16 [INFO] show_bridge.state - [OSC] SEND /composition/layers/66/video/opacity 0.6377952755905512
2025-12-06 21:40:16 [INFO] show_bridge.state - [OSC] SEND /composition/layers/65/video/opacity 0.5905511811023622
2025-12-06 21:40:16 [INFO] show_bridge.state - [OSC] SEND /composition/layers/66/video/opacity 0.6220472440944882
2025-12-06 21:40:16 [INFO] show_bridge.state - [OSC] SEND /composition/layers/65/video/opacity 0.5590551181102362
2025-12-06 21:40:16 [INFO] show_bridge.state - [OSC] SEND /composition/layers/66/video/opacity 0.6062992125984252
2025-12-06 21:40:16 [INFO] show_bridge.state - [OSC] SEND /composition/layers/65/video/opacity 0.5275590551181102
2025-12-06 21:40:16 [INFO] show_bridge.state - [OSC] SEND /composition/layers/66/video/opacity 0.5905511811023622
2025-12-06 21:40:16 [INFO] show_bridge.state - [OSC] SEND /composition/layers/65/video/opacity 0.4881889763779528
2025-12-06 21:40:16 [INFO] show_bridge.state - [OSC] SEND /composition/layers/66/video/opacity 0.5748031496062992
2025-12-06 21:40:16 [INFO] show_bridge.state - [OSC] SEND /composition/layers/65/video/opacity 0.4330708661417323
2025-12-06 21:40:16 [INFO] show_bridge.state - [OSC] SEND /composition/layers/66/video/opacity 0.5590551181102362
2025-12-06 21:40:16 [INFO] show_bridge.state - [OSC] SEND /composition/layers/65/video/opacity 0.3858267716535433
2025-12-06 21:40:16 [INFO] show_bridge.state - [OSC] SEND /composition/layers/66/video/opacity 0.5354330708661418
2025-12-06 21:40:16 [INFO] show_bridge.state - [OSC] SEND /composition/layers/65/video/opacity 0.33070866141732286
2025-12-06 21:40:16 [INFO] show_bridge.state - [OSC] SEND /composition/layers/66/video/opacity 0.5196850393700787
2025-12-06 21:40:16 [INFO] show_bridge.state - [OSC] SEND /composition/layers/65/video/opacity 0.2755905511811024
2025-12-06 21:40:16 [INFO] show_bridge.state - [OSC] SEND /composition/layers/66/video/opacity 0.49606299212598426
2025-12-06 21:40:16 [INFO] show_bridge.state - [OSC] SEND /composition/layers/66/video/opacity 0.4645669291338583
2025-12-06 21:40:16 [INFO] show_bridge.state - [OSC] SEND /composition/layers/65/video/opacity 0.2047244094488189
2025-12-06 21:40:16 [INFO] show_bridge.state - [OSC] SEND /composition/layers/65/video/opacity 0.1732283464566929
2025-12-06 21:40:16 [INFO] show_bridge.state - [OSC] SEND /composition/layers/64/video/opacity 0.4015748031496063
2025-12-06 21:40:16 [INFO] show_bridge.state - [OSC] SEND /composition/layers/66/video/opacity 0.4409448818897638
2025-12-06 21:40:16 [INFO] show_bridge.state - [OSC] SEND /composition/layers/65/video/opacity 0.14173228346456693
2025-12-06 21:40:16 [INFO] show_bridge.state - [OSC] SEND /composition/layers/66/video/opacity 0.4251968503937008
2025-12-06 21:40:16 [INFO] show_bridge.state - [OSC] SEND /composition/layers/65/video/opacity 0.11811023622047244
2025-12-06 21:40:16 [INFO] show_bridge.state - [OSC] SEND /composition/layers/66/video/opacity 0.4094488188976378
2025-12-06 21:40:16 [INFO] show_bridge.state - [OSC] SEND /composition/layers/65/video/opacity 0.08661417322834646
2025-12-06 21:40:16 [INFO] show_bridge.state - [OSC] SEND /composition/layers/66/video/opacity 0.4015748031496063
2025-12-06 21:40:16 [INFO] show_bridge.state - [OSC] SEND /composition/layers/65/video/opacity 0.06299212598425197
2025-12-06 21:40:16 [INFO] show_bridge.state - [OSC] SEND /composition/layers/66/video/opacity 0.3937007874015748
2025-12-06 21:40:16 [INFO] show_bridge.state - [OSC] SEND /composition/layers/65/video/opacity 0.03937007874015748
2025-12-06 21:40:16 [INFO] show_bridge.state - [OSC] SEND /composition/layers/66/video/opacity 0.3779527559055118
2025-12-06 21:40:16 [INFO] show_bridge.state - [OSC] SEND /composition/layers/65/video/opacity 0.023622047244094488
2025-12-06 21:40:16 [INFO] show_bridge.state - [OSC] SEND /composition/layers/64/video/opacity 0.2677165354330709
2025-12-06 21:40:16 [INFO] show_bridge.state - [OSC] SEND /composition/layers/63/video/opacity 0.44881889763779526
2025-12-06 21:40:16 [INFO] show_bridge.state - [OSC] SEND /composition/layers/66/video/opacity 0.36220472440944884
2025-12-06 21:40:16 [INFO] show_bridge.state - [OSC] SEND /composition/layers/65/video/opacity 0.015748031496062992
2025-12-06 21:40:16 [INFO] show_bridge.state - [OSC] SEND /composition/layers/66/video/opacity 0.3543307086614173
2025-12-06 21:40:16 [INFO] show_bridge.state - [OSC] SEND /composition/layers/64/video/opacity 0.2204724409448819
2025-12-06 21:40:16 [INFO] show_bridge.state - [OSC] SEND /composition/layers/64/video/opacity 0.1968503937007874
2025-12-06 21:40:16 [INFO] show_bridge.state - [OSC] SEND /composition/layers/63/video/opacity 0.33858267716535434
2025-12-06 21:40:16 [INFO] show_bridge.state - [OSC] SEND /composition/layers/66/video/opacity 0.33858267716535434
2025-12-06 21:40:16 [INFO] show_bridge.state - [OSC] SEND /composition/layers/65/video/opacity 0.0
2025-12-06 21:40:16 [INFO] show_bridge.state - [OSC] SEND /composition/layers/66/video/opacity 0.3228346456692913
2025-12-06 21:40:16 [INFO] show_bridge.state - [OSC] SEND /composition/layers/64/video/opacity 0.14173228346456693
2025-12-06 21:40:16 [INFO] show_bridge.state - [OSC] SEND /composition/layers/66/video/opacity 0.30708661417322836
2025-12-06 21:40:16 [INFO] show_bridge.state - [OSC] SEND /composition/layers/64/video/opacity 0.11023622047244094
2025-12-06 21:40:16 [INFO] show_bridge.state - [OSC] SEND /composition/layers/66/video/opacity 0.28346456692913385
2025-12-06 21:40:16 [INFO] show_bridge.state - [OSC] SEND /composition/layers/64/video/opacity 0.07874015748031496
2025-12-06 21:40:16 [INFO] show_bridge.state - [OSC] SEND /composition/layers/66/video/opacity 0.2677165354330709
2025-12-06 21:40:16 [INFO] show_bridge.state - [OSC] SEND /composition/layers/64/video/opacity 0.047244094488188976
2025-12-06 21:40:16 [INFO] show_bridge.state - [OSC] SEND /composition/layers/66/video/opacity 0.25196850393700787
2025-12-06 21:40:16 [INFO] show_bridge.state - [OSC] SEND /composition/layers/64/video/opacity 0.015748031496062992
2025-12-06 21:40:16 [INFO] show_bridge.state - [OSC] SEND /composition/layers/66/video/opacity 0.23622047244094488
2025-12-06 21:40:16 [INFO] show_bridge.state - [OSC] SEND /composition/layers/64/video/opacity 0.0
2025-12-06 21:40:16 [INFO] show_bridge.state - [OSC] SEND /composition/layers/66/video/opacity 0.2204724409448819
2025-12-06 21:40:16 [INFO] show_bridge.state - [OSC] SEND /composition/layers/63/video/opacity 0.11811023622047244
2025-12-06 21:40:16 [INFO] show_bridge.state - [OSC] SEND /composition/layers/66/video/opacity 0.2047244094488189
2025-12-06 21:40:16 [INFO] show_bridge.state - [OSC] SEND /composition/layers/63/video/opacity 0.08661417322834646
2025-12-06 21:40:16 [INFO] show_bridge.state - [OSC] SEND /composition/layers/66/video/opacity 0.1889763779527559
2025-12-06 21:40:16 [INFO] show_bridge.state - [OSC] SEND /composition/layers/66/video/opacity 0.18110236220472442
2025-12-06 21:40:16 [INFO] show_bridge.state - [OSC] SEND /composition/layers/63/video/opacity 0.015748031496062992
2025-12-06 21:40:16 [INFO] show_bridge.state - [OSC] SEND /composition/layers/66/video/opacity 0.16535433070866143
2025-12-06 21:40:16 [INFO] show_bridge.state - [OSC] SEND /composition/layers/63/video/opacity 0.007874015748031496
2025-12-06 21:40:16 [INFO] show_bridge.state - [OSC] SEND /composition/layers/63/video/opacity 0.0
2025-12-06 21:40:16 [INFO] show_bridge.state - [OSC] SEND /composition/layers/66/video/opacity 0.15748031496062992
2025-12-06 21:40:16 [INFO] show_bridge.state - [OSC] SEND /composition/layers/66/video/opacity 0.1732283464566929
2025-12-06 21:40:16 [INFO] show_bridge.state - [OSC] SEND /composition/layers/61/video/opacity 0.9291338582677166
2025-12-06 21:40:16 [INFO] show_bridge.state - [OSC] SEND /composition/layers/61/video/opacity 0.9212598425196851
2025-12-06 21:40:16 [INFO] show_bridge.state - [OSC] SEND /composition/layers/61/video/opacity 0.905511811023622
2025-12-06 21:40:16 [INFO] show_bridge.state - [OSC] SEND /composition/layers/61/video/opacity 0.889763779527559
2025-12-06 21:40:16 [INFO] show_bridge.state - [OSC] SEND /composition/layers/62/video/opacity 0.984251968503937
2025-12-06 21:40:16 [INFO] show_bridge.state - [OSC] SEND /composition/layers/61/video/opacity 0.8661417322834646
2025-12-06 21:40:16 [INFO] show_bridge.state - [OSC] SEND /composition/layers/62/video/opacity 0.952755905511811
2025-12-06 21:40:16 [INFO] show_bridge.state - [OSC] SEND /composition/layers/61/video/opacity 0.84251968503937
2025-12-06 21:40:16 [INFO] show_bridge.state - [OSC] SEND /composition/layers/62/video/opacity 0.9133858267716536
2025-12-06 21:40:16 [INFO] show_bridge.state - [OSC] SEND /composition/layers/61/video/opacity 0.8110236220472441
2025-12-06 21:40:16 [INFO] show_bridge.state - [OSC] SEND /composition/layers/62/video/opacity 0.8740157480314961
2025-12-06 21:40:16 [INFO] show_bridge.state - [OSC] SEND /composition/layers/61/video/opacity 0.7795275590551181
2025-12-06 21:40:16 [INFO] show_bridge.state - [OSC] SEND /composition/layers/62/video/opacity 0.8346456692913385
2025-12-06 21:40:16 [INFO] show_bridge.state - [OSC] SEND /composition/layers/61/video/opacity 0.7480314960629921
2025-12-06 21:40:16 [INFO] show_bridge.state - [OSC] SEND /composition/layers/62/video/opacity 0.7874015748031497
2025-12-06 21:40:16 [INFO] show_bridge.state - [OSC] SEND /composition/layers/61/video/opacity 0.7165354330708661
2025-12-06 21:40:16 [INFO] show_bridge.state - [OSC] SEND /composition/layers/62/video/opacity 0.7401574803149606
2025-12-06 21:40:16 [INFO] show_bridge.state - [OSC] SEND /composition/layers/61/video/opacity 0.6850393700787402
2025-12-06 21:40:16 [INFO] show_bridge.state - [OSC] SEND /composition/layers/62/video/opacity 0.6929133858267716
2025-12-06 21:40:16 [INFO] show_bridge.state - [OSC] SEND /composition/layers/61/video/opacity 0.6456692913385826
2025-12-06 21:40:16 [INFO] show_bridge.state - [OSC] SEND /composition/layers/62/video/opacity 0.6456692913385826
2025-12-06 21:40:16 [INFO] show_bridge.state - [OSC] SEND /composition/layers/61/video/opacity 0.6062992125984252
2025-12-06 21:40:16 [INFO] show_bridge.state - [OSC] SEND /composition/layers/62/video/opacity 0.6062992125984252
2025-12-06 21:40:16 [INFO] show_bridge.state - [OSC] SEND /composition/layers/61/video/opacity 0.5669291338582677
2025-12-06 21:40:16 [INFO] show_bridge.state - [OSC] SEND /composition/layers/62/video/opacity 0.5590551181102362
2025-12-06 21:40:16 [INFO] show_bridge.state - [OSC] SEND /composition/layers/61/video/opacity 0.5275590551181102
2025-12-06 21:40:16 [INFO] show_bridge.state - [OSC] SEND /composition/layers/62/video/opacity 0.5196850393700787
2025-12-06 21:40:16 [INFO] show_bridge.state - [OSC] SEND /composition/layers/61/video/opacity 0.49606299212598426
2025-12-06 21:40:16 [INFO] show_bridge.state - [OSC] SEND /composition/layers/62/video/opacity 0.48031496062992124
2025-12-06 21:40:16 [INFO] show_bridge.state - [OSC] SEND /composition/layers/62/video/opacity 0.4409448818897638
2025-12-06 21:40:16 [INFO] show_bridge.state - [OSC] SEND /composition/layers/61/video/opacity 0.41732283464566927
2025-12-06 21:40:17 [INFO] show_bridge.state - [OSC] SEND /composition/layers/62/video/opacity 0.4015748031496063
2025-12-06 21:40:17 [INFO] show_bridge.state - [OSC] SEND /composition/layers/61/video/opacity 0.3779527559055118
2025-12-06 21:40:17 [INFO] show_bridge.state - [OSC] SEND /composition/layers/62/video/opacity 0.3543307086614173
2025-12-06 21:40:17 [INFO] show_bridge.state - [OSC] SEND /composition/layers/61/video/opacity 0.33070866141732286
2025-12-06 21:40:17 [INFO] show_bridge.state - [OSC] SEND /composition/layers/62/video/opacity 0.30708661417322836
2025-12-06 21:40:17 [INFO] show_bridge.state - [OSC] SEND /composition/layers/61/video/opacity 0.28346456692913385
2025-12-06 21:40:17 [INFO] show_bridge.state - [OSC] SEND /composition/layers/62/video/opacity 0.25984251968503935
2025-12-06 21:40:17 [INFO] show_bridge.state - [OSC] SEND /composition/layers/61/video/opacity 0.2440944881889764
2025-12-06 21:40:17 [INFO] show_bridge.state - [OSC] SEND /composition/layers/62/video/opacity 0.2204724409448819
2025-12-06 21:40:17 [INFO] show_bridge.state - [OSC] SEND /composition/layers/61/video/opacity 0.1968503937007874
2025-12-06 21:40:17 [INFO] show_bridge.state - [OSC] SEND /composition/layers/62/video/opacity 0.1732283464566929
2025-12-06 21:40:17 [INFO] show_bridge.state - [OSC] SEND /composition/layers/61/video/opacity 0.15748031496062992
2025-12-06 21:40:17 [INFO] show_bridge.state - [OSC] SEND /composition/layers/62/video/opacity 0.13385826771653545
2025-12-06 21:40:17 [INFO] show_bridge.state - [OSC] SEND /composition/layers/61/video/opacity 0.11811023622047244
2025-12-06 21:40:17 [INFO] show_bridge.state - [OSC] SEND /composition/layers/62/video/opacity 0.06299212598425197
2025-12-06 21:40:17 [INFO] show_bridge.state - [OSC] SEND /composition/layers/61/video/opacity 0.07874015748031496
2025-12-06 21:40:17 [INFO] show_bridge.state - [OSC] SEND /composition/layers/62/video/opacity 0.03937007874015748
2025-12-06 21:40:17 [INFO] show_bridge.state - [OSC] SEND /composition/layers/61/video/opacity 0.047244094488188976
2025-12-06 21:40:17 [INFO] show_bridge.state - [OSC] SEND /composition/layers/62/video/opacity 0.023622047244094488
2025-12-06 21:40:17 [INFO] show_bridge.state - [OSC] SEND /composition/layers/61/video/opacity 0.023622047244094488
2025-12-06 21:40:17 [INFO] show_bridge.state - [OSC] SEND /composition/layers/61/video/opacity 0.007874015748031496
2025-12-06 21:40:17 [INFO] show_bridge.state - [OSC] SEND /composition/layers/62/video/opacity 0.007874015748031496
2025-12-06 21:40:17 [INFO] show_bridge.state - [OSC] SEND /composition/layers/61/video/opacity 0.0
2025-12-06 21:40:17 [INFO] show_bridge.state - [OSC] SEND /composition/layers/62/video/opacity 0.0
2025-12-06 21:40:34 [INFO] show_bridge.state - [OSC] SEND /composition/layers/66/video/opacity 0.18110236220472442
2025-12-06 21:40:34 [INFO] show_bridge.state - [OSC] SEND /composition/layers/66/video/opacity 0.1968503937007874
2025-12-06 21:40:34 [INFO] show_bridge.state - [OSC] SEND /composition/layers/66/video/opacity 0.2204724409448819
2025-12-06 21:40:34 [INFO] show_bridge.state - [OSC] SEND /composition/layers/66/video/opacity 0.25196850393700787
2025-12-06 21:40:34 [INFO] show_bridge.state - [OSC] SEND /composition/layers/66/video/opacity 0.28346456692913385
2025-12-06 21:40:34 [INFO] show_bridge.state - [OSC] SEND /composition/layers/66/video/opacity 0.3228346456692913
2025-12-06 21:40:34 [INFO] show_bridge.state - [OSC] SEND /composition/layers/66/video/opacity 0.36220472440944884
2025-12-06 21:40:34 [INFO] show_bridge.state - [OSC] SEND /composition/layers/66/video/opacity 0.4094488188976378
2025-12-06 21:40:34 [INFO] show_bridge.state - [OSC] SEND /composition/layers/66/video/opacity 0.4566929133858268
2025-12-06 21:40:34 [INFO] show_bridge.state - [OSC] SEND /composition/layers/66/video/opacity 0.5039370078740157
2025-12-06 21:40:34 [INFO] show_bridge.state - [OSC] SEND /composition/layers/66/video/opacity 0.5590551181102362
2025-12-06 21:40:34 [INFO] show_bridge.state - [OSC] SEND /composition/layers/66/video/opacity 0.6141732283464567
2025-12-06 21:40:34 [INFO] show_bridge.state - [OSC] SEND /composition/layers/66/video/opacity 0.6771653543307087
2025-12-06 21:40:34 [INFO] show_bridge.state - [OSC] SEND /composition/layers/66/video/opacity 0.7322834645669292
2025-12-06 21:40:34 [INFO] show_bridge.state - [OSC] SEND /composition/layers/66/video/opacity 0.7874015748031497
2025-12-06 21:40:34 [INFO] show_bridge.state - [OSC] SEND /composition/layers/66/video/opacity 0.8503937007874016
2025-12-06 21:40:34 [INFO] show_bridge.state - [OSC] SEND /composition/layers/66/video/opacity 0.905511811023622
2025-12-06 21:40:34 [INFO] show_bridge.state - [OSC] SEND /composition/layers/66/video/opacity 0.9606299212598425
2025-12-06 21:40:34 [INFO] show_bridge.state - [OSC] SEND /composition/layers/66/video/opacity 0.9921259842519685
2025-12-06 21:40:34 [INFO] show_bridge.state - [OSC] SEND /composition/layers/66/video/opacity 1.0
2025-12-06 21:40:34 [INFO] show_bridge.state - [OSC] SEND /composition/layers/66/video/opacity 0.9291338582677166
2025-12-06 21:40:34 [INFO] show_bridge.state - [OSC] SEND /composition/layers/66/video/opacity 0.889763779527559
2025-12-06 21:40:34 [INFO] show_bridge.state - [OSC] SEND /composition/layers/66/video/opacity 0.8267716535433071
2025-12-06 21:40:34 [INFO] show_bridge.state - [OSC] SEND /composition/layers/66/video/opacity 0.7716535433070866
2025-12-06 21:40:34 [INFO] show_bridge.state - [OSC] SEND /composition/layers/66/video/opacity 0.7007874015748031
2025-12-06 21:40:34 [INFO] show_bridge.state - [OSC] SEND /composition/layers/66/video/opacity 0.6377952755905512
2025-12-06 21:40:34 [INFO] show_bridge.state - [OSC] SEND /composition/layers/66/video/opacity 0.5748031496062992
2025-12-06 21:40:34 [INFO] show_bridge.state - [OSC] SEND /composition/layers/66/video/opacity 0.5118110236220472
2025-12-06 21:40:34 [INFO] show_bridge.state - [OSC] SEND /composition/layers/66/video/opacity 0.44881889763779526
2025-12-06 21:40:34 [INFO] show_bridge.state - [OSC] SEND /composition/layers/66/video/opacity 0.3858267716535433
2025-12-06 21:40:34 [INFO] show_bridge.state - [OSC] SEND /composition/layers/66/video/opacity 0.3228346456692913
2025-12-06 21:40:34 [INFO] show_bridge.state - [OSC] SEND /composition/layers/66/video/opacity 0.25984251968503935
2025-12-06 21:40:34 [INFO] show_bridge.state - [OSC] SEND /composition/layers/66/video/opacity 0.1968503937007874
2025-12-06 21:40:34 [INFO] show_bridge.state - [OSC] SEND /composition/layers/66/video/opacity 0.13385826771653545
2025-12-06 21:40:34 [INFO] show_bridge.state - [OSC] SEND /composition/layers/66/video/opacity 0.07874015748031496
2025-12-06 21:40:34 [INFO] show_bridge.state - [OSC] SEND /composition/layers/66/video/opacity 0.015748031496062992
2025-12-06 21:40:34 [INFO] show_bridge.state - [OSC] SEND /composition/layers/66/video/opacity 0.0
2025-12-06 21:40:35 [INFO] show_bridge.state - [OSC] SEND /composition/layers/66/video/opacity 0.007874015748031496
2025-12-06 21:40:35 [INFO] show_bridge.state - [OSC] SEND /composition/layers/65/video/opacity 0.015748031496062992
2025-12-06 21:40:35 [INFO] show_bridge.state - [OSC] SEND /composition/layers/65/video/opacity 0.047244094488188976
2025-12-06 21:40:35 [INFO] show_bridge.state - [OSC] SEND /composition/layers/65/video/opacity 0.07874015748031496
2025-12-06 21:40:35 [INFO] show_bridge.state - [OSC] SEND /composition/layers/65/video/opacity 0.11023622047244094
2025-12-06 21:40:35 [INFO] show_bridge.state - [OSC] SEND /composition/layers/65/video/opacity 0.14960629921259844
2025-12-06 21:40:35 [INFO] show_bridge.state - [OSC] SEND /composition/layers/65/video/opacity 0.1889763779527559
2025-12-06 21:40:35 [INFO] show_bridge.state - [OSC] SEND /composition/layers/65/video/opacity 0.2283464566929134
2025-12-06 21:40:35 [INFO] show_bridge.state - [OSC] SEND /composition/layers/65/video/opacity 0.2677165354330709
2025-12-06 21:40:35 [INFO] show_bridge.state - [OSC] SEND /composition/layers/65/video/opacity 0.31496062992125984
2025-12-06 21:40:35 [INFO] show_bridge.state - [OSC] SEND /composition/layers/65/video/opacity 0.36220472440944884
2025-12-06 21:40:35 [INFO] show_bridge.state - [OSC] SEND /composition/layers/65/video/opacity 0.4094488188976378
2025-12-06 21:40:35 [INFO] show_bridge.state - [OSC] SEND /composition/layers/65/video/opacity 0.4566929133858268
2025-12-06 21:40:35 [INFO] show_bridge.state - [OSC] SEND /composition/layers/65/video/opacity 0.4881889763779528
2025-12-06 21:40:35 [INFO] show_bridge.state - [OSC] SEND /composition/layers/65/video/opacity 0.5196850393700787
2025-12-06 21:40:35 [INFO] show_bridge.state - [OSC] SEND /composition/layers/65/video/opacity 0.5354330708661418
2025-12-06 21:40:35 [INFO] show_bridge.state - [OSC] SEND /composition/layers/65/video/opacity 0.5511811023622047
2025-12-06 21:40:35 [INFO] show_bridge.state - [OSC] SEND /composition/layers/65/video/opacity 0.5354330708661418
2025-12-06 21:40:35 [INFO] show_bridge.state - [OSC] SEND /composition/layers/65/video/opacity 0.5275590551181102
2025-12-06 21:40:35 [INFO] show_bridge.state - [OSC] SEND /composition/layers/65/video/opacity 0.5118110236220472
2025-12-06 21:40:35 [INFO] show_bridge.state - [OSC] SEND /composition/layers/65/video/opacity 0.49606299212598426
2025-12-06 21:40:35 [INFO] show_bridge.state - [OSC] SEND /composition/layers/65/video/opacity 0.48031496062992124
2025-12-06 21:40:35 [INFO] show_bridge.state - [OSC] SEND /composition/layers/65/video/opacity 0.4566929133858268
2025-12-06 21:40:35 [INFO] show_bridge.state - [OSC] SEND /composition/layers/65/video/opacity 0.4330708661417323
2025-12-06 21:40:35 [INFO] show_bridge.state - [OSC] SEND /composition/layers/65/video/opacity 0.4015748031496063
2025-12-06 21:40:35 [INFO] show_bridge.state - [OSC] SEND /composition/layers/65/video/opacity 0.3700787401574803
2025-12-06 21:40:35 [INFO] show_bridge.state - [OSC] SEND /composition/layers/65/video/opacity 0.33070866141732286
2025-12-06 21:40:35 [INFO] show_bridge.state - [OSC] SEND /composition/layers/65/video/opacity 0.28346456692913385
2025-12-06 21:40:35 [INFO] show_bridge.state - [OSC] SEND /composition/layers/65/video/opacity 0.2283464566929134
2025-12-06 21:40:35 [INFO] show_bridge.state - [OSC] SEND /composition/layers/65/video/opacity 0.1732283464566929
2025-12-06 21:40:35 [INFO] show_bridge.state - [OSC] SEND /composition/layers/65/video/opacity 0.11811023622047244
2025-12-06 21:40:35 [INFO] show_bridge.state - [OSC] SEND /composition/layers/65/video/opacity 0.07086614173228346
2025-12-06 21:40:35 [INFO] show_bridge.state - [OSC] SEND /composition/layers/65/video/opacity 0.015748031496062992
2025-12-06 21:40:35 [INFO] show_bridge.state - [OSC] SEND /composition/layers/65/video/opacity 0.007874015748031496
2025-12-06 21:40:35 [INFO] show_bridge.state - [OSC] SEND /composition/layers/65/video/opacity 0.0
2025-12-06 21:40:35 [INFO] show_bridge.state - [OSC] SEND /composition/layers/66/video/opacity 0.015748031496062992
2025-12-06 21:40:35 [INFO] show_bridge.state - [OSC] SEND /composition/layers/66/video/opacity 0.031496062992125984
2025-12-06 21:40:35 [INFO] show_bridge.state - [OSC] SEND /composition/layers/66/video/opacity 0.03937007874015748
2025-12-06 21:40:35 [INFO] show_bridge.state - [OSC] SEND /composition/layers/66/video/opacity 0.047244094488188976
2025-12-06 21:40:35 [INFO] show_bridge.state - [OSC] SEND /composition/layers/66/video/opacity 0.06299212598425197
2025-12-06 21:40:35 [INFO] show_bridge.state - [OSC] SEND /composition/layers/66/video/opacity 0.07874015748031496
2025-12-06 21:40:35 [INFO] show_bridge.state - [OSC] SEND /composition/layers/66/video/opacity 0.08661417322834646
2025-12-06 21:40:35 [INFO] show_bridge.state - [OSC] SEND /composition/layers/66/video/opacity 0.10236220472440945
2025-12-06 21:40:35 [INFO] show_bridge.state - [OSC] SEND /composition/layers/65/video/opacity 0.015748031496062992
2025-12-06 21:40:35 [INFO] show_bridge.state - [OSC] SEND /composition/layers/66/video/opacity 0.11811023622047244
2025-12-06 21:40:35 [INFO] show_bridge.state - [OSC] SEND /composition/layers/65/video/opacity 0.031496062992125984
2025-12-06 21:40:35 [INFO] show_bridge.state - [OSC] SEND /composition/layers/66/video/opacity 0.13385826771653545
2025-12-06 21:40:35 [INFO] show_bridge.state - [OSC] SEND /composition/layers/65/video/opacity 0.047244094488188976
2025-12-06 21:40:35 [INFO] show_bridge.state - [OSC] SEND /composition/layers/66/video/opacity 0.14960629921259844
2025-12-06 21:40:35 [INFO] show_bridge.state - [OSC] SEND /composition/layers/66/video/opacity 0.16535433070866143
2025-12-06 21:40:35 [INFO] show_bridge.state - [OSC] SEND /composition/layers/65/video/opacity 0.07874015748031496
2025-12-06 21:40:35 [INFO] show_bridge.state - [OSC] SEND /composition/layers/66/video/opacity 0.18110236220472442
2025-12-06 21:40:35 [INFO] show_bridge.state - [OSC] SEND /composition/layers/65/video/opacity 0.10236220472440945
2025-12-06 21:40:35 [INFO] show_bridge.state - [OSC] SEND /composition/layers/66/video/opacity 0.2047244094488189
2025-12-06 21:40:35 [INFO] show_bridge.state - [OSC] SEND /composition/layers/65/video/opacity 0.11811023622047244
2025-12-06 21:40:35 [INFO] show_bridge.state - [OSC] SEND /composition/layers/66/video/opacity 0.2204724409448819
2025-12-06 21:40:35 [INFO] show_bridge.state - [OSC] SEND /composition/layers/65/video/opacity 0.14173228346456693
2025-12-06 21:40:35 [INFO] show_bridge.state - [OSC] SEND /composition/layers/66/video/opacity 0.2440944881889764
2025-12-06 21:40:35 [INFO] show_bridge.state - [OSC] SEND /composition/layers/65/video/opacity 0.15748031496062992
2025-12-06 21:40:35 [INFO] show_bridge.state - [OSC] SEND /composition/layers/66/video/opacity 0.2677165354330709
2025-12-06 21:40:35 [INFO] show_bridge.state - [OSC] SEND /composition/layers/65/video/opacity 0.18110236220472442
2025-12-06 21:40:35 [INFO] show_bridge.state - [OSC] SEND /composition/layers/66/video/opacity 0.29133858267716534
2025-12-06 21:40:35 [INFO] show_bridge.state - [OSC] SEND /composition/layers/65/video/opacity 0.2047244094488189
2025-12-06 21:40:35 [INFO] show_bridge.state - [OSC] SEND /composition/layers/66/video/opacity 0.31496062992125984
2025-12-06 21:40:35 [INFO] show_bridge.state - [OSC] SEND /composition/layers/65/video/opacity 0.2283464566929134
2025-12-06 21:40:35 [INFO] show_bridge.state - [OSC] SEND /composition/layers/66/video/opacity 0.33858267716535434
2025-12-06 21:40:35 [INFO] show_bridge.state - [OSC] SEND /composition/layers/65/video/opacity 0.25984251968503935
2025-12-06 21:40:35 [INFO] show_bridge.state - [OSC] SEND /composition/layers/66/video/opacity 0.3700787401574803
2025-12-06 21:40:35 [INFO] show_bridge.state - [OSC] SEND /composition/layers/65/video/opacity 0.29133858267716534
2025-12-06 21:40:35 [INFO] show_bridge.state - [OSC] SEND /composition/layers/66/video/opacity 0.4015748031496063
2025-12-06 21:40:35 [INFO] show_bridge.state - [OSC] SEND /composition/layers/65/video/opacity 0.31496062992125984
2025-12-06 21:40:35 [INFO] show_bridge.state - [OSC] SEND /composition/layers/66/video/opacity 0.4330708661417323
2025-12-06 21:40:35 [INFO] show_bridge.state - [OSC] SEND /composition/layers/65/video/opacity 0.3543307086614173
2025-12-06 21:40:35 [INFO] show_bridge.state - [OSC] SEND /composition/layers/66/video/opacity 0.4645669291338583
2025-12-06 21:40:35 [INFO] show_bridge.state - [OSC] SEND /composition/layers/65/video/opacity 0.3858267716535433
2025-12-06 21:40:35 [INFO] show_bridge.state - [OSC] SEND /composition/layers/66/video/opacity 0.5039370078740157
2025-12-06 21:40:35 [INFO] show_bridge.state - [OSC] SEND /composition/layers/65/video/opacity 0.4251968503937008
2025-12-06 21:40:35 [INFO] show_bridge.state - [OSC] SEND /composition/layers/66/video/opacity 0.5433070866141733
2025-12-06 21:40:35 [INFO] show_bridge.state - [OSC] SEND /composition/layers/65/video/opacity 0.4645669291338583
2025-12-06 21:40:35 [INFO] show_bridge.state - [OSC] SEND /composition/layers/66/video/opacity 0.5748031496062992
2025-12-06 21:40:35 [INFO] show_bridge.state - [OSC] SEND /composition/layers/65/video/opacity 0.49606299212598426
2025-12-06 21:40:35 [INFO] show_bridge.state - [OSC] SEND /composition/layers/66/video/opacity 0.6141732283464567
2025-12-06 21:40:35 [INFO] show_bridge.state - [OSC] SEND /composition/layers/65/video/opacity 0.5275590551181102
2025-12-06 21:40:35 [INFO] show_bridge.state - [OSC] SEND /composition/layers/66/video/opacity 0.6535433070866141
2025-12-06 21:40:35 [INFO] show_bridge.state - [OSC] SEND /composition/layers/65/video/opacity 0.5669291338582677
2025-12-06 21:40:35 [INFO] show_bridge.state - [OSC] SEND /composition/layers/66/video/opacity 0.6850393700787402
2025-12-06 21:40:35 [INFO] show_bridge.state - [OSC] SEND /composition/layers/65/video/opacity 0.5984251968503937
2025-12-06 21:40:35 [INFO] show_bridge.state - [OSC] SEND /composition/layers/66/video/opacity 0.7244094488188977
2025-12-06 21:40:35 [INFO] show_bridge.state - [OSC] SEND /composition/layers/65/video/opacity 0.6377952755905512
2025-12-06 21:40:35 [INFO] show_bridge.state - [OSC] SEND /composition/layers/66/video/opacity 0.7874015748031497
2025-12-06 21:40:35 [INFO] show_bridge.state - [OSC] SEND /composition/layers/65/video/opacity 0.6692913385826772
2025-12-06 21:40:35 [INFO] show_bridge.state - [OSC] SEND /composition/layers/65/video/opacity 0.7007874015748031
2025-12-06 21:40:35 [INFO] show_bridge.state - [OSC] SEND /composition/layers/66/video/opacity 0.8267716535433071
2025-12-06 21:40:35 [INFO] show_bridge.state - [OSC] SEND /composition/layers/65/video/opacity 0.7401574803149606
2025-12-06 21:40:35 [INFO] show_bridge.state - [OSC] SEND /composition/layers/66/video/opacity 0.8582677165354331
2025-12-06 21:40:35 [INFO] show_bridge.state - [OSC] SEND /composition/layers/66/video/opacity 0.889763779527559
2025-12-06 21:40:35 [INFO] show_bridge.state - [OSC] SEND /composition/layers/65/video/opacity 0.8031496062992126
2025-12-06 21:40:35 [INFO] show_bridge.state - [OSC] SEND /composition/layers/66/video/opacity 0.9212598425196851
2025-12-06 21:40:35 [INFO] show_bridge.state - [OSC] SEND /composition/layers/65/video/opacity 0.8346456692913385
2025-12-06 21:40:35 [INFO] show_bridge.state - [OSC] SEND /composition/layers/66/video/opacity 0.9763779527559056
2025-12-06 21:40:36 [INFO] show_bridge.state - [OSC] SEND /composition/layers/65/video/opacity 0.8582677165354331
2025-12-06 21:40:36 [INFO] show_bridge.state - [OSC] SEND /composition/layers/66/video/opacity 0.984251968503937
2025-12-06 21:40:36 [INFO] show_bridge.state - [OSC] SEND /composition/layers/65/video/opacity 0.8818897637795275
2025-12-06 21:40:36 [INFO] show_bridge.state - [OSC] SEND /composition/layers/65/video/opacity 0.905511811023622
2025-12-06 21:40:36 [INFO] show_bridge.state - [OSC] SEND /composition/layers/66/video/opacity 1.0
2025-12-06 21:40:36 [INFO] show_bridge.state - [OSC] SEND /composition/layers/65/video/opacity 0.9212598425196851
2025-12-06 21:40:36 [INFO] show_bridge.state - [OSC] SEND /composition/layers/65/video/opacity 0.952755905511811
2025-12-06 21:40:36 [INFO] show_bridge.state - [OSC] SEND /composition/layers/65/video/opacity 0.9606299212598425
2025-12-06 21:40:36 [INFO] show_bridge.state - [OSC] SEND /composition/layers/65/video/opacity 0.9448818897637795
2025-12-06 21:40:36 [INFO] show_bridge.state - [OSC] SEND /composition/layers/65/video/opacity 0.9291338582677166
2025-12-06 21:40:36 [INFO] show_bridge.state - [OSC] SEND /composition/layers/66/video/opacity 0.9921259842519685
2025-12-06 21:40:36 [INFO] show_bridge.state - [OSC] SEND /composition/layers/65/video/opacity 0.905511811023622
2025-12-06 21:40:36 [INFO] show_bridge.state - [OSC] SEND /composition/layers/66/video/opacity 0.9606299212598425
2025-12-06 21:40:36 [INFO] show_bridge.state - [OSC] SEND /composition/layers/65/video/opacity 0.8740157480314961
2025-12-06 21:40:36 [INFO] show_bridge.state - [OSC] SEND /composition/layers/66/video/opacity 0.937007874015748
2025-12-06 21:40:36 [INFO] show_bridge.state - [OSC] SEND /composition/layers/65/video/opacity 0.8503937007874016
2025-12-06 21:40:36 [INFO] show_bridge.state - [OSC] SEND /composition/layers/66/video/opacity 0.905511811023622
2025-12-06 21:40:36 [INFO] show_bridge.state - [OSC] SEND /composition/layers/65/video/opacity 0.8267716535433071
2025-12-06 21:40:36 [INFO] show_bridge.state - [OSC] SEND /composition/layers/66/video/opacity 0.8818897637795275
2025-12-06 21:40:36 [INFO] show_bridge.state - [OSC] SEND /composition/layers/66/video/opacity 0.8503937007874016
2025-12-06 21:40:36 [INFO] show_bridge.state - [OSC] SEND /composition/layers/65/video/opacity 0.7716535433070866
2025-12-06 21:40:36 [INFO] show_bridge.state - [OSC] SEND /composition/layers/66/video/opacity 0.8267716535433071
2025-12-06 21:40:36 [INFO] show_bridge.state - [OSC] SEND /composition/layers/65/video/opacity 0.7480314960629921
2025-12-06 21:40:36 [INFO] show_bridge.state - [OSC] SEND /composition/layers/66/video/opacity 0.7952755905511811
2025-12-06 21:40:36 [INFO] show_bridge.state - [OSC] SEND /composition/layers/65/video/opacity 0.7165354330708661
2025-12-06 21:40:36 [INFO] show_bridge.state - [OSC] SEND /composition/layers/66/video/opacity 0.7637795275590551
2025-12-06 21:40:36 [INFO] show_bridge.state - [OSC] SEND /composition/layers/65/video/opacity 0.6929133858267716
2025-12-06 21:40:36 [INFO] show_bridge.state - [OSC] SEND /composition/layers/66/video/opacity 0.7401574803149606
2025-12-06 21:40:36 [INFO] show_bridge.state - [OSC] SEND /composition/layers/65/video/opacity 0.6692913385826772
2025-12-06 21:40:36 [INFO] show_bridge.state - [OSC] SEND /composition/layers/66/video/opacity 0.7086614173228346
2025-12-06 21:40:36 [INFO] show_bridge.state - [OSC] SEND /composition/layers/65/video/opacity 0.6456692913385826
2025-12-06 21:40:36 [INFO] show_bridge.state - [OSC] SEND /composition/layers/66/video/opacity 0.6771653543307087
2025-12-06 21:40:36 [INFO] show_bridge.state - [OSC] SEND /composition/layers/65/video/opacity 0.6141732283464567
2025-12-06 21:40:36 [INFO] show_bridge.state - [OSC] SEND /composition/layers/66/video/opacity 0.6456692913385826
2025-12-06 21:40:36 [INFO] show_bridge.state - [OSC] SEND /composition/layers/65/video/opacity 0.5984251968503937
2025-12-06 21:40:36 [INFO] show_bridge.state - [OSC] SEND /composition/layers/66/video/opacity 0.6220472440944882
2025-12-06 21:40:36 [INFO] show_bridge.state - [OSC] SEND /composition/layers/65/video/opacity 0.5748031496062992
2025-12-06 21:40:36 [INFO] show_bridge.state - [OSC] SEND /composition/layers/66/video/opacity 0.5984251968503937
2025-12-06 21:40:36 [INFO] show_bridge.state - [OSC] SEND /composition/layers/65/video/opacity 0.5590551181102362
2025-12-06 21:40:36 [INFO] show_bridge.state - [OSC] SEND /composition/layers/66/video/opacity 0.5748031496062992
2025-12-06 21:40:36 [INFO] show_bridge.state - [OSC] SEND /composition/layers/65/video/opacity 0.5354330708661418
2025-12-06 21:40:36 [INFO] show_bridge.state - [OSC] SEND /composition/layers/66/video/opacity 0.5590551181102362
2025-12-06 21:40:36 [INFO] show_bridge.state - [OSC] SEND /composition/layers/65/video/opacity 0.5196850393700787
2025-12-06 21:40:36 [INFO] show_bridge.state - [OSC] SEND /composition/layers/66/video/opacity 0.5433070866141733
2025-12-06 21:40:36 [INFO] show_bridge.state - [OSC] SEND /composition/layers/65/video/opacity 0.5118110236220472
2025-12-06 21:40:36 [INFO] show_bridge.state - [OSC] SEND /composition/layers/66/video/opacity 0.5354330708661418
2025-12-06 21:40:36 [INFO] show_bridge.state - [OSC] SEND /composition/layers/65/video/opacity 0.49606299212598426
2025-12-06 21:40:36 [INFO] show_bridge.state - [OSC] SEND /composition/layers/66/video/opacity 0.5275590551181102
2025-12-06 21:40:36 [INFO] show_bridge.state - [OSC] SEND /composition/layers/65/video/opacity 0.4881889763779528
2025-12-06 21:40:36 [INFO] show_bridge.state - [OSC] SEND /composition/layers/66/video/opacity 0.5196850393700787
2025-12-06 21:40:45 [INFO] show_bridge - Starting show_bridge state machine runner
2025-12-06 21:40:46 [INFO] show_bridge - [STATE] Loaded state_machine_mappings.yaml for OSC broadcast.
2025-12-06 21:40:47 [INFO] show_bridge - [RESOLUME] Loaded composition 'Snow Place 2025' with 11 groups.
2025-12-06 21:40:47 [INFO] show_bridge - [DEBUG] Composition 'Snow Place 2025' column layout:
2025-12-06 21:40:47 [INFO] show_bridge -   Group 0 'Test Group' (APC=-)
2025-12-06 21:40:47 [INFO] show_bridge -     Layer 0 (global 0) 'Reference Images' role=- -> 2:Full Building Perspective Corrected, 3:OSC Transport Beat
2025-12-06 21:40:47 [INFO] show_bridge -     Layer 1 (global 1) 'Test Patterns' role=- -> 2:All Area 2, 3:Mix 1, 4:Checkered, 5:Test Card, 6:All Area Wireframe 1, 7:All Area Wireframe 2, 8:WAAT Test Card
2025-12-06 21:40:47 [INFO] show_bridge -   Group 1 'Internal Videos' (APC=-)
2025-12-06 21:40:47 [INFO] show_bridge -     Layer 0 (global 2) 'Layer #' role=- -> 
2025-12-06 21:40:47 [INFO] show_bridge -     Layer 1 (global 3) 'FFT Fills' role=fills -> 
2025-12-06 21:40:47 [INFO] show_bridge -     Layer 2 (global 4) 'Full Stage Effects' role=effects -> 2:Edge Detection, 3:Noisy, 4:Shift Glitch, 5:Acuarela, 6:Mirror Quad, 7:Infinite Zoom, 8:Bloom, 9:Hatched, 10:Dither, 12:Posterize
2025-12-06 21:40:47 [INFO] show_bridge -     Layer 3 (global 5) 'Full Stage Colors' role=colors -> 2:No Changes, 3:Reds, 4:Oranges, 5:Yellows, 6:Limes, 7:Greens, 8:Teals, 9:Cyans, 10:Blues, 11:Purples, 12:Magentas, 13:Pinks, 14:Grayscale, 15:White, 16:Dull, 17:Rainbow, 18:Inferno, 19:Plasma, 20:Viridis, 21:Clockwork Orange, 22:Warhol, 23:Mona Lisa, 24:Salmon, 25:Purple Rain
2025-12-06 21:40:47 [INFO] show_bridge -     Layer 4 (global 6) 'Stage Masks' role=static_masks -> 1:Solid Color, 2:Mask Randomizer, 3:All Area 2, 4:Big Window, 5:Brick Face, 6:Column Tops and Bottoms, 7:Columns, 8:Door, 9:Mix 1, 10:Roof Circle, 11:Roof Crown, 12:Roof Peak, 13:Roof Trim, 14:Windows Columns Door, 15:Windows, 16:Lights
2025-12-06 21:40:47 [INFO] show_bridge -   Group 2 'Synestesia' (APC=8)
2025-12-06 21:40:47 [INFO] show_bridge -     Layer 0 (global 7) 'Fills 1' role=fills -> 2:None, 4:Synesthesia Soft Flip, 5:Synesthesia Mirror
2025-12-06 21:40:47 [INFO] show_bridge -     Layer 1 (global 8) 'Effects' role=effects -> 1:None, 2:None, 3:Edge Detection, 4:Noisy, 5:Shift Glitch, 6:Acuarela, 7:Mirror Quad, 8:Infinite Zoom, 9:Bloom, 10:Hatched, 11:Dither, 12:Posterize, 13:Dot Screen, 14:Dither Dots, 15:Edge Dots, 16:Rainbow LEDs
2025-12-06 21:40:47 [INFO] show_bridge -     Layer 2 (global 9) 'Colors' role=colors -> 1:None, 2:None, 3:Grayscale, 4:White, 5:Reds, 6:Oranges, 7:Yellows, 8:Limes, 9:Greens, 10:Teals, 11:Cyans, 12:Blues, 13:Purples, 14:Magentas, 15:Pinks, 16:Dull, 17:Rainbow, 18:Inferno, 19:Plasma, 20:Viridis, 21:Clockwork Orange, 22:Mona Lisa, 23:Salmon, 24:Purple Rain
2025-12-06 21:40:47 [INFO] show_bridge -     Layer 3 (global 10) 'Static Masks' role=static_masks -> 1:None, 2:Solid Color, 3:Mask Randomizer, 4:All Area 2, 5:Big Window, 6:Brick Face, 7:Column Tops and Bottoms, 8:Columns, 9:Door, 10:Mix 1, 11:Roof Circle, 12:Roof Crown, 13:Roof Peak, 14:Roof Trim, 15:Windows Columns Door, 16:Windows, 17:Lights
2025-12-06 21:40:47 [INFO] show_bridge -   Group 3 'Wireframe' (APC=7)
2025-12-06 21:40:47 [INFO] show_bridge -     Layer 0 (global 11) 'Fills 1' role=fills -> 2:None, 3:all_wireframe_noisefill_full_C1, 4:all_wireframe_noisefill_full_turb_C1, 5:all_wireframe_noisefill_narrow_B1, 6:all_wireframe_noisefill_narrow_C1, 7:all_wireframe_noisefill_narrow_W1, 8:all_wireframe_noisefill_shape_bands_C1, 9:all_wireframe_noisefill_shape_C1, 10:all_wireframe_noisefill_wide_B1, 11:all_wireframe_noisefill_wide_W1, 12:all_wireframe_pointfill_wide_C1, 13:all_wireframe_pointfill_wide_C2
2025-12-06 21:40:47 [INFO] show_bridge -     Layer 1 (global 12) 'Fills 2' role=fills -> 2:None, 3:all_wireframe_noisefill_full_C1, 4:all_wireframe_noisefill_full_turb_C1, 5:all_wireframe_noisefill_narrow_B1, 6:all_wireframe_noisefill_narrow_C1, 7:all_wireframe_noisefill_narrow_W1, 8:all_wireframe_noisefill_shape_bands_C1, 9:all_wireframe_noisefill_shape_C1, 10:all_wireframe_noisefill_wide_B1, 11:all_wireframe_noisefill_wide_W1, 12:all_wireframe_pointfill_wide_C1, 13:all_wireframe_pointfill_wide_C2
2025-12-06 21:40:47 [INFO] show_bridge -     Layer 2 (global 13) 'Static Masks' role=static_masks -> 2:None, 3:Mix 1, 4:All Area 2, 5:Windows Columns Door, 6:Windows, 7:Lights, 8:Columns
2025-12-06 21:40:47 [INFO] show_bridge -     Layer 3 (global 14) 'Dynamic Masks' role=dynamic_masks -> 2:None, 3:Radial Circle 1, 4:Radial Circle 2, 5:Radial Circle 3, 6:Radial Square 1, 7:Radial Square 2, 8:Radial Square 3
2025-12-06 21:40:47 [INFO] show_bridge -     Layer 4 (global 15) 'Colors' role=colors -> 1:None, 2:None, 3:Grayscale, 4:White, 5:Reds, 6:Oranges, 7:Yellows, 8:Limes, 9:Greens, 10:Teals, 11:Cyans, 12:Blues, 13:Purples, 14:Magentas, 15:Pinks, 16:Dull, 17:Rainbow, 18:Inferno, 19:Plasma, 20:Viridis, 21:Clockwork Orange, 22:Mona Lisa, 23:Salmon, 24:Purple Rain
2025-12-06 21:40:47 [INFO] show_bridge -     Layer 5 (global 16) 'Effects' role=effects -> 1:None, 2:None, 3:Edge Detection, 4:Noisy, 5:Shift Glitch, 6:Acuarela, 7:Mirror Quad, 8:Infinite Zoom, 9:Bloom, 10:Hatched, 11:Dither, 12:Posterize, 13:Dot Screen, 14:Dither Dots, 15:Edge Dots, 16:Rainbow LEDs
2025-12-06 21:40:47 [INFO] show_bridge -     Layer 6 (global 17) 'Transforms' role=transforms -> 1:None, 2:None, 3:Rotate Blur, 4:Particle System, 5:Displace, 6:Kaleidoscope, 7:TAS Turbulent, 8:TAS Turbulent, 9:TAS Turbulent Edges, 10:TAS Sine Transform, 11:TAS Slider Tile
2025-12-06 21:40:47 [INFO] show_bridge -   Group 4 'Brick' (APC=6)
2025-12-06 21:40:47 [INFO] show_bridge -     Layer 0 (global 18) 'Fills 1' role=fills -> 2:None, 3:brick_noisefill_full_C1, 4:brick_noisefill_full_turb_C1, 5:brick_noisefill_narrow_B1, 6:brick_noisefill_narrow_C1, 7:brick_noisefill_narrow_W1, 8:brick_noisefill_shape_bands_C1, 9:brick_noisefill_shape_C1, 10:brick_noisefill_wide_B1, 11:brick_noisefill_wide_W1, 12:brick_pointfill_wide_C1, 13:brick_pointfill_wide_C2
2025-12-06 21:40:47 [INFO] show_bridge -     Layer 1 (global 19) 'Fills 2' role=fills -> 2:None, 3:brick_noisefill_full_C1, 4:brick_noisefill_full_turb_C1, 5:brick_noisefill_narrow_B1, 6:brick_noisefill_narrow_C1, 7:brick_noisefill_narrow_W1, 8:brick_noisefill_shape_bands_C1, 9:brick_noisefill_shape_C1, 10:brick_noisefill_wide_B1, 11:brick_noisefill_wide_W1, 12:brick_pointfill_wide_C1, 13:brick_pointfill_wide_C2
2025-12-06 21:40:47 [INFO] show_bridge -     Layer 2 (global 20) 'Static Masks' role=static_masks -> 2:None, 3:Mix 1, 4:All Area 2, 5:Windows Columns Door, 6:Windows, 7:Lights, 8:Columns
2025-12-06 21:40:47 [INFO] show_bridge -     Layer 3 (global 21) 'Dynamic Masks' role=dynamic_masks -> 2:None, 3:Radial Circle 1, 4:Radial Circle 2, 5:Radial Circle 3, 6:Radial Square 1, 7:Radial Square 2, 8:Radial Square 3
2025-12-06 21:40:47 [INFO] show_bridge -     Layer 4 (global 22) 'Colors' role=colors -> 1:None, 2:None, 3:Grayscale, 4:White, 5:Reds, 6:Oranges, 7:Yellows, 8:Limes, 9:Greens, 10:Teals, 11:Cyans, 12:Blues, 13:Purples, 14:Magentas, 15:Pinks, 16:Dull, 17:Rainbow, 18:Inferno, 19:Plasma, 20:Viridis, 21:Clockwork Orange, 22:Warhol, 23:Mona Lisa, 24:Salmon, 25:Purple Rain
2025-12-06 21:40:47 [INFO] show_bridge -     Layer 5 (global 23) 'Effects' role=effects -> 1:None, 2:None, 3:Edge Detection, 4:Noisy, 5:Shift Glitch, 6:Acuarela, 7:Mirror Quad, 8:Infinite Zoom, 9:Bloom, 10:Hatched, 11:Dither, 12:Posterize, 13:Dot Screen, 14:Dither Dots, 15:Edge Dots, 16:Rainbow LEDs
2025-12-06 21:40:47 [INFO] show_bridge -     Layer 6 (global 24) 'Transforms' role=transforms -> 1:None, 2:None, 3:Rotate Blur, 4:Particle System, 5:Displace, 6:Kaleidoscope, 7:TAS Turbulent, 8:TAS Turbulent, 9:TAS Turbulent Edges, 10:TAS Sine Transform, 11:TAS Slider Tile
2025-12-06 21:40:47 [INFO] show_bridge -   Group 5 'Mix' (APC=5)
2025-12-06 21:40:47 [INFO] show_bridge -     Layer 0 (global 25) 'Fills 1' role=fills -> 2:None, 3:mix_1_noisefill_full_C1, 4:mix_1_noisefill_full_turb_C1, 5:mix_1_noisefill_narrow_B1, 6:mix_1_noisefill_narrow_C1, 7:mix_1_noisefill_narrow_W1, 8:mix_1_noisefill_shape_bands_C1, 9:mix_1_noisefill_shape_C1, 10:mix_1_noisefill_wide_B1, 11:mix_1_noisefill_wide_W1, 12:mix_1_pointfill_wide_C1, 13:mix_1_pointfill_wide_C2
2025-12-06 21:40:47 [INFO] show_bridge -     Layer 1 (global 26) 'Fills 2' role=fills -> 2:None, 3:mix_1_noisefill_full_C1, 4:mix_1_noisefill_full_turb_C1, 5:mix_1_noisefill_narrow_B1, 6:mix_1_noisefill_narrow_C1, 7:mix_1_noisefill_narrow_W1, 8:mix_1_noisefill_shape_bands_C1, 9:mix_1_noisefill_shape_C1, 10:mix_1_noisefill_wide_B1, 11:mix_1_noisefill_wide_W1, 12:mix_1_pointfill_wide_C1, 13:mix_1_pointfill_wide_C2
2025-12-06 21:40:47 [INFO] show_bridge -     Layer 2 (global 27) 'Static Masks' role=static_masks -> 2:None, 3:Mask Randomizer, 4:Mask Randomizer 2
2025-12-06 21:40:47 [INFO] show_bridge -     Layer 3 (global 28) 'Dynamic Masks' role=dynamic_masks -> 2:None, 3:Radial Circle 1, 4:Radial Circle 2, 5:Radial Circle 3, 6:Radial Square 1, 7:Radial Square 2, 8:Radial Square 3
2025-12-06 21:40:47 [INFO] show_bridge -     Layer 4 (global 29) 'Colors' role=colors -> 1:None, 2:None, 3:Grayscale, 4:White, 5:Reds, 6:Oranges, 7:Yellows, 8:Limes, 9:Greens, 10:Teals, 11:Cyans, 12:Blues, 13:Purples, 14:Magentas, 15:Pinks, 16:Dull, 17:Rainbow, 18:Inferno, 19:Plasma, 20:Viridis, 21:Clockwork Orange, 23:Mona Lisa, 24:Salmon, 25:Purple Rain
2025-12-06 21:40:47 [INFO] show_bridge -     Layer 5 (global 30) 'Effects' role=effects -> 1:None, 2:None, 3:Edge Detection, 4:Noisy, 5:Shift Glitch, 6:Acuarela, 7:Mirror Quad, 8:Infinite Zoom, 9:Bloom, 10:Hatched, 11:Dither, 12:Posterize, 13:Dot Screen, 14:Dither Dots, 15:Edge Dots, 16:Rainbow LEDs
2025-12-06 21:40:47 [INFO] show_bridge -     Layer 6 (global 31) 'Transforms' role=transforms -> 1:None, 2:None, 3:Rotate Blur, 4:Particle System, 5:Displace, 6:Kaleidoscope, 7:TAS Turbulent, 8:TAS Turbulent, 9:TAS Turbulent Edges, 10:TAS Sine Transform, 11:TAS Slider Tile
2025-12-06 21:40:47 [INFO] show_bridge -   Group 6 'Windows' (APC=4)
2025-12-06 21:40:47 [INFO] show_bridge -     Layer 0 (global 32) 'Fills 1' role=fills -> 2:None, 3:windows_noisefill_full_C1, 4:windows_noisefill_full_turb_C1, 5:windows_noisefill_narrow_B1, 6:windows_noisefill_narrow_C1, 7:windows_noisefill_narrow_W1, 8:windows_noisefill_shape_bands_C1, 9:windows_noisefill_shape_C1, 10:windows_noisefill_wide_B1, 11:windows_noisefill_wide_W1, 12:windows_pointfill_wide_C1, 13:windows_pointfill_wide_C2
2025-12-06 21:40:47 [INFO] show_bridge -     Layer 1 (global 33) 'Fills 2' role=fills -> 2:None, 3:windows_noisefill_full_C1, 4:windows_noisefill_full_turb_C1, 5:windows_noisefill_narrow_B1, 6:windows_noisefill_narrow_C1, 7:windows_noisefill_narrow_W1, 8:windows_noisefill_shape_bands_C1, 9:windows_noisefill_shape_C1, 10:windows_noisefill_wide_B1, 11:windows_noisefill_wide_W1, 12:windows_pointfill_wide_C1, 13:windows_pointfill_wide_C2
2025-12-06 21:40:47 [INFO] show_bridge -     Layer 2 (global 34) 'Dynamic Masks' role=dynamic_masks -> 2:None, 3:Radial Circle 1, 4:Radial Circle 2, 5:Radial Circle 3, 6:Radial Square 1, 7:Radial Square 2, 8:Radial Square 3
2025-12-06 21:40:47 [INFO] show_bridge -     Layer 3 (global 35) 'Colors' role=colors -> 1:None, 2:None, 3:Grayscale, 4:White, 5:Reds, 6:Oranges, 7:Yellows, 8:Limes, 9:Greens, 10:Teals, 11:Cyans, 12:Blues, 13:Purples, 14:Magentas, 15:Pinks, 16:Dull, 17:Rainbow, 18:Inferno, 19:Plasma, 20:Viridis, 21:Clockwork Orange, 23:Mona Lisa, 24:Salmon, 25:Purple Rain
2025-12-06 21:40:47 [INFO] show_bridge -     Layer 4 (global 36) 'Effects' role=effects -> 1:None, 2:None, 3:Edge Detection, 4:Noisy, 5:Shift Glitch, 6:Acuarela, 7:Mirror Quad, 8:Infinite Zoom, 9:Bloom, 10:Hatched, 11:Dither, 12:Posterize, 13:Dot Screen, 14:Dither Dots, 15:Edge Dots, 16:Rainbow LEDs
2025-12-06 21:40:47 [INFO] show_bridge -     Layer 5 (global 37) 'Transforms' role=transforms -> 1:None, 2:None, 3:Rotate Blur, 4:Particle System, 5:Displace, 6:Kaleidoscope, 7:TAS Turbulent, 8:TAS Turbulent, 9:TAS Turbulent Edges, 10:TAS Sine Transform, 11:TAS Slider Tile
2025-12-06 21:40:47 [INFO] show_bridge -   Group 7 'Columns' (APC=3)
2025-12-06 21:40:47 [INFO] show_bridge -     Layer 0 (global 38) 'Fills 1' role=fills -> 2:None, 3:columns_noisefill_full_C1, 4:columns_noisefill_full_turb_C1, 5:columns_noisefill_narrow_B1, 6:columns_noisefill_narrow_C1, 7:columns_noisefill_narrow_W1, 8:columns_noisefill_shape_bands_C1, 9:columns_noisefill_shape_C1, 10:columns_noisefill_wide_B1, 11:columns_noisefill_wide_W1, 12:columns_pointfill_wide_C1, 13:columns_pointfill_wide_C2
2025-12-06 21:40:47 [INFO] show_bridge -     Layer 1 (global 39) 'Fills 2' role=fills -> 2:None, 3:columns_noisefill_full_C1, 4:columns_noisefill_full_turb_C1, 5:columns_noisefill_narrow_B1, 6:columns_noisefill_narrow_C1, 7:columns_noisefill_narrow_W1, 8:columns_noisefill_shape_bands_C1, 9:columns_noisefill_shape_C1, 10:columns_noisefill_wide_B1, 11:columns_noisefill_wide_W1, 12:columns_pointfill_wide_C1, 13:columns_pointfill_wide_C2
2025-12-06 21:40:47 [INFO] show_bridge -     Layer 2 (global 40) 'Static Masks' role=static_masks -> 2:None, 3:Mix 1, 4:All Area 2, 5:Windows Columns Door, 6:Windows, 7:Lights, 8:Columns
2025-12-06 21:40:47 [INFO] show_bridge -     Layer 3 (global 41) 'Dynamic Masks' role=dynamic_masks -> 2:None, 3:Radial Circle 1, 4:Radial Circle 2, 5:Radial Circle 3, 6:Radial Square 1, 7:Radial Square 2, 8:Radial Square 3
2025-12-06 21:40:47 [INFO] show_bridge -     Layer 4 (global 42) 'Colors' role=colors -> 1:None, 2:None, 3:Grayscale, 4:White, 5:Reds, 6:Oranges, 7:Yellows, 8:Limes, 9:Greens, 10:Teals, 11:Cyans, 12:Blues, 13:Purples, 14:Magentas, 15:Pinks, 16:Dull, 17:Rainbow, 18:Inferno, 19:Plasma, 20:Viridis, 21:Clockwork Orange, 22:Mona Lisa, 23:Salmon, 24:Purple Rain
2025-12-06 21:40:47 [INFO] show_bridge -     Layer 5 (global 43) 'Effects' role=effects -> 1:None, 2:None, 3:Edge Detection, 4:Noisy, 5:Shift Glitch, 6:Acuarela, 7:Mirror Quad, 8:Infinite Zoom, 9:Bloom, 10:Hatched, 11:Dither, 12:Posterize, 13:Dot Screen, 14:Dither Dots, 15:Edge Dots, 16:Rainbow LEDs
2025-12-06 21:40:47 [INFO] show_bridge -     Layer 6 (global 44) 'Transforms' role=transforms -> 1:None, 2:None, 3:Rotate Blur, 4:Particle System, 5:Displace, 6:Kaleidoscope, 7:TAS Turbulent, 8:TAS Turbulent, 9:TAS Turbulent Edges, 10:TAS Sine Transform, 11:TAS Slider Tile
2025-12-06 21:40:47 [INFO] show_bridge -   Group 8 'Lights' (APC=2)
2025-12-06 21:40:47 [INFO] show_bridge -     Layer 0 (global 45) 'Fills 1' role=fills -> 2:None, 3:mix_1_noisefill_full_C1, 4:mix_1_noisefill_full_turb_C1, 5:mix_1_noisefill_narrow_B1, 6:mix_1_noisefill_narrow_C1, 7:mix_1_noisefill_narrow_W1, 8:mix_1_noisefill_shape_bands_C1, 9:mix_1_noisefill_shape_C1, 10:mix_1_noisefill_wide_B1, 11:mix_1_noisefill_wide_W1, 12:mix_1_pointfill_wide_C1, 13:mix_1_pointfill_wide_C2
2025-12-06 21:40:47 [INFO] show_bridge -     Layer 1 (global 46) 'Fills 2' role=fills -> 2:None, 3:mix_1_noisefill_full_C1, 4:mix_1_noisefill_full_turb_C1, 5:mix_1_noisefill_narrow_B1, 6:mix_1_noisefill_narrow_C1, 7:mix_1_noisefill_narrow_W1, 8:mix_1_noisefill_shape_bands_C1, 9:mix_1_noisefill_shape_C1, 10:mix_1_noisefill_wide_B1, 11:mix_1_noisefill_wide_W1, 12:mix_1_pointfill_wide_C1, 13:mix_1_pointfill_wide_C2
2025-12-06 21:40:47 [INFO] show_bridge -     Layer 2 (global 47) 'Dynamic Masks' role=dynamic_masks -> 1:None, 2:None, 3:Radial Circle 1, 4:Radial Circle 2, 5:Radial Circle 3, 6:Radial Square 1, 7:Radial Square 2, 8:Radial Square 3
2025-12-06 21:40:47 [INFO] show_bridge -     Layer 3 (global 48) 'Colors' role=colors -> 1:None, 2:None, 3:Grayscale, 4:White, 5:Reds, 6:Oranges, 7:Yellows, 8:Limes, 9:Greens, 10:Teals, 11:Cyans, 12:Blues, 13:Purples, 14:Magentas, 15:Pinks, 16:Dull, 17:Rainbow, 18:Inferno, 19:Plasma, 20:Viridis, 21:Clockwork Orange, 22:Mona Lisa, 23:Salmon, 24:Purple Rain, 25:Purple Rain, 26:Purple Rain
2025-12-06 21:40:47 [INFO] show_bridge -     Layer 4 (global 49) 'Effects' role=effects -> 1:None, 2:None, 3:Edge Detection, 4:Noisy, 5:Shift Glitch, 6:Acuarela, 7:Mirror Quad, 8:Infinite Zoom, 9:Bloom, 10:Hatched, 11:Dither, 12:Posterize, 13:Dot Screen, 14:Dither Dots, 15:Edge Dots, 16:Rainbow LEDs
2025-12-06 21:40:47 [INFO] show_bridge -     Layer 5 (global 50) 'Transforms' role=transforms -> 1:None, 2:None, 3:Rotate Blur, 4:Particle System, 5:Displace, 6:Kaleidoscope, 7:TAS Turbulent, 8:TAS Turbulent, 9:TAS Turbulent Edges, 10:TAS Sine Transform, 11:TAS Slider Tile, 12:Feedback Down, 13:Feedback Perlin
2025-12-06 21:40:47 [INFO] show_bridge -   Group 9 'Snow' (APC=1)
2025-12-06 21:40:47 [INFO] show_bridge -     Layer 0 (global 51) 'Fills 1' role=fills -> 2:None, 3:Flakes Avg Change, 4:Flakes Avg Med, 5:Flakes Lots Med, 6:Snow Thick Med, 7:Snow Avg Med, 8:Snow Light Med, 9:Snow Thick Slow, 10:Snow Avg Slow, 11:Snow Light Slow, 12:Snow Thick Slow, 13:Snow Avg Slow, 14:Snow Light Slow
2025-12-06 21:40:47 [INFO] show_bridge -     Layer 1 (global 52) 'Fills 2' role=fills -> 2:None, 3:Flakes Avg Change, 4:Flakes Avg Med, 5:Flakes Lots Med, 6:Snow Thick Med, 7:Snow Avg Med, 8:Snow Light Med, 9:Snow Thick Slow, 10:Snow Avg Slow, 11:Snow Light Slow, 12:Snow Thick Slow, 13:Snow Avg Slow, 14:Snow Light Slow
2025-12-06 21:40:47 [INFO] show_bridge -     Layer 2 (global 53) 'Effects' role=effects -> 1:None, 2:Edge Detection, 3:Bloom, 4:Posterize, 5:Noisy, 6:Acuarela, 7:Mirror Quad, 8:Flip, 9:Vertical Noise Glow
2025-12-06 21:40:47 [INFO] show_bridge -     Layer 3 (global 54) 'Transforms' role=transforms -> 1:None, 2:None, 3:Feedback Controller, 4:Kaleidoscope, 5:Flip
2025-12-06 21:40:47 [INFO] show_bridge -     Layer 4 (global 55) 'Color' role=colors -> 1:None, 2:None, 3:Hue Rotate, 4:Reds, 5:Teals, 6:Cyans, 7:Blues, 8:Purples, 9:Grayscale, 10:White, 11:Dull, 12:Rainbow
2025-12-06 21:40:47 [INFO] show_bridge -   Group 10 'Routing Group' (APC=-)
2025-12-06 21:40:47 [INFO] show_bridge -     Layer 0 (global 56) 'OSC Transport Beat' role=- -> 1:OSC Transport Beat, 2:OSC Transport Beat
2025-12-06 21:40:47 [INFO] show_bridge -     Layer 1 (global 57) 'Test Router' role=routing -> 1:Video Router, 2:Video Router
2025-12-06 21:40:47 [INFO] show_bridge -     Layer 2 (global 58) 'Synestesia Router' role=routing -> 1:Video Router, 2:Video Router
2025-12-06 21:40:47 [INFO] show_bridge -     Layer 3 (global 59) 'Wireframe Router' role=routing -> 1:Video Router, 2:Video Router
2025-12-06 21:40:47 [INFO] show_bridge -     Layer 4 (global 60) 'Brick Router' role=routing -> 1:Video Router, 2:Video Router
2025-12-06 21:40:47 [INFO] show_bridge -     Layer 5 (global 61) 'Mix Router' role=routing -> 1:Video Router, 2:Video Router
2025-12-06 21:40:47 [INFO] show_bridge -     Layer 6 (global 62) 'Windows Router' role=routing -> 1:Video Router, 2:Video Router
2025-12-06 21:40:47 [INFO] show_bridge -     Layer 7 (global 63) 'Columns Router' role=routing -> 1:Video Router, 2:Video Router
2025-12-06 21:40:47 [INFO] show_bridge -     Layer 8 (global 64) 'Lights Router' role=routing -> 1:Video Router, 2:Video Router
2025-12-06 21:40:47 [INFO] show_bridge -     Layer 9 (global 65) 'Snow Router' role=routing -> 1:Video Router, 2:Video Router
2025-12-06 21:40:47 [INFO] show_bridge - [OSC] Using Resolume OSC at 127.0.0.1:7000
2025-12-06 21:40:47 [INFO] show_bridge - [OSC] Using show_bridge OSC at 127.0.0.1:13001 for state broadcasts
2025-12-06 21:40:47 [INFO] show_bridge - [SYN] Using Synesthesia OSC at 127.0.0.1:12001
2025-12-06 21:40:47 [INFO] show_bridge - 
Using input:  Akai APC40 2
2025-12-06 21:40:47 [INFO] show_bridge - Using output: Akai APC40 3
2025-12-06 21:40:49 [INFO] show_bridge.state - [RESOLUME] Loaded composition 'Snow Place 2025' with 11 groups.
2025-12-06 21:40:49 [INFO] show_bridge.state - [DEBUG] Composition 'Snow Place 2025' column layout:
2025-12-06 21:40:49 [INFO] show_bridge.state -   Group 0 'Test Group' (APC=-)
2025-12-06 21:40:49 [INFO] show_bridge.state -     Layer 0 (global 0) 'Reference Images' role=- -> 2:Full Building Perspective Corrected, 3:OSC Transport Beat
2025-12-06 21:40:49 [INFO] show_bridge.state -     Layer 1 (global 1) 'Test Patterns' role=- -> 2:All Area 2, 3:Mix 1, 4:Checkered, 5:Test Card, 6:All Area Wireframe 1, 7:All Area Wireframe 2, 8:WAAT Test Card
2025-12-06 21:40:49 [INFO] show_bridge.state -   Group 1 'Internal Videos' (APC=-)
2025-12-06 21:40:49 [INFO] show_bridge.state -     Layer 0 (global 2) 'Layer #' role=- -> 
2025-12-06 21:40:49 [INFO] show_bridge.state -     Layer 1 (global 3) 'FFT Fills' role=fills -> 
2025-12-06 21:40:49 [INFO] show_bridge.state -     Layer 2 (global 4) 'Full Stage Effects' role=effects -> 2:Edge Detection, 3:Noisy, 4:Shift Glitch, 5:Acuarela, 6:Mirror Quad, 7:Infinite Zoom, 8:Bloom, 9:Hatched, 10:Dither, 12:Posterize
2025-12-06 21:40:49 [INFO] show_bridge.state -     Layer 3 (global 5) 'Full Stage Colors' role=colors -> 2:No Changes, 3:Reds, 4:Oranges, 5:Yellows, 6:Limes, 7:Greens, 8:Teals, 9:Cyans, 10:Blues, 11:Purples, 12:Magentas, 13:Pinks, 14:Grayscale, 15:White, 16:Dull, 17:Rainbow, 18:Inferno, 19:Plasma, 20:Viridis, 21:Clockwork Orange, 22:Warhol, 23:Mona Lisa, 24:Salmon, 25:Purple Rain
2025-12-06 21:40:49 [INFO] show_bridge.state -     Layer 4 (global 6) 'Stage Masks' role=static_masks -> 1:Solid Color, 2:Mask Randomizer, 3:All Area 2, 4:Big Window, 5:Brick Face, 6:Column Tops and Bottoms, 7:Columns, 8:Door, 9:Mix 1, 10:Roof Circle, 11:Roof Crown, 12:Roof Peak, 13:Roof Trim, 14:Windows Columns Door, 15:Windows, 16:Lights
2025-12-06 21:40:49 [INFO] show_bridge.state -   Group 2 'Synestesia' (APC=8)
2025-12-06 21:40:49 [INFO] show_bridge.state -     Layer 0 (global 7) 'Fills 1' role=fills -> 2:None, 4:Synesthesia Soft Flip, 5:Synesthesia Mirror
2025-12-06 21:40:49 [INFO] show_bridge.state -     Layer 1 (global 8) 'Effects' role=effects -> 1:None, 2:None, 3:Edge Detection, 4:Noisy, 5:Shift Glitch, 6:Acuarela, 7:Mirror Quad, 8:Infinite Zoom, 9:Bloom, 10:Hatched, 11:Dither, 12:Posterize, 13:Dot Screen, 14:Dither Dots, 15:Edge Dots, 16:Rainbow LEDs
2025-12-06 21:40:49 [INFO] show_bridge.state -     Layer 2 (global 9) 'Colors' role=colors -> 1:None, 2:None, 3:Grayscale, 4:White, 5:Reds, 6:Oranges, 7:Yellows, 8:Limes, 9:Greens, 10:Teals, 11:Cyans, 12:Blues, 13:Purples, 14:Magentas, 15:Pinks, 16:Dull, 17:Rainbow, 18:Inferno, 19:Plasma, 20:Viridis, 21:Clockwork Orange, 22:Mona Lisa, 23:Salmon, 24:Purple Rain
2025-12-06 21:40:49 [INFO] show_bridge.state -     Layer 3 (global 10) 'Static Masks' role=static_masks -> 1:None, 2:Solid Color, 3:Mask Randomizer, 4:All Area 2, 5:Big Window, 6:Brick Face, 7:Column Tops and Bottoms, 8:Columns, 9:Door, 10:Mix 1, 11:Roof Circle, 12:Roof Crown, 13:Roof Peak, 14:Roof Trim, 15:Windows Columns Door, 16:Windows, 17:Lights
2025-12-06 21:40:49 [INFO] show_bridge.state -   Group 3 'Wireframe' (APC=7)
2025-12-06 21:40:49 [INFO] show_bridge.state -     Layer 0 (global 11) 'Fills 1' role=fills -> 2:None, 3:all_wireframe_noisefill_full_C1, 4:all_wireframe_noisefill_full_turb_C1, 5:all_wireframe_noisefill_narrow_B1, 6:all_wireframe_noisefill_narrow_C1, 7:all_wireframe_noisefill_narrow_W1, 8:all_wireframe_noisefill_shape_bands_C1, 9:all_wireframe_noisefill_shape_C1, 10:all_wireframe_noisefill_wide_B1, 11:all_wireframe_noisefill_wide_W1, 12:all_wireframe_pointfill_wide_C1, 13:all_wireframe_pointfill_wide_C2
2025-12-06 21:40:49 [INFO] show_bridge.state -     Layer 1 (global 12) 'Fills 2' role=fills -> 2:None, 3:all_wireframe_noisefill_full_C1, 4:all_wireframe_noisefill_full_turb_C1, 5:all_wireframe_noisefill_narrow_B1, 6:all_wireframe_noisefill_narrow_C1, 7:all_wireframe_noisefill_narrow_W1, 8:all_wireframe_noisefill_shape_bands_C1, 9:all_wireframe_noisefill_shape_C1, 10:all_wireframe_noisefill_wide_B1, 11:all_wireframe_noisefill_wide_W1, 12:all_wireframe_pointfill_wide_C1, 13:all_wireframe_pointfill_wide_C2
2025-12-06 21:40:49 [INFO] show_bridge.state -     Layer 2 (global 13) 'Static Masks' role=static_masks -> 2:None, 3:Mix 1, 4:All Area 2, 5:Windows Columns Door, 6:Windows, 7:Lights, 8:Columns
2025-12-06 21:40:49 [INFO] show_bridge.state -     Layer 3 (global 14) 'Dynamic Masks' role=dynamic_masks -> 2:None, 3:Radial Circle 1, 4:Radial Circle 2, 5:Radial Circle 3, 6:Radial Square 1, 7:Radial Square 2, 8:Radial Square 3
2025-12-06 21:40:49 [INFO] show_bridge.state -     Layer 4 (global 15) 'Colors' role=colors -> 1:None, 2:None, 3:Grayscale, 4:White, 5:Reds, 6:Oranges, 7:Yellows, 8:Limes, 9:Greens, 10:Teals, 11:Cyans, 12:Blues, 13:Purples, 14:Magentas, 15:Pinks, 16:Dull, 17:Rainbow, 18:Inferno, 19:Plasma, 20:Viridis, 21:Clockwork Orange, 22:Mona Lisa, 23:Salmon, 24:Purple Rain
2025-12-06 21:40:49 [INFO] show_bridge.state -     Layer 5 (global 16) 'Effects' role=effects -> 1:None, 2:None, 3:Edge Detection, 4:Noisy, 5:Shift Glitch, 6:Acuarela, 7:Mirror Quad, 8:Infinite Zoom, 9:Bloom, 10:Hatched, 11:Dither, 12:Posterize, 13:Dot Screen, 14:Dither Dots, 15:Edge Dots, 16:Rainbow LEDs
2025-12-06 21:40:49 [INFO] show_bridge.state -     Layer 6 (global 17) 'Transforms' role=transforms -> 1:None, 2:None, 3:Rotate Blur, 4:Particle System, 5:Displace, 6:Kaleidoscope, 7:TAS Turbulent, 8:TAS Turbulent, 9:TAS Turbulent Edges, 10:TAS Sine Transform, 11:TAS Slider Tile
2025-12-06 21:40:49 [INFO] show_bridge.state -   Group 4 'Brick' (APC=6)
2025-12-06 21:40:49 [INFO] show_bridge.state -     Layer 0 (global 18) 'Fills 1' role=fills -> 2:None, 3:brick_noisefill_full_C1, 4:brick_noisefill_full_turb_C1, 5:brick_noisefill_narrow_B1, 6:brick_noisefill_narrow_C1, 7:brick_noisefill_narrow_W1, 8:brick_noisefill_shape_bands_C1, 9:brick_noisefill_shape_C1, 10:brick_noisefill_wide_B1, 11:brick_noisefill_wide_W1, 12:brick_pointfill_wide_C1, 13:brick_pointfill_wide_C2
2025-12-06 21:40:49 [INFO] show_bridge.state -     Layer 1 (global 19) 'Fills 2' role=fills -> 2:None, 3:brick_noisefill_full_C1, 4:brick_noisefill_full_turb_C1, 5:brick_noisefill_narrow_B1, 6:brick_noisefill_narrow_C1, 7:brick_noisefill_narrow_W1, 8:brick_noisefill_shape_bands_C1, 9:brick_noisefill_shape_C1, 10:brick_noisefill_wide_B1, 11:brick_noisefill_wide_W1, 12:brick_pointfill_wide_C1, 13:brick_pointfill_wide_C2
2025-12-06 21:40:49 [INFO] show_bridge.state -     Layer 2 (global 20) 'Static Masks' role=static_masks -> 2:None, 3:Mix 1, 4:All Area 2, 5:Windows Columns Door, 6:Windows, 7:Lights, 8:Columns
2025-12-06 21:40:49 [INFO] show_bridge.state -     Layer 3 (global 21) 'Dynamic Masks' role=dynamic_masks -> 2:None, 3:Radial Circle 1, 4:Radial Circle 2, 5:Radial Circle 3, 6:Radial Square 1, 7:Radial Square 2, 8:Radial Square 3
2025-12-06 21:40:49 [INFO] show_bridge.state -     Layer 4 (global 22) 'Colors' role=colors -> 1:None, 2:None, 3:Grayscale, 4:White, 5:Reds, 6:Oranges, 7:Yellows, 8:Limes, 9:Greens, 10:Teals, 11:Cyans, 12:Blues, 13:Purples, 14:Magentas, 15:Pinks, 16:Dull, 17:Rainbow, 18:Inferno, 19:Plasma, 20:Viridis, 21:Clockwork Orange, 22:Warhol, 23:Mona Lisa, 24:Salmon, 25:Purple Rain
2025-12-06 21:40:49 [INFO] show_bridge.state -     Layer 5 (global 23) 'Effects' role=effects -> 1:None, 2:None, 3:Edge Detection, 4:Noisy, 5:Shift Glitch, 6:Acuarela, 7:Mirror Quad, 8:Infinite Zoom, 9:Bloom, 10:Hatched, 11:Dither, 12:Posterize, 13:Dot Screen, 14:Dither Dots, 15:Edge Dots, 16:Rainbow LEDs
2025-12-06 21:40:49 [INFO] show_bridge.state -     Layer 6 (global 24) 'Transforms' role=transforms -> 1:None, 2:None, 3:Rotate Blur, 4:Particle System, 5:Displace, 6:Kaleidoscope, 7:TAS Turbulent, 8:TAS Turbulent, 9:TAS Turbulent Edges, 10:TAS Sine Transform, 11:TAS Slider Tile
2025-12-06 21:40:49 [INFO] show_bridge.state -   Group 5 'Mix' (APC=5)
2025-12-06 21:40:49 [INFO] show_bridge.state -     Layer 0 (global 25) 'Fills 1' role=fills -> 2:None, 3:mix_1_noisefill_full_C1, 4:mix_1_noisefill_full_turb_C1, 5:mix_1_noisefill_narrow_B1, 6:mix_1_noisefill_narrow_C1, 7:mix_1_noisefill_narrow_W1, 8:mix_1_noisefill_shape_bands_C1, 9:mix_1_noisefill_shape_C1, 10:mix_1_noisefill_wide_B1, 11:mix_1_noisefill_wide_W1, 12:mix_1_pointfill_wide_C1, 13:mix_1_pointfill_wide_C2
2025-12-06 21:40:49 [INFO] show_bridge.state -     Layer 1 (global 26) 'Fills 2' role=fills -> 2:None, 3:mix_1_noisefill_full_C1, 4:mix_1_noisefill_full_turb_C1, 5:mix_1_noisefill_narrow_B1, 6:mix_1_noisefill_narrow_C1, 7:mix_1_noisefill_narrow_W1, 8:mix_1_noisefill_shape_bands_C1, 9:mix_1_noisefill_shape_C1, 10:mix_1_noisefill_wide_B1, 11:mix_1_noisefill_wide_W1, 12:mix_1_pointfill_wide_C1, 13:mix_1_pointfill_wide_C2
2025-12-06 21:40:49 [INFO] show_bridge.state -     Layer 2 (global 27) 'Static Masks' role=static_masks -> 2:None, 3:Mask Randomizer, 4:Mask Randomizer 2
2025-12-06 21:40:49 [INFO] show_bridge.state -     Layer 3 (global 28) 'Dynamic Masks' role=dynamic_masks -> 2:None, 3:Radial Circle 1, 4:Radial Circle 2, 5:Radial Circle 3, 6:Radial Square 1, 7:Radial Square 2, 8:Radial Square 3
2025-12-06 21:40:49 [INFO] show_bridge.state -     Layer 4 (global 29) 'Colors' role=colors -> 1:None, 2:None, 3:Grayscale, 4:White, 5:Reds, 6:Oranges, 7:Yellows, 8:Limes, 9:Greens, 10:Teals, 11:Cyans, 12:Blues, 13:Purples, 14:Magentas, 15:Pinks, 16:Dull, 17:Rainbow, 18:Inferno, 19:Plasma, 20:Viridis, 21:Clockwork Orange, 23:Mona Lisa, 24:Salmon, 25:Purple Rain
2025-12-06 21:40:49 [INFO] show_bridge.state -     Layer 5 (global 30) 'Effects' role=effects -> 1:None, 2:None, 3:Edge Detection, 4:Noisy, 5:Shift Glitch, 6:Acuarela, 7:Mirror Quad, 8:Infinite Zoom, 9:Bloom, 10:Hatched, 11:Dither, 12:Posterize, 13:Dot Screen, 14:Dither Dots, 15:Edge Dots, 16:Rainbow LEDs
2025-12-06 21:40:49 [INFO] show_bridge.state -     Layer 6 (global 31) 'Transforms' role=transforms -> 1:None, 2:None, 3:Rotate Blur, 4:Particle System, 5:Displace, 6:Kaleidoscope, 7:TAS Turbulent, 8:TAS Turbulent, 9:TAS Turbulent Edges, 10:TAS Sine Transform, 11:TAS Slider Tile
2025-12-06 21:40:49 [INFO] show_bridge.state -   Group 6 'Windows' (APC=4)
2025-12-06 21:40:49 [INFO] show_bridge.state -     Layer 0 (global 32) 'Fills 1' role=fills -> 2:None, 3:windows_noisefill_full_C1, 4:windows_noisefill_full_turb_C1, 5:windows_noisefill_narrow_B1, 6:windows_noisefill_narrow_C1, 7:windows_noisefill_narrow_W1, 8:windows_noisefill_shape_bands_C1, 9:windows_noisefill_shape_C1, 10:windows_noisefill_wide_B1, 11:windows_noisefill_wide_W1, 12:windows_pointfill_wide_C1, 13:windows_pointfill_wide_C2
2025-12-06 21:40:49 [INFO] show_bridge.state -     Layer 1 (global 33) 'Fills 2' role=fills -> 2:None, 3:windows_noisefill_full_C1, 4:windows_noisefill_full_turb_C1, 5:windows_noisefill_narrow_B1, 6:windows_noisefill_narrow_C1, 7:windows_noisefill_narrow_W1, 8:windows_noisefill_shape_bands_C1, 9:windows_noisefill_shape_C1, 10:windows_noisefill_wide_B1, 11:windows_noisefill_wide_W1, 12:windows_pointfill_wide_C1, 13:windows_pointfill_wide_C2
2025-12-06 21:40:49 [INFO] show_bridge.state -     Layer 2 (global 34) 'Dynamic Masks' role=dynamic_masks -> 2:None, 3:Radial Circle 1, 4:Radial Circle 2, 5:Radial Circle 3, 6:Radial Square 1, 7:Radial Square 2, 8:Radial Square 3
2025-12-06 21:40:49 [INFO] show_bridge.state -     Layer 3 (global 35) 'Colors' role=colors -> 1:None, 2:None, 3:Grayscale, 4:White, 5:Reds, 6:Oranges, 7:Yellows, 8:Limes, 9:Greens, 10:Teals, 11:Cyans, 12:Blues, 13:Purples, 14:Magentas, 15:Pinks, 16:Dull, 17:Rainbow, 18:Inferno, 19:Plasma, 20:Viridis, 21:Clockwork Orange, 23:Mona Lisa, 24:Salmon, 25:Purple Rain
2025-12-06 21:40:49 [INFO] show_bridge.state -     Layer 4 (global 36) 'Effects' role=effects -> 1:None, 2:None, 3:Edge Detection, 4:Noisy, 5:Shift Glitch, 6:Acuarela, 7:Mirror Quad, 8:Infinite Zoom, 9:Bloom, 10:Hatched, 11:Dither, 12:Posterize, 13:Dot Screen, 14:Dither Dots, 15:Edge Dots, 16:Rainbow LEDs
2025-12-06 21:40:49 [INFO] show_bridge.state -     Layer 5 (global 37) 'Transforms' role=transforms -> 1:None, 2:None, 3:Rotate Blur, 4:Particle System, 5:Displace, 6:Kaleidoscope, 7:TAS Turbulent, 8:TAS Turbulent, 9:TAS Turbulent Edges, 10:TAS Sine Transform, 11:TAS Slider Tile
2025-12-06 21:40:49 [INFO] show_bridge.state -   Group 7 'Columns' (APC=3)
2025-12-06 21:40:49 [INFO] show_bridge.state -     Layer 0 (global 38) 'Fills 1' role=fills -> 2:None, 3:columns_noisefill_full_C1, 4:columns_noisefill_full_turb_C1, 5:columns_noisefill_narrow_B1, 6:columns_noisefill_narrow_C1, 7:columns_noisefill_narrow_W1, 8:columns_noisefill_shape_bands_C1, 9:columns_noisefill_shape_C1, 10:columns_noisefill_wide_B1, 11:columns_noisefill_wide_W1, 12:columns_pointfill_wide_C1, 13:columns_pointfill_wide_C2
2025-12-06 21:40:49 [INFO] show_bridge.state -     Layer 1 (global 39) 'Fills 2' role=fills -> 2:None, 3:columns_noisefill_full_C1, 4:columns_noisefill_full_turb_C1, 5:columns_noisefill_narrow_B1, 6:columns_noisefill_narrow_C1, 7:columns_noisefill_narrow_W1, 8:columns_noisefill_shape_bands_C1, 9:columns_noisefill_shape_C1, 10:columns_noisefill_wide_B1, 11:columns_noisefill_wide_W1, 12:columns_pointfill_wide_C1, 13:columns_pointfill_wide_C2
2025-12-06 21:40:49 [INFO] show_bridge.state -     Layer 2 (global 40) 'Static Masks' role=static_masks -> 2:None, 3:Mix 1, 4:All Area 2, 5:Windows Columns Door, 6:Windows, 7:Lights, 8:Columns
2025-12-06 21:40:49 [INFO] show_bridge.state -     Layer 3 (global 41) 'Dynamic Masks' role=dynamic_masks -> 2:None, 3:Radial Circle 1, 4:Radial Circle 2, 5:Radial Circle 3, 6:Radial Square 1, 7:Radial Square 2, 8:Radial Square 3
2025-12-06 21:40:49 [INFO] show_bridge.state -     Layer 4 (global 42) 'Colors' role=colors -> 1:None, 2:None, 3:Grayscale, 4:White, 5:Reds, 6:Oranges, 7:Yellows, 8:Limes, 9:Greens, 10:Teals, 11:Cyans, 12:Blues, 13:Purples, 14:Magentas, 15:Pinks, 16:Dull, 17:Rainbow, 18:Inferno, 19:Plasma, 20:Viridis, 21:Clockwork Orange, 22:Mona Lisa, 23:Salmon, 24:Purple Rain
2025-12-06 21:40:49 [INFO] show_bridge.state -     Layer 5 (global 43) 'Effects' role=effects -> 1:None, 2:None, 3:Edge Detection, 4:Noisy, 5:Shift Glitch, 6:Acuarela, 7:Mirror Quad, 8:Infinite Zoom, 9:Bloom, 10:Hatched, 11:Dither, 12:Posterize, 13:Dot Screen, 14:Dither Dots, 15:Edge Dots, 16:Rainbow LEDs
2025-12-06 21:40:49 [INFO] show_bridge.state -     Layer 6 (global 44) 'Transforms' role=transforms -> 1:None, 2:None, 3:Rotate Blur, 4:Particle System, 5:Displace, 6:Kaleidoscope, 7:TAS Turbulent, 8:TAS Turbulent, 9:TAS Turbulent Edges, 10:TAS Sine Transform, 11:TAS Slider Tile
2025-12-06 21:40:49 [INFO] show_bridge.state -   Group 8 'Lights' (APC=2)
2025-12-06 21:40:49 [INFO] show_bridge.state -     Layer 0 (global 45) 'Fills 1' role=fills -> 2:None, 3:mix_1_noisefill_full_C1, 4:mix_1_noisefill_full_turb_C1, 5:mix_1_noisefill_narrow_B1, 6:mix_1_noisefill_narrow_C1, 7:mix_1_noisefill_narrow_W1, 8:mix_1_noisefill_shape_bands_C1, 9:mix_1_noisefill_shape_C1, 10:mix_1_noisefill_wide_B1, 11:mix_1_noisefill_wide_W1, 12:mix_1_pointfill_wide_C1, 13:mix_1_pointfill_wide_C2
2025-12-06 21:40:49 [INFO] show_bridge.state -     Layer 1 (global 46) 'Fills 2' role=fills -> 2:None, 3:mix_1_noisefill_full_C1, 4:mix_1_noisefill_full_turb_C1, 5:mix_1_noisefill_narrow_B1, 6:mix_1_noisefill_narrow_C1, 7:mix_1_noisefill_narrow_W1, 8:mix_1_noisefill_shape_bands_C1, 9:mix_1_noisefill_shape_C1, 10:mix_1_noisefill_wide_B1, 11:mix_1_noisefill_wide_W1, 12:mix_1_pointfill_wide_C1, 13:mix_1_pointfill_wide_C2
2025-12-06 21:40:49 [INFO] show_bridge.state -     Layer 2 (global 47) 'Dynamic Masks' role=dynamic_masks -> 1:None, 2:None, 3:Radial Circle 1, 4:Radial Circle 2, 5:Radial Circle 3, 6:Radial Square 1, 7:Radial Square 2, 8:Radial Square 3
2025-12-06 21:40:49 [INFO] show_bridge.state -     Layer 3 (global 48) 'Colors' role=colors -> 1:None, 2:None, 3:Grayscale, 4:White, 5:Reds, 6:Oranges, 7:Yellows, 8:Limes, 9:Greens, 10:Teals, 11:Cyans, 12:Blues, 13:Purples, 14:Magentas, 15:Pinks, 16:Dull, 17:Rainbow, 18:Inferno, 19:Plasma, 20:Viridis, 21:Clockwork Orange, 22:Mona Lisa, 23:Salmon, 24:Purple Rain, 25:Purple Rain, 26:Purple Rain
2025-12-06 21:40:49 [INFO] show_bridge.state -     Layer 4 (global 49) 'Effects' role=effects -> 1:None, 2:None, 3:Edge Detection, 4:Noisy, 5:Shift Glitch, 6:Acuarela, 7:Mirror Quad, 8:Infinite Zoom, 9:Bloom, 10:Hatched, 11:Dither, 12:Posterize, 13:Dot Screen, 14:Dither Dots, 15:Edge Dots, 16:Rainbow LEDs
2025-12-06 21:40:49 [INFO] show_bridge.state -     Layer 5 (global 50) 'Transforms' role=transforms -> 1:None, 2:None, 3:Rotate Blur, 4:Particle System, 5:Displace, 6:Kaleidoscope, 7:TAS Turbulent, 8:TAS Turbulent, 9:TAS Turbulent Edges, 10:TAS Sine Transform, 11:TAS Slider Tile, 12:Feedback Down, 13:Feedback Perlin
2025-12-06 21:40:49 [INFO] show_bridge.state -   Group 9 'Snow' (APC=1)
2025-12-06 21:40:49 [INFO] show_bridge.state -     Layer 0 (global 51) 'Fills 1' role=fills -> 2:None, 3:Flakes Avg Change, 4:Flakes Avg Med, 5:Flakes Lots Med, 6:Snow Thick Med, 7:Snow Avg Med, 8:Snow Light Med, 9:Snow Thick Slow, 10:Snow Avg Slow, 11:Snow Light Slow, 12:Snow Thick Slow, 13:Snow Avg Slow, 14:Snow Light Slow
2025-12-06 21:40:49 [INFO] show_bridge.state -     Layer 1 (global 52) 'Fills 2' role=fills -> 2:None, 3:Flakes Avg Change, 4:Flakes Avg Med, 5:Flakes Lots Med, 6:Snow Thick Med, 7:Snow Avg Med, 8:Snow Light Med, 9:Snow Thick Slow, 10:Snow Avg Slow, 11:Snow Light Slow, 12:Snow Thick Slow, 13:Snow Avg Slow, 14:Snow Light Slow
2025-12-06 21:40:49 [INFO] show_bridge.state -     Layer 2 (global 53) 'Effects' role=effects -> 1:None, 2:Edge Detection, 3:Bloom, 4:Posterize, 5:Noisy, 6:Acuarela, 7:Mirror Quad, 8:Flip, 9:Vertical Noise Glow
2025-12-06 21:40:49 [INFO] show_bridge.state -     Layer 3 (global 54) 'Transforms' role=transforms -> 1:None, 2:None, 3:Feedback Controller, 4:Kaleidoscope, 5:Flip
2025-12-06 21:40:49 [INFO] show_bridge.state -     Layer 4 (global 55) 'Color' role=colors -> 1:None, 2:None, 3:Hue Rotate, 4:Reds, 5:Teals, 6:Cyans, 7:Blues, 8:Purples, 9:Grayscale, 10:White, 11:Dull, 12:Rainbow
2025-12-06 21:40:49 [INFO] show_bridge.state -   Group 10 'Routing Group' (APC=-)
2025-12-06 21:40:49 [INFO] show_bridge.state -     Layer 0 (global 56) 'OSC Transport Beat' role=- -> 1:OSC Transport Beat, 2:OSC Transport Beat
2025-12-06 21:40:49 [INFO] show_bridge.state -     Layer 1 (global 57) 'Test Router' role=routing -> 1:Video Router, 2:Video Router
2025-12-06 21:40:49 [INFO] show_bridge.state -     Layer 2 (global 58) 'Synestesia Router' role=routing -> 1:Video Router, 2:Video Router
2025-12-06 21:40:49 [INFO] show_bridge.state -     Layer 3 (global 59) 'Wireframe Router' role=routing -> 1:Video Router, 2:Video Router
2025-12-06 21:40:49 [INFO] show_bridge.state -     Layer 4 (global 60) 'Brick Router' role=routing -> 1:Video Router, 2:Video Router
2025-12-06 21:40:49 [INFO] show_bridge.state -     Layer 5 (global 61) 'Mix Router' role=routing -> 1:Video Router, 2:Video Router
2025-12-06 21:40:49 [INFO] show_bridge.state -     Layer 6 (global 62) 'Windows Router' role=routing -> 1:Video Router, 2:Video Router
2025-12-06 21:40:49 [INFO] show_bridge.state -     Layer 7 (global 63) 'Columns Router' role=routing -> 1:Video Router, 2:Video Router
2025-12-06 21:40:49 [INFO] show_bridge.state -     Layer 8 (global 64) 'Lights Router' role=routing -> 1:Video Router, 2:Video Router
2025-12-06 21:40:49 [INFO] show_bridge.state -     Layer 9 (global 65) 'Snow Router' role=routing -> 1:Video Router, 2:Video Router
2025-12-06 21:40:49 [INFO] show_bridge.state - [OSC] Using Resolume OSC at 127.0.0.1:7000
2025-12-06 21:40:49 [INFO] show_bridge.state - [OSC] Using show_bridge OSC at 127.0.0.1:13001 for state broadcasts
2025-12-06 21:40:49 [INFO] show_bridge.state - [SYN] Using Synesthesia OSC at 127.0.0.1:12001
2025-12-06 21:40:49 [INFO] show_bridge.state - [SYN] Synesthesia mapped to APC group 8 (internal group_idx=7)
2025-12-06 21:40:49 [INFO] show_bridge.state - [ROUTING] Mapped routing layers:
2025-12-06 21:40:49 [INFO] show_bridge.state - [RESOLUME] Attached composition 'Snow Place 2025' with 11 groups.
2025-12-06 21:40:49 [INFO] show_bridge.state -   APC group 8: roles -> fills(1), effects(1), colors(1), static_masks(1)
2025-12-06 21:40:49 [INFO] show_bridge.state -   APC group 7: roles -> fills(2), static_masks(1), dynamic_masks(1), colors(1), effects(1), transforms(1)
2025-12-06 21:40:49 [INFO] show_bridge.state -   APC group 6: roles -> fills(2), static_masks(1), dynamic_masks(1), colors(1), effects(1), transforms(1)
2025-12-06 21:40:49 [INFO] show_bridge.state -   APC group 5: roles -> fills(2), static_masks(1), dynamic_masks(1), colors(1), effects(1), transforms(1)
2025-12-06 21:40:49 [INFO] show_bridge.state -   APC group 4: roles -> fills(2), dynamic_masks(1), colors(1), effects(1), transforms(1)
2025-12-06 21:40:49 [INFO] show_bridge.state -   APC group 3: roles -> fills(2), static_masks(1), dynamic_masks(1), colors(1), effects(1), transforms(1)
2025-12-06 21:40:49 [INFO] show_bridge.state -   APC group 2: roles -> fills(2), dynamic_masks(1), colors(1), effects(1), transforms(1)
2025-12-06 21:40:49 [INFO] show_bridge.state -   APC group 1: roles -> fills(2), effects(1), transforms(1), colors(1)
2025-12-06 21:40:49 [INFO] show_bridge.state - [INIT] Syncing with composition...
2025-12-06 21:40:49 [INFO] show_bridge.state - [INIT] Layer 0 'Reference Images' col=1 -> ON=False
2025-12-06 21:40:49 [INFO] show_bridge.state - [INIT] Layer 1 'Test Patterns' col=1 -> ON=False
2025-12-06 21:40:49 [INFO] show_bridge.state - [INIT] Layer 2 'Layer #' col=1 -> ON=False
2025-12-06 21:40:49 [INFO] show_bridge.state - [INIT] Layer 3 'FFT Fills' col=1 -> ON=False
2025-12-06 21:40:49 [INFO] show_bridge.state - [INIT] Layer 4 'Full Stage Effects' col=1 -> ON=False
2025-12-06 21:40:49 [INFO] show_bridge.state - [INIT] Layer 5 'Full Stage Colors' col=1 -> ON=False
2025-12-06 21:40:49 [INFO] show_bridge.state - [INIT] Layer 6 'Stage Masks' col=1 -> ON=False
2025-12-06 21:40:49 [INFO] show_bridge.state - [INIT] Layer 7 'Fills 1' col=1 -> ON=False
2025-12-06 21:40:49 [INFO] show_bridge.state - [INIT] Layer 8 'Effects' col=1 -> ON=False
2025-12-06 21:40:49 [INFO] show_bridge.state - [INIT] Layer 9 'Colors' col=1 -> ON=False
2025-12-06 21:40:49 [INFO] show_bridge.state - [INIT] Layer 10 'Static Masks' col=1 -> ON=False
2025-12-06 21:40:49 [INFO] show_bridge.state - [INIT] Layer 11 'Fills 1' col=1 -> ON=False
2025-12-06 21:40:49 [INFO] show_bridge.state - [INIT] Layer 12 'Fills 2' col=1 -> ON=False
2025-12-06 21:40:49 [INFO] show_bridge.state - [INIT] Layer 13 'Static Masks' col=1 -> ON=False
2025-12-06 21:40:49 [INFO] show_bridge.state - [INIT] Layer 14 'Dynamic Masks' col=1 -> ON=False
2025-12-06 21:40:49 [INFO] show_bridge.state - [INIT] Layer 15 'Colors' col=1 -> ON=False
2025-12-06 21:40:49 [INFO] show_bridge.state - [INIT] Layer 16 'Effects' col=1 -> ON=False
2025-12-06 21:40:49 [INFO] show_bridge.state - [INIT] Layer 17 'Transforms' col=1 -> ON=False
2025-12-06 21:40:49 [INFO] show_bridge.state - [INIT] Layer 18 'Fills 1' col=1 -> ON=False
2025-12-06 21:40:49 [INFO] show_bridge.state - [INIT] Layer 19 'Fills 2' col=1 -> ON=False
2025-12-06 21:40:49 [INFO] show_bridge.state - [INIT] Layer 20 'Static Masks' col=1 -> ON=False
2025-12-06 21:40:49 [INFO] show_bridge.state - [INIT] Layer 21 'Dynamic Masks' col=1 -> ON=False
2025-12-06 21:40:49 [INFO] show_bridge.state - [INIT] Layer 22 'Colors' col=1 -> ON=False
2025-12-06 21:40:49 [INFO] show_bridge.state - [INIT] Layer 23 'Effects' col=1 -> ON=False
2025-12-06 21:40:49 [INFO] show_bridge.state - [INIT] Layer 24 'Transforms' col=1 -> ON=False
2025-12-06 21:40:49 [INFO] show_bridge.state - [INIT] Layer 25 'Fills 1' col=1 -> ON=False
2025-12-06 21:40:49 [INFO] show_bridge.state - [INIT] Layer 26 'Fills 2' col=1 -> ON=False
2025-12-06 21:40:49 [INFO] show_bridge.state - [INIT] Layer 27 'Static Masks' col=1 -> ON=False
2025-12-06 21:40:49 [INFO] show_bridge.state - [INIT] Layer 28 'Dynamic Masks' col=1 -> ON=False
2025-12-06 21:40:49 [INFO] show_bridge.state - [INIT] Layer 29 'Colors' col=1 -> ON=False
2025-12-06 21:40:49 [INFO] show_bridge.state - [INIT] Layer 30 'Effects' col=1 -> ON=False
2025-12-06 21:40:49 [INFO] show_bridge.state - [INIT] Layer 31 'Transforms' col=1 -> ON=False
2025-12-06 21:40:49 [INFO] show_bridge.state - [INIT] Layer 32 'Fills 1' col=1 -> ON=False
2025-12-06 21:40:49 [INFO] show_bridge.state - [INIT] Layer 33 'Fills 2' col=1 -> ON=False
2025-12-06 21:40:49 [INFO] show_bridge.state - [INIT] Layer 34 'Dynamic Masks' col=1 -> ON=False
2025-12-06 21:40:49 [INFO] show_bridge.state - [INIT] Layer 35 'Colors' col=1 -> ON=False
2025-12-06 21:40:49 [INFO] show_bridge.state - [INIT] Layer 36 'Effects' col=1 -> ON=False
2025-12-06 21:40:49 [INFO] show_bridge.state - [INIT] Layer 37 'Transforms' col=1 -> ON=False
2025-12-06 21:40:49 [INFO] show_bridge.state - [INIT] Layer 38 'Fills 1' col=1 -> ON=False
2025-12-06 21:40:49 [INFO] show_bridge.state - [INIT] Layer 39 'Fills 2' col=1 -> ON=False
2025-12-06 21:40:49 [INFO] show_bridge.state - [INIT] Layer 40 'Static Masks' col=1 -> ON=False
2025-12-06 21:40:49 [INFO] show_bridge.state - [INIT] Layer 41 'Dynamic Masks' col=1 -> ON=False
2025-12-06 21:40:49 [INFO] show_bridge.state - [INIT] Layer 42 'Colors' col=1 -> ON=False
2025-12-06 21:40:49 [INFO] show_bridge.state - [INIT] Layer 43 'Effects' col=1 -> ON=False
2025-12-06 21:40:49 [INFO] show_bridge.state - [INIT] Layer 44 'Transforms' col=1 -> ON=False
2025-12-06 21:40:49 [INFO] show_bridge.state - [INIT] Layer 45 'Fills 1' col=1 -> ON=False
2025-12-06 21:40:49 [INFO] show_bridge.state - [INIT] Layer 46 'Fills 2' col=1 -> ON=False
2025-12-06 21:40:49 [INFO] show_bridge.state - [INIT] Layer 47 'Dynamic Masks' col=1 -> ON=False
2025-12-06 21:40:49 [INFO] show_bridge.state - [INIT] Layer 48 'Colors' col=1 -> ON=False
2025-12-06 21:40:49 [INFO] show_bridge.state - [INIT] Layer 49 'Effects' col=1 -> ON=False
2025-12-06 21:40:49 [INFO] show_bridge.state - [INIT] Layer 50 'Transforms' col=1 -> ON=False
2025-12-06 21:40:49 [INFO] show_bridge.state - [INIT] Layer 51 'Fills 1' col=1 -> ON=False
2025-12-06 21:40:49 [INFO] show_bridge.state - [INIT] Layer 52 'Fills 2' col=1 -> ON=False
2025-12-06 21:40:49 [INFO] show_bridge.state - [INIT] Layer 53 'Effects' col=1 -> ON=False
2025-12-06 21:40:49 [INFO] show_bridge.state - [INIT] Layer 54 'Transforms' col=1 -> ON=False
2025-12-06 21:40:49 [INFO] show_bridge.state - [INIT] Layer 55 'Color' col=1 -> ON=False
2025-12-06 21:40:49 [INFO] show_bridge.state - [INIT] Layer 56 'OSC Transport Beat' col=1 -> ON=False
2025-12-06 21:40:49 [INFO] show_bridge.state - [INIT] Layer 57 'Test Router' col=1 -> ON=False
2025-12-06 21:40:49 [INFO] show_bridge.state - [INIT] Layer 58 'Synestesia Router' col=1 -> ON=False
2025-12-06 21:40:49 [INFO] show_bridge.state - [INIT] Layer 59 'Wireframe Router' col=1 -> ON=False
2025-12-06 21:40:49 [INFO] show_bridge.state - [INIT] Layer 60 'Brick Router' col=1 -> ON=False
2025-12-06 21:40:49 [INFO] show_bridge.state - [INIT] Layer 61 'Mix Router' col=1 -> ON=False
2025-12-06 21:40:49 [INFO] show_bridge.state - [INIT] Layer 62 'Windows Router' col=1 -> ON=False
2025-12-06 21:40:49 [INFO] show_bridge.state - [INIT] Layer 63 'Columns Router' col=1 -> ON=False
2025-12-06 21:40:49 [INFO] show_bridge.state - [INIT] Layer 64 'Lights Router' col=1 -> ON=False
2025-12-06 21:40:49 [INFO] show_bridge.state - [INIT] Layer 65 'Snow Router' col=1 -> ON=False
2025-12-06 21:40:49 [INFO] show_bridge.state - [INIT] Group 8 -> playing=False, effects=False, transforms=False, dynamic_masks=False, color=False
2025-12-06 21:40:49 [INFO] show_bridge.state - [INIT] Group 7 -> playing=False, effects=False, transforms=False, dynamic_masks=False, color=False
2025-12-06 21:40:49 [INFO] show_bridge.state - [INIT] Group 6 -> playing=False, effects=False, transforms=False, dynamic_masks=False, color=False
2025-12-06 21:40:49 [INFO] show_bridge.state - [INIT] Group 5 -> playing=False, effects=False, transforms=False, dynamic_masks=False, color=False
2025-12-06 21:40:49 [INFO] show_bridge.state - [INIT] Group 4 -> playing=False, effects=False, transforms=False, dynamic_masks=False, color=False
2025-12-06 21:40:49 [INFO] show_bridge.state - [INIT] Group 3 -> playing=False, effects=False, transforms=False, dynamic_masks=False, color=False
2025-12-06 21:40:49 [INFO] show_bridge.state - [INIT] Group 2 -> playing=False, effects=False, transforms=False, dynamic_masks=False, color=False
2025-12-06 21:40:49 [INFO] show_bridge.state - [INIT] Group 1 -> playing=False, effects=False, transforms=False, dynamic_masks=False, color=False
2025-12-06 21:40:49 [INFO] show_bridge - [MONITOR] State monitoring HTTP server started on port 8765.
2025-12-06 21:40:53 [INFO] show_bridge.state - [OSC] SEND /composition/layers/66/video/opacity 0.5039370078740157
2025-12-06 21:40:53 [INFO] show_bridge.state - [OSC] SEND /composition/layers/66/video/opacity 0.4881889763779528
2025-12-06 21:40:53 [INFO] show_bridge.state - [OSC] SEND /composition/layers/66/video/opacity 0.4645669291338583
2025-12-06 21:40:53 [INFO] show_bridge.state - [OSC] SEND /composition/layers/66/video/opacity 0.4330708661417323
2025-12-06 21:40:53 [INFO] show_bridge.state - [OSC] SEND /composition/layers/66/video/opacity 0.3937007874015748
2025-12-06 21:40:53 [INFO] show_bridge.state - [OSC] SEND /composition/layers/66/video/opacity 0.36220472440944884
2025-12-06 21:40:53 [INFO] show_bridge.state - [OSC] SEND /composition/layers/66/video/opacity 0.33070866141732286
2025-12-06 21:40:53 [INFO] show_bridge.state - [OSC] SEND /composition/layers/66/video/opacity 0.2992125984251969
2025-12-06 21:40:53 [INFO] show_bridge.state - [OSC] SEND /composition/layers/66/video/opacity 0.25984251968503935
2025-12-06 21:40:53 [INFO] show_bridge.state - [OSC] SEND /composition/layers/66/video/opacity 0.2047244094488189
2025-12-06 21:40:53 [INFO] show_bridge.state - [OSC] SEND /composition/layers/66/video/opacity 0.15748031496062992
2025-12-06 21:40:53 [INFO] show_bridge.state - [OSC] SEND /composition/layers/66/video/opacity 0.11811023622047244
2025-12-06 21:40:53 [INFO] show_bridge.state - [OSC] SEND /composition/layers/66/video/opacity 0.07874015748031496
2025-12-06 21:40:53 [INFO] show_bridge.state - [OSC] SEND /composition/layers/66/video/opacity 0.03937007874015748
2025-12-06 21:40:53 [INFO] show_bridge.state - [OSC] SEND /composition/layers/66/video/opacity 0.015748031496062992
2025-12-06 21:40:53 [INFO] show_bridge.state - [OSC] SEND /composition/layers/66/video/opacity 0.007874015748031496
2025-12-06 21:40:53 [INFO] show_bridge.state - [OSC] SEND /composition/layers/66/video/opacity 0.0
2025-12-06 21:40:53 [INFO] show_bridge.state - [OSC] SEND /composition/layers/66/video/opacity 0.023622047244094488
2025-12-06 21:40:53 [INFO] show_bridge.state - [OSC] SEND /composition/layers/66/video/opacity 0.06299212598425197
2025-12-06 21:40:53 [INFO] show_bridge.state - [OSC] SEND /composition/layers/66/video/opacity 0.10236220472440945
2025-12-06 21:40:53 [INFO] show_bridge.state - [OSC] SEND /composition/layers/66/video/opacity 0.14173228346456693
2025-12-06 21:40:53 [INFO] show_bridge.state - [OSC] SEND /composition/layers/66/video/opacity 0.18110236220472442
2025-12-06 21:40:53 [INFO] show_bridge.state - [OSC] SEND /composition/layers/66/video/opacity 0.2283464566929134
2025-12-06 21:40:53 [INFO] show_bridge.state - [OSC] SEND /composition/layers/66/video/opacity 0.2677165354330709
2025-12-06 21:40:53 [INFO] show_bridge.state - [OSC] SEND /composition/layers/66/video/opacity 0.31496062992125984
2025-12-06 21:40:53 [INFO] show_bridge.state - [OSC] SEND /composition/layers/66/video/opacity 0.3543307086614173
2025-12-06 21:40:53 [INFO] show_bridge.state - [OSC] SEND /composition/layers/66/video/opacity 0.3858267716535433
2025-12-06 21:40:53 [INFO] show_bridge.state - [OSC] SEND /composition/layers/66/video/opacity 0.4251968503937008
2025-12-06 21:40:53 [INFO] show_bridge.state - [OSC] SEND /composition/layers/66/video/opacity 0.4566929133858268
2025-12-06 21:40:53 [INFO] show_bridge.state - [OSC] SEND /composition/layers/66/video/opacity 0.4881889763779528
2025-12-06 21:40:53 [INFO] show_bridge.state - [OSC] SEND /composition/layers/66/video/opacity 0.5118110236220472
2025-12-06 21:40:53 [INFO] show_bridge.state - [OSC] SEND /composition/layers/66/video/opacity 0.5354330708661418
2025-12-06 21:40:53 [INFO] show_bridge.state - [OSC] SEND /composition/layers/66/video/opacity 0.5590551181102362
2025-12-06 21:40:53 [INFO] show_bridge.state - [OSC] SEND /composition/layers/66/video/opacity 0.5826771653543307
2025-12-06 21:40:53 [INFO] show_bridge.state - [OSC] SEND /composition/layers/66/video/opacity 0.6062992125984252
2025-12-06 21:40:53 [INFO] show_bridge.state - [OSC] SEND /composition/layers/66/video/opacity 0.6299212598425197
2025-12-06 21:40:53 [INFO] show_bridge.state - [OSC] SEND /composition/layers/66/video/opacity 0.6456692913385826
2025-12-06 21:40:53 [INFO] show_bridge.state - [OSC] SEND /composition/layers/66/video/opacity 0.6614173228346457
2025-12-06 21:40:53 [INFO] show_bridge.state - [OSC] SEND /composition/layers/66/video/opacity 0.6771653543307087
2025-12-06 21:40:53 [INFO] show_bridge.state - [OSC] SEND /composition/layers/66/video/opacity 0.6929133858267716
2025-12-06 21:40:53 [INFO] show_bridge.state - [OSC] SEND /composition/layers/66/video/opacity 0.7086614173228346
2025-12-06 21:40:53 [INFO] show_bridge.state - [OSC] SEND /composition/layers/66/video/opacity 0.7165354330708661
2025-12-06 21:40:53 [INFO] show_bridge.state - [OSC] SEND /composition/layers/66/video/opacity 0.7244094488188977
2025-12-06 21:40:58 [INFO] show_bridge.state - [OSC] SEND /composition/layers/66/video/opacity 0.7165354330708661
2025-12-06 21:40:58 [INFO] show_bridge.state - [OSC] SEND /composition/layers/66/video/opacity 0.6929133858267716
2025-12-06 21:40:58 [INFO] show_bridge.state - [OSC] SEND /composition/layers/66/video/opacity 0.6535433070866141
2025-12-06 21:40:58 [INFO] show_bridge.state - [OSC] SEND /composition/layers/66/video/opacity 0.6062992125984252
2025-12-06 21:40:58 [INFO] show_bridge.state - [OSC] SEND /composition/layers/66/video/opacity 0.5590551181102362
2025-12-06 21:40:58 [INFO] show_bridge.state - [OSC] SEND /composition/layers/66/video/opacity 0.5196850393700787
2025-12-06 21:40:58 [INFO] show_bridge.state - [OSC] SEND /composition/layers/66/video/opacity 0.48031496062992124
2025-12-06 21:40:58 [INFO] show_bridge.state - [OSC] SEND /composition/layers/66/video/opacity 0.4409448818897638
2025-12-06 21:40:58 [INFO] show_bridge.state - [OSC] SEND /composition/layers/66/video/opacity 0.4094488188976378
2025-12-06 21:40:58 [INFO] show_bridge.state - [OSC] SEND /composition/layers/66/video/opacity 0.3700787401574803
2025-12-06 21:40:58 [INFO] show_bridge.state - [OSC] SEND /composition/layers/66/video/opacity 0.33858267716535434
2025-12-06 21:40:58 [INFO] show_bridge.state - [OSC] SEND /composition/layers/66/video/opacity 0.2992125984251969
2025-12-06 21:40:58 [INFO] show_bridge.state - [OSC] SEND /composition/layers/66/video/opacity 0.2677165354330709
2025-12-06 21:40:58 [INFO] show_bridge.state - [OSC] SEND /composition/layers/66/video/opacity 0.2440944881889764
2025-12-06 21:40:58 [INFO] show_bridge.state - [OSC] SEND /composition/layers/66/video/opacity 0.2204724409448819
2025-12-06 21:40:58 [INFO] show_bridge.state - [OSC] SEND /composition/layers/66/video/opacity 0.1968503937007874
2025-12-06 21:40:58 [INFO] show_bridge.state - [OSC] SEND /composition/layers/66/video/opacity 0.1732283464566929
2025-12-06 21:40:58 [INFO] show_bridge.state - [OSC] SEND /composition/layers/66/video/opacity 0.14960629921259844
2025-12-06 21:40:58 [INFO] show_bridge.state - [OSC] SEND /composition/layers/66/video/opacity 0.12598425196850394
2025-12-06 21:40:58 [INFO] show_bridge.state - [OSC] SEND /composition/layers/66/video/opacity 0.10236220472440945
2025-12-06 21:40:58 [INFO] show_bridge.state - [OSC] SEND /composition/layers/66/video/opacity 0.07086614173228346
2025-12-06 21:40:58 [INFO] show_bridge.state - [OSC] SEND /composition/layers/66/video/opacity 0.047244094488188976
2025-12-06 21:40:58 [INFO] show_bridge.state - [OSC] SEND /composition/layers/66/video/opacity 0.023622047244094488
2025-12-06 21:40:58 [INFO] show_bridge.state - [OSC] SEND /composition/layers/66/video/opacity 0.015748031496062992
2025-12-06 21:40:58 [INFO] show_bridge.state - [OSC] SEND /composition/layers/66/video/opacity 0.0
2025-12-06 21:40:58 [INFO] show_bridge.state - [OSC] SEND /composition/layers/66/video/opacity 0.015748031496062992
2025-12-06 21:40:58 [INFO] show_bridge.state - [OSC] SEND /composition/layers/66/video/opacity 0.047244094488188976
2025-12-06 21:40:58 [INFO] show_bridge.state - [OSC] SEND /composition/layers/66/video/opacity 0.07874015748031496
2025-12-06 21:40:58 [INFO] show_bridge.state - [OSC] SEND /composition/layers/66/video/opacity 0.11023622047244094
2025-12-06 21:40:58 [INFO] show_bridge.state - [OSC] SEND /composition/layers/66/video/opacity 0.14173228346456693
2025-12-06 21:40:58 [INFO] show_bridge.state - [OSC] SEND /composition/layers/66/video/opacity 0.1732283464566929
2025-12-06 21:40:58 [INFO] show_bridge.state - [OSC] SEND /composition/layers/66/video/opacity 0.2047244094488189
2025-12-06 21:40:58 [INFO] show_bridge.state - [OSC] SEND /composition/layers/66/video/opacity 0.2440944881889764
2025-12-06 21:40:58 [INFO] show_bridge.state - [OSC] SEND /composition/layers/66/video/opacity 0.2992125984251969
2025-12-06 21:40:58 [INFO] show_bridge.state - [OSC] SEND /composition/layers/66/video/opacity 0.33070866141732286
2025-12-06 21:40:58 [INFO] show_bridge.state - [OSC] SEND /composition/layers/66/video/opacity 0.3543307086614173
2025-12-06 21:40:58 [INFO] show_bridge.state - [OSC] SEND /composition/layers/66/video/opacity 0.3858267716535433
2025-12-06 21:40:58 [INFO] show_bridge.state - [OSC] SEND /composition/layers/66/video/opacity 0.41732283464566927
2025-12-06 21:40:58 [INFO] show_bridge.state - [OSC] SEND /composition/layers/66/video/opacity 0.4409448818897638
2025-12-06 21:40:58 [INFO] show_bridge.state - [OSC] SEND /composition/layers/66/video/opacity 0.47244094488188976
2025-12-06 21:40:58 [INFO] show_bridge.state - [OSC] SEND /composition/layers/66/video/opacity 0.49606299212598426
2025-12-06 21:40:58 [INFO] show_bridge.state - [OSC] SEND /composition/layers/66/video/opacity 0.5196850393700787
2025-12-06 21:40:58 [INFO] show_bridge.state - [OSC] SEND /composition/layers/66/video/opacity 0.5433070866141733
2025-12-06 21:40:58 [INFO] show_bridge.state - [OSC] SEND /composition/layers/66/video/opacity 0.5669291338582677
2025-12-06 21:40:58 [INFO] show_bridge.state - [OSC] SEND /composition/layers/66/video/opacity 0.5826771653543307
2025-12-06 21:40:58 [INFO] show_bridge.state - [OSC] SEND /composition/layers/66/video/opacity 0.5984251968503937
2025-12-06 21:40:58 [INFO] show_bridge.state - [OSC] SEND /composition/layers/66/video/opacity 0.6141732283464567
2025-12-06 21:40:58 [INFO] show_bridge.state - [OSC] SEND /composition/layers/66/video/opacity 0.6299212598425197
2025-12-06 21:40:58 [INFO] show_bridge.state - [OSC] SEND /composition/layers/66/video/opacity 0.6456692913385826
2025-12-06 21:40:58 [INFO] show_bridge.state - [OSC] SEND /composition/layers/66/video/opacity 0.6535433070866141
2025-12-06 21:40:59 [INFO] show_bridge.state - [OSC] SEND /composition/layers/66/video/opacity 0.6614173228346457
2025-12-06 21:40:59 [INFO] show_bridge.state - [OSC] SEND /composition/layers/66/video/opacity 0.6692913385826772
2025-12-06 21:40:59 [INFO] show_bridge.state - [OSC] SEND /composition/layers/66/video/opacity 0.6850393700787402
2025-12-06 21:40:59 [INFO] show_bridge.state - [OSC] SEND /composition/layers/65/video/opacity 0.48031496062992124
2025-12-06 21:40:59 [INFO] show_bridge.state - [OSC] SEND /composition/layers/65/video/opacity 0.47244094488188976
2025-12-06 21:40:59 [INFO] show_bridge.state - [OSC] SEND /composition/layers/65/video/opacity 0.4645669291338583
2025-12-06 21:40:59 [INFO] show_bridge.state - [OSC] SEND /composition/layers/65/video/opacity 0.44881889763779526
2025-12-06 21:40:59 [INFO] show_bridge.state - [OSC] SEND /composition/layers/65/video/opacity 0.4330708661417323
2025-12-06 21:40:59 [INFO] show_bridge.state - [OSC] SEND /composition/layers/65/video/opacity 0.4251968503937008
2025-12-06 21:40:59 [INFO] show_bridge.state - [OSC] SEND /composition/layers/65/video/opacity 0.41732283464566927
2025-12-06 21:40:59 [INFO] show_bridge.state - [OSC] SEND /composition/layers/65/video/opacity 0.4094488188976378
2025-12-06 21:40:59 [INFO] show_bridge.state - [OSC] SEND /composition/layers/65/video/opacity 0.4015748031496063
2025-12-06 21:40:59 [INFO] show_bridge.state - [OSC] SEND /composition/layers/66/video/opacity 0.6929133858267716
2025-12-06 21:40:59 [INFO] show_bridge.state - [OSC] SEND /composition/layers/66/video/opacity 0.7007874015748031
2025-12-06 21:41:05 [INFO] show_bridge.state - [OSC] SEND /composition/layers/66/video/opacity 0.6771653543307087
2025-12-06 21:41:05 [INFO] show_bridge.state - [OSC] SEND /composition/layers/66/video/opacity 0.6692913385826772
2025-12-06 21:41:05 [INFO] show_bridge.state - [OSC] SEND /composition/layers/66/video/opacity 0.6535433070866141
2025-12-06 21:41:05 [INFO] show_bridge.state - [OSC] SEND /composition/layers/66/video/opacity 0.6299212598425197
2025-12-06 21:41:05 [INFO] show_bridge.state - [OSC] SEND /composition/layers/66/video/opacity 0.6141732283464567
2025-12-06 21:41:05 [INFO] show_bridge.state - [OSC] SEND /composition/layers/66/video/opacity 0.5984251968503937
2025-12-06 21:41:05 [INFO] show_bridge.state - [OSC] SEND /composition/layers/66/video/opacity 0.5826771653543307
2025-12-06 21:41:05 [INFO] show_bridge.state - [OSC] SEND /composition/layers/66/video/opacity 0.5590551181102362
2025-12-06 21:41:05 [INFO] show_bridge.state - [OSC] SEND /composition/layers/66/video/opacity 0.5354330708661418
2025-12-06 21:41:05 [INFO] show_bridge.state - [OSC] SEND /composition/layers/66/video/opacity 0.5118110236220472
2025-12-06 21:41:05 [INFO] show_bridge.state - [OSC] SEND /composition/layers/66/video/opacity 0.48031496062992124
2025-12-06 21:41:05 [INFO] show_bridge.state - [OSC] SEND /composition/layers/66/video/opacity 0.4409448818897638
2025-12-06 21:41:05 [INFO] show_bridge.state - [OSC] SEND /composition/layers/66/video/opacity 0.4094488188976378
2025-12-06 21:41:05 [INFO] show_bridge.state - [OSC] SEND /composition/layers/66/video/opacity 0.3700787401574803
2025-12-06 21:41:05 [INFO] show_bridge.state - [OSC] SEND /composition/layers/66/video/opacity 0.3228346456692913
2025-12-06 21:41:05 [INFO] show_bridge.state - [OSC] SEND /composition/layers/66/video/opacity 0.28346456692913385
2025-12-06 21:41:05 [INFO] show_bridge.state - [OSC] SEND /composition/layers/66/video/opacity 0.2440944881889764
2025-12-06 21:41:05 [INFO] show_bridge.state - [OSC] SEND /composition/layers/66/video/opacity 0.1968503937007874
2025-12-06 21:41:05 [INFO] show_bridge.state - [OSC] SEND /composition/layers/66/video/opacity 0.14960629921259844
2025-12-06 21:41:05 [INFO] show_bridge.state - [OSC] SEND /composition/layers/66/video/opacity 0.10236220472440945
2025-12-06 21:41:05 [INFO] show_bridge.state - [OSC] SEND /composition/layers/66/video/opacity 0.06299212598425197
2025-12-06 21:41:05 [INFO] show_bridge.state - [OSC] SEND /composition/layers/66/video/opacity 0.015748031496062992
2025-12-06 21:41:05 [INFO] show_bridge.state - [OSC] SEND /composition/layers/66/video/opacity 0.007874015748031496
2025-12-06 21:41:05 [INFO] show_bridge.state - [OSC] SEND /composition/layers/66/video/opacity 0.0
2025-12-06 21:41:05 [INFO] show_bridge.state - [OSC] SEND /composition/layers/66/video/opacity 0.023622047244094488
2025-12-06 21:41:05 [INFO] show_bridge.state - [OSC] SEND /composition/layers/66/video/opacity 0.06299212598425197
2025-12-06 21:41:05 [INFO] show_bridge.state - [OSC] SEND /composition/layers/66/video/opacity 0.09448818897637795
2025-12-06 21:41:05 [INFO] show_bridge.state - [OSC] SEND /composition/layers/66/video/opacity 0.13385826771653545
2025-12-06 21:41:05 [INFO] show_bridge.state - [OSC] SEND /composition/layers/66/video/opacity 0.1732283464566929
2025-12-06 21:41:05 [INFO] show_bridge.state - [OSC] SEND /composition/layers/66/video/opacity 0.2204724409448819
2025-12-06 21:41:05 [INFO] show_bridge.state - [OSC] SEND /composition/layers/66/video/opacity 0.25984251968503935
2025-12-06 21:41:05 [INFO] show_bridge.state - [OSC] SEND /composition/layers/66/video/opacity 0.2992125984251969
2025-12-06 21:41:05 [INFO] show_bridge.state - [OSC] SEND /composition/layers/66/video/opacity 0.33858267716535434
2025-12-06 21:41:05 [INFO] show_bridge.state - [OSC] SEND /composition/layers/66/video/opacity 0.3858267716535433
2025-12-06 21:41:05 [INFO] show_bridge.state - [OSC] SEND /composition/layers/66/video/opacity 0.4251968503937008
2025-12-06 21:41:05 [INFO] show_bridge.state - [OSC] SEND /composition/layers/66/video/opacity 0.4645669291338583
2025-12-06 21:41:05 [INFO] show_bridge.state - [OSC] SEND /composition/layers/66/video/opacity 0.5039370078740157
2025-12-06 21:41:05 [INFO] show_bridge.state - [OSC] SEND /composition/layers/66/video/opacity 0.5354330708661418
2025-12-06 21:41:05 [INFO] show_bridge.state - [OSC] SEND /composition/layers/66/video/opacity 0.5748031496062992
2025-12-06 21:41:05 [INFO] show_bridge.state - [OSC] SEND /composition/layers/66/video/opacity 0.6062992125984252
2025-12-06 21:41:05 [INFO] show_bridge.state - [OSC] SEND /composition/layers/66/video/opacity 0.6377952755905512
2025-12-06 21:41:05 [INFO] show_bridge.state - [OSC] SEND /composition/layers/66/video/opacity 0.6692913385826772
2025-12-06 21:41:05 [INFO] show_bridge.state - [OSC] SEND /composition/layers/66/video/opacity 0.7007874015748031
2025-12-06 21:41:05 [INFO] show_bridge.state - [OSC] SEND /composition/layers/66/video/opacity 0.7244094488188977
2025-12-06 21:41:05 [INFO] show_bridge.state - [OSC] SEND /composition/layers/66/video/opacity 0.7401574803149606
2025-12-06 21:41:05 [INFO] show_bridge.state - [OSC] SEND /composition/layers/66/video/opacity 0.7637795275590551
2025-12-06 21:41:05 [INFO] show_bridge.state - [OSC] SEND /composition/layers/66/video/opacity 0.7795275590551181
2025-12-06 21:41:05 [INFO] show_bridge.state - [OSC] SEND /composition/layers/66/video/opacity 0.7952755905511811
2025-12-06 21:41:05 [INFO] show_bridge.state - [OSC] SEND /composition/layers/66/video/opacity 0.8110236220472441
2025-12-06 21:41:05 [INFO] show_bridge.state - [OSC] SEND /composition/layers/66/video/opacity 0.8188976377952756
2025-12-06 21:41:05 [INFO] show_bridge.state - [OSC] SEND /composition/layers/66/video/opacity 0.8346456692913385
2025-12-06 21:41:05 [INFO] show_bridge.state - [OSC] SEND /composition/layers/66/video/opacity 0.84251968503937
2025-12-06 21:45:34 [INFO] show_bridge - Starting show_bridge state machine runner
2025-12-06 21:45:34 [INFO] show_bridge - [STATE] Loaded state_machine_mappings.yaml for OSC broadcast.
2025-12-06 21:45:36 [INFO] show_bridge - [RESOLUME] Loaded composition 'Snow Place 2025' with 11 groups.
2025-12-06 21:45:36 [INFO] show_bridge - [DEBUG] Composition 'Snow Place 2025' column layout:
2025-12-06 21:45:36 [INFO] show_bridge -   Group 0 'Test Group' (APC=-)
2025-12-06 21:45:36 [INFO] show_bridge -     Layer 0 (global 0) 'Reference Images' role=- -> 2:Full Building Perspective Corrected, 3:OSC Transport Beat
2025-12-06 21:45:36 [INFO] show_bridge -     Layer 1 (global 1) 'Test Patterns' role=- -> 2:All Area 2, 3:Mix 1, 4:Checkered, 5:Test Card, 6:All Area Wireframe 1, 7:All Area Wireframe 2, 8:WAAT Test Card
2025-12-06 21:45:36 [INFO] show_bridge -   Group 1 'Internal Videos' (APC=-)
2025-12-06 21:45:36 [INFO] show_bridge -     Layer 0 (global 2) 'Layer #' role=- -> 
2025-12-06 21:45:36 [INFO] show_bridge -     Layer 1 (global 3) 'FFT Fills' role=fills -> 
2025-12-06 21:45:36 [INFO] show_bridge -     Layer 2 (global 4) 'Full Stage Effects' role=effects -> 2:Edge Detection, 3:Noisy, 4:Shift Glitch, 5:Acuarela, 6:Mirror Quad, 7:Infinite Zoom, 8:Bloom, 9:Hatched, 10:Dither, 12:Posterize
2025-12-06 21:45:36 [INFO] show_bridge -     Layer 3 (global 5) 'Full Stage Colors' role=colors -> 2:No Changes, 3:Reds, 4:Oranges, 5:Yellows, 6:Limes, 7:Greens, 8:Teals, 9:Cyans, 10:Blues, 11:Purples, 12:Magentas, 13:Pinks, 14:Grayscale, 15:White, 16:Dull, 17:Rainbow, 18:Inferno, 19:Plasma, 20:Viridis, 21:Clockwork Orange, 22:Warhol, 23:Mona Lisa, 24:Salmon, 25:Purple Rain
2025-12-06 21:45:36 [INFO] show_bridge -     Layer 4 (global 6) 'Stage Masks' role=static_masks -> 1:Solid Color, 2:Mask Randomizer, 3:All Area 2, 4:Big Window, 5:Brick Face, 6:Column Tops and Bottoms, 7:Columns, 8:Door, 9:Mix 1, 10:Roof Circle, 11:Roof Crown, 12:Roof Peak, 13:Roof Trim, 14:Windows Columns Door, 15:Windows, 16:Lights
2025-12-06 21:45:36 [INFO] show_bridge -   Group 2 'Synestesia' (APC=8)
2025-12-06 21:45:36 [INFO] show_bridge -     Layer 0 (global 7) 'Fills 1' role=fills -> 2:None, 4:Synesthesia Soft Flip, 5:Synesthesia Mirror
2025-12-06 21:45:36 [INFO] show_bridge -     Layer 1 (global 8) 'Effects' role=effects -> 1:None, 2:None, 3:Edge Detection, 4:Noisy, 5:Shift Glitch, 6:Acuarela, 7:Mirror Quad, 8:Infinite Zoom, 9:Bloom, 10:Hatched, 11:Dither, 12:Posterize, 13:Dot Screen, 14:Dither Dots, 15:Edge Dots, 16:Rainbow LEDs
2025-12-06 21:45:36 [INFO] show_bridge -     Layer 2 (global 9) 'Colors' role=colors -> 1:None, 2:None, 3:Grayscale, 4:White, 5:Reds, 6:Oranges, 7:Yellows, 8:Limes, 9:Greens, 10:Teals, 11:Cyans, 12:Blues, 13:Purples, 14:Magentas, 15:Pinks, 16:Dull, 17:Rainbow, 18:Inferno, 19:Plasma, 20:Viridis, 21:Clockwork Orange, 22:Mona Lisa, 23:Salmon, 24:Purple Rain
2025-12-06 21:45:36 [INFO] show_bridge -     Layer 3 (global 10) 'Static Masks' role=static_masks -> 1:None, 2:Solid Color, 3:Mask Randomizer, 4:All Area 2, 5:Big Window, 6:Brick Face, 7:Column Tops and Bottoms, 8:Columns, 9:Door, 10:Mix 1, 11:Roof Circle, 12:Roof Crown, 13:Roof Peak, 14:Roof Trim, 15:Windows Columns Door, 16:Windows, 17:Lights
2025-12-06 21:45:36 [INFO] show_bridge -   Group 3 'Wireframe' (APC=7)
2025-12-06 21:45:36 [INFO] show_bridge -     Layer 0 (global 11) 'Fills 1' role=fills -> 2:None, 3:all_wireframe_noisefill_full_C1, 4:all_wireframe_noisefill_full_turb_C1, 5:all_wireframe_noisefill_narrow_B1, 6:all_wireframe_noisefill_narrow_C1, 7:all_wireframe_noisefill_narrow_W1, 8:all_wireframe_noisefill_shape_bands_C1, 9:all_wireframe_noisefill_shape_C1, 10:all_wireframe_noisefill_wide_B1, 11:all_wireframe_noisefill_wide_W1, 12:all_wireframe_pointfill_wide_C1, 13:all_wireframe_pointfill_wide_C2
2025-12-06 21:45:36 [INFO] show_bridge -     Layer 1 (global 12) 'Fills 2' role=fills -> 2:None, 3:all_wireframe_noisefill_full_C1, 4:all_wireframe_noisefill_full_turb_C1, 5:all_wireframe_noisefill_narrow_B1, 6:all_wireframe_noisefill_narrow_C1, 7:all_wireframe_noisefill_narrow_W1, 8:all_wireframe_noisefill_shape_bands_C1, 9:all_wireframe_noisefill_shape_C1, 10:all_wireframe_noisefill_wide_B1, 11:all_wireframe_noisefill_wide_W1, 12:all_wireframe_pointfill_wide_C1, 13:all_wireframe_pointfill_wide_C2
2025-12-06 21:45:36 [INFO] show_bridge -     Layer 2 (global 13) 'Static Masks' role=static_masks -> 2:None, 3:Mix 1, 4:All Area 2, 5:Windows Columns Door, 6:Windows, 7:Lights, 8:Columns
2025-12-06 21:45:36 [INFO] show_bridge -     Layer 3 (global 14) 'Dynamic Masks' role=dynamic_masks -> 2:None, 3:Radial Circle 1, 4:Radial Circle 2, 5:Radial Circle 3, 6:Radial Square 1, 7:Radial Square 2, 8:Radial Square 3
2025-12-06 21:45:36 [INFO] show_bridge -     Layer 4 (global 15) 'Colors' role=colors -> 1:None, 2:None, 3:Grayscale, 4:White, 5:Reds, 6:Oranges, 7:Yellows, 8:Limes, 9:Greens, 10:Teals, 11:Cyans, 12:Blues, 13:Purples, 14:Magentas, 15:Pinks, 16:Dull, 17:Rainbow, 18:Inferno, 19:Plasma, 20:Viridis, 21:Clockwork Orange, 22:Mona Lisa, 23:Salmon, 24:Purple Rain
2025-12-06 21:45:36 [INFO] show_bridge -     Layer 5 (global 16) 'Effects' role=effects -> 1:None, 2:None, 3:Edge Detection, 4:Noisy, 5:Shift Glitch, 6:Acuarela, 7:Mirror Quad, 8:Infinite Zoom, 9:Bloom, 10:Hatched, 11:Dither, 12:Posterize, 13:Dot Screen, 14:Dither Dots, 15:Edge Dots, 16:Rainbow LEDs
2025-12-06 21:45:36 [INFO] show_bridge -     Layer 6 (global 17) 'Transforms' role=transforms -> 1:None, 2:None, 3:Rotate Blur, 4:Particle System, 5:Displace, 6:Kaleidoscope, 7:TAS Turbulent, 8:TAS Turbulent, 9:TAS Turbulent Edges, 10:TAS Sine Transform, 11:TAS Slider Tile
2025-12-06 21:45:36 [INFO] show_bridge -   Group 4 'Brick' (APC=6)
2025-12-06 21:45:36 [INFO] show_bridge -     Layer 0 (global 18) 'Fills 1' role=fills -> 2:None, 3:brick_noisefill_full_C1, 4:brick_noisefill_full_turb_C1, 5:brick_noisefill_narrow_B1, 6:brick_noisefill_narrow_C1, 7:brick_noisefill_narrow_W1, 8:brick_noisefill_shape_bands_C1, 9:brick_noisefill_shape_C1, 10:brick_noisefill_wide_B1, 11:brick_noisefill_wide_W1, 12:brick_pointfill_wide_C1, 13:brick_pointfill_wide_C2
2025-12-06 21:45:36 [INFO] show_bridge -     Layer 1 (global 19) 'Fills 2' role=fills -> 2:None, 3:brick_noisefill_full_C1, 4:brick_noisefill_full_turb_C1, 5:brick_noisefill_narrow_B1, 6:brick_noisefill_narrow_C1, 7:brick_noisefill_narrow_W1, 8:brick_noisefill_shape_bands_C1, 9:brick_noisefill_shape_C1, 10:brick_noisefill_wide_B1, 11:brick_noisefill_wide_W1, 12:brick_pointfill_wide_C1, 13:brick_pointfill_wide_C2
2025-12-06 21:45:36 [INFO] show_bridge -     Layer 2 (global 20) 'Static Masks' role=static_masks -> 2:None, 3:Mix 1, 4:All Area 2, 5:Windows Columns Door, 6:Windows, 7:Lights, 8:Columns
2025-12-06 21:45:36 [INFO] show_bridge -     Layer 3 (global 21) 'Dynamic Masks' role=dynamic_masks -> 2:None, 3:Radial Circle 1, 4:Radial Circle 2, 5:Radial Circle 3, 6:Radial Square 1, 7:Radial Square 2, 8:Radial Square 3
2025-12-06 21:45:36 [INFO] show_bridge -     Layer 4 (global 22) 'Colors' role=colors -> 1:None, 2:None, 3:Grayscale, 4:White, 5:Reds, 6:Oranges, 7:Yellows, 8:Limes, 9:Greens, 10:Teals, 11:Cyans, 12:Blues, 13:Purples, 14:Magentas, 15:Pinks, 16:Dull, 17:Rainbow, 18:Inferno, 19:Plasma, 20:Viridis, 21:Clockwork Orange, 22:Warhol, 23:Mona Lisa, 24:Salmon, 25:Purple Rain
2025-12-06 21:45:36 [INFO] show_bridge -     Layer 5 (global 23) 'Effects' role=effects -> 1:None, 2:None, 3:Edge Detection, 4:Noisy, 5:Shift Glitch, 6:Acuarela, 7:Mirror Quad, 8:Infinite Zoom, 9:Bloom, 10:Hatched, 11:Dither, 12:Posterize, 13:Dot Screen, 14:Dither Dots, 15:Edge Dots, 16:Rainbow LEDs
2025-12-06 21:45:36 [INFO] show_bridge -     Layer 6 (global 24) 'Transforms' role=transforms -> 1:None, 2:None, 3:Rotate Blur, 4:Particle System, 5:Displace, 6:Kaleidoscope, 7:TAS Turbulent, 8:TAS Turbulent, 9:TAS Turbulent Edges, 10:TAS Sine Transform, 11:TAS Slider Tile
2025-12-06 21:45:36 [INFO] show_bridge -   Group 5 'Mix' (APC=5)
2025-12-06 21:45:36 [INFO] show_bridge -     Layer 0 (global 25) 'Fills 1' role=fills -> 2:None, 3:mix_1_noisefill_full_C1, 4:mix_1_noisefill_full_turb_C1, 5:mix_1_noisefill_narrow_B1, 6:mix_1_noisefill_narrow_C1, 7:mix_1_noisefill_narrow_W1, 8:mix_1_noisefill_shape_bands_C1, 9:mix_1_noisefill_shape_C1, 10:mix_1_noisefill_wide_B1, 11:mix_1_noisefill_wide_W1, 12:mix_1_pointfill_wide_C1, 13:mix_1_pointfill_wide_C2
2025-12-06 21:45:36 [INFO] show_bridge -     Layer 1 (global 26) 'Fills 2' role=fills -> 2:None, 3:mix_1_noisefill_full_C1, 4:mix_1_noisefill_full_turb_C1, 5:mix_1_noisefill_narrow_B1, 6:mix_1_noisefill_narrow_C1, 7:mix_1_noisefill_narrow_W1, 8:mix_1_noisefill_shape_bands_C1, 9:mix_1_noisefill_shape_C1, 10:mix_1_noisefill_wide_B1, 11:mix_1_noisefill_wide_W1, 12:mix_1_pointfill_wide_C1, 13:mix_1_pointfill_wide_C2
2025-12-06 21:45:36 [INFO] show_bridge -     Layer 2 (global 27) 'Static Masks' role=static_masks -> 2:None, 3:Mask Randomizer, 4:Mask Randomizer 2
2025-12-06 21:45:36 [INFO] show_bridge -     Layer 3 (global 28) 'Dynamic Masks' role=dynamic_masks -> 2:None, 3:Radial Circle 1, 4:Radial Circle 2, 5:Radial Circle 3, 6:Radial Square 1, 7:Radial Square 2, 8:Radial Square 3
2025-12-06 21:45:36 [INFO] show_bridge -     Layer 4 (global 29) 'Colors' role=colors -> 1:None, 2:None, 3:Grayscale, 4:White, 5:Reds, 6:Oranges, 7:Yellows, 8:Limes, 9:Greens, 10:Teals, 11:Cyans, 12:Blues, 13:Purples, 14:Magentas, 15:Pinks, 16:Dull, 17:Rainbow, 18:Inferno, 19:Plasma, 20:Viridis, 21:Clockwork Orange, 23:Mona Lisa, 24:Salmon, 25:Purple Rain
2025-12-06 21:45:36 [INFO] show_bridge -     Layer 5 (global 30) 'Effects' role=effects -> 1:None, 2:None, 3:Edge Detection, 4:Noisy, 5:Shift Glitch, 6:Acuarela, 7:Mirror Quad, 8:Infinite Zoom, 9:Bloom, 10:Hatched, 11:Dither, 12:Posterize, 13:Dot Screen, 14:Dither Dots, 15:Edge Dots, 16:Rainbow LEDs
2025-12-06 21:45:36 [INFO] show_bridge -     Layer 6 (global 31) 'Transforms' role=transforms -> 1:None, 2:None, 3:Rotate Blur, 4:Particle System, 5:Displace, 6:Kaleidoscope, 7:TAS Turbulent, 8:TAS Turbulent, 9:TAS Turbulent Edges, 10:TAS Sine Transform, 11:TAS Slider Tile
2025-12-06 21:45:36 [INFO] show_bridge -   Group 6 'Windows' (APC=4)
2025-12-06 21:45:36 [INFO] show_bridge -     Layer 0 (global 32) 'Fills 1' role=fills -> 2:None, 3:windows_noisefill_full_C1, 4:windows_noisefill_full_turb_C1, 5:windows_noisefill_narrow_B1, 6:windows_noisefill_narrow_C1, 7:windows_noisefill_narrow_W1, 8:windows_noisefill_shape_bands_C1, 9:windows_noisefill_shape_C1, 10:windows_noisefill_wide_B1, 11:windows_noisefill_wide_W1, 12:windows_pointfill_wide_C1, 13:windows_pointfill_wide_C2
2025-12-06 21:45:36 [INFO] show_bridge -     Layer 1 (global 33) 'Fills 2' role=fills -> 2:None, 3:windows_noisefill_full_C1, 4:windows_noisefill_full_turb_C1, 5:windows_noisefill_narrow_B1, 6:windows_noisefill_narrow_C1, 7:windows_noisefill_narrow_W1, 8:windows_noisefill_shape_bands_C1, 9:windows_noisefill_shape_C1, 10:windows_noisefill_wide_B1, 11:windows_noisefill_wide_W1, 12:windows_pointfill_wide_C1, 13:windows_pointfill_wide_C2
2025-12-06 21:45:36 [INFO] show_bridge -     Layer 2 (global 34) 'Dynamic Masks' role=dynamic_masks -> 2:None, 3:Radial Circle 1, 4:Radial Circle 2, 5:Radial Circle 3, 6:Radial Square 1, 7:Radial Square 2, 8:Radial Square 3
2025-12-06 21:45:36 [INFO] show_bridge -     Layer 3 (global 35) 'Colors' role=colors -> 1:None, 2:None, 3:Grayscale, 4:White, 5:Reds, 6:Oranges, 7:Yellows, 8:Limes, 9:Greens, 10:Teals, 11:Cyans, 12:Blues, 13:Purples, 14:Magentas, 15:Pinks, 16:Dull, 17:Rainbow, 18:Inferno, 19:Plasma, 20:Viridis, 21:Clockwork Orange, 23:Mona Lisa, 24:Salmon, 25:Purple Rain
2025-12-06 21:45:36 [INFO] show_bridge -     Layer 4 (global 36) 'Effects' role=effects -> 1:None, 2:None, 3:Edge Detection, 4:Noisy, 5:Shift Glitch, 6:Acuarela, 7:Mirror Quad, 8:Infinite Zoom, 9:Bloom, 10:Hatched, 11:Dither, 12:Posterize, 13:Dot Screen, 14:Dither Dots, 15:Edge Dots, 16:Rainbow LEDs
2025-12-06 21:45:36 [INFO] show_bridge -     Layer 5 (global 37) 'Transforms' role=transforms -> 1:None, 2:None, 3:Rotate Blur, 4:Particle System, 5:Displace, 6:Kaleidoscope, 7:TAS Turbulent, 8:TAS Turbulent, 9:TAS Turbulent Edges, 10:TAS Sine Transform, 11:TAS Slider Tile
2025-12-06 21:45:36 [INFO] show_bridge -   Group 7 'Columns' (APC=3)
2025-12-06 21:45:36 [INFO] show_bridge -     Layer 0 (global 38) 'Fills 1' role=fills -> 2:None, 3:columns_noisefill_full_C1, 4:columns_noisefill_full_turb_C1, 5:columns_noisefill_narrow_B1, 6:columns_noisefill_narrow_C1, 7:columns_noisefill_narrow_W1, 8:columns_noisefill_shape_bands_C1, 9:columns_noisefill_shape_C1, 10:columns_noisefill_wide_B1, 11:columns_noisefill_wide_W1, 12:columns_pointfill_wide_C1, 13:columns_pointfill_wide_C2
2025-12-06 21:45:36 [INFO] show_bridge -     Layer 1 (global 39) 'Fills 2' role=fills -> 2:None, 3:columns_noisefill_full_C1, 4:columns_noisefill_full_turb_C1, 5:columns_noisefill_narrow_B1, 6:columns_noisefill_narrow_C1, 7:columns_noisefill_narrow_W1, 8:columns_noisefill_shape_bands_C1, 9:columns_noisefill_shape_C1, 10:columns_noisefill_wide_B1, 11:columns_noisefill_wide_W1, 12:columns_pointfill_wide_C1, 13:columns_pointfill_wide_C2
2025-12-06 21:45:36 [INFO] show_bridge -     Layer 2 (global 40) 'Static Masks' role=static_masks -> 2:None, 3:Mix 1, 4:All Area 2, 5:Windows Columns Door, 6:Windows, 7:Lights, 8:Columns
2025-12-06 21:45:36 [INFO] show_bridge -     Layer 3 (global 41) 'Dynamic Masks' role=dynamic_masks -> 2:None, 3:Radial Circle 1, 4:Radial Circle 2, 5:Radial Circle 3, 6:Radial Square 1, 7:Radial Square 2, 8:Radial Square 3
2025-12-06 21:45:36 [INFO] show_bridge -     Layer 4 (global 42) 'Colors' role=colors -> 1:None, 2:None, 3:Grayscale, 4:White, 5:Reds, 6:Oranges, 7:Yellows, 8:Limes, 9:Greens, 10:Teals, 11:Cyans, 12:Blues, 13:Purples, 14:Magentas, 15:Pinks, 16:Dull, 17:Rainbow, 18:Inferno, 19:Plasma, 20:Viridis, 21:Clockwork Orange, 22:Mona Lisa, 23:Salmon, 24:Purple Rain
2025-12-06 21:45:36 [INFO] show_bridge -     Layer 5 (global 43) 'Effects' role=effects -> 1:None, 2:None, 3:Edge Detection, 4:Noisy, 5:Shift Glitch, 6:Acuarela, 7:Mirror Quad, 8:Infinite Zoom, 9:Bloom, 10:Hatched, 11:Dither, 12:Posterize, 13:Dot Screen, 14:Dither Dots, 15:Edge Dots, 16:Rainbow LEDs
2025-12-06 21:45:36 [INFO] show_bridge -     Layer 6 (global 44) 'Transforms' role=transforms -> 1:None, 2:None, 3:Rotate Blur, 4:Particle System, 5:Displace, 6:Kaleidoscope, 7:TAS Turbulent, 8:TAS Turbulent, 9:TAS Turbulent Edges, 10:TAS Sine Transform, 11:TAS Slider Tile
2025-12-06 21:45:36 [INFO] show_bridge -   Group 8 'Lights' (APC=2)
2025-12-06 21:45:36 [INFO] show_bridge -     Layer 0 (global 45) 'Fills 1' role=fills -> 2:None, 3:mix_1_noisefill_full_C1, 4:mix_1_noisefill_full_turb_C1, 5:mix_1_noisefill_narrow_B1, 6:mix_1_noisefill_narrow_C1, 7:mix_1_noisefill_narrow_W1, 8:mix_1_noisefill_shape_bands_C1, 9:mix_1_noisefill_shape_C1, 10:mix_1_noisefill_wide_B1, 11:mix_1_noisefill_wide_W1, 12:mix_1_pointfill_wide_C1, 13:mix_1_pointfill_wide_C2
2025-12-06 21:45:36 [INFO] show_bridge -     Layer 1 (global 46) 'Fills 2' role=fills -> 2:None, 3:mix_1_noisefill_full_C1, 4:mix_1_noisefill_full_turb_C1, 5:mix_1_noisefill_narrow_B1, 6:mix_1_noisefill_narrow_C1, 7:mix_1_noisefill_narrow_W1, 8:mix_1_noisefill_shape_bands_C1, 9:mix_1_noisefill_shape_C1, 10:mix_1_noisefill_wide_B1, 11:mix_1_noisefill_wide_W1, 12:mix_1_pointfill_wide_C1, 13:mix_1_pointfill_wide_C2
2025-12-06 21:45:36 [INFO] show_bridge -     Layer 2 (global 47) 'Dynamic Masks' role=dynamic_masks -> 1:None, 2:None, 3:Radial Circle 1, 4:Radial Circle 2, 5:Radial Circle 3, 6:Radial Square 1, 7:Radial Square 2, 8:Radial Square 3
2025-12-06 21:45:36 [INFO] show_bridge -     Layer 3 (global 48) 'Colors' role=colors -> 1:None, 2:None, 3:Grayscale, 4:White, 5:Reds, 6:Oranges, 7:Yellows, 8:Limes, 9:Greens, 10:Teals, 11:Cyans, 12:Blues, 13:Purples, 14:Magentas, 15:Pinks, 16:Dull, 17:Rainbow, 18:Inferno, 19:Plasma, 20:Viridis, 21:Clockwork Orange, 22:Mona Lisa, 23:Salmon, 24:Purple Rain, 25:Purple Rain, 26:Purple Rain
2025-12-06 21:45:36 [INFO] show_bridge -     Layer 4 (global 49) 'Effects' role=effects -> 1:None, 2:None, 3:Edge Detection, 4:Noisy, 5:Shift Glitch, 6:Acuarela, 7:Mirror Quad, 8:Infinite Zoom, 9:Bloom, 10:Hatched, 11:Dither, 12:Posterize, 13:Dot Screen, 14:Dither Dots, 15:Edge Dots, 16:Rainbow LEDs
2025-12-06 21:45:36 [INFO] show_bridge -     Layer 5 (global 50) 'Transforms' role=transforms -> 1:None, 2:None, 3:Rotate Blur, 4:Particle System, 5:Displace, 6:Kaleidoscope, 7:TAS Turbulent, 8:TAS Turbulent, 9:TAS Turbulent Edges, 10:TAS Sine Transform, 11:TAS Slider Tile, 12:Feedback Down, 13:Feedback Perlin
2025-12-06 21:45:36 [INFO] show_bridge -   Group 9 'Snow' (APC=1)
2025-12-06 21:45:36 [INFO] show_bridge -     Layer 0 (global 51) 'Fills 1' role=fills -> 2:None, 3:Flakes Avg Change, 4:Flakes Avg Med, 5:Flakes Lots Med, 6:Snow Thick Med, 7:Snow Avg Med, 8:Snow Light Med, 9:Snow Thick Slow, 10:Snow Avg Slow, 11:Snow Light Slow, 12:Snow Thick Slow, 13:Snow Avg Slow, 14:Snow Light Slow
2025-12-06 21:45:36 [INFO] show_bridge -     Layer 1 (global 52) 'Fills 2' role=fills -> 2:None, 3:Flakes Avg Change, 4:Flakes Avg Med, 5:Flakes Lots Med, 6:Snow Thick Med, 7:Snow Avg Med, 8:Snow Light Med, 9:Snow Thick Slow, 10:Snow Avg Slow, 11:Snow Light Slow, 12:Snow Thick Slow, 13:Snow Avg Slow, 14:Snow Light Slow
2025-12-06 21:45:36 [INFO] show_bridge -     Layer 2 (global 53) 'Effects' role=effects -> 1:None, 2:Edge Detection, 3:Bloom, 4:Posterize, 5:Noisy, 6:Acuarela, 7:Mirror Quad, 8:Flip, 9:Vertical Noise Glow
2025-12-06 21:45:36 [INFO] show_bridge -     Layer 3 (global 54) 'Transforms' role=transforms -> 1:None, 2:None, 3:Feedback Controller, 4:Kaleidoscope, 5:Flip
2025-12-06 21:45:36 [INFO] show_bridge -     Layer 4 (global 55) 'Color' role=colors -> 1:None, 2:None, 3:Hue Rotate, 4:Reds, 5:Teals, 6:Cyans, 7:Blues, 8:Purples, 9:Grayscale, 10:White, 11:Dull, 12:Rainbow
2025-12-06 21:45:36 [INFO] show_bridge -   Group 10 'Routing Group' (APC=-)
2025-12-06 21:45:36 [INFO] show_bridge -     Layer 0 (global 56) 'OSC Transport Beat' role=- -> 1:OSC Transport Beat, 2:OSC Transport Beat
2025-12-06 21:45:36 [INFO] show_bridge -     Layer 1 (global 57) 'Test Router' role=routing -> 1:Video Router, 2:Video Router
2025-12-06 21:45:36 [INFO] show_bridge -     Layer 2 (global 58) 'Synestesia Router' role=routing -> 1:Video Router, 2:Video Router
2025-12-06 21:45:36 [INFO] show_bridge -     Layer 3 (global 59) 'Wireframe Router' role=routing -> 1:Video Router, 2:Video Router
2025-12-06 21:45:36 [INFO] show_bridge -     Layer 4 (global 60) 'Brick Router' role=routing -> 1:Video Router, 2:Video Router
2025-12-06 21:45:36 [INFO] show_bridge -     Layer 5 (global 61) 'Mix Router' role=routing -> 1:Video Router, 2:Video Router
2025-12-06 21:45:36 [INFO] show_bridge -     Layer 6 (global 62) 'Windows Router' role=routing -> 1:Video Router, 2:Video Router
2025-12-06 21:45:36 [INFO] show_bridge -     Layer 7 (global 63) 'Columns Router' role=routing -> 1:Video Router, 2:Video Router
2025-12-06 21:45:36 [INFO] show_bridge -     Layer 8 (global 64) 'Lights Router' role=routing -> 1:Video Router, 2:Video Router
2025-12-06 21:45:36 [INFO] show_bridge -     Layer 9 (global 65) 'Snow Router' role=routing -> 1:Video Router, 2:Video Router
2025-12-06 21:45:36 [INFO] show_bridge - [OSC] Using Resolume OSC at 127.0.0.1:7000
2025-12-06 21:45:36 [INFO] show_bridge - [OSC] Using show_bridge OSC at 127.0.0.1:13001 for state broadcasts
2025-12-06 21:45:36 [INFO] show_bridge - [SYN] Using Synesthesia OSC at 127.0.0.1:12001
2025-12-06 21:45:36 [INFO] show_bridge - 
Using input:  Akai APC40 2
2025-12-06 21:45:36 [INFO] show_bridge - Using output: Akai APC40 3
2025-12-06 21:45:38 [INFO] show_bridge.state - [RESOLUME] Loaded composition 'Snow Place 2025' with 11 groups.
2025-12-06 21:45:38 [INFO] show_bridge.state - [DEBUG] Composition 'Snow Place 2025' column layout:
2025-12-06 21:45:38 [INFO] show_bridge.state -   Group 0 'Test Group' (APC=-)
2025-12-06 21:45:38 [INFO] show_bridge.state -     Layer 0 (global 0) 'Reference Images' role=- -> 2:Full Building Perspective Corrected, 3:OSC Transport Beat
2025-12-06 21:45:38 [INFO] show_bridge.state -     Layer 1 (global 1) 'Test Patterns' role=- -> 2:All Area 2, 3:Mix 1, 4:Checkered, 5:Test Card, 6:All Area Wireframe 1, 7:All Area Wireframe 2, 8:WAAT Test Card
2025-12-06 21:45:38 [INFO] show_bridge.state -   Group 1 'Internal Videos' (APC=-)
2025-12-06 21:45:38 [INFO] show_bridge.state -     Layer 0 (global 2) 'Layer #' role=- -> 
2025-12-06 21:45:38 [INFO] show_bridge.state -     Layer 1 (global 3) 'FFT Fills' role=fills -> 
2025-12-06 21:45:38 [INFO] show_bridge.state -     Layer 2 (global 4) 'Full Stage Effects' role=effects -> 2:Edge Detection, 3:Noisy, 4:Shift Glitch, 5:Acuarela, 6:Mirror Quad, 7:Infinite Zoom, 8:Bloom, 9:Hatched, 10:Dither, 12:Posterize
2025-12-06 21:45:38 [INFO] show_bridge.state -     Layer 3 (global 5) 'Full Stage Colors' role=colors -> 2:No Changes, 3:Reds, 4:Oranges, 5:Yellows, 6:Limes, 7:Greens, 8:Teals, 9:Cyans, 10:Blues, 11:Purples, 12:Magentas, 13:Pinks, 14:Grayscale, 15:White, 16:Dull, 17:Rainbow, 18:Inferno, 19:Plasma, 20:Viridis, 21:Clockwork Orange, 22:Warhol, 23:Mona Lisa, 24:Salmon, 25:Purple Rain
2025-12-06 21:45:38 [INFO] show_bridge.state -     Layer 4 (global 6) 'Stage Masks' role=static_masks -> 1:Solid Color, 2:Mask Randomizer, 3:All Area 2, 4:Big Window, 5:Brick Face, 6:Column Tops and Bottoms, 7:Columns, 8:Door, 9:Mix 1, 10:Roof Circle, 11:Roof Crown, 12:Roof Peak, 13:Roof Trim, 14:Windows Columns Door, 15:Windows, 16:Lights
2025-12-06 21:45:38 [INFO] show_bridge.state -   Group 2 'Synestesia' (APC=8)
2025-12-06 21:45:38 [INFO] show_bridge.state -     Layer 0 (global 7) 'Fills 1' role=fills -> 2:None, 4:Synesthesia Soft Flip, 5:Synesthesia Mirror
2025-12-06 21:45:38 [INFO] show_bridge.state -     Layer 1 (global 8) 'Effects' role=effects -> 1:None, 2:None, 3:Edge Detection, 4:Noisy, 5:Shift Glitch, 6:Acuarela, 7:Mirror Quad, 8:Infinite Zoom, 9:Bloom, 10:Hatched, 11:Dither, 12:Posterize, 13:Dot Screen, 14:Dither Dots, 15:Edge Dots, 16:Rainbow LEDs
2025-12-06 21:45:38 [INFO] show_bridge.state -     Layer 2 (global 9) 'Colors' role=colors -> 1:None, 2:None, 3:Grayscale, 4:White, 5:Reds, 6:Oranges, 7:Yellows, 8:Limes, 9:Greens, 10:Teals, 11:Cyans, 12:Blues, 13:Purples, 14:Magentas, 15:Pinks, 16:Dull, 17:Rainbow, 18:Inferno, 19:Plasma, 20:Viridis, 21:Clockwork Orange, 22:Mona Lisa, 23:Salmon, 24:Purple Rain
2025-12-06 21:45:38 [INFO] show_bridge.state -     Layer 3 (global 10) 'Static Masks' role=static_masks -> 1:None, 2:Solid Color, 3:Mask Randomizer, 4:All Area 2, 5:Big Window, 6:Brick Face, 7:Column Tops and Bottoms, 8:Columns, 9:Door, 10:Mix 1, 11:Roof Circle, 12:Roof Crown, 13:Roof Peak, 14:Roof Trim, 15:Windows Columns Door, 16:Windows, 17:Lights
2025-12-06 21:45:38 [INFO] show_bridge.state -   Group 3 'Wireframe' (APC=7)
2025-12-06 21:45:38 [INFO] show_bridge.state -     Layer 0 (global 11) 'Fills 1' role=fills -> 2:None, 3:all_wireframe_noisefill_full_C1, 4:all_wireframe_noisefill_full_turb_C1, 5:all_wireframe_noisefill_narrow_B1, 6:all_wireframe_noisefill_narrow_C1, 7:all_wireframe_noisefill_narrow_W1, 8:all_wireframe_noisefill_shape_bands_C1, 9:all_wireframe_noisefill_shape_C1, 10:all_wireframe_noisefill_wide_B1, 11:all_wireframe_noisefill_wide_W1, 12:all_wireframe_pointfill_wide_C1, 13:all_wireframe_pointfill_wide_C2
2025-12-06 21:45:38 [INFO] show_bridge.state -     Layer 1 (global 12) 'Fills 2' role=fills -> 2:None, 3:all_wireframe_noisefill_full_C1, 4:all_wireframe_noisefill_full_turb_C1, 5:all_wireframe_noisefill_narrow_B1, 6:all_wireframe_noisefill_narrow_C1, 7:all_wireframe_noisefill_narrow_W1, 8:all_wireframe_noisefill_shape_bands_C1, 9:all_wireframe_noisefill_shape_C1, 10:all_wireframe_noisefill_wide_B1, 11:all_wireframe_noisefill_wide_W1, 12:all_wireframe_pointfill_wide_C1, 13:all_wireframe_pointfill_wide_C2
2025-12-06 21:45:38 [INFO] show_bridge.state -     Layer 2 (global 13) 'Static Masks' role=static_masks -> 2:None, 3:Mix 1, 4:All Area 2, 5:Windows Columns Door, 6:Windows, 7:Lights, 8:Columns
2025-12-06 21:45:38 [INFO] show_bridge.state -     Layer 3 (global 14) 'Dynamic Masks' role=dynamic_masks -> 2:None, 3:Radial Circle 1, 4:Radial Circle 2, 5:Radial Circle 3, 6:Radial Square 1, 7:Radial Square 2, 8:Radial Square 3
2025-12-06 21:45:38 [INFO] show_bridge.state -     Layer 4 (global 15) 'Colors' role=colors -> 1:None, 2:None, 3:Grayscale, 4:White, 5:Reds, 6:Oranges, 7:Yellows, 8:Limes, 9:Greens, 10:Teals, 11:Cyans, 12:Blues, 13:Purples, 14:Magentas, 15:Pinks, 16:Dull, 17:Rainbow, 18:Inferno, 19:Plasma, 20:Viridis, 21:Clockwork Orange, 22:Mona Lisa, 23:Salmon, 24:Purple Rain
2025-12-06 21:45:38 [INFO] show_bridge.state -     Layer 5 (global 16) 'Effects' role=effects -> 1:None, 2:None, 3:Edge Detection, 4:Noisy, 5:Shift Glitch, 6:Acuarela, 7:Mirror Quad, 8:Infinite Zoom, 9:Bloom, 10:Hatched, 11:Dither, 12:Posterize, 13:Dot Screen, 14:Dither Dots, 15:Edge Dots, 16:Rainbow LEDs
2025-12-06 21:45:38 [INFO] show_bridge.state -     Layer 6 (global 17) 'Transforms' role=transforms -> 1:None, 2:None, 3:Rotate Blur, 4:Particle System, 5:Displace, 6:Kaleidoscope, 7:TAS Turbulent, 8:TAS Turbulent, 9:TAS Turbulent Edges, 10:TAS Sine Transform, 11:TAS Slider Tile
2025-12-06 21:45:38 [INFO] show_bridge.state -   Group 4 'Brick' (APC=6)
2025-12-06 21:45:38 [INFO] show_bridge.state -     Layer 0 (global 18) 'Fills 1' role=fills -> 2:None, 3:brick_noisefill_full_C1, 4:brick_noisefill_full_turb_C1, 5:brick_noisefill_narrow_B1, 6:brick_noisefill_narrow_C1, 7:brick_noisefill_narrow_W1, 8:brick_noisefill_shape_bands_C1, 9:brick_noisefill_shape_C1, 10:brick_noisefill_wide_B1, 11:brick_noisefill_wide_W1, 12:brick_pointfill_wide_C1, 13:brick_pointfill_wide_C2
2025-12-06 21:45:38 [INFO] show_bridge.state -     Layer 1 (global 19) 'Fills 2' role=fills -> 2:None, 3:brick_noisefill_full_C1, 4:brick_noisefill_full_turb_C1, 5:brick_noisefill_narrow_B1, 6:brick_noisefill_narrow_C1, 7:brick_noisefill_narrow_W1, 8:brick_noisefill_shape_bands_C1, 9:brick_noisefill_shape_C1, 10:brick_noisefill_wide_B1, 11:brick_noisefill_wide_W1, 12:brick_pointfill_wide_C1, 13:brick_pointfill_wide_C2
2025-12-06 21:45:38 [INFO] show_bridge.state -     Layer 2 (global 20) 'Static Masks' role=static_masks -> 2:None, 3:Mix 1, 4:All Area 2, 5:Windows Columns Door, 6:Windows, 7:Lights, 8:Columns
2025-12-06 21:45:38 [INFO] show_bridge.state -     Layer 3 (global 21) 'Dynamic Masks' role=dynamic_masks -> 2:None, 3:Radial Circle 1, 4:Radial Circle 2, 5:Radial Circle 3, 6:Radial Square 1, 7:Radial Square 2, 8:Radial Square 3
2025-12-06 21:45:38 [INFO] show_bridge.state -     Layer 4 (global 22) 'Colors' role=colors -> 1:None, 2:None, 3:Grayscale, 4:White, 5:Reds, 6:Oranges, 7:Yellows, 8:Limes, 9:Greens, 10:Teals, 11:Cyans, 12:Blues, 13:Purples, 14:Magentas, 15:Pinks, 16:Dull, 17:Rainbow, 18:Inferno, 19:Plasma, 20:Viridis, 21:Clockwork Orange, 22:Warhol, 23:Mona Lisa, 24:Salmon, 25:Purple Rain
2025-12-06 21:45:38 [INFO] show_bridge.state -     Layer 5 (global 23) 'Effects' role=effects -> 1:None, 2:None, 3:Edge Detection, 4:Noisy, 5:Shift Glitch, 6:Acuarela, 7:Mirror Quad, 8:Infinite Zoom, 9:Bloom, 10:Hatched, 11:Dither, 12:Posterize, 13:Dot Screen, 14:Dither Dots, 15:Edge Dots, 16:Rainbow LEDs
2025-12-06 21:45:38 [INFO] show_bridge.state -     Layer 6 (global 24) 'Transforms' role=transforms -> 1:None, 2:None, 3:Rotate Blur, 4:Particle System, 5:Displace, 6:Kaleidoscope, 7:TAS Turbulent, 8:TAS Turbulent, 9:TAS Turbulent Edges, 10:TAS Sine Transform, 11:TAS Slider Tile
2025-12-06 21:45:38 [INFO] show_bridge.state -   Group 5 'Mix' (APC=5)
2025-12-06 21:45:38 [INFO] show_bridge.state -     Layer 0 (global 25) 'Fills 1' role=fills -> 2:None, 3:mix_1_noisefill_full_C1, 4:mix_1_noisefill_full_turb_C1, 5:mix_1_noisefill_narrow_B1, 6:mix_1_noisefill_narrow_C1, 7:mix_1_noisefill_narrow_W1, 8:mix_1_noisefill_shape_bands_C1, 9:mix_1_noisefill_shape_C1, 10:mix_1_noisefill_wide_B1, 11:mix_1_noisefill_wide_W1, 12:mix_1_pointfill_wide_C1, 13:mix_1_pointfill_wide_C2
2025-12-06 21:45:38 [INFO] show_bridge.state -     Layer 1 (global 26) 'Fills 2' role=fills -> 2:None, 3:mix_1_noisefill_full_C1, 4:mix_1_noisefill_full_turb_C1, 5:mix_1_noisefill_narrow_B1, 6:mix_1_noisefill_narrow_C1, 7:mix_1_noisefill_narrow_W1, 8:mix_1_noisefill_shape_bands_C1, 9:mix_1_noisefill_shape_C1, 10:mix_1_noisefill_wide_B1, 11:mix_1_noisefill_wide_W1, 12:mix_1_pointfill_wide_C1, 13:mix_1_pointfill_wide_C2
2025-12-06 21:45:38 [INFO] show_bridge.state -     Layer 2 (global 27) 'Static Masks' role=static_masks -> 2:None, 3:Mask Randomizer, 4:Mask Randomizer 2
2025-12-06 21:45:38 [INFO] show_bridge.state -     Layer 3 (global 28) 'Dynamic Masks' role=dynamic_masks -> 2:None, 3:Radial Circle 1, 4:Radial Circle 2, 5:Radial Circle 3, 6:Radial Square 1, 7:Radial Square 2, 8:Radial Square 3
2025-12-06 21:45:38 [INFO] show_bridge.state -     Layer 4 (global 29) 'Colors' role=colors -> 1:None, 2:None, 3:Grayscale, 4:White, 5:Reds, 6:Oranges, 7:Yellows, 8:Limes, 9:Greens, 10:Teals, 11:Cyans, 12:Blues, 13:Purples, 14:Magentas, 15:Pinks, 16:Dull, 17:Rainbow, 18:Inferno, 19:Plasma, 20:Viridis, 21:Clockwork Orange, 23:Mona Lisa, 24:Salmon, 25:Purple Rain
2025-12-06 21:45:38 [INFO] show_bridge.state -     Layer 5 (global 30) 'Effects' role=effects -> 1:None, 2:None, 3:Edge Detection, 4:Noisy, 5:Shift Glitch, 6:Acuarela, 7:Mirror Quad, 8:Infinite Zoom, 9:Bloom, 10:Hatched, 11:Dither, 12:Posterize, 13:Dot Screen, 14:Dither Dots, 15:Edge Dots, 16:Rainbow LEDs
2025-12-06 21:45:38 [INFO] show_bridge.state -     Layer 6 (global 31) 'Transforms' role=transforms -> 1:None, 2:None, 3:Rotate Blur, 4:Particle System, 5:Displace, 6:Kaleidoscope, 7:TAS Turbulent, 8:TAS Turbulent, 9:TAS Turbulent Edges, 10:TAS Sine Transform, 11:TAS Slider Tile
2025-12-06 21:45:38 [INFO] show_bridge.state -   Group 6 'Windows' (APC=4)
2025-12-06 21:45:38 [INFO] show_bridge.state -     Layer 0 (global 32) 'Fills 1' role=fills -> 2:None, 3:windows_noisefill_full_C1, 4:windows_noisefill_full_turb_C1, 5:windows_noisefill_narrow_B1, 6:windows_noisefill_narrow_C1, 7:windows_noisefill_narrow_W1, 8:windows_noisefill_shape_bands_C1, 9:windows_noisefill_shape_C1, 10:windows_noisefill_wide_B1, 11:windows_noisefill_wide_W1, 12:windows_pointfill_wide_C1, 13:windows_pointfill_wide_C2
2025-12-06 21:45:38 [INFO] show_bridge.state -     Layer 1 (global 33) 'Fills 2' role=fills -> 2:None, 3:windows_noisefill_full_C1, 4:windows_noisefill_full_turb_C1, 5:windows_noisefill_narrow_B1, 6:windows_noisefill_narrow_C1, 7:windows_noisefill_narrow_W1, 8:windows_noisefill_shape_bands_C1, 9:windows_noisefill_shape_C1, 10:windows_noisefill_wide_B1, 11:windows_noisefill_wide_W1, 12:windows_pointfill_wide_C1, 13:windows_pointfill_wide_C2
2025-12-06 21:45:38 [INFO] show_bridge.state -     Layer 2 (global 34) 'Dynamic Masks' role=dynamic_masks -> 2:None, 3:Radial Circle 1, 4:Radial Circle 2, 5:Radial Circle 3, 6:Radial Square 1, 7:Radial Square 2, 8:Radial Square 3
2025-12-06 21:45:38 [INFO] show_bridge.state -     Layer 3 (global 35) 'Colors' role=colors -> 1:None, 2:None, 3:Grayscale, 4:White, 5:Reds, 6:Oranges, 7:Yellows, 8:Limes, 9:Greens, 10:Teals, 11:Cyans, 12:Blues, 13:Purples, 14:Magentas, 15:Pinks, 16:Dull, 17:Rainbow, 18:Inferno, 19:Plasma, 20:Viridis, 21:Clockwork Orange, 23:Mona Lisa, 24:Salmon, 25:Purple Rain
2025-12-06 21:45:38 [INFO] show_bridge.state -     Layer 4 (global 36) 'Effects' role=effects -> 1:None, 2:None, 3:Edge Detection, 4:Noisy, 5:Shift Glitch, 6:Acuarela, 7:Mirror Quad, 8:Infinite Zoom, 9:Bloom, 10:Hatched, 11:Dither, 12:Posterize, 13:Dot Screen, 14:Dither Dots, 15:Edge Dots, 16:Rainbow LEDs
2025-12-06 21:45:38 [INFO] show_bridge.state -     Layer 5 (global 37) 'Transforms' role=transforms -> 1:None, 2:None, 3:Rotate Blur, 4:Particle System, 5:Displace, 6:Kaleidoscope, 7:TAS Turbulent, 8:TAS Turbulent, 9:TAS Turbulent Edges, 10:TAS Sine Transform, 11:TAS Slider Tile
2025-12-06 21:45:38 [INFO] show_bridge.state -   Group 7 'Columns' (APC=3)
2025-12-06 21:45:38 [INFO] show_bridge.state -     Layer 0 (global 38) 'Fills 1' role=fills -> 2:None, 3:columns_noisefill_full_C1, 4:columns_noisefill_full_turb_C1, 5:columns_noisefill_narrow_B1, 6:columns_noisefill_narrow_C1, 7:columns_noisefill_narrow_W1, 8:columns_noisefill_shape_bands_C1, 9:columns_noisefill_shape_C1, 10:columns_noisefill_wide_B1, 11:columns_noisefill_wide_W1, 12:columns_pointfill_wide_C1, 13:columns_pointfill_wide_C2
2025-12-06 21:45:38 [INFO] show_bridge.state -     Layer 1 (global 39) 'Fills 2' role=fills -> 2:None, 3:columns_noisefill_full_C1, 4:columns_noisefill_full_turb_C1, 5:columns_noisefill_narrow_B1, 6:columns_noisefill_narrow_C1, 7:columns_noisefill_narrow_W1, 8:columns_noisefill_shape_bands_C1, 9:columns_noisefill_shape_C1, 10:columns_noisefill_wide_B1, 11:columns_noisefill_wide_W1, 12:columns_pointfill_wide_C1, 13:columns_pointfill_wide_C2
2025-12-06 21:45:38 [INFO] show_bridge.state -     Layer 2 (global 40) 'Static Masks' role=static_masks -> 2:None, 3:Mix 1, 4:All Area 2, 5:Windows Columns Door, 6:Windows, 7:Lights, 8:Columns
2025-12-06 21:45:38 [INFO] show_bridge.state -     Layer 3 (global 41) 'Dynamic Masks' role=dynamic_masks -> 2:None, 3:Radial Circle 1, 4:Radial Circle 2, 5:Radial Circle 3, 6:Radial Square 1, 7:Radial Square 2, 8:Radial Square 3
2025-12-06 21:45:38 [INFO] show_bridge.state -     Layer 4 (global 42) 'Colors' role=colors -> 1:None, 2:None, 3:Grayscale, 4:White, 5:Reds, 6:Oranges, 7:Yellows, 8:Limes, 9:Greens, 10:Teals, 11:Cyans, 12:Blues, 13:Purples, 14:Magentas, 15:Pinks, 16:Dull, 17:Rainbow, 18:Inferno, 19:Plasma, 20:Viridis, 21:Clockwork Orange, 22:Mona Lisa, 23:Salmon, 24:Purple Rain
2025-12-06 21:45:38 [INFO] show_bridge.state -     Layer 5 (global 43) 'Effects' role=effects -> 1:None, 2:None, 3:Edge Detection, 4:Noisy, 5:Shift Glitch, 6:Acuarela, 7:Mirror Quad, 8:Infinite Zoom, 9:Bloom, 10:Hatched, 11:Dither, 12:Posterize, 13:Dot Screen, 14:Dither Dots, 15:Edge Dots, 16:Rainbow LEDs
2025-12-06 21:45:38 [INFO] show_bridge.state -     Layer 6 (global 44) 'Transforms' role=transforms -> 1:None, 2:None, 3:Rotate Blur, 4:Particle System, 5:Displace, 6:Kaleidoscope, 7:TAS Turbulent, 8:TAS Turbulent, 9:TAS Turbulent Edges, 10:TAS Sine Transform, 11:TAS Slider Tile
2025-12-06 21:45:38 [INFO] show_bridge.state -   Group 8 'Lights' (APC=2)
2025-12-06 21:45:38 [INFO] show_bridge.state -     Layer 0 (global 45) 'Fills 1' role=fills -> 2:None, 3:mix_1_noisefill_full_C1, 4:mix_1_noisefill_full_turb_C1, 5:mix_1_noisefill_narrow_B1, 6:mix_1_noisefill_narrow_C1, 7:mix_1_noisefill_narrow_W1, 8:mix_1_noisefill_shape_bands_C1, 9:mix_1_noisefill_shape_C1, 10:mix_1_noisefill_wide_B1, 11:mix_1_noisefill_wide_W1, 12:mix_1_pointfill_wide_C1, 13:mix_1_pointfill_wide_C2
2025-12-06 21:45:38 [INFO] show_bridge.state -     Layer 1 (global 46) 'Fills 2' role=fills -> 2:None, 3:mix_1_noisefill_full_C1, 4:mix_1_noisefill_full_turb_C1, 5:mix_1_noisefill_narrow_B1, 6:mix_1_noisefill_narrow_C1, 7:mix_1_noisefill_narrow_W1, 8:mix_1_noisefill_shape_bands_C1, 9:mix_1_noisefill_shape_C1, 10:mix_1_noisefill_wide_B1, 11:mix_1_noisefill_wide_W1, 12:mix_1_pointfill_wide_C1, 13:mix_1_pointfill_wide_C2
2025-12-06 21:45:38 [INFO] show_bridge.state -     Layer 2 (global 47) 'Dynamic Masks' role=dynamic_masks -> 1:None, 2:None, 3:Radial Circle 1, 4:Radial Circle 2, 5:Radial Circle 3, 6:Radial Square 1, 7:Radial Square 2, 8:Radial Square 3
2025-12-06 21:45:38 [INFO] show_bridge.state -     Layer 3 (global 48) 'Colors' role=colors -> 1:None, 2:None, 3:Grayscale, 4:White, 5:Reds, 6:Oranges, 7:Yellows, 8:Limes, 9:Greens, 10:Teals, 11:Cyans, 12:Blues, 13:Purples, 14:Magentas, 15:Pinks, 16:Dull, 17:Rainbow, 18:Inferno, 19:Plasma, 20:Viridis, 21:Clockwork Orange, 22:Mona Lisa, 23:Salmon, 24:Purple Rain, 25:Purple Rain, 26:Purple Rain
2025-12-06 21:45:38 [INFO] show_bridge.state -     Layer 4 (global 49) 'Effects' role=effects -> 1:None, 2:None, 3:Edge Detection, 4:Noisy, 5:Shift Glitch, 6:Acuarela, 7:Mirror Quad, 8:Infinite Zoom, 9:Bloom, 10:Hatched, 11:Dither, 12:Posterize, 13:Dot Screen, 14:Dither Dots, 15:Edge Dots, 16:Rainbow LEDs
2025-12-06 21:45:38 [INFO] show_bridge.state -     Layer 5 (global 50) 'Transforms' role=transforms -> 1:None, 2:None, 3:Rotate Blur, 4:Particle System, 5:Displace, 6:Kaleidoscope, 7:TAS Turbulent, 8:TAS Turbulent, 9:TAS Turbulent Edges, 10:TAS Sine Transform, 11:TAS Slider Tile, 12:Feedback Down, 13:Feedback Perlin
2025-12-06 21:45:38 [INFO] show_bridge.state -   Group 9 'Snow' (APC=1)
2025-12-06 21:45:38 [INFO] show_bridge.state -     Layer 0 (global 51) 'Fills 1' role=fills -> 2:None, 3:Flakes Avg Change, 4:Flakes Avg Med, 5:Flakes Lots Med, 6:Snow Thick Med, 7:Snow Avg Med, 8:Snow Light Med, 9:Snow Thick Slow, 10:Snow Avg Slow, 11:Snow Light Slow, 12:Snow Thick Slow, 13:Snow Avg Slow, 14:Snow Light Slow
2025-12-06 21:45:38 [INFO] show_bridge.state -     Layer 1 (global 52) 'Fills 2' role=fills -> 2:None, 3:Flakes Avg Change, 4:Flakes Avg Med, 5:Flakes Lots Med, 6:Snow Thick Med, 7:Snow Avg Med, 8:Snow Light Med, 9:Snow Thick Slow, 10:Snow Avg Slow, 11:Snow Light Slow, 12:Snow Thick Slow, 13:Snow Avg Slow, 14:Snow Light Slow
2025-12-06 21:45:38 [INFO] show_bridge.state -     Layer 2 (global 53) 'Effects' role=effects -> 1:None, 2:Edge Detection, 3:Bloom, 4:Posterize, 5:Noisy, 6:Acuarela, 7:Mirror Quad, 8:Flip, 9:Vertical Noise Glow
2025-12-06 21:45:38 [INFO] show_bridge.state -     Layer 3 (global 54) 'Transforms' role=transforms -> 1:None, 2:None, 3:Feedback Controller, 4:Kaleidoscope, 5:Flip
2025-12-06 21:45:38 [INFO] show_bridge.state -     Layer 4 (global 55) 'Color' role=colors -> 1:None, 2:None, 3:Hue Rotate, 4:Reds, 5:Teals, 6:Cyans, 7:Blues, 8:Purples, 9:Grayscale, 10:White, 11:Dull, 12:Rainbow
2025-12-06 21:45:38 [INFO] show_bridge.state -   Group 10 'Routing Group' (APC=-)
2025-12-06 21:45:38 [INFO] show_bridge.state -     Layer 0 (global 56) 'OSC Transport Beat' role=- -> 1:OSC Transport Beat, 2:OSC Transport Beat
2025-12-06 21:45:38 [INFO] show_bridge.state -     Layer 1 (global 57) 'Test Router' role=routing -> 1:Video Router, 2:Video Router
2025-12-06 21:45:38 [INFO] show_bridge.state -     Layer 2 (global 58) 'Synestesia Router' role=routing -> 1:Video Router, 2:Video Router
2025-12-06 21:45:38 [INFO] show_bridge.state -     Layer 3 (global 59) 'Wireframe Router' role=routing -> 1:Video Router, 2:Video Router
2025-12-06 21:45:38 [INFO] show_bridge.state -     Layer 4 (global 60) 'Brick Router' role=routing -> 1:Video Router, 2:Video Router
2025-12-06 21:45:38 [INFO] show_bridge.state -     Layer 5 (global 61) 'Mix Router' role=routing -> 1:Video Router, 2:Video Router
2025-12-06 21:45:38 [INFO] show_bridge.state -     Layer 6 (global 62) 'Windows Router' role=routing -> 1:Video Router, 2:Video Router
2025-12-06 21:45:38 [INFO] show_bridge.state -     Layer 7 (global 63) 'Columns Router' role=routing -> 1:Video Router, 2:Video Router
2025-12-06 21:45:38 [INFO] show_bridge.state -     Layer 8 (global 64) 'Lights Router' role=routing -> 1:Video Router, 2:Video Router
2025-12-06 21:45:38 [INFO] show_bridge.state -     Layer 9 (global 65) 'Snow Router' role=routing -> 1:Video Router, 2:Video Router
2025-12-06 21:45:38 [INFO] show_bridge.state - [OSC] Using Resolume OSC at 127.0.0.1:7000
2025-12-06 21:45:38 [INFO] show_bridge.state - [OSC] Using show_bridge OSC at 127.0.0.1:13001 for state broadcasts
2025-12-06 21:45:38 [INFO] show_bridge.state - [SYN] Using Synesthesia OSC at 127.0.0.1:12001
2025-12-06 21:45:38 [INFO] show_bridge.state - [SYN] Synesthesia mapped to APC group 8 (internal group_idx=7)
2025-12-06 21:45:38 [INFO] show_bridge.state - [ROUTING] Mapped routing layers:
2025-12-06 21:45:38 [INFO] show_bridge.state - [RESOLUME] Attached composition 'Snow Place 2025' with 11 groups.
2025-12-06 21:45:38 [INFO] show_bridge.state -   APC group 8: roles -> fills(1), effects(1), colors(1), static_masks(1)
2025-12-06 21:45:38 [INFO] show_bridge.state -   APC group 7: roles -> fills(2), static_masks(1), dynamic_masks(1), colors(1), effects(1), transforms(1)
2025-12-06 21:45:38 [INFO] show_bridge.state -   APC group 6: roles -> fills(2), static_masks(1), dynamic_masks(1), colors(1), effects(1), transforms(1)
2025-12-06 21:45:38 [INFO] show_bridge.state -   APC group 5: roles -> fills(2), static_masks(1), dynamic_masks(1), colors(1), effects(1), transforms(1)
2025-12-06 21:45:38 [INFO] show_bridge.state -   APC group 4: roles -> fills(2), dynamic_masks(1), colors(1), effects(1), transforms(1)
2025-12-06 21:45:38 [INFO] show_bridge.state -   APC group 3: roles -> fills(2), static_masks(1), dynamic_masks(1), colors(1), effects(1), transforms(1)
2025-12-06 21:45:38 [INFO] show_bridge.state -   APC group 2: roles -> fills(2), dynamic_masks(1), colors(1), effects(1), transforms(1)
2025-12-06 21:45:38 [INFO] show_bridge.state -   APC group 1: roles -> fills(2), effects(1), transforms(1), colors(1)
2025-12-06 21:45:38 [INFO] show_bridge.state - [INIT] Syncing with composition...
2025-12-06 21:45:38 [INFO] show_bridge.state - [INIT] Layer 0 'Reference Images' col=1 -> ON=False
2025-12-06 21:45:38 [INFO] show_bridge.state - [INIT] Layer 1 'Test Patterns' col=1 -> ON=False
2025-12-06 21:45:38 [INFO] show_bridge.state - [INIT] Layer 2 'Layer #' col=1 -> ON=False
2025-12-06 21:45:38 [INFO] show_bridge.state - [INIT] Layer 3 'FFT Fills' col=1 -> ON=False
2025-12-06 21:45:38 [INFO] show_bridge.state - [INIT] Layer 4 'Full Stage Effects' col=1 -> ON=False
2025-12-06 21:45:38 [INFO] show_bridge.state - [INIT] Layer 5 'Full Stage Colors' col=1 -> ON=False
2025-12-06 21:45:38 [INFO] show_bridge.state - [INIT] Layer 6 'Stage Masks' col=1 -> ON=False
2025-12-06 21:45:38 [INFO] show_bridge.state - [INIT] Layer 7 'Fills 1' col=1 -> ON=False
2025-12-06 21:45:38 [INFO] show_bridge.state - [INIT] Layer 8 'Effects' col=1 -> ON=False
2025-12-06 21:45:38 [INFO] show_bridge.state - [INIT] Layer 9 'Colors' col=1 -> ON=False
2025-12-06 21:45:38 [INFO] show_bridge.state - [INIT] Layer 10 'Static Masks' col=1 -> ON=False
2025-12-06 21:45:38 [INFO] show_bridge.state - [INIT] Layer 11 'Fills 1' col=1 -> ON=False
2025-12-06 21:45:38 [INFO] show_bridge.state - [INIT] Layer 12 'Fills 2' col=1 -> ON=False
2025-12-06 21:45:38 [INFO] show_bridge.state - [INIT] Layer 13 'Static Masks' col=1 -> ON=False
2025-12-06 21:45:38 [INFO] show_bridge.state - [INIT] Layer 14 'Dynamic Masks' col=1 -> ON=False
2025-12-06 21:45:38 [INFO] show_bridge.state - [INIT] Layer 15 'Colors' col=1 -> ON=False
2025-12-06 21:45:38 [INFO] show_bridge.state - [INIT] Layer 16 'Effects' col=1 -> ON=False
2025-12-06 21:45:38 [INFO] show_bridge.state - [INIT] Layer 17 'Transforms' col=1 -> ON=False
2025-12-06 21:45:38 [INFO] show_bridge.state - [INIT] Layer 18 'Fills 1' col=1 -> ON=False
2025-12-06 21:45:38 [INFO] show_bridge.state - [INIT] Layer 19 'Fills 2' col=1 -> ON=False
2025-12-06 21:45:38 [INFO] show_bridge.state - [INIT] Layer 20 'Static Masks' col=1 -> ON=False
2025-12-06 21:45:38 [INFO] show_bridge.state - [INIT] Layer 21 'Dynamic Masks' col=1 -> ON=False
2025-12-06 21:45:38 [INFO] show_bridge.state - [INIT] Layer 22 'Colors' col=1 -> ON=False
2025-12-06 21:45:38 [INFO] show_bridge.state - [INIT] Layer 23 'Effects' col=1 -> ON=False
2025-12-06 21:45:38 [INFO] show_bridge.state - [INIT] Layer 24 'Transforms' col=1 -> ON=False
2025-12-06 21:45:38 [INFO] show_bridge.state - [INIT] Layer 25 'Fills 1' col=1 -> ON=False
2025-12-06 21:45:38 [INFO] show_bridge.state - [INIT] Layer 26 'Fills 2' col=1 -> ON=False
2025-12-06 21:45:38 [INFO] show_bridge.state - [INIT] Layer 27 'Static Masks' col=1 -> ON=False
2025-12-06 21:45:38 [INFO] show_bridge.state - [INIT] Layer 28 'Dynamic Masks' col=1 -> ON=False
2025-12-06 21:45:38 [INFO] show_bridge.state - [INIT] Layer 29 'Colors' col=1 -> ON=False
2025-12-06 21:45:38 [INFO] show_bridge.state - [INIT] Layer 30 'Effects' col=1 -> ON=False
2025-12-06 21:45:38 [INFO] show_bridge.state - [INIT] Layer 31 'Transforms' col=1 -> ON=False
2025-12-06 21:45:38 [INFO] show_bridge.state - [INIT] Layer 32 'Fills 1' col=1 -> ON=False
2025-12-06 21:45:38 [INFO] show_bridge.state - [INIT] Layer 33 'Fills 2' col=1 -> ON=False
2025-12-06 21:45:38 [INFO] show_bridge.state - [INIT] Layer 34 'Dynamic Masks' col=1 -> ON=False
2025-12-06 21:45:38 [INFO] show_bridge.state - [INIT] Layer 35 'Colors' col=1 -> ON=False
2025-12-06 21:45:38 [INFO] show_bridge.state - [INIT] Layer 36 'Effects' col=1 -> ON=False
2025-12-06 21:45:38 [INFO] show_bridge.state - [INIT] Layer 37 'Transforms' col=1 -> ON=False
2025-12-06 21:45:38 [INFO] show_bridge.state - [INIT] Layer 38 'Fills 1' col=1 -> ON=False
2025-12-06 21:45:38 [INFO] show_bridge.state - [INIT] Layer 39 'Fills 2' col=1 -> ON=False
2025-12-06 21:45:38 [INFO] show_bridge.state - [INIT] Layer 40 'Static Masks' col=1 -> ON=False
2025-12-06 21:45:38 [INFO] show_bridge.state - [INIT] Layer 41 'Dynamic Masks' col=1 -> ON=False
2025-12-06 21:45:38 [INFO] show_bridge.state - [INIT] Layer 42 'Colors' col=1 -> ON=False
2025-12-06 21:45:38 [INFO] show_bridge.state - [INIT] Layer 43 'Effects' col=1 -> ON=False
2025-12-06 21:45:38 [INFO] show_bridge.state - [INIT] Layer 44 'Transforms' col=1 -> ON=False
2025-12-06 21:45:38 [INFO] show_bridge.state - [INIT] Layer 45 'Fills 1' col=1 -> ON=False
2025-12-06 21:45:38 [INFO] show_bridge.state - [INIT] Layer 46 'Fills 2' col=1 -> ON=False
2025-12-06 21:45:38 [INFO] show_bridge.state - [INIT] Layer 47 'Dynamic Masks' col=1 -> ON=False
2025-12-06 21:45:38 [INFO] show_bridge.state - [INIT] Layer 48 'Colors' col=1 -> ON=False
2025-12-06 21:45:38 [INFO] show_bridge.state - [INIT] Layer 49 'Effects' col=1 -> ON=False
2025-12-06 21:45:38 [INFO] show_bridge.state - [INIT] Layer 50 'Transforms' col=1 -> ON=False
2025-12-06 21:45:38 [INFO] show_bridge.state - [INIT] Layer 51 'Fills 1' col=1 -> ON=False
2025-12-06 21:45:38 [INFO] show_bridge.state - [INIT] Layer 52 'Fills 2' col=1 -> ON=False
2025-12-06 21:45:38 [INFO] show_bridge.state - [INIT] Layer 53 'Effects' col=1 -> ON=False
2025-12-06 21:45:38 [INFO] show_bridge.state - [INIT] Layer 54 'Transforms' col=1 -> ON=False
2025-12-06 21:45:38 [INFO] show_bridge.state - [INIT] Layer 55 'Color' col=1 -> ON=False
2025-12-06 21:45:38 [INFO] show_bridge.state - [INIT] Layer 56 'OSC Transport Beat' col=1 -> ON=False
2025-12-06 21:45:38 [INFO] show_bridge.state - [INIT] Layer 57 'Test Router' col=1 -> ON=False
2025-12-06 21:45:38 [INFO] show_bridge.state - [INIT] Layer 58 'Synestesia Router' col=1 -> ON=False
2025-12-06 21:45:38 [INFO] show_bridge.state - [INIT] Layer 59 'Wireframe Router' col=1 -> ON=False
2025-12-06 21:45:38 [INFO] show_bridge.state - [INIT] Layer 60 'Brick Router' col=1 -> ON=False
2025-12-06 21:45:38 [INFO] show_bridge.state - [INIT] Layer 61 'Mix Router' col=1 -> ON=False
2025-12-06 21:45:38 [INFO] show_bridge.state - [INIT] Layer 62 'Windows Router' col=1 -> ON=False
2025-12-06 21:45:38 [INFO] show_bridge.state - [INIT] Layer 63 'Columns Router' col=1 -> ON=False
2025-12-06 21:45:38 [INFO] show_bridge.state - [INIT] Layer 64 'Lights Router' col=1 -> ON=False
2025-12-06 21:45:38 [INFO] show_bridge.state - [INIT] Layer 65 'Snow Router' col=1 -> ON=False
2025-12-06 21:45:38 [INFO] show_bridge.state - [INIT] Group 8 -> playing=False, effects=False, transforms=False, dynamic_masks=False, color=False
2025-12-06 21:45:38 [INFO] show_bridge.state - [INIT] Group 7 -> playing=False, effects=False, transforms=False, dynamic_masks=False, color=False
2025-12-06 21:45:38 [INFO] show_bridge.state - [INIT] Group 6 -> playing=False, effects=False, transforms=False, dynamic_masks=False, color=False
2025-12-06 21:45:38 [INFO] show_bridge.state - [INIT] Group 5 -> playing=False, effects=False, transforms=False, dynamic_masks=False, color=False
2025-12-06 21:45:38 [INFO] show_bridge.state - [INIT] Group 4 -> playing=False, effects=False, transforms=False, dynamic_masks=False, color=False
2025-12-06 21:45:38 [INFO] show_bridge.state - [INIT] Group 3 -> playing=False, effects=False, transforms=False, dynamic_masks=False, color=False
2025-12-06 21:45:38 [INFO] show_bridge.state - [INIT] Group 2 -> playing=False, effects=False, transforms=False, dynamic_masks=False, color=False
2025-12-06 21:45:38 [INFO] show_bridge.state - [INIT] Group 1 -> playing=False, effects=False, transforms=False, dynamic_masks=False, color=False
2025-12-06 21:45:38 [INFO] show_bridge - [MONITOR] State monitoring HTTP server started on port 8765.
2025-12-06 21:47:53 [INFO] show_bridge.state - [STATE] Group 1 opacity -> 0.827
2025-12-06 21:47:53 [INFO] show_bridge.state - [OSC] Router opacity: layer=66, path=/composition/layers/66/video/opacity, value=0.827
2025-12-06 21:47:53 [INFO] show_bridge.state - [OSC] SEND /composition/layers/66/video/opacity 0.8267716535433071
2025-12-06 21:47:53 [INFO] show_bridge.state - [STATE] Group 1 opacity -> 0.803
2025-12-06 21:47:53 [INFO] show_bridge.state - [OSC] Router opacity: layer=66, path=/composition/layers/66/video/opacity, value=0.803
2025-12-06 21:47:53 [INFO] show_bridge.state - [OSC] SEND /composition/layers/66/video/opacity 0.8031496062992126
2025-12-06 21:47:53 [INFO] show_bridge.state - [STATE] Group 1 opacity -> 0.764
2025-12-06 21:47:53 [INFO] show_bridge.state - [OSC] Router opacity: layer=66, path=/composition/layers/66/video/opacity, value=0.764
2025-12-06 21:47:53 [INFO] show_bridge.state - [OSC] SEND /composition/layers/66/video/opacity 0.7637795275590551
2025-12-06 21:47:53 [INFO] show_bridge.state - [STATE] Group 1 opacity -> 0.732
2025-12-06 21:47:53 [INFO] show_bridge.state - [OSC] Router opacity: layer=66, path=/composition/layers/66/video/opacity, value=0.732
2025-12-06 21:47:53 [INFO] show_bridge.state - [OSC] SEND /composition/layers/66/video/opacity 0.7322834645669292
2025-12-06 21:47:53 [INFO] show_bridge.state - [STATE] Group 1 opacity -> 0.701
2025-12-06 21:47:53 [INFO] show_bridge.state - [OSC] Router opacity: layer=66, path=/composition/layers/66/video/opacity, value=0.701
2025-12-06 21:47:53 [INFO] show_bridge.state - [OSC] SEND /composition/layers/66/video/opacity 0.7007874015748031
2025-12-06 21:47:53 [INFO] show_bridge.state - [STATE] Group 1 opacity -> 0.669
2025-12-06 21:47:53 [INFO] show_bridge.state - [OSC] Router opacity: layer=66, path=/composition/layers/66/video/opacity, value=0.669
2025-12-06 21:47:53 [INFO] show_bridge.state - [OSC] SEND /composition/layers/66/video/opacity 0.6692913385826772
2025-12-06 21:47:53 [INFO] show_bridge.state - [STATE] Group 1 opacity -> 0.646
2025-12-06 21:47:53 [INFO] show_bridge.state - [OSC] Router opacity: layer=66, path=/composition/layers/66/video/opacity, value=0.646
2025-12-06 21:47:53 [INFO] show_bridge.state - [OSC] SEND /composition/layers/66/video/opacity 0.6456692913385826
2025-12-06 21:47:53 [INFO] show_bridge.state - [STATE] Group 1 opacity -> 0.622
2025-12-06 21:47:53 [INFO] show_bridge.state - [OSC] Router opacity: layer=66, path=/composition/layers/66/video/opacity, value=0.622
2025-12-06 21:47:53 [INFO] show_bridge.state - [OSC] SEND /composition/layers/66/video/opacity 0.6220472440944882
2025-12-06 21:47:53 [INFO] show_bridge.state - [STATE] Group 1 opacity -> 0.606
2025-12-06 21:47:53 [INFO] show_bridge.state - [OSC] Router opacity: layer=66, path=/composition/layers/66/video/opacity, value=0.606
2025-12-06 21:47:53 [INFO] show_bridge.state - [OSC] SEND /composition/layers/66/video/opacity 0.6062992125984252
2025-12-06 21:47:53 [INFO] show_bridge.state - [STATE] Group 1 opacity -> 0.567
2025-12-06 21:47:53 [INFO] show_bridge.state - [OSC] Router opacity: layer=66, path=/composition/layers/66/video/opacity, value=0.567
2025-12-06 21:47:53 [INFO] show_bridge.state - [OSC] SEND /composition/layers/66/video/opacity 0.5669291338582677
2025-12-06 21:47:53 [INFO] show_bridge.state - [STATE] Group 1 opacity -> 0.551
2025-12-06 21:47:53 [INFO] show_bridge.state - [OSC] Router opacity: layer=66, path=/composition/layers/66/video/opacity, value=0.551
2025-12-06 21:47:53 [INFO] show_bridge.state - [OSC] SEND /composition/layers/66/video/opacity 0.5511811023622047
2025-12-06 21:47:53 [INFO] show_bridge.state - [STATE] Group 1 opacity -> 0.535
2025-12-06 21:47:53 [INFO] show_bridge.state - [OSC] Router opacity: layer=66, path=/composition/layers/66/video/opacity, value=0.535
2025-12-06 21:47:53 [INFO] show_bridge.state - [OSC] SEND /composition/layers/66/video/opacity 0.5354330708661418
2025-12-06 21:47:53 [INFO] show_bridge.state - [STATE] Group 1 opacity -> 0.520
2025-12-06 21:47:53 [INFO] show_bridge.state - [OSC] Router opacity: layer=66, path=/composition/layers/66/video/opacity, value=0.520
2025-12-06 21:47:53 [INFO] show_bridge.state - [OSC] SEND /composition/layers/66/video/opacity 0.5196850393700787
2025-12-06 21:47:53 [INFO] show_bridge.state - [STATE] Group 1 opacity -> 0.504
2025-12-06 21:47:53 [INFO] show_bridge.state - [OSC] Router opacity: layer=66, path=/composition/layers/66/video/opacity, value=0.504
2025-12-06 21:47:53 [INFO] show_bridge.state - [OSC] SEND /composition/layers/66/video/opacity 0.5039370078740157
2025-12-06 21:47:53 [INFO] show_bridge.state - [STATE] Group 1 opacity -> 0.472
2025-12-06 21:47:53 [INFO] show_bridge.state - [OSC] Router opacity: layer=66, path=/composition/layers/66/video/opacity, value=0.472
2025-12-06 21:47:53 [INFO] show_bridge.state - [OSC] SEND /composition/layers/66/video/opacity 0.47244094488188976
2025-12-06 21:47:53 [INFO] show_bridge.state - [STATE] Group 1 opacity -> 0.465
2025-12-06 21:47:53 [INFO] show_bridge.state - [OSC] Router opacity: layer=66, path=/composition/layers/66/video/opacity, value=0.465
2025-12-06 21:47:53 [INFO] show_bridge.state - [OSC] SEND /composition/layers/66/video/opacity 0.4645669291338583
2025-12-06 21:47:53 [INFO] show_bridge.state - [STATE] Group 1 opacity -> 0.457
2025-12-06 21:47:53 [INFO] show_bridge.state - [OSC] Router opacity: layer=66, path=/composition/layers/66/video/opacity, value=0.457
2025-12-06 21:47:53 [INFO] show_bridge.state - [OSC] SEND /composition/layers/66/video/opacity 0.4566929133858268
2025-12-06 21:47:53 [INFO] show_bridge.state - [STATE] Group 1 opacity -> 0.449
2025-12-06 21:47:53 [INFO] show_bridge.state - [OSC] Router opacity: layer=66, path=/composition/layers/66/video/opacity, value=0.449
2025-12-06 21:47:53 [INFO] show_bridge.state - [OSC] SEND /composition/layers/66/video/opacity 0.44881889763779526
2025-12-06 21:47:53 [INFO] show_bridge.state - [STATE] Group 1 opacity -> 0.465
2025-12-06 21:47:53 [INFO] show_bridge.state - [OSC] Router opacity: layer=66, path=/composition/layers/66/video/opacity, value=0.465
2025-12-06 21:47:53 [INFO] show_bridge.state - [OSC] SEND /composition/layers/66/video/opacity 0.4645669291338583
2025-12-06 21:47:53 [INFO] show_bridge.state - [STATE] Group 1 opacity -> 0.504
2025-12-06 21:47:53 [INFO] show_bridge.state - [OSC] Router opacity: layer=66, path=/composition/layers/66/video/opacity, value=0.504
2025-12-06 21:47:53 [INFO] show_bridge.state - [OSC] SEND /composition/layers/66/video/opacity 0.5039370078740157
2025-12-06 21:47:53 [INFO] show_bridge.state - [STATE] Group 1 opacity -> 0.528
2025-12-06 21:47:53 [INFO] show_bridge.state - [OSC] Router opacity: layer=66, path=/composition/layers/66/video/opacity, value=0.528
2025-12-06 21:47:53 [INFO] show_bridge.state - [OSC] SEND /composition/layers/66/video/opacity 0.5275590551181102
2025-12-06 21:47:53 [INFO] show_bridge.state - [STATE] Group 1 opacity -> 0.551
2025-12-06 21:47:53 [INFO] show_bridge.state - [OSC] Router opacity: layer=66, path=/composition/layers/66/video/opacity, value=0.551
2025-12-06 21:47:53 [INFO] show_bridge.state - [OSC] SEND /composition/layers/66/video/opacity 0.5511811023622047
2025-12-06 21:47:53 [INFO] show_bridge.state - [STATE] Group 1 opacity -> 0.575
2025-12-06 21:47:53 [INFO] show_bridge.state - [OSC] Router opacity: layer=66, path=/composition/layers/66/video/opacity, value=0.575
2025-12-06 21:47:53 [INFO] show_bridge.state - [OSC] SEND /composition/layers/66/video/opacity 0.5748031496062992
2025-12-06 21:47:53 [INFO] show_bridge.state - [STATE] Group 1 opacity -> 0.598
2025-12-06 21:47:53 [INFO] show_bridge.state - [OSC] Router opacity: layer=66, path=/composition/layers/66/video/opacity, value=0.598
2025-12-06 21:47:53 [INFO] show_bridge.state - [OSC] SEND /composition/layers/66/video/opacity 0.5984251968503937
2025-12-06 21:47:53 [INFO] show_bridge.state - [STATE] Group 1 opacity -> 0.630
2025-12-06 21:47:53 [INFO] show_bridge.state - [OSC] Router opacity: layer=66, path=/composition/layers/66/video/opacity, value=0.630
2025-12-06 21:47:53 [INFO] show_bridge.state - [OSC] SEND /composition/layers/66/video/opacity 0.6299212598425197
2025-12-06 21:47:53 [INFO] show_bridge.state - [STATE] Group 1 opacity -> 0.661
2025-12-06 21:47:53 [INFO] show_bridge.state - [OSC] Router opacity: layer=66, path=/composition/layers/66/video/opacity, value=0.661
2025-12-06 21:47:53 [INFO] show_bridge.state - [OSC] SEND /composition/layers/66/video/opacity 0.6614173228346457
2025-12-06 21:47:53 [INFO] show_bridge.state - [STATE] Group 1 opacity -> 0.685
2025-12-06 21:47:53 [INFO] show_bridge.state - [OSC] Router opacity: layer=66, path=/composition/layers/66/video/opacity, value=0.685
2025-12-06 21:47:53 [INFO] show_bridge.state - [OSC] SEND /composition/layers/66/video/opacity 0.6850393700787402
2025-12-06 21:47:53 [INFO] show_bridge.state - [STATE] Group 1 opacity -> 0.717
2025-12-06 21:47:53 [INFO] show_bridge.state - [OSC] Router opacity: layer=66, path=/composition/layers/66/video/opacity, value=0.717
2025-12-06 21:47:53 [INFO] show_bridge.state - [OSC] SEND /composition/layers/66/video/opacity 0.7165354330708661
2025-12-06 21:47:53 [INFO] show_bridge.state - [STATE] Group 1 opacity -> 0.740
2025-12-06 21:47:53 [INFO] show_bridge.state - [OSC] Router opacity: layer=66, path=/composition/layers/66/video/opacity, value=0.740
2025-12-06 21:47:53 [INFO] show_bridge.state - [OSC] SEND /composition/layers/66/video/opacity 0.7401574803149606
2025-12-06 21:47:53 [INFO] show_bridge.state - [STATE] Group 1 opacity -> 0.772
2025-12-06 21:47:53 [INFO] show_bridge.state - [OSC] Router opacity: layer=66, path=/composition/layers/66/video/opacity, value=0.772
2025-12-06 21:47:53 [INFO] show_bridge.state - [OSC] SEND /composition/layers/66/video/opacity 0.7716535433070866
2025-12-06 21:47:53 [INFO] show_bridge.state - [STATE] Group 1 opacity -> 0.795
2025-12-06 21:47:53 [INFO] show_bridge.state - [OSC] Router opacity: layer=66, path=/composition/layers/66/video/opacity, value=0.795
2025-12-06 21:47:53 [INFO] show_bridge.state - [OSC] SEND /composition/layers/66/video/opacity 0.7952755905511811
2025-12-06 21:47:53 [INFO] show_bridge.state - [STATE] Group 1 opacity -> 0.811
2025-12-06 21:47:53 [INFO] show_bridge.state - [OSC] Router opacity: layer=66, path=/composition/layers/66/video/opacity, value=0.811
2025-12-06 21:47:53 [INFO] show_bridge.state - [OSC] SEND /composition/layers/66/video/opacity 0.8110236220472441
2025-12-06 21:47:53 [INFO] show_bridge.state - [STATE] Group 1 opacity -> 0.819
2025-12-06 21:47:53 [INFO] show_bridge.state - [OSC] Router opacity: layer=66, path=/composition/layers/66/video/opacity, value=0.819
2025-12-06 21:47:53 [INFO] show_bridge.state - [OSC] SEND /composition/layers/66/video/opacity 0.8188976377952756
2025-12-06 21:47:53 [INFO] show_bridge.state - [STATE] Group 1 opacity -> 0.811
2025-12-06 21:47:53 [INFO] show_bridge.state - [OSC] Router opacity: layer=66, path=/composition/layers/66/video/opacity, value=0.811
2025-12-06 21:47:53 [INFO] show_bridge.state - [OSC] SEND /composition/layers/66/video/opacity 0.8110236220472441
2025-12-06 21:47:53 [INFO] show_bridge.state - [STATE] Group 1 opacity -> 0.795
2025-12-06 21:47:53 [INFO] show_bridge.state - [OSC] Router opacity: layer=66, path=/composition/layers/66/video/opacity, value=0.795
2025-12-06 21:47:53 [INFO] show_bridge.state - [OSC] SEND /composition/layers/66/video/opacity 0.7952755905511811
2025-12-06 21:47:53 [INFO] show_bridge.state - [STATE] Group 1 opacity -> 0.772
2025-12-06 21:47:53 [INFO] show_bridge.state - [OSC] Router opacity: layer=66, path=/composition/layers/66/video/opacity, value=0.772
2025-12-06 21:47:53 [INFO] show_bridge.state - [OSC] SEND /composition/layers/66/video/opacity 0.7716535433070866
2025-12-06 21:47:53 [INFO] show_bridge.state - [STATE] Group 1 opacity -> 0.756
2025-12-06 21:47:53 [INFO] show_bridge.state - [OSC] Router opacity: layer=66, path=/composition/layers/66/video/opacity, value=0.756
2025-12-06 21:47:53 [INFO] show_bridge.state - [OSC] SEND /composition/layers/66/video/opacity 0.7559055118110236
2025-12-06 21:47:53 [INFO] show_bridge.state - [STATE] Group 1 opacity -> 0.740
2025-12-06 21:47:53 [INFO] show_bridge.state - [OSC] Router opacity: layer=66, path=/composition/layers/66/video/opacity, value=0.740
2025-12-06 21:47:53 [INFO] show_bridge.state - [OSC] SEND /composition/layers/66/video/opacity 0.7401574803149606
2025-12-06 21:47:53 [INFO] show_bridge.state - [STATE] Group 1 opacity -> 0.717
2025-12-06 21:47:53 [INFO] show_bridge.state - [OSC] Router opacity: layer=66, path=/composition/layers/66/video/opacity, value=0.717
2025-12-06 21:47:53 [INFO] show_bridge.state - [OSC] SEND /composition/layers/66/video/opacity 0.7165354330708661
2025-12-06 21:47:53 [INFO] show_bridge.state - [STATE] Group 1 opacity -> 0.701
2025-12-06 21:47:53 [INFO] show_bridge.state - [OSC] Router opacity: layer=66, path=/composition/layers/66/video/opacity, value=0.701
2025-12-06 21:47:53 [INFO] show_bridge.state - [OSC] SEND /composition/layers/66/video/opacity 0.7007874015748031
2025-12-06 21:47:53 [INFO] show_bridge.state - [STATE] Group 1 opacity -> 0.693
2025-12-06 21:47:53 [INFO] show_bridge.state - [OSC] Router opacity: layer=66, path=/composition/layers/66/video/opacity, value=0.693
2025-12-06 21:47:53 [INFO] show_bridge.state - [OSC] SEND /composition/layers/66/video/opacity 0.6929133858267716
2025-12-06 21:47:53 [INFO] show_bridge.state - [STATE] Group 1 opacity -> 0.685
2025-12-06 21:47:53 [INFO] show_bridge.state - [OSC] Router opacity: layer=66, path=/composition/layers/66/video/opacity, value=0.685
2025-12-06 21:47:53 [INFO] show_bridge.state - [OSC] SEND /composition/layers/66/video/opacity 0.6850393700787402
2025-12-06 21:47:54 [INFO] show_bridge.state - [STATE] Group 1 opacity -> 0.693
2025-12-06 21:47:54 [INFO] show_bridge.state - [OSC] Router opacity: layer=66, path=/composition/layers/66/video/opacity, value=0.693
2025-12-06 21:47:54 [INFO] show_bridge.state - [OSC] SEND /composition/layers/66/video/opacity 0.6929133858267716
2025-12-06 21:47:54 [INFO] show_bridge.state - [STATE] Group 1 opacity -> 0.709
2025-12-06 21:47:54 [INFO] show_bridge.state - [OSC] Router opacity: layer=66, path=/composition/layers/66/video/opacity, value=0.709
2025-12-06 21:47:54 [INFO] show_bridge.state - [OSC] SEND /composition/layers/66/video/opacity 0.7086614173228346
2025-12-06 21:47:54 [INFO] show_bridge.state - [STATE] Group 1 opacity -> 0.732
2025-12-06 21:47:54 [INFO] show_bridge.state - [OSC] Router opacity: layer=66, path=/composition/layers/66/video/opacity, value=0.732
2025-12-06 21:47:54 [INFO] show_bridge.state - [OSC] SEND /composition/layers/66/video/opacity 0.7322834645669292
2025-12-06 21:47:54 [INFO] show_bridge.state - [STATE] Group 1 opacity -> 0.764
2025-12-06 21:47:54 [INFO] show_bridge.state - [OSC] Router opacity: layer=66, path=/composition/layers/66/video/opacity, value=0.764
2025-12-06 21:47:54 [INFO] show_bridge.state - [OSC] SEND /composition/layers/66/video/opacity 0.7637795275590551
2025-12-06 21:47:54 [INFO] show_bridge.state - [STATE] Group 1 opacity -> 0.780
2025-12-06 21:47:54 [INFO] show_bridge.state - [OSC] Router opacity: layer=66, path=/composition/layers/66/video/opacity, value=0.780
2025-12-06 21:47:54 [INFO] show_bridge.state - [OSC] SEND /composition/layers/66/video/opacity 0.7795275590551181
2025-12-06 21:47:54 [INFO] show_bridge.state - [STATE] Group 1 opacity -> 0.803
2025-12-06 21:47:54 [INFO] show_bridge.state - [OSC] Router opacity: layer=66, path=/composition/layers/66/video/opacity, value=0.803
2025-12-06 21:47:54 [INFO] show_bridge.state - [OSC] SEND /composition/layers/66/video/opacity 0.8031496062992126
2025-12-06 21:47:54 [INFO] show_bridge.state - [STATE] Group 1 opacity -> 0.827
2025-12-06 21:47:54 [INFO] show_bridge.state - [OSC] Router opacity: layer=66, path=/composition/layers/66/video/opacity, value=0.827
2025-12-06 21:47:54 [INFO] show_bridge.state - [OSC] SEND /composition/layers/66/video/opacity 0.8267716535433071
2025-12-06 21:47:54 [INFO] show_bridge.state - [STATE] Group 1 opacity -> 0.835
2025-12-06 21:47:54 [INFO] show_bridge.state - [OSC] Router opacity: layer=66, path=/composition/layers/66/video/opacity, value=0.835
2025-12-06 21:47:54 [INFO] show_bridge.state - [OSC] SEND /composition/layers/66/video/opacity 0.8346456692913385
2025-12-06 21:47:54 [INFO] show_bridge.state - [STATE] Group 1 opacity -> 0.850
2025-12-06 21:47:54 [INFO] show_bridge.state - [OSC] Router opacity: layer=66, path=/composition/layers/66/video/opacity, value=0.850
2025-12-06 21:47:54 [INFO] show_bridge.state - [OSC] SEND /composition/layers/66/video/opacity 0.8503937007874016
2025-12-06 21:47:54 [INFO] show_bridge.state - [STATE] Group 1 opacity -> 0.858
2025-12-06 21:47:54 [INFO] show_bridge.state - [OSC] Router opacity: layer=66, path=/composition/layers/66/video/opacity, value=0.858
2025-12-06 21:47:54 [INFO] show_bridge.state - [OSC] SEND /composition/layers/66/video/opacity 0.8582677165354331
2025-12-06 21:48:16 [INFO] show_bridge.state - [STATE] Group 1 opacity -> 0.835
2025-12-06 21:48:16 [INFO] show_bridge.state - [OSC] Router opacity: layer=66, path=/composition/layers/66/video/opacity, value=0.835
2025-12-06 21:48:16 [INFO] show_bridge.state - [OSC] SEND /composition/layers/66/video/opacity 0.8346456692913385
2025-12-06 21:48:16 [INFO] show_bridge.state - [STATE] Group 1 opacity -> 0.756
2025-12-06 21:48:16 [INFO] show_bridge.state - [OSC] Router opacity: layer=66, path=/composition/layers/66/video/opacity, value=0.756
2025-12-06 21:48:16 [INFO] show_bridge.state - [OSC] SEND /composition/layers/66/video/opacity 0.7559055118110236
2025-12-06 21:48:16 [INFO] show_bridge.state - [STATE] Group 1 opacity -> 0.630
2025-12-06 21:48:16 [INFO] show_bridge.state - [OSC] Router opacity: layer=66, path=/composition/layers/66/video/opacity, value=0.630
2025-12-06 21:48:16 [INFO] show_bridge.state - [OSC] SEND /composition/layers/66/video/opacity 0.6299212598425197
2025-12-06 21:48:16 [INFO] show_bridge.state - [STATE] Group 1 opacity -> 0.559
2025-12-06 21:48:16 [INFO] show_bridge.state - [OSC] Router opacity: layer=66, path=/composition/layers/66/video/opacity, value=0.559
2025-12-06 21:48:16 [INFO] show_bridge.state - [OSC] SEND /composition/layers/66/video/opacity 0.5590551181102362
2025-12-06 21:48:16 [INFO] show_bridge.state - [STATE] Group 1 opacity -> 0.488
2025-12-06 21:48:16 [INFO] show_bridge.state - [OSC] Router opacity: layer=66, path=/composition/layers/66/video/opacity, value=0.488
2025-12-06 21:48:16 [INFO] show_bridge.state - [OSC] SEND /composition/layers/66/video/opacity 0.4881889763779528
2025-12-06 21:48:16 [INFO] show_bridge.state - [STATE] Group 1 opacity -> 0.441
2025-12-06 21:48:16 [INFO] show_bridge.state - [OSC] Router opacity: layer=66, path=/composition/layers/66/video/opacity, value=0.441
2025-12-06 21:48:16 [INFO] show_bridge.state - [OSC] SEND /composition/layers/66/video/opacity 0.4409448818897638
2025-12-06 21:48:16 [INFO] show_bridge.state - [STATE] Group 1 opacity -> 0.417
2025-12-06 21:48:16 [INFO] show_bridge.state - [OSC] Router opacity: layer=66, path=/composition/layers/66/video/opacity, value=0.417
2025-12-06 21:48:16 [INFO] show_bridge.state - [OSC] SEND /composition/layers/66/video/opacity 0.41732283464566927
2025-12-06 21:48:16 [INFO] show_bridge.state - [STATE] Group 1 opacity -> 0.394
2025-12-06 21:48:16 [INFO] show_bridge.state - [OSC] Router opacity: layer=66, path=/composition/layers/66/video/opacity, value=0.394
2025-12-06 21:48:16 [INFO] show_bridge.state - [OSC] SEND /composition/layers/66/video/opacity 0.3937007874015748
2025-12-06 21:48:16 [INFO] show_bridge.state - [STATE] Group 1 opacity -> 0.378
2025-12-06 21:48:16 [INFO] show_bridge.state - [OSC] Router opacity: layer=66, path=/composition/layers/66/video/opacity, value=0.378
2025-12-06 21:48:16 [INFO] show_bridge.state - [OSC] SEND /composition/layers/66/video/opacity 0.3779527559055118
2025-12-06 21:48:16 [INFO] show_bridge.state - [STATE] Group 1 opacity -> 0.362
2025-12-06 21:48:16 [INFO] show_bridge.state - [OSC] Router opacity: layer=66, path=/composition/layers/66/video/opacity, value=0.362
2025-12-06 21:48:16 [INFO] show_bridge.state - [OSC] SEND /composition/layers/66/video/opacity 0.36220472440944884
2025-12-06 21:48:16 [INFO] show_bridge.state - [STATE] Group 1 opacity -> 0.346
2025-12-06 21:48:16 [INFO] show_bridge.state - [OSC] Router opacity: layer=66, path=/composition/layers/66/video/opacity, value=0.346
2025-12-06 21:48:16 [INFO] show_bridge.state - [OSC] SEND /composition/layers/66/video/opacity 0.3464566929133858
2025-12-06 21:48:16 [INFO] show_bridge.state - [STATE] Group 1 opacity -> 0.339
2025-12-06 21:48:16 [INFO] show_bridge.state - [OSC] Router opacity: layer=66, path=/composition/layers/66/video/opacity, value=0.339
2025-12-06 21:48:16 [INFO] show_bridge.state - [OSC] SEND /composition/layers/66/video/opacity 0.33858267716535434
2025-12-06 21:48:16 [INFO] show_bridge.state - [STATE] Group 1 opacity -> 0.362
2025-12-06 21:48:16 [INFO] show_bridge.state - [OSC] Router opacity: layer=66, path=/composition/layers/66/video/opacity, value=0.362
2025-12-06 21:48:16 [INFO] show_bridge.state - [OSC] SEND /composition/layers/66/video/opacity 0.36220472440944884
2025-12-06 21:48:16 [INFO] show_bridge.state - [STATE] Group 1 opacity -> 0.386
2025-12-06 21:48:16 [INFO] show_bridge.state - [OSC] Router opacity: layer=66, path=/composition/layers/66/video/opacity, value=0.386
2025-12-06 21:48:16 [INFO] show_bridge.state - [OSC] SEND /composition/layers/66/video/opacity 0.3858267716535433
2025-12-06 21:48:16 [INFO] show_bridge.state - [STATE] Group 1 opacity -> 0.425
2025-12-06 21:48:16 [INFO] show_bridge.state - [OSC] Router opacity: layer=66, path=/composition/layers/66/video/opacity, value=0.425
2025-12-06 21:48:16 [INFO] show_bridge.state - [OSC] SEND /composition/layers/66/video/opacity 0.4251968503937008
2025-12-06 21:48:16 [INFO] show_bridge.state - [STATE] Group 1 opacity -> 0.472
2025-12-06 21:48:16 [INFO] show_bridge.state - [OSC] Router opacity: layer=66, path=/composition/layers/66/video/opacity, value=0.472
2025-12-06 21:48:16 [INFO] show_bridge.state - [OSC] SEND /composition/layers/66/video/opacity 0.47244094488188976
2025-12-06 21:48:16 [INFO] show_bridge.state - [STATE] Group 1 opacity -> 0.512
2025-12-06 21:48:16 [INFO] show_bridge.state - [OSC] Router opacity: layer=66, path=/composition/layers/66/video/opacity, value=0.512
2025-12-06 21:48:16 [INFO] show_bridge.state - [OSC] SEND /composition/layers/66/video/opacity 0.5118110236220472
2025-12-06 21:48:16 [INFO] show_bridge.state - [STATE] Group 1 opacity -> 0.559
2025-12-06 21:48:16 [INFO] show_bridge.state - [OSC] Router opacity: layer=66, path=/composition/layers/66/video/opacity, value=0.559
2025-12-06 21:48:16 [INFO] show_bridge.state - [OSC] SEND /composition/layers/66/video/opacity 0.5590551181102362
2025-12-06 21:48:16 [INFO] show_bridge.state - [STATE] Group 1 opacity -> 0.606
2025-12-06 21:48:16 [INFO] show_bridge.state - [OSC] Router opacity: layer=66, path=/composition/layers/66/video/opacity, value=0.606
2025-12-06 21:48:16 [INFO] show_bridge.state - [OSC] SEND /composition/layers/66/video/opacity 0.6062992125984252
2025-12-06 21:48:16 [INFO] show_bridge.state - [STATE] Group 1 opacity -> 0.654
2025-12-06 21:48:16 [INFO] show_bridge.state - [OSC] Router opacity: layer=66, path=/composition/layers/66/video/opacity, value=0.654
2025-12-06 21:48:16 [INFO] show_bridge.state - [OSC] SEND /composition/layers/66/video/opacity 0.6535433070866141
2025-12-06 21:48:16 [INFO] show_bridge.state - [STATE] Group 1 opacity -> 0.685
2025-12-06 21:48:16 [INFO] show_bridge.state - [OSC] Router opacity: layer=66, path=/composition/layers/66/video/opacity, value=0.685
2025-12-06 21:48:16 [INFO] show_bridge.state - [OSC] SEND /composition/layers/66/video/opacity 0.6850393700787402
2025-12-06 21:48:16 [INFO] show_bridge.state - [STATE] Group 1 opacity -> 0.724
2025-12-06 21:48:16 [INFO] show_bridge.state - [OSC] Router opacity: layer=66, path=/composition/layers/66/video/opacity, value=0.724
2025-12-06 21:48:16 [INFO] show_bridge.state - [OSC] SEND /composition/layers/66/video/opacity 0.7244094488188977
2025-12-06 21:48:16 [INFO] show_bridge.state - [STATE] Group 1 opacity -> 0.756
2025-12-06 21:48:16 [INFO] show_bridge.state - [OSC] Router opacity: layer=66, path=/composition/layers/66/video/opacity, value=0.756
2025-12-06 21:48:16 [INFO] show_bridge.state - [OSC] SEND /composition/layers/66/video/opacity 0.7559055118110236
2025-12-06 21:48:16 [INFO] show_bridge.state - [STATE] Group 1 opacity -> 0.787
2025-12-06 21:48:16 [INFO] show_bridge.state - [OSC] Router opacity: layer=66, path=/composition/layers/66/video/opacity, value=0.787
2025-12-06 21:48:16 [INFO] show_bridge.state - [OSC] SEND /composition/layers/66/video/opacity 0.7874015748031497
2025-12-06 21:48:16 [INFO] show_bridge.state - [STATE] Group 1 opacity -> 0.811
2025-12-06 21:48:16 [INFO] show_bridge.state - [OSC] Router opacity: layer=66, path=/composition/layers/66/video/opacity, value=0.811
2025-12-06 21:48:16 [INFO] show_bridge.state - [OSC] SEND /composition/layers/66/video/opacity 0.8110236220472441
2025-12-06 21:48:16 [INFO] show_bridge.state - [STATE] Group 1 opacity -> 0.843
2025-12-06 21:48:16 [INFO] show_bridge.state - [OSC] Router opacity: layer=66, path=/composition/layers/66/video/opacity, value=0.843
2025-12-06 21:48:16 [INFO] show_bridge.state - [OSC] SEND /composition/layers/66/video/opacity 0.84251968503937
2025-12-06 21:48:16 [INFO] show_bridge.state - [STATE] Group 1 opacity -> 0.866
2025-12-06 21:48:16 [INFO] show_bridge.state - [OSC] Router opacity: layer=66, path=/composition/layers/66/video/opacity, value=0.866
2025-12-06 21:48:16 [INFO] show_bridge.state - [OSC] SEND /composition/layers/66/video/opacity 0.8661417322834646
2025-12-06 21:48:16 [INFO] show_bridge.state - [STATE] Group 1 opacity -> 0.882
2025-12-06 21:48:16 [INFO] show_bridge.state - [OSC] Router opacity: layer=66, path=/composition/layers/66/video/opacity, value=0.882
2025-12-06 21:48:16 [INFO] show_bridge.state - [OSC] SEND /composition/layers/66/video/opacity 0.8818897637795275
2025-12-06 21:48:16 [INFO] show_bridge.state - [STATE] Group 1 opacity -> 0.906
2025-12-06 21:48:16 [INFO] show_bridge.state - [OSC] Router opacity: layer=66, path=/composition/layers/66/video/opacity, value=0.906
2025-12-06 21:48:16 [INFO] show_bridge.state - [OSC] SEND /composition/layers/66/video/opacity 0.905511811023622
2025-12-06 21:48:16 [INFO] show_bridge.state - [STATE] Group 1 opacity -> 0.913
2025-12-06 21:48:16 [INFO] show_bridge.state - [OSC] Router opacity: layer=66, path=/composition/layers/66/video/opacity, value=0.913
2025-12-06 21:48:16 [INFO] show_bridge.state - [OSC] SEND /composition/layers/66/video/opacity 0.9133858267716536
2025-12-06 21:48:16 [INFO] show_bridge.state - [STATE] Group 1 opacity -> 0.890
2025-12-06 21:48:16 [INFO] show_bridge.state - [OSC] Router opacity: layer=66, path=/composition/layers/66/video/opacity, value=0.890
2025-12-06 21:48:16 [INFO] show_bridge.state - [OSC] SEND /composition/layers/66/video/opacity 0.889763779527559
2025-12-06 21:48:16 [INFO] show_bridge.state - [STATE] Group 1 opacity -> 0.858
2025-12-06 21:48:16 [INFO] show_bridge.state - [OSC] Router opacity: layer=66, path=/composition/layers/66/video/opacity, value=0.858
2025-12-06 21:48:16 [INFO] show_bridge.state - [OSC] SEND /composition/layers/66/video/opacity 0.8582677165354331
2025-12-06 21:48:16 [INFO] show_bridge.state - [STATE] Group 1 opacity -> 0.780
2025-12-06 21:48:16 [INFO] show_bridge.state - [OSC] Router opacity: layer=66, path=/composition/layers/66/video/opacity, value=0.780
2025-12-06 21:48:16 [INFO] show_bridge.state - [OSC] SEND /composition/layers/66/video/opacity 0.7795275590551181
2025-12-06 21:48:16 [INFO] show_bridge.state - [STATE] Group 1 opacity -> 0.732
2025-12-06 21:48:16 [INFO] show_bridge.state - [OSC] Router opacity: layer=66, path=/composition/layers/66/video/opacity, value=0.732
2025-12-06 21:48:16 [INFO] show_bridge.state - [OSC] SEND /composition/layers/66/video/opacity 0.7322834645669292
2025-12-06 21:48:16 [INFO] show_bridge.state - [STATE] Group 1 opacity -> 0.693
2025-12-06 21:48:16 [INFO] show_bridge.state - [OSC] Router opacity: layer=66, path=/composition/layers/66/video/opacity, value=0.693
2025-12-06 21:48:16 [INFO] show_bridge.state - [OSC] SEND /composition/layers/66/video/opacity 0.6929133858267716
2025-12-06 21:48:16 [INFO] show_bridge.state - [STATE] Group 1 opacity -> 0.654
2025-12-06 21:48:16 [INFO] show_bridge.state - [OSC] Router opacity: layer=66, path=/composition/layers/66/video/opacity, value=0.654
2025-12-06 21:48:16 [INFO] show_bridge.state - [OSC] SEND /composition/layers/66/video/opacity 0.6535433070866141
2025-12-06 21:48:16 [INFO] show_bridge.state - [STATE] Group 1 opacity -> 0.630
2025-12-06 21:48:16 [INFO] show_bridge.state - [OSC] Router opacity: layer=66, path=/composition/layers/66/video/opacity, value=0.630
2025-12-06 21:48:16 [INFO] show_bridge.state - [OSC] SEND /composition/layers/66/video/opacity 0.6299212598425197
2025-12-06 21:48:16 [INFO] show_bridge.state - [STATE] Group 1 opacity -> 0.606
2025-12-06 21:48:16 [INFO] show_bridge.state - [OSC] Router opacity: layer=66, path=/composition/layers/66/video/opacity, value=0.606
2025-12-06 21:48:16 [INFO] show_bridge.state - [OSC] SEND /composition/layers/66/video/opacity 0.6062992125984252
2025-12-06 21:48:16 [INFO] show_bridge.state - [STATE] Group 1 opacity -> 0.598
2025-12-06 21:48:16 [INFO] show_bridge.state - [OSC] Router opacity: layer=66, path=/composition/layers/66/video/opacity, value=0.598
2025-12-06 21:48:16 [INFO] show_bridge.state - [OSC] SEND /composition/layers/66/video/opacity 0.5984251968503937
2025-12-06 21:48:21 [INFO] show_bridge.state - [STATE] Group 1 opacity -> 0.583
2025-12-06 21:48:21 [INFO] show_bridge.state - [OSC] Router opacity: layer=66, path=/composition/layers/66/video/opacity, value=0.583
2025-12-06 21:48:21 [INFO] show_bridge.state - [OSC] SEND /composition/layers/66/video/opacity 0.5826771653543307
2025-12-06 21:48:21 [INFO] show_bridge.state - [STATE] Group 1 opacity -> 0.575
2025-12-06 21:48:21 [INFO] show_bridge.state - [OSC] Router opacity: layer=66, path=/composition/layers/66/video/opacity, value=0.575
2025-12-06 21:48:21 [INFO] show_bridge.state - [OSC] SEND /composition/layers/66/video/opacity 0.5748031496062992
2025-12-06 21:48:21 [INFO] show_bridge.state - [STATE] Group 1 opacity -> 0.551
2025-12-06 21:48:21 [INFO] show_bridge.state - [OSC] Router opacity: layer=66, path=/composition/layers/66/video/opacity, value=0.551
2025-12-06 21:48:21 [INFO] show_bridge.state - [OSC] SEND /composition/layers/66/video/opacity 0.5511811023622047
2025-12-06 21:48:21 [INFO] show_bridge.state - [STATE] Group 1 opacity -> 0.520
2025-12-06 21:48:21 [INFO] show_bridge.state - [OSC] Router opacity: layer=66, path=/composition/layers/66/video/opacity, value=0.520
2025-12-06 21:48:21 [INFO] show_bridge.state - [OSC] SEND /composition/layers/66/video/opacity 0.5196850393700787
2025-12-06 21:48:21 [INFO] show_bridge.state - [STATE] Group 1 opacity -> 0.480
2025-12-06 21:48:21 [INFO] show_bridge.state - [OSC] Router opacity: layer=66, path=/composition/layers/66/video/opacity, value=0.480
2025-12-06 21:48:21 [INFO] show_bridge.state - [OSC] SEND /composition/layers/66/video/opacity 0.48031496062992124
2025-12-06 21:48:21 [INFO] show_bridge.state - [STATE] Group 1 opacity -> 0.433
2025-12-06 21:48:21 [INFO] show_bridge.state - [OSC] Router opacity: layer=66, path=/composition/layers/66/video/opacity, value=0.433
2025-12-06 21:48:21 [INFO] show_bridge.state - [OSC] SEND /composition/layers/66/video/opacity 0.4330708661417323
2025-12-06 21:48:21 [INFO] show_bridge.state - [STATE] Group 1 opacity -> 0.394
2025-12-06 21:48:21 [INFO] show_bridge.state - [OSC] Router opacity: layer=66, path=/composition/layers/66/video/opacity, value=0.394
2025-12-06 21:48:21 [INFO] show_bridge.state - [OSC] SEND /composition/layers/66/video/opacity 0.3937007874015748
2025-12-06 21:48:21 [INFO] show_bridge.state - [STATE] Group 1 opacity -> 0.354
2025-12-06 21:48:21 [INFO] show_bridge.state - [OSC] Router opacity: layer=66, path=/composition/layers/66/video/opacity, value=0.354
2025-12-06 21:48:21 [INFO] show_bridge.state - [OSC] SEND /composition/layers/66/video/opacity 0.3543307086614173
2025-12-06 21:48:21 [INFO] show_bridge.state - [STATE] Group 1 opacity -> 0.339
2025-12-06 21:48:21 [INFO] show_bridge.state - [OSC] Router opacity: layer=66, path=/composition/layers/66/video/opacity, value=0.339
2025-12-06 21:48:21 [INFO] show_bridge.state - [OSC] SEND /composition/layers/66/video/opacity 0.33858267716535434
2025-12-06 21:48:21 [INFO] show_bridge.state - [STATE] Group 1 opacity -> 0.315
2025-12-06 21:48:21 [INFO] show_bridge.state - [OSC] Router opacity: layer=66, path=/composition/layers/66/video/opacity, value=0.315
2025-12-06 21:48:21 [INFO] show_bridge.state - [OSC] SEND /composition/layers/66/video/opacity 0.31496062992125984
2025-12-06 21:48:21 [INFO] show_bridge.state - [STATE] Group 1 opacity -> 0.291
2025-12-06 21:48:21 [INFO] show_bridge.state - [OSC] Router opacity: layer=66, path=/composition/layers/66/video/opacity, value=0.291
2025-12-06 21:48:21 [INFO] show_bridge.state - [OSC] SEND /composition/layers/66/video/opacity 0.29133858267716534
2025-12-06 21:48:21 [INFO] show_bridge.state - [STATE] Group 1 opacity -> 0.268
2025-12-06 21:48:21 [INFO] show_bridge.state - [OSC] Router opacity: layer=66, path=/composition/layers/66/video/opacity, value=0.268
2025-12-06 21:48:21 [INFO] show_bridge.state - [OSC] SEND /composition/layers/66/video/opacity 0.2677165354330709
2025-12-06 21:48:21 [INFO] show_bridge.state - [STATE] Group 1 opacity -> 0.244
2025-12-06 21:48:21 [INFO] show_bridge.state - [OSC] Router opacity: layer=66, path=/composition/layers/66/video/opacity, value=0.244
2025-12-06 21:48:21 [INFO] show_bridge.state - [OSC] SEND /composition/layers/66/video/opacity 0.2440944881889764
2025-12-06 21:48:21 [INFO] show_bridge.state - [STATE] Group 1 opacity -> 0.220
2025-12-06 21:48:21 [INFO] show_bridge.state - [OSC] Router opacity: layer=66, path=/composition/layers/66/video/opacity, value=0.220
2025-12-06 21:48:21 [INFO] show_bridge.state - [OSC] SEND /composition/layers/66/video/opacity 0.2204724409448819
2025-12-06 21:48:21 [INFO] show_bridge.state - [STATE] Group 1 opacity -> 0.197
2025-12-06 21:48:21 [INFO] show_bridge.state - [OSC] Router opacity: layer=66, path=/composition/layers/66/video/opacity, value=0.197
2025-12-06 21:48:21 [INFO] show_bridge.state - [OSC] SEND /composition/layers/66/video/opacity 0.1968503937007874
2025-12-06 21:48:21 [INFO] show_bridge.state - [STATE] Group 1 opacity -> 0.173
2025-12-06 21:48:21 [INFO] show_bridge.state - [OSC] Router opacity: layer=66, path=/composition/layers/66/video/opacity, value=0.173
2025-12-06 21:48:21 [INFO] show_bridge.state - [OSC] SEND /composition/layers/66/video/opacity 0.1732283464566929
2025-12-06 21:48:21 [INFO] show_bridge.state - [STATE] Group 1 opacity -> 0.142
2025-12-06 21:48:21 [INFO] show_bridge.state - [OSC] Router opacity: layer=66, path=/composition/layers/66/video/opacity, value=0.142
2025-12-06 21:48:21 [INFO] show_bridge.state - [OSC] SEND /composition/layers/66/video/opacity 0.14173228346456693
2025-12-06 21:48:21 [INFO] show_bridge.state - [STATE] Group 1 opacity -> 0.126
2025-12-06 21:48:21 [INFO] show_bridge.state - [OSC] Router opacity: layer=66, path=/composition/layers/66/video/opacity, value=0.126
2025-12-06 21:48:21 [INFO] show_bridge.state - [OSC] SEND /composition/layers/66/video/opacity 0.12598425196850394
2025-12-06 21:48:21 [INFO] show_bridge.state - [STATE] Group 1 opacity -> 0.102
2025-12-06 21:48:21 [INFO] show_bridge.state - [OSC] Router opacity: layer=66, path=/composition/layers/66/video/opacity, value=0.102
2025-12-06 21:48:21 [INFO] show_bridge.state - [OSC] SEND /composition/layers/66/video/opacity 0.10236220472440945
2025-12-06 21:48:21 [INFO] show_bridge.state - [STATE] Group 1 opacity -> 0.094
2025-12-06 21:48:21 [INFO] show_bridge.state - [OSC] Router opacity: layer=66, path=/composition/layers/66/video/opacity, value=0.094
2025-12-06 21:48:21 [INFO] show_bridge.state - [OSC] SEND /composition/layers/66/video/opacity 0.09448818897637795
2025-12-06 21:48:21 [INFO] show_bridge.state - [STATE] Group 1 opacity -> 0.102
2025-12-06 21:48:21 [INFO] show_bridge.state - [OSC] Router opacity: layer=66, path=/composition/layers/66/video/opacity, value=0.102
2025-12-06 21:48:21 [INFO] show_bridge.state - [OSC] SEND /composition/layers/66/video/opacity 0.10236220472440945
2025-12-06 21:48:21 [INFO] show_bridge.state - [STATE] Group 1 opacity -> 0.134
2025-12-06 21:48:21 [INFO] show_bridge.state - [OSC] Router opacity: layer=66, path=/composition/layers/66/video/opacity, value=0.134
2025-12-06 21:48:21 [INFO] show_bridge.state - [OSC] SEND /composition/layers/66/video/opacity 0.13385826771653545
2025-12-06 21:48:21 [INFO] show_bridge.state - [STATE] Group 1 opacity -> 0.173
2025-12-06 21:48:21 [INFO] show_bridge.state - [OSC] Router opacity: layer=66, path=/composition/layers/66/video/opacity, value=0.173
2025-12-06 21:48:21 [INFO] show_bridge.state - [OSC] SEND /composition/layers/66/video/opacity 0.1732283464566929
2025-12-06 21:48:21 [INFO] show_bridge.state - [STATE] Group 1 opacity -> 0.213
2025-12-06 21:48:21 [INFO] show_bridge.state - [OSC] Router opacity: layer=66, path=/composition/layers/66/video/opacity, value=0.213
2025-12-06 21:48:21 [INFO] show_bridge.state - [OSC] SEND /composition/layers/66/video/opacity 0.2125984251968504
2025-12-06 21:48:21 [INFO] show_bridge.state - [STATE] Group 1 opacity -> 0.252
2025-12-06 21:48:21 [INFO] show_bridge.state - [OSC] Router opacity: layer=66, path=/composition/layers/66/video/opacity, value=0.252
2025-12-06 21:48:21 [INFO] show_bridge.state - [OSC] SEND /composition/layers/66/video/opacity 0.25196850393700787
2025-12-06 21:48:21 [INFO] show_bridge.state - [STATE] Group 1 opacity -> 0.283
2025-12-06 21:48:21 [INFO] show_bridge.state - [OSC] Router opacity: layer=66, path=/composition/layers/66/video/opacity, value=0.283
2025-12-06 21:48:21 [INFO] show_bridge.state - [OSC] SEND /composition/layers/66/video/opacity 0.28346456692913385
2025-12-06 21:48:21 [INFO] show_bridge.state - [STATE] Group 1 opacity -> 0.323
2025-12-06 21:48:21 [INFO] show_bridge.state - [OSC] Router opacity: layer=66, path=/composition/layers/66/video/opacity, value=0.323
2025-12-06 21:48:21 [INFO] show_bridge.state - [OSC] SEND /composition/layers/66/video/opacity 0.3228346456692913
2025-12-06 21:48:21 [INFO] show_bridge.state - [STATE] Group 1 opacity -> 0.346
2025-12-06 21:48:21 [INFO] show_bridge.state - [OSC] Router opacity: layer=66, path=/composition/layers/66/video/opacity, value=0.346
2025-12-06 21:48:21 [INFO] show_bridge.state - [OSC] SEND /composition/layers/66/video/opacity 0.3464566929133858
2025-12-06 21:48:21 [INFO] show_bridge.state - [STATE] Group 1 opacity -> 0.370
2025-12-06 21:48:21 [INFO] show_bridge.state - [OSC] Router opacity: layer=66, path=/composition/layers/66/video/opacity, value=0.370
2025-12-06 21:48:21 [INFO] show_bridge.state - [OSC] SEND /composition/layers/66/video/opacity 0.3700787401574803
2025-12-06 21:48:21 [INFO] show_bridge.state - [STATE] Group 1 opacity -> 0.386
2025-12-06 21:48:21 [INFO] show_bridge.state - [OSC] Router opacity: layer=66, path=/composition/layers/66/video/opacity, value=0.386
2025-12-06 21:48:21 [INFO] show_bridge.state - [OSC] SEND /composition/layers/66/video/opacity 0.3858267716535433
2025-12-06 21:48:21 [INFO] show_bridge.state - [STATE] Group 1 opacity -> 0.402
2025-12-06 21:48:21 [INFO] show_bridge.state - [OSC] Router opacity: layer=66, path=/composition/layers/66/video/opacity, value=0.402
2025-12-06 21:48:21 [INFO] show_bridge.state - [OSC] SEND /composition/layers/66/video/opacity 0.4015748031496063
2025-12-06 21:48:21 [INFO] show_bridge.state - [STATE] Group 1 opacity -> 0.378
2025-12-06 21:48:21 [INFO] show_bridge.state - [OSC] Router opacity: layer=66, path=/composition/layers/66/video/opacity, value=0.378
2025-12-06 21:48:21 [INFO] show_bridge.state - [OSC] SEND /composition/layers/66/video/opacity 0.3779527559055118
2025-12-06 21:48:21 [INFO] show_bridge.state - [STATE] Group 1 opacity -> 0.354
2025-12-06 21:48:21 [INFO] show_bridge.state - [OSC] Router opacity: layer=66, path=/composition/layers/66/video/opacity, value=0.354
2025-12-06 21:48:21 [INFO] show_bridge.state - [OSC] SEND /composition/layers/66/video/opacity 0.3543307086614173
2025-12-06 21:48:21 [INFO] show_bridge.state - [STATE] Group 1 opacity -> 0.323
2025-12-06 21:48:21 [INFO] show_bridge.state - [OSC] Router opacity: layer=66, path=/composition/layers/66/video/opacity, value=0.323
2025-12-06 21:48:21 [INFO] show_bridge.state - [OSC] SEND /composition/layers/66/video/opacity 0.3228346456692913
2025-12-06 21:48:21 [INFO] show_bridge.state - [STATE] Group 1 opacity -> 0.291
2025-12-06 21:48:21 [INFO] show_bridge.state - [OSC] Router opacity: layer=66, path=/composition/layers/66/video/opacity, value=0.291
2025-12-06 21:48:21 [INFO] show_bridge.state - [OSC] SEND /composition/layers/66/video/opacity 0.29133858267716534
2025-12-06 21:48:21 [INFO] show_bridge.state - [STATE] Group 1 opacity -> 0.260
2025-12-06 21:48:21 [INFO] show_bridge.state - [OSC] Router opacity: layer=66, path=/composition/layers/66/video/opacity, value=0.260
2025-12-06 21:48:21 [INFO] show_bridge.state - [OSC] SEND /composition/layers/66/video/opacity 0.25984251968503935
2025-12-06 21:48:21 [INFO] show_bridge.state - [STATE] Group 1 opacity -> 0.236
2025-12-06 21:48:21 [INFO] show_bridge.state - [OSC] Router opacity: layer=66, path=/composition/layers/66/video/opacity, value=0.236
2025-12-06 21:48:21 [INFO] show_bridge.state - [OSC] SEND /composition/layers/66/video/opacity 0.23622047244094488
2025-12-06 21:48:21 [INFO] show_bridge.state - [STATE] Group 1 opacity -> 0.213
2025-12-06 21:48:21 [INFO] show_bridge.state - [OSC] Router opacity: layer=66, path=/composition/layers/66/video/opacity, value=0.213
2025-12-06 21:48:21 [INFO] show_bridge.state - [OSC] SEND /composition/layers/66/video/opacity 0.2125984251968504
2025-12-06 21:48:21 [INFO] show_bridge.state - [STATE] Group 1 opacity -> 0.197
2025-12-06 21:48:21 [INFO] show_bridge.state - [OSC] Router opacity: layer=66, path=/composition/layers/66/video/opacity, value=0.197
2025-12-06 21:48:21 [INFO] show_bridge.state - [OSC] SEND /composition/layers/66/video/opacity 0.1968503937007874
2025-12-06 21:48:21 [INFO] show_bridge.state - [STATE] Group 1 opacity -> 0.189
2025-12-06 21:48:21 [INFO] show_bridge.state - [OSC] Router opacity: layer=66, path=/composition/layers/66/video/opacity, value=0.189
2025-12-06 21:48:21 [INFO] show_bridge.state - [OSC] SEND /composition/layers/66/video/opacity 0.1889763779527559
2025-12-06 23:36:45 [INFO] show_bridge - Starting show_bridge state machine runner
2025-12-06 23:36:45 [INFO] show_bridge - [STATE] Loaded state_machine_mappings.yaml for OSC broadcast.
2025-12-06 23:36:47 [INFO] show_bridge - [RESOLUME] Loaded composition 'Snow Place 2025' with 11 groups.
2025-12-06 23:36:47 [INFO] show_bridge - [DEBUG] Composition 'Snow Place 2025' column layout:
2025-12-06 23:36:47 [INFO] show_bridge -   Group 0 'Test Group' (APC=-)
2025-12-06 23:36:47 [INFO] show_bridge -     Layer 0 (global 0) 'Reference Images' role=- -> 2:Full Building Perspective Corrected, 3:OSC Transport Beat
2025-12-06 23:36:47 [INFO] show_bridge -     Layer 1 (global 1) 'Test Patterns' role=- -> 2:All Area 2, 3:Mix 1, 4:Checkered, 5:Test Card, 6:All Area Wireframe 1, 7:All Area Wireframe 2, 8:WAAT Test Card
2025-12-06 23:36:47 [INFO] show_bridge -   Group 1 'Internal Videos' (APC=-)
2025-12-06 23:36:47 [INFO] show_bridge -     Layer 0 (global 2) 'Layer #' role=- -> 
2025-12-06 23:36:47 [INFO] show_bridge -     Layer 1 (global 3) 'FFT Fills' role=fills -> 
2025-12-06 23:36:47 [INFO] show_bridge -     Layer 2 (global 4) 'Full Stage Effects' role=effects -> 2:Edge Detection, 3:Noisy, 4:Shift Glitch, 5:Acuarela, 6:Mirror Quad, 7:Infinite Zoom, 8:Bloom, 9:Hatched, 10:Dither, 12:Posterize
2025-12-06 23:36:47 [INFO] show_bridge -     Layer 3 (global 5) 'Full Stage Colors' role=colors -> 2:No Changes, 3:Reds, 4:Oranges, 5:Yellows, 6:Limes, 7:Greens, 8:Teals, 9:Cyans, 10:Blues, 11:Purples, 12:Magentas, 13:Pinks, 14:Grayscale, 15:White, 16:Dull, 17:Rainbow, 18:Inferno, 19:Plasma, 20:Viridis, 21:Clockwork Orange, 22:Warhol, 23:Mona Lisa, 24:Salmon, 25:Purple Rain
2025-12-06 23:36:47 [INFO] show_bridge -     Layer 4 (global 6) 'Stage Masks' role=static_masks -> 1:Solid Color, 2:Mask Randomizer, 3:All Area 2, 4:Big Window, 5:Brick Face, 6:Column Tops and Bottoms, 7:Columns, 8:Door, 9:Mix 1, 10:Roof Circle, 11:Roof Crown, 12:Roof Peak, 13:Roof Trim, 14:Windows Columns Door, 15:Windows, 16:Lights
2025-12-06 23:36:47 [INFO] show_bridge -   Group 2 'Synestesia' (APC=8)
2025-12-06 23:36:47 [INFO] show_bridge -     Layer 0 (global 7) 'Fills 1' role=fills -> 2:None, 4:Synesthesia Soft Flip, 5:Synesthesia Mirror
2025-12-06 23:36:47 [INFO] show_bridge -     Layer 1 (global 8) 'Effects' role=effects -> 1:None, 2:None, 3:Edge Detection, 4:Noisy, 5:Shift Glitch, 6:Acuarela, 7:Mirror Quad, 8:Infinite Zoom, 9:Bloom, 10:Hatched, 11:Dither, 12:Posterize, 13:Dot Screen, 14:Dither Dots, 15:Edge Dots, 16:Rainbow LEDs
2025-12-06 23:36:47 [INFO] show_bridge -     Layer 2 (global 9) 'Colors' role=colors -> 1:None, 2:None, 3:Grayscale, 4:White, 5:Reds, 6:Oranges, 7:Yellows, 8:Limes, 9:Greens, 10:Teals, 11:Cyans, 12:Blues, 13:Purples, 14:Magentas, 15:Pinks, 16:Dull, 17:Rainbow, 18:Inferno, 19:Plasma, 20:Viridis, 21:Clockwork Orange, 22:Mona Lisa, 23:Salmon, 24:Purple Rain
2025-12-06 23:36:47 [INFO] show_bridge -     Layer 3 (global 10) 'Static Masks' role=static_masks -> 1:None, 2:Solid Color, 3:Mask Randomizer, 4:All Area 2, 5:Big Window, 6:Brick Face, 7:Column Tops and Bottoms, 8:Columns, 9:Door, 10:Mix 1, 11:Roof Circle, 12:Roof Crown, 13:Roof Peak, 14:Roof Trim, 15:Windows Columns Door, 16:Windows, 17:Lights
2025-12-06 23:36:47 [INFO] show_bridge -   Group 3 'Wireframe' (APC=7)
2025-12-06 23:36:47 [INFO] show_bridge -     Layer 0 (global 11) 'Fills 1' role=fills -> 2:None, 3:all_wireframe_noisefill_full_C1, 4:all_wireframe_noisefill_full_turb_C1, 5:all_wireframe_noisefill_narrow_B1, 6:all_wireframe_noisefill_narrow_C1, 7:all_wireframe_noisefill_narrow_W1, 8:all_wireframe_noisefill_shape_bands_C1, 9:all_wireframe_noisefill_shape_C1, 10:all_wireframe_noisefill_wide_B1, 11:all_wireframe_noisefill_wide_W1, 12:all_wireframe_pointfill_wide_C1, 13:all_wireframe_pointfill_wide_C2
2025-12-06 23:36:47 [INFO] show_bridge -     Layer 1 (global 12) 'Fills 2' role=fills -> 2:None, 3:all_wireframe_noisefill_full_C1, 4:all_wireframe_noisefill_full_turb_C1, 5:all_wireframe_noisefill_narrow_B1, 6:all_wireframe_noisefill_narrow_C1, 7:all_wireframe_noisefill_narrow_W1, 8:all_wireframe_noisefill_shape_bands_C1, 9:all_wireframe_noisefill_shape_C1, 10:all_wireframe_noisefill_wide_B1, 11:all_wireframe_noisefill_wide_W1, 12:all_wireframe_pointfill_wide_C1, 13:all_wireframe_pointfill_wide_C2
2025-12-06 23:36:47 [INFO] show_bridge -     Layer 2 (global 13) 'Static Masks' role=static_masks -> 2:None, 3:Mix 1, 4:All Area 2, 5:Windows Columns Door, 6:Windows, 7:Lights, 8:Columns
2025-12-06 23:36:47 [INFO] show_bridge -     Layer 3 (global 14) 'Dynamic Masks' role=dynamic_masks -> 2:None, 3:Radial Circle 1, 4:Radial Circle 2, 5:Radial Circle 3, 6:Radial Square 1, 7:Radial Square 2, 8:Radial Square 3
2025-12-06 23:36:47 [INFO] show_bridge -     Layer 4 (global 15) 'Colors' role=colors -> 1:None, 2:None, 3:Grayscale, 4:White, 5:Reds, 6:Oranges, 7:Yellows, 8:Limes, 9:Greens, 10:Teals, 11:Cyans, 12:Blues, 13:Purples, 14:Magentas, 15:Pinks, 16:Dull, 17:Rainbow, 18:Inferno, 19:Plasma, 20:Viridis, 21:Clockwork Orange, 22:Mona Lisa, 23:Salmon, 24:Purple Rain
2025-12-06 23:36:47 [INFO] show_bridge -     Layer 5 (global 16) 'Effects' role=effects -> 1:None, 2:None, 3:Edge Detection, 4:Noisy, 5:Shift Glitch, 6:Acuarela, 7:Mirror Quad, 8:Infinite Zoom, 9:Bloom, 10:Hatched, 11:Dither, 12:Posterize, 13:Dot Screen, 14:Dither Dots, 15:Edge Dots, 16:Rainbow LEDs
2025-12-06 23:36:47 [INFO] show_bridge -     Layer 6 (global 17) 'Transforms' role=transforms -> 1:None, 2:None, 3:Rotate Blur, 4:Particle System, 5:Displace, 6:Kaleidoscope, 7:TAS Turbulent, 8:TAS Turbulent, 9:TAS Turbulent Edges, 10:TAS Sine Transform, 11:TAS Slider Tile
2025-12-06 23:36:47 [INFO] show_bridge -   Group 4 'Brick' (APC=6)
2025-12-06 23:36:47 [INFO] show_bridge -     Layer 0 (global 18) 'Fills 1' role=fills -> 2:None, 3:brick_noisefill_full_C1, 4:brick_noisefill_full_turb_C1, 5:brick_noisefill_narrow_B1, 6:brick_noisefill_narrow_C1, 7:brick_noisefill_narrow_W1, 8:brick_noisefill_shape_bands_C1, 9:brick_noisefill_shape_C1, 10:brick_noisefill_wide_B1, 11:brick_noisefill_wide_W1, 12:brick_pointfill_wide_C1, 13:brick_pointfill_wide_C2
2025-12-06 23:36:47 [INFO] show_bridge -     Layer 1 (global 19) 'Fills 2' role=fills -> 2:None, 3:brick_noisefill_full_C1, 4:brick_noisefill_full_turb_C1, 5:brick_noisefill_narrow_B1, 6:brick_noisefill_narrow_C1, 7:brick_noisefill_narrow_W1, 8:brick_noisefill_shape_bands_C1, 9:brick_noisefill_shape_C1, 10:brick_noisefill_wide_B1, 11:brick_noisefill_wide_W1, 12:brick_pointfill_wide_C1, 13:brick_pointfill_wide_C2
2025-12-06 23:36:47 [INFO] show_bridge -     Layer 2 (global 20) 'Static Masks' role=static_masks -> 2:None, 3:Mix 1, 4:All Area 2, 5:Windows Columns Door, 6:Windows, 7:Lights, 8:Columns
2025-12-06 23:36:47 [INFO] show_bridge -     Layer 3 (global 21) 'Dynamic Masks' role=dynamic_masks -> 2:None, 3:Radial Circle 1, 4:Radial Circle 2, 5:Radial Circle 3, 6:Radial Square 1, 7:Radial Square 2, 8:Radial Square 3
2025-12-06 23:36:47 [INFO] show_bridge -     Layer 4 (global 22) 'Colors' role=colors -> 1:None, 2:None, 3:Grayscale, 4:White, 5:Reds, 6:Oranges, 7:Yellows, 8:Limes, 9:Greens, 10:Teals, 11:Cyans, 12:Blues, 13:Purples, 14:Magentas, 15:Pinks, 16:Dull, 17:Rainbow, 18:Inferno, 19:Plasma, 20:Viridis, 21:Clockwork Orange, 22:Warhol, 23:Mona Lisa, 24:Salmon, 25:Purple Rain
2025-12-06 23:36:47 [INFO] show_bridge -     Layer 5 (global 23) 'Effects' role=effects -> 1:None, 2:None, 3:Edge Detection, 4:Noisy, 5:Shift Glitch, 6:Acuarela, 7:Mirror Quad, 8:Infinite Zoom, 9:Bloom, 10:Hatched, 11:Dither, 12:Posterize, 13:Dot Screen, 14:Dither Dots, 15:Edge Dots, 16:Rainbow LEDs
2025-12-06 23:36:47 [INFO] show_bridge -     Layer 6 (global 24) 'Transforms' role=transforms -> 1:None, 2:None, 3:Rotate Blur, 4:Particle System, 5:Displace, 6:Kaleidoscope, 7:TAS Turbulent, 8:TAS Turbulent, 9:TAS Turbulent Edges, 10:TAS Sine Transform, 11:TAS Slider Tile
2025-12-06 23:36:47 [INFO] show_bridge -   Group 5 'Mix' (APC=5)
2025-12-06 23:36:47 [INFO] show_bridge -     Layer 0 (global 25) 'Fills 1' role=fills -> 2:None, 3:mix_1_noisefill_full_C1, 4:mix_1_noisefill_full_turb_C1, 5:mix_1_noisefill_narrow_B1, 6:mix_1_noisefill_narrow_C1, 7:mix_1_noisefill_narrow_W1, 8:mix_1_noisefill_shape_bands_C1, 9:mix_1_noisefill_shape_C1, 10:mix_1_noisefill_wide_B1, 11:mix_1_noisefill_wide_W1, 12:mix_1_pointfill_wide_C1, 13:mix_1_pointfill_wide_C2
2025-12-06 23:36:47 [INFO] show_bridge -     Layer 1 (global 26) 'Fills 2' role=fills -> 2:None, 3:mix_1_noisefill_full_C1, 4:mix_1_noisefill_full_turb_C1, 5:mix_1_noisefill_narrow_B1, 6:mix_1_noisefill_narrow_C1, 7:mix_1_noisefill_narrow_W1, 8:mix_1_noisefill_shape_bands_C1, 9:mix_1_noisefill_shape_C1, 10:mix_1_noisefill_wide_B1, 11:mix_1_noisefill_wide_W1, 12:mix_1_pointfill_wide_C1, 13:mix_1_pointfill_wide_C2
2025-12-06 23:36:47 [INFO] show_bridge -     Layer 2 (global 27) 'Static Masks' role=static_masks -> 2:None, 3:Mask Randomizer, 4:Mask Randomizer 2
2025-12-06 23:36:47 [INFO] show_bridge -     Layer 3 (global 28) 'Dynamic Masks' role=dynamic_masks -> 2:None, 3:Radial Circle 1, 4:Radial Circle 2, 5:Radial Circle 3, 6:Radial Square 1, 7:Radial Square 2, 8:Radial Square 3
2025-12-06 23:36:47 [INFO] show_bridge -     Layer 4 (global 29) 'Colors' role=colors -> 1:None, 2:None, 3:Grayscale, 4:White, 5:Reds, 6:Oranges, 7:Yellows, 8:Limes, 9:Greens, 10:Teals, 11:Cyans, 12:Blues, 13:Purples, 14:Magentas, 15:Pinks, 16:Dull, 17:Rainbow, 18:Inferno, 19:Plasma, 20:Viridis, 21:Clockwork Orange, 23:Mona Lisa, 24:Salmon, 25:Purple Rain
2025-12-06 23:36:47 [INFO] show_bridge -     Layer 5 (global 30) 'Effects' role=effects -> 1:None, 2:None, 3:Edge Detection, 4:Noisy, 5:Shift Glitch, 6:Acuarela, 7:Mirror Quad, 8:Infinite Zoom, 9:Bloom, 10:Hatched, 11:Dither, 12:Posterize, 13:Dot Screen, 14:Dither Dots, 15:Edge Dots, 16:Rainbow LEDs
2025-12-06 23:36:47 [INFO] show_bridge -     Layer 6 (global 31) 'Transforms' role=transforms -> 1:None, 2:None, 3:Rotate Blur, 4:Particle System, 5:Displace, 6:Kaleidoscope, 7:TAS Turbulent, 8:TAS Turbulent, 9:TAS Turbulent Edges, 10:TAS Sine Transform, 11:TAS Slider Tile
2025-12-06 23:36:47 [INFO] show_bridge -   Group 6 'Windows' (APC=4)
2025-12-06 23:36:47 [INFO] show_bridge -     Layer 0 (global 32) 'Fills 1' role=fills -> 2:None, 3:windows_noisefill_full_C1, 4:windows_noisefill_full_turb_C1, 5:windows_noisefill_narrow_B1, 6:windows_noisefill_narrow_C1, 7:windows_noisefill_narrow_W1, 8:windows_noisefill_shape_bands_C1, 9:windows_noisefill_shape_C1, 10:windows_noisefill_wide_B1, 11:windows_noisefill_wide_W1, 12:windows_pointfill_wide_C1, 13:windows_pointfill_wide_C2
2025-12-06 23:36:47 [INFO] show_bridge -     Layer 1 (global 33) 'Fills 2' role=fills -> 2:None, 3:windows_noisefill_full_C1, 4:windows_noisefill_full_turb_C1, 5:windows_noisefill_narrow_B1, 6:windows_noisefill_narrow_C1, 7:windows_noisefill_narrow_W1, 8:windows_noisefill_shape_bands_C1, 9:windows_noisefill_shape_C1, 10:windows_noisefill_wide_B1, 11:windows_noisefill_wide_W1, 12:windows_pointfill_wide_C1, 13:windows_pointfill_wide_C2
2025-12-06 23:36:47 [INFO] show_bridge -     Layer 2 (global 34) 'Dynamic Masks' role=dynamic_masks -> 2:None, 3:Radial Circle 1, 4:Radial Circle 2, 5:Radial Circle 3, 6:Radial Square 1, 7:Radial Square 2, 8:Radial Square 3
2025-12-06 23:36:47 [INFO] show_bridge -     Layer 3 (global 35) 'Colors' role=colors -> 1:None, 2:None, 3:Grayscale, 4:White, 5:Reds, 6:Oranges, 7:Yellows, 8:Limes, 9:Greens, 10:Teals, 11:Cyans, 12:Blues, 13:Purples, 14:Magentas, 15:Pinks, 16:Dull, 17:Rainbow, 18:Inferno, 19:Plasma, 20:Viridis, 21:Clockwork Orange, 23:Mona Lisa, 24:Salmon, 25:Purple Rain
2025-12-06 23:36:47 [INFO] show_bridge -     Layer 4 (global 36) 'Effects' role=effects -> 1:None, 2:None, 3:Edge Detection, 4:Noisy, 5:Shift Glitch, 6:Acuarela, 7:Mirror Quad, 8:Infinite Zoom, 9:Bloom, 10:Hatched, 11:Dither, 12:Posterize, 13:Dot Screen, 14:Dither Dots, 15:Edge Dots, 16:Rainbow LEDs
2025-12-06 23:36:47 [INFO] show_bridge -     Layer 5 (global 37) 'Transforms' role=transforms -> 1:None, 2:None, 3:Rotate Blur, 4:Particle System, 5:Displace, 6:Kaleidoscope, 7:TAS Turbulent, 8:TAS Turbulent, 9:TAS Turbulent Edges, 10:TAS Sine Transform, 11:TAS Slider Tile
2025-12-06 23:36:47 [INFO] show_bridge -   Group 7 'Columns' (APC=3)
2025-12-06 23:36:47 [INFO] show_bridge -     Layer 0 (global 38) 'Fills 1' role=fills -> 2:None, 3:columns_noisefill_full_C1, 4:columns_noisefill_full_turb_C1, 5:columns_noisefill_narrow_B1, 6:columns_noisefill_narrow_C1, 7:columns_noisefill_narrow_W1, 8:columns_noisefill_shape_bands_C1, 9:columns_noisefill_shape_C1, 10:columns_noisefill_wide_B1, 11:columns_noisefill_wide_W1, 12:columns_pointfill_wide_C1, 13:columns_pointfill_wide_C2
2025-12-06 23:36:47 [INFO] show_bridge -     Layer 1 (global 39) 'Fills 2' role=fills -> 2:None, 3:columns_noisefill_full_C1, 4:columns_noisefill_full_turb_C1, 5:columns_noisefill_narrow_B1, 6:columns_noisefill_narrow_C1, 7:columns_noisefill_narrow_W1, 8:columns_noisefill_shape_bands_C1, 9:columns_noisefill_shape_C1, 10:columns_noisefill_wide_B1, 11:columns_noisefill_wide_W1, 12:columns_pointfill_wide_C1, 13:columns_pointfill_wide_C2
2025-12-06 23:36:47 [INFO] show_bridge -     Layer 2 (global 40) 'Static Masks' role=static_masks -> 2:None, 3:Mix 1, 4:All Area 2, 5:Windows Columns Door, 6:Windows, 7:Lights, 8:Columns
2025-12-06 23:36:47 [INFO] show_bridge -     Layer 3 (global 41) 'Dynamic Masks' role=dynamic_masks -> 2:None, 3:Radial Circle 1, 4:Radial Circle 2, 5:Radial Circle 3, 6:Radial Square 1, 7:Radial Square 2, 8:Radial Square 3
2025-12-06 23:36:47 [INFO] show_bridge -     Layer 4 (global 42) 'Colors' role=colors -> 1:None, 2:None, 3:Grayscale, 4:White, 5:Reds, 6:Oranges, 7:Yellows, 8:Limes, 9:Greens, 10:Teals, 11:Cyans, 12:Blues, 13:Purples, 14:Magentas, 15:Pinks, 16:Dull, 17:Rainbow, 18:Inferno, 19:Plasma, 20:Viridis, 21:Clockwork Orange, 22:Mona Lisa, 23:Salmon, 24:Purple Rain
2025-12-06 23:36:47 [INFO] show_bridge -     Layer 5 (global 43) 'Effects' role=effects -> 1:None, 2:None, 3:Edge Detection, 4:Noisy, 5:Shift Glitch, 6:Acuarela, 7:Mirror Quad, 8:Infinite Zoom, 9:Bloom, 10:Hatched, 11:Dither, 12:Posterize, 13:Dot Screen, 14:Dither Dots, 15:Edge Dots, 16:Rainbow LEDs
2025-12-06 23:36:47 [INFO] show_bridge -     Layer 6 (global 44) 'Transforms' role=transforms -> 1:None, 2:None, 3:Rotate Blur, 4:Particle System, 5:Displace, 6:Kaleidoscope, 7:TAS Turbulent, 8:TAS Turbulent, 9:TAS Turbulent Edges, 10:TAS Sine Transform, 11:TAS Slider Tile
2025-12-06 23:36:47 [INFO] show_bridge -   Group 8 'Lights' (APC=2)
2025-12-06 23:36:47 [INFO] show_bridge -     Layer 0 (global 45) 'Fills 1' role=fills -> 2:None, 3:mix_1_noisefill_full_C1, 4:mix_1_noisefill_full_turb_C1, 5:mix_1_noisefill_narrow_B1, 6:mix_1_noisefill_narrow_C1, 7:mix_1_noisefill_narrow_W1, 8:mix_1_noisefill_shape_bands_C1, 9:mix_1_noisefill_shape_C1, 10:mix_1_noisefill_wide_B1, 11:mix_1_noisefill_wide_W1, 12:mix_1_pointfill_wide_C1, 13:mix_1_pointfill_wide_C2
2025-12-06 23:36:47 [INFO] show_bridge -     Layer 1 (global 46) 'Fills 2' role=fills -> 2:None, 3:mix_1_noisefill_full_C1, 4:mix_1_noisefill_full_turb_C1, 5:mix_1_noisefill_narrow_B1, 6:mix_1_noisefill_narrow_C1, 7:mix_1_noisefill_narrow_W1, 8:mix_1_noisefill_shape_bands_C1, 9:mix_1_noisefill_shape_C1, 10:mix_1_noisefill_wide_B1, 11:mix_1_noisefill_wide_W1, 12:mix_1_pointfill_wide_C1, 13:mix_1_pointfill_wide_C2
2025-12-06 23:36:47 [INFO] show_bridge -     Layer 2 (global 47) 'Dynamic Masks' role=dynamic_masks -> 1:None, 2:None, 3:Radial Circle 1, 4:Radial Circle 2, 5:Radial Circle 3, 6:Radial Square 1, 7:Radial Square 2, 8:Radial Square 3
2025-12-06 23:36:47 [INFO] show_bridge -     Layer 3 (global 48) 'Colors' role=colors -> 1:None, 2:None, 3:Grayscale, 4:White, 5:Reds, 6:Oranges, 7:Yellows, 8:Limes, 9:Greens, 10:Teals, 11:Cyans, 12:Blues, 13:Purples, 14:Magentas, 15:Pinks, 16:Dull, 17:Rainbow, 18:Inferno, 19:Plasma, 20:Viridis, 21:Clockwork Orange, 22:Mona Lisa, 23:Salmon, 24:Purple Rain, 25:Purple Rain, 26:Purple Rain
2025-12-06 23:36:47 [INFO] show_bridge -     Layer 4 (global 49) 'Effects' role=effects -> 1:None, 2:None, 3:Edge Detection, 4:Noisy, 5:Shift Glitch, 6:Acuarela, 7:Mirror Quad, 8:Infinite Zoom, 9:Bloom, 10:Hatched, 11:Dither, 12:Posterize, 13:Dot Screen, 14:Dither Dots, 15:Edge Dots, 16:Rainbow LEDs
2025-12-06 23:36:47 [INFO] show_bridge -     Layer 5 (global 50) 'Transforms' role=transforms -> 1:None, 2:None, 3:Rotate Blur, 4:Particle System, 5:Displace, 6:Kaleidoscope, 7:TAS Turbulent, 8:TAS Turbulent, 9:TAS Turbulent Edges, 10:TAS Sine Transform, 11:TAS Slider Tile, 12:Feedback Down, 13:Feedback Perlin
2025-12-06 23:36:47 [INFO] show_bridge -   Group 9 'Snow' (APC=1)
2025-12-06 23:36:47 [INFO] show_bridge -     Layer 0 (global 51) 'Fills 1' role=fills -> 2:None, 3:Flakes Avg Change, 4:Flakes Avg Med, 5:Flakes Lots Med, 6:Snow Thick Med, 7:Snow Avg Med, 8:Snow Light Med, 9:Snow Thick Slow, 10:Snow Avg Slow, 11:Snow Light Slow, 12:Snow Thick Slow, 13:Snow Avg Slow, 14:Snow Light Slow
2025-12-06 23:36:47 [INFO] show_bridge -     Layer 1 (global 52) 'Fills 2' role=fills -> 2:None, 3:Flakes Avg Change, 4:Flakes Avg Med, 5:Flakes Lots Med, 6:Snow Thick Med, 7:Snow Avg Med, 8:Snow Light Med, 9:Snow Thick Slow, 10:Snow Avg Slow, 11:Snow Light Slow, 12:Snow Thick Slow, 13:Snow Avg Slow, 14:Snow Light Slow
2025-12-06 23:36:47 [INFO] show_bridge -     Layer 2 (global 53) 'Effects' role=effects -> 1:None, 2:Edge Detection, 3:Bloom, 4:Posterize, 5:Noisy, 6:Acuarela, 7:Mirror Quad, 8:Flip, 9:Vertical Noise Glow
2025-12-06 23:36:47 [INFO] show_bridge -     Layer 3 (global 54) 'Transforms' role=transforms -> 1:None, 2:None, 3:Feedback Controller, 4:Kaleidoscope, 5:Flip
2025-12-06 23:36:47 [INFO] show_bridge -     Layer 4 (global 55) 'Color' role=colors -> 1:None, 2:None, 3:Hue Rotate, 4:Reds, 5:Teals, 6:Cyans, 7:Blues, 8:Purples, 9:Grayscale, 10:White, 11:Dull, 12:Rainbow
2025-12-06 23:36:47 [INFO] show_bridge -   Group 10 'Routing Group' (APC=-)
2025-12-06 23:36:47 [INFO] show_bridge -     Layer 0 (global 56) 'OSC Transport Beat' role=- -> 1:OSC Transport Beat, 2:OSC Transport Beat
2025-12-06 23:36:47 [INFO] show_bridge -     Layer 1 (global 57) 'Test Router' role=routing -> 1:Video Router, 2:Video Router
2025-12-06 23:36:47 [INFO] show_bridge -     Layer 2 (global 58) 'Synestesia Router' role=routing -> 1:Video Router, 2:Video Router
2025-12-06 23:36:47 [INFO] show_bridge -     Layer 3 (global 59) 'Wireframe Router' role=routing -> 1:Video Router, 2:Video Router
2025-12-06 23:36:47 [INFO] show_bridge -     Layer 4 (global 60) 'Brick Router' role=routing -> 1:Video Router, 2:Video Router
2025-12-06 23:36:47 [INFO] show_bridge -     Layer 5 (global 61) 'Mix Router' role=routing -> 1:Video Router, 2:Video Router
2025-12-06 23:36:47 [INFO] show_bridge -     Layer 6 (global 62) 'Windows Router' role=routing -> 1:Video Router, 2:Video Router
2025-12-06 23:36:47 [INFO] show_bridge -     Layer 7 (global 63) 'Columns Router' role=routing -> 1:Video Router, 2:Video Router
2025-12-06 23:36:47 [INFO] show_bridge -     Layer 8 (global 64) 'Lights Router' role=routing -> 1:Video Router, 2:Video Router
2025-12-06 23:36:47 [INFO] show_bridge -     Layer 9 (global 65) 'Snow Router' role=routing -> 1:Video Router, 2:Video Router
2025-12-06 23:36:47 [INFO] show_bridge - [OSC] Using Resolume OSC at 127.0.0.1:7000
2025-12-06 23:36:47 [INFO] show_bridge - [OSC] Using show_bridge OSC at 127.0.0.1:13001 for state broadcasts
2025-12-06 23:36:47 [INFO] show_bridge - [SYN] Using Synesthesia OSC at 127.0.0.1:12001
2025-12-06 23:36:47 [INFO] show_bridge - 
Using input:  Akai APC40 2
2025-12-06 23:36:47 [INFO] show_bridge - Using output: Akai APC40 3
2025-12-06 23:36:49 [INFO] show_bridge.state - [RESOLUME] Loaded composition 'Snow Place 2025' with 11 groups.
2025-12-06 23:36:49 [INFO] show_bridge.state - [DEBUG] Composition 'Snow Place 2025' column layout:
2025-12-06 23:36:49 [INFO] show_bridge.state -   Group 0 'Test Group' (APC=-)
2025-12-06 23:36:49 [INFO] show_bridge.state -     Layer 0 (global 0) 'Reference Images' role=- -> 2:Full Building Perspective Corrected, 3:OSC Transport Beat
2025-12-06 23:36:49 [INFO] show_bridge.state -     Layer 1 (global 1) 'Test Patterns' role=- -> 2:All Area 2, 3:Mix 1, 4:Checkered, 5:Test Card, 6:All Area Wireframe 1, 7:All Area Wireframe 2, 8:WAAT Test Card
2025-12-06 23:36:49 [INFO] show_bridge.state -   Group 1 'Internal Videos' (APC=-)
2025-12-06 23:36:49 [INFO] show_bridge.state -     Layer 0 (global 2) 'Layer #' role=- -> 
2025-12-06 23:36:49 [INFO] show_bridge.state -     Layer 1 (global 3) 'FFT Fills' role=fills -> 
2025-12-06 23:36:49 [INFO] show_bridge.state -     Layer 2 (global 4) 'Full Stage Effects' role=effects -> 2:Edge Detection, 3:Noisy, 4:Shift Glitch, 5:Acuarela, 6:Mirror Quad, 7:Infinite Zoom, 8:Bloom, 9:Hatched, 10:Dither, 12:Posterize
2025-12-06 23:36:49 [INFO] show_bridge.state -     Layer 3 (global 5) 'Full Stage Colors' role=colors -> 2:No Changes, 3:Reds, 4:Oranges, 5:Yellows, 6:Limes, 7:Greens, 8:Teals, 9:Cyans, 10:Blues, 11:Purples, 12:Magentas, 13:Pinks, 14:Grayscale, 15:White, 16:Dull, 17:Rainbow, 18:Inferno, 19:Plasma, 20:Viridis, 21:Clockwork Orange, 22:Warhol, 23:Mona Lisa, 24:Salmon, 25:Purple Rain
2025-12-06 23:36:49 [INFO] show_bridge.state -     Layer 4 (global 6) 'Stage Masks' role=static_masks -> 1:Solid Color, 2:Mask Randomizer, 3:All Area 2, 4:Big Window, 5:Brick Face, 6:Column Tops and Bottoms, 7:Columns, 8:Door, 9:Mix 1, 10:Roof Circle, 11:Roof Crown, 12:Roof Peak, 13:Roof Trim, 14:Windows Columns Door, 15:Windows, 16:Lights
2025-12-06 23:36:49 [INFO] show_bridge.state -   Group 2 'Synestesia' (APC=8)
2025-12-06 23:36:49 [INFO] show_bridge.state -     Layer 0 (global 7) 'Fills 1' role=fills -> 2:None, 4:Synesthesia Soft Flip, 5:Synesthesia Mirror
2025-12-06 23:36:49 [INFO] show_bridge.state -     Layer 1 (global 8) 'Effects' role=effects -> 1:None, 2:None, 3:Edge Detection, 4:Noisy, 5:Shift Glitch, 6:Acuarela, 7:Mirror Quad, 8:Infinite Zoom, 9:Bloom, 10:Hatched, 11:Dither, 12:Posterize, 13:Dot Screen, 14:Dither Dots, 15:Edge Dots, 16:Rainbow LEDs
2025-12-06 23:36:49 [INFO] show_bridge.state -     Layer 2 (global 9) 'Colors' role=colors -> 1:None, 2:None, 3:Grayscale, 4:White, 5:Reds, 6:Oranges, 7:Yellows, 8:Limes, 9:Greens, 10:Teals, 11:Cyans, 12:Blues, 13:Purples, 14:Magentas, 15:Pinks, 16:Dull, 17:Rainbow, 18:Inferno, 19:Plasma, 20:Viridis, 21:Clockwork Orange, 22:Mona Lisa, 23:Salmon, 24:Purple Rain
2025-12-06 23:36:49 [INFO] show_bridge.state -     Layer 3 (global 10) 'Static Masks' role=static_masks -> 1:None, 2:Solid Color, 3:Mask Randomizer, 4:All Area 2, 5:Big Window, 6:Brick Face, 7:Column Tops and Bottoms, 8:Columns, 9:Door, 10:Mix 1, 11:Roof Circle, 12:Roof Crown, 13:Roof Peak, 14:Roof Trim, 15:Windows Columns Door, 16:Windows, 17:Lights
2025-12-06 23:36:49 [INFO] show_bridge.state -   Group 3 'Wireframe' (APC=7)
2025-12-06 23:36:49 [INFO] show_bridge.state -     Layer 0 (global 11) 'Fills 1' role=fills -> 2:None, 3:all_wireframe_noisefill_full_C1, 4:all_wireframe_noisefill_full_turb_C1, 5:all_wireframe_noisefill_narrow_B1, 6:all_wireframe_noisefill_narrow_C1, 7:all_wireframe_noisefill_narrow_W1, 8:all_wireframe_noisefill_shape_bands_C1, 9:all_wireframe_noisefill_shape_C1, 10:all_wireframe_noisefill_wide_B1, 11:all_wireframe_noisefill_wide_W1, 12:all_wireframe_pointfill_wide_C1, 13:all_wireframe_pointfill_wide_C2
2025-12-06 23:36:49 [INFO] show_bridge.state -     Layer 1 (global 12) 'Fills 2' role=fills -> 2:None, 3:all_wireframe_noisefill_full_C1, 4:all_wireframe_noisefill_full_turb_C1, 5:all_wireframe_noisefill_narrow_B1, 6:all_wireframe_noisefill_narrow_C1, 7:all_wireframe_noisefill_narrow_W1, 8:all_wireframe_noisefill_shape_bands_C1, 9:all_wireframe_noisefill_shape_C1, 10:all_wireframe_noisefill_wide_B1, 11:all_wireframe_noisefill_wide_W1, 12:all_wireframe_pointfill_wide_C1, 13:all_wireframe_pointfill_wide_C2
2025-12-06 23:36:49 [INFO] show_bridge.state -     Layer 2 (global 13) 'Static Masks' role=static_masks -> 2:None, 3:Mix 1, 4:All Area 2, 5:Windows Columns Door, 6:Windows, 7:Lights, 8:Columns
2025-12-06 23:36:49 [INFO] show_bridge.state -     Layer 3 (global 14) 'Dynamic Masks' role=dynamic_masks -> 2:None, 3:Radial Circle 1, 4:Radial Circle 2, 5:Radial Circle 3, 6:Radial Square 1, 7:Radial Square 2, 8:Radial Square 3
2025-12-06 23:36:49 [INFO] show_bridge.state -     Layer 4 (global 15) 'Colors' role=colors -> 1:None, 2:None, 3:Grayscale, 4:White, 5:Reds, 6:Oranges, 7:Yellows, 8:Limes, 9:Greens, 10:Teals, 11:Cyans, 12:Blues, 13:Purples, 14:Magentas, 15:Pinks, 16:Dull, 17:Rainbow, 18:Inferno, 19:Plasma, 20:Viridis, 21:Clockwork Orange, 22:Mona Lisa, 23:Salmon, 24:Purple Rain
2025-12-06 23:36:49 [INFO] show_bridge.state -     Layer 5 (global 16) 'Effects' role=effects -> 1:None, 2:None, 3:Edge Detection, 4:Noisy, 5:Shift Glitch, 6:Acuarela, 7:Mirror Quad, 8:Infinite Zoom, 9:Bloom, 10:Hatched, 11:Dither, 12:Posterize, 13:Dot Screen, 14:Dither Dots, 15:Edge Dots, 16:Rainbow LEDs
2025-12-06 23:36:49 [INFO] show_bridge.state -     Layer 6 (global 17) 'Transforms' role=transforms -> 1:None, 2:None, 3:Rotate Blur, 4:Particle System, 5:Displace, 6:Kaleidoscope, 7:TAS Turbulent, 8:TAS Turbulent, 9:TAS Turbulent Edges, 10:TAS Sine Transform, 11:TAS Slider Tile
2025-12-06 23:36:49 [INFO] show_bridge.state -   Group 4 'Brick' (APC=6)
2025-12-06 23:36:49 [INFO] show_bridge.state -     Layer 0 (global 18) 'Fills 1' role=fills -> 2:None, 3:brick_noisefill_full_C1, 4:brick_noisefill_full_turb_C1, 5:brick_noisefill_narrow_B1, 6:brick_noisefill_narrow_C1, 7:brick_noisefill_narrow_W1, 8:brick_noisefill_shape_bands_C1, 9:brick_noisefill_shape_C1, 10:brick_noisefill_wide_B1, 11:brick_noisefill_wide_W1, 12:brick_pointfill_wide_C1, 13:brick_pointfill_wide_C2
2025-12-06 23:36:49 [INFO] show_bridge.state -     Layer 1 (global 19) 'Fills 2' role=fills -> 2:None, 3:brick_noisefill_full_C1, 4:brick_noisefill_full_turb_C1, 5:brick_noisefill_narrow_B1, 6:brick_noisefill_narrow_C1, 7:brick_noisefill_narrow_W1, 8:brick_noisefill_shape_bands_C1, 9:brick_noisefill_shape_C1, 10:brick_noisefill_wide_B1, 11:brick_noisefill_wide_W1, 12:brick_pointfill_wide_C1, 13:brick_pointfill_wide_C2
2025-12-06 23:36:49 [INFO] show_bridge.state -     Layer 2 (global 20) 'Static Masks' role=static_masks -> 2:None, 3:Mix 1, 4:All Area 2, 5:Windows Columns Door, 6:Windows, 7:Lights, 8:Columns
2025-12-06 23:36:49 [INFO] show_bridge.state -     Layer 3 (global 21) 'Dynamic Masks' role=dynamic_masks -> 2:None, 3:Radial Circle 1, 4:Radial Circle 2, 5:Radial Circle 3, 6:Radial Square 1, 7:Radial Square 2, 8:Radial Square 3
2025-12-06 23:36:49 [INFO] show_bridge.state -     Layer 4 (global 22) 'Colors' role=colors -> 1:None, 2:None, 3:Grayscale, 4:White, 5:Reds, 6:Oranges, 7:Yellows, 8:Limes, 9:Greens, 10:Teals, 11:Cyans, 12:Blues, 13:Purples, 14:Magentas, 15:Pinks, 16:Dull, 17:Rainbow, 18:Inferno, 19:Plasma, 20:Viridis, 21:Clockwork Orange, 22:Warhol, 23:Mona Lisa, 24:Salmon, 25:Purple Rain
2025-12-06 23:36:49 [INFO] show_bridge.state -     Layer 5 (global 23) 'Effects' role=effects -> 1:None, 2:None, 3:Edge Detection, 4:Noisy, 5:Shift Glitch, 6:Acuarela, 7:Mirror Quad, 8:Infinite Zoom, 9:Bloom, 10:Hatched, 11:Dither, 12:Posterize, 13:Dot Screen, 14:Dither Dots, 15:Edge Dots, 16:Rainbow LEDs
2025-12-06 23:36:49 [INFO] show_bridge.state -     Layer 6 (global 24) 'Transforms' role=transforms -> 1:None, 2:None, 3:Rotate Blur, 4:Particle System, 5:Displace, 6:Kaleidoscope, 7:TAS Turbulent, 8:TAS Turbulent, 9:TAS Turbulent Edges, 10:TAS Sine Transform, 11:TAS Slider Tile
2025-12-06 23:36:49 [INFO] show_bridge.state -   Group 5 'Mix' (APC=5)
2025-12-06 23:36:49 [INFO] show_bridge.state -     Layer 0 (global 25) 'Fills 1' role=fills -> 2:None, 3:mix_1_noisefill_full_C1, 4:mix_1_noisefill_full_turb_C1, 5:mix_1_noisefill_narrow_B1, 6:mix_1_noisefill_narrow_C1, 7:mix_1_noisefill_narrow_W1, 8:mix_1_noisefill_shape_bands_C1, 9:mix_1_noisefill_shape_C1, 10:mix_1_noisefill_wide_B1, 11:mix_1_noisefill_wide_W1, 12:mix_1_pointfill_wide_C1, 13:mix_1_pointfill_wide_C2
2025-12-06 23:36:49 [INFO] show_bridge.state -     Layer 1 (global 26) 'Fills 2' role=fills -> 2:None, 3:mix_1_noisefill_full_C1, 4:mix_1_noisefill_full_turb_C1, 5:mix_1_noisefill_narrow_B1, 6:mix_1_noisefill_narrow_C1, 7:mix_1_noisefill_narrow_W1, 8:mix_1_noisefill_shape_bands_C1, 9:mix_1_noisefill_shape_C1, 10:mix_1_noisefill_wide_B1, 11:mix_1_noisefill_wide_W1, 12:mix_1_pointfill_wide_C1, 13:mix_1_pointfill_wide_C2
2025-12-06 23:36:49 [INFO] show_bridge.state -     Layer 2 (global 27) 'Static Masks' role=static_masks -> 2:None, 3:Mask Randomizer, 4:Mask Randomizer 2
2025-12-06 23:36:49 [INFO] show_bridge.state -     Layer 3 (global 28) 'Dynamic Masks' role=dynamic_masks -> 2:None, 3:Radial Circle 1, 4:Radial Circle 2, 5:Radial Circle 3, 6:Radial Square 1, 7:Radial Square 2, 8:Radial Square 3
2025-12-06 23:36:49 [INFO] show_bridge.state -     Layer 4 (global 29) 'Colors' role=colors -> 1:None, 2:None, 3:Grayscale, 4:White, 5:Reds, 6:Oranges, 7:Yellows, 8:Limes, 9:Greens, 10:Teals, 11:Cyans, 12:Blues, 13:Purples, 14:Magentas, 15:Pinks, 16:Dull, 17:Rainbow, 18:Inferno, 19:Plasma, 20:Viridis, 21:Clockwork Orange, 23:Mona Lisa, 24:Salmon, 25:Purple Rain
2025-12-06 23:36:49 [INFO] show_bridge.state -     Layer 5 (global 30) 'Effects' role=effects -> 1:None, 2:None, 3:Edge Detection, 4:Noisy, 5:Shift Glitch, 6:Acuarela, 7:Mirror Quad, 8:Infinite Zoom, 9:Bloom, 10:Hatched, 11:Dither, 12:Posterize, 13:Dot Screen, 14:Dither Dots, 15:Edge Dots, 16:Rainbow LEDs
2025-12-06 23:36:49 [INFO] show_bridge.state -     Layer 6 (global 31) 'Transforms' role=transforms -> 1:None, 2:None, 3:Rotate Blur, 4:Particle System, 5:Displace, 6:Kaleidoscope, 7:TAS Turbulent, 8:TAS Turbulent, 9:TAS Turbulent Edges, 10:TAS Sine Transform, 11:TAS Slider Tile
2025-12-06 23:36:49 [INFO] show_bridge.state -   Group 6 'Windows' (APC=4)
2025-12-06 23:36:49 [INFO] show_bridge.state -     Layer 0 (global 32) 'Fills 1' role=fills -> 2:None, 3:windows_noisefill_full_C1, 4:windows_noisefill_full_turb_C1, 5:windows_noisefill_narrow_B1, 6:windows_noisefill_narrow_C1, 7:windows_noisefill_narrow_W1, 8:windows_noisefill_shape_bands_C1, 9:windows_noisefill_shape_C1, 10:windows_noisefill_wide_B1, 11:windows_noisefill_wide_W1, 12:windows_pointfill_wide_C1, 13:windows_pointfill_wide_C2
2025-12-06 23:36:49 [INFO] show_bridge.state -     Layer 1 (global 33) 'Fills 2' role=fills -> 2:None, 3:windows_noisefill_full_C1, 4:windows_noisefill_full_turb_C1, 5:windows_noisefill_narrow_B1, 6:windows_noisefill_narrow_C1, 7:windows_noisefill_narrow_W1, 8:windows_noisefill_shape_bands_C1, 9:windows_noisefill_shape_C1, 10:windows_noisefill_wide_B1, 11:windows_noisefill_wide_W1, 12:windows_pointfill_wide_C1, 13:windows_pointfill_wide_C2
2025-12-06 23:36:49 [INFO] show_bridge.state -     Layer 2 (global 34) 'Dynamic Masks' role=dynamic_masks -> 2:None, 3:Radial Circle 1, 4:Radial Circle 2, 5:Radial Circle 3, 6:Radial Square 1, 7:Radial Square 2, 8:Radial Square 3
2025-12-06 23:36:49 [INFO] show_bridge.state -     Layer 3 (global 35) 'Colors' role=colors -> 1:None, 2:None, 3:Grayscale, 4:White, 5:Reds, 6:Oranges, 7:Yellows, 8:Limes, 9:Greens, 10:Teals, 11:Cyans, 12:Blues, 13:Purples, 14:Magentas, 15:Pinks, 16:Dull, 17:Rainbow, 18:Inferno, 19:Plasma, 20:Viridis, 21:Clockwork Orange, 23:Mona Lisa, 24:Salmon, 25:Purple Rain
2025-12-06 23:36:49 [INFO] show_bridge.state -     Layer 4 (global 36) 'Effects' role=effects -> 1:None, 2:None, 3:Edge Detection, 4:Noisy, 5:Shift Glitch, 6:Acuarela, 7:Mirror Quad, 8:Infinite Zoom, 9:Bloom, 10:Hatched, 11:Dither, 12:Posterize, 13:Dot Screen, 14:Dither Dots, 15:Edge Dots, 16:Rainbow LEDs
2025-12-06 23:36:49 [INFO] show_bridge.state -     Layer 5 (global 37) 'Transforms' role=transforms -> 1:None, 2:None, 3:Rotate Blur, 4:Particle System, 5:Displace, 6:Kaleidoscope, 7:TAS Turbulent, 8:TAS Turbulent, 9:TAS Turbulent Edges, 10:TAS Sine Transform, 11:TAS Slider Tile
2025-12-06 23:36:49 [INFO] show_bridge.state -   Group 7 'Columns' (APC=3)
2025-12-06 23:36:49 [INFO] show_bridge.state -     Layer 0 (global 38) 'Fills 1' role=fills -> 2:None, 3:columns_noisefill_full_C1, 4:columns_noisefill_full_turb_C1, 5:columns_noisefill_narrow_B1, 6:columns_noisefill_narrow_C1, 7:columns_noisefill_narrow_W1, 8:columns_noisefill_shape_bands_C1, 9:columns_noisefill_shape_C1, 10:columns_noisefill_wide_B1, 11:columns_noisefill_wide_W1, 12:columns_pointfill_wide_C1, 13:columns_pointfill_wide_C2
2025-12-06 23:36:49 [INFO] show_bridge.state -     Layer 1 (global 39) 'Fills 2' role=fills -> 2:None, 3:columns_noisefill_full_C1, 4:columns_noisefill_full_turb_C1, 5:columns_noisefill_narrow_B1, 6:columns_noisefill_narrow_C1, 7:columns_noisefill_narrow_W1, 8:columns_noisefill_shape_bands_C1, 9:columns_noisefill_shape_C1, 10:columns_noisefill_wide_B1, 11:columns_noisefill_wide_W1, 12:columns_pointfill_wide_C1, 13:columns_pointfill_wide_C2
2025-12-06 23:36:49 [INFO] show_bridge.state -     Layer 2 (global 40) 'Static Masks' role=static_masks -> 2:None, 3:Mix 1, 4:All Area 2, 5:Windows Columns Door, 6:Windows, 7:Lights, 8:Columns
2025-12-06 23:36:49 [INFO] show_bridge.state -     Layer 3 (global 41) 'Dynamic Masks' role=dynamic_masks -> 2:None, 3:Radial Circle 1, 4:Radial Circle 2, 5:Radial Circle 3, 6:Radial Square 1, 7:Radial Square 2, 8:Radial Square 3
2025-12-06 23:36:49 [INFO] show_bridge.state -     Layer 4 (global 42) 'Colors' role=colors -> 1:None, 2:None, 3:Grayscale, 4:White, 5:Reds, 6:Oranges, 7:Yellows, 8:Limes, 9:Greens, 10:Teals, 11:Cyans, 12:Blues, 13:Purples, 14:Magentas, 15:Pinks, 16:Dull, 17:Rainbow, 18:Inferno, 19:Plasma, 20:Viridis, 21:Clockwork Orange, 22:Mona Lisa, 23:Salmon, 24:Purple Rain
2025-12-06 23:36:49 [INFO] show_bridge.state -     Layer 5 (global 43) 'Effects' role=effects -> 1:None, 2:None, 3:Edge Detection, 4:Noisy, 5:Shift Glitch, 6:Acuarela, 7:Mirror Quad, 8:Infinite Zoom, 9:Bloom, 10:Hatched, 11:Dither, 12:Posterize, 13:Dot Screen, 14:Dither Dots, 15:Edge Dots, 16:Rainbow LEDs
2025-12-06 23:36:49 [INFO] show_bridge.state -     Layer 6 (global 44) 'Transforms' role=transforms -> 1:None, 2:None, 3:Rotate Blur, 4:Particle System, 5:Displace, 6:Kaleidoscope, 7:TAS Turbulent, 8:TAS Turbulent, 9:TAS Turbulent Edges, 10:TAS Sine Transform, 11:TAS Slider Tile
2025-12-06 23:36:49 [INFO] show_bridge.state -   Group 8 'Lights' (APC=2)
2025-12-06 23:36:49 [INFO] show_bridge.state -     Layer 0 (global 45) 'Fills 1' role=fills -> 2:None, 3:mix_1_noisefill_full_C1, 4:mix_1_noisefill_full_turb_C1, 5:mix_1_noisefill_narrow_B1, 6:mix_1_noisefill_narrow_C1, 7:mix_1_noisefill_narrow_W1, 8:mix_1_noisefill_shape_bands_C1, 9:mix_1_noisefill_shape_C1, 10:mix_1_noisefill_wide_B1, 11:mix_1_noisefill_wide_W1, 12:mix_1_pointfill_wide_C1, 13:mix_1_pointfill_wide_C2
2025-12-06 23:36:49 [INFO] show_bridge.state -     Layer 1 (global 46) 'Fills 2' role=fills -> 2:None, 3:mix_1_noisefill_full_C1, 4:mix_1_noisefill_full_turb_C1, 5:mix_1_noisefill_narrow_B1, 6:mix_1_noisefill_narrow_C1, 7:mix_1_noisefill_narrow_W1, 8:mix_1_noisefill_shape_bands_C1, 9:mix_1_noisefill_shape_C1, 10:mix_1_noisefill_wide_B1, 11:mix_1_noisefill_wide_W1, 12:mix_1_pointfill_wide_C1, 13:mix_1_pointfill_wide_C2
2025-12-06 23:36:49 [INFO] show_bridge.state -     Layer 2 (global 47) 'Dynamic Masks' role=dynamic_masks -> 1:None, 2:None, 3:Radial Circle 1, 4:Radial Circle 2, 5:Radial Circle 3, 6:Radial Square 1, 7:Radial Square 2, 8:Radial Square 3
2025-12-06 23:36:49 [INFO] show_bridge.state -     Layer 3 (global 48) 'Colors' role=colors -> 1:None, 2:None, 3:Grayscale, 4:White, 5:Reds, 6:Oranges, 7:Yellows, 8:Limes, 9:Greens, 10:Teals, 11:Cyans, 12:Blues, 13:Purples, 14:Magentas, 15:Pinks, 16:Dull, 17:Rainbow, 18:Inferno, 19:Plasma, 20:Viridis, 21:Clockwork Orange, 22:Mona Lisa, 23:Salmon, 24:Purple Rain, 25:Purple Rain, 26:Purple Rain
2025-12-06 23:36:49 [INFO] show_bridge.state -     Layer 4 (global 49) 'Effects' role=effects -> 1:None, 2:None, 3:Edge Detection, 4:Noisy, 5:Shift Glitch, 6:Acuarela, 7:Mirror Quad, 8:Infinite Zoom, 9:Bloom, 10:Hatched, 11:Dither, 12:Posterize, 13:Dot Screen, 14:Dither Dots, 15:Edge Dots, 16:Rainbow LEDs
2025-12-06 23:36:49 [INFO] show_bridge.state -     Layer 5 (global 50) 'Transforms' role=transforms -> 1:None, 2:None, 3:Rotate Blur, 4:Particle System, 5:Displace, 6:Kaleidoscope, 7:TAS Turbulent, 8:TAS Turbulent, 9:TAS Turbulent Edges, 10:TAS Sine Transform, 11:TAS Slider Tile, 12:Feedback Down, 13:Feedback Perlin
2025-12-06 23:36:49 [INFO] show_bridge.state -   Group 9 'Snow' (APC=1)
2025-12-06 23:36:49 [INFO] show_bridge.state -     Layer 0 (global 51) 'Fills 1' role=fills -> 2:None, 3:Flakes Avg Change, 4:Flakes Avg Med, 5:Flakes Lots Med, 6:Snow Thick Med, 7:Snow Avg Med, 8:Snow Light Med, 9:Snow Thick Slow, 10:Snow Avg Slow, 11:Snow Light Slow, 12:Snow Thick Slow, 13:Snow Avg Slow, 14:Snow Light Slow
2025-12-06 23:36:49 [INFO] show_bridge.state -     Layer 1 (global 52) 'Fills 2' role=fills -> 2:None, 3:Flakes Avg Change, 4:Flakes Avg Med, 5:Flakes Lots Med, 6:Snow Thick Med, 7:Snow Avg Med, 8:Snow Light Med, 9:Snow Thick Slow, 10:Snow Avg Slow, 11:Snow Light Slow, 12:Snow Thick Slow, 13:Snow Avg Slow, 14:Snow Light Slow
2025-12-06 23:36:49 [INFO] show_bridge.state -     Layer 2 (global 53) 'Effects' role=effects -> 1:None, 2:Edge Detection, 3:Bloom, 4:Posterize, 5:Noisy, 6:Acuarela, 7:Mirror Quad, 8:Flip, 9:Vertical Noise Glow
2025-12-06 23:36:49 [INFO] show_bridge.state -     Layer 3 (global 54) 'Transforms' role=transforms -> 1:None, 2:None, 3:Feedback Controller, 4:Kaleidoscope, 5:Flip
2025-12-06 23:36:49 [INFO] show_bridge.state -     Layer 4 (global 55) 'Color' role=colors -> 1:None, 2:None, 3:Hue Rotate, 4:Reds, 5:Teals, 6:Cyans, 7:Blues, 8:Purples, 9:Grayscale, 10:White, 11:Dull, 12:Rainbow
2025-12-06 23:36:49 [INFO] show_bridge.state -   Group 10 'Routing Group' (APC=-)
2025-12-06 23:36:49 [INFO] show_bridge.state -     Layer 0 (global 56) 'OSC Transport Beat' role=- -> 1:OSC Transport Beat, 2:OSC Transport Beat
2025-12-06 23:36:49 [INFO] show_bridge.state -     Layer 1 (global 57) 'Test Router' role=routing -> 1:Video Router, 2:Video Router
2025-12-06 23:36:49 [INFO] show_bridge.state -     Layer 2 (global 58) 'Synestesia Router' role=routing -> 1:Video Router, 2:Video Router
2025-12-06 23:36:49 [INFO] show_bridge.state -     Layer 3 (global 59) 'Wireframe Router' role=routing -> 1:Video Router, 2:Video Router
2025-12-06 23:36:49 [INFO] show_bridge.state -     Layer 4 (global 60) 'Brick Router' role=routing -> 1:Video Router, 2:Video Router
2025-12-06 23:36:49 [INFO] show_bridge.state -     Layer 5 (global 61) 'Mix Router' role=routing -> 1:Video Router, 2:Video Router
2025-12-06 23:36:49 [INFO] show_bridge.state -     Layer 6 (global 62) 'Windows Router' role=routing -> 1:Video Router, 2:Video Router
2025-12-06 23:36:49 [INFO] show_bridge.state -     Layer 7 (global 63) 'Columns Router' role=routing -> 1:Video Router, 2:Video Router
2025-12-06 23:36:49 [INFO] show_bridge.state -     Layer 8 (global 64) 'Lights Router' role=routing -> 1:Video Router, 2:Video Router
2025-12-06 23:36:49 [INFO] show_bridge.state -     Layer 9 (global 65) 'Snow Router' role=routing -> 1:Video Router, 2:Video Router
2025-12-06 23:36:49 [INFO] show_bridge.state - [OSC] Using Resolume OSC at 127.0.0.1:7000
2025-12-06 23:36:49 [INFO] show_bridge.state - [OSC] Using show_bridge OSC at 127.0.0.1:13001 for state broadcasts
2025-12-06 23:36:49 [INFO] show_bridge.state - [SYN] Using Synesthesia OSC at 127.0.0.1:12001
2025-12-06 23:36:49 [INFO] show_bridge.state - [SYN] Synesthesia mapped to APC group 8 (internal group_idx=7)
2025-12-06 23:36:49 [INFO] show_bridge.state - [ROUTING] Mapped routing layers:
2025-12-06 23:36:49 [INFO] show_bridge.state - [RESOLUME] Attached composition 'Snow Place 2025' with 11 groups.
2025-12-06 23:36:49 [INFO] show_bridge.state -   APC group 8: roles -> fills(1), effects(1), colors(1), static_masks(1)
2025-12-06 23:36:49 [INFO] show_bridge.state -   APC group 7: roles -> fills(2), static_masks(1), dynamic_masks(1), colors(1), effects(1), transforms(1)
2025-12-06 23:36:49 [INFO] show_bridge.state -   APC group 6: roles -> fills(2), static_masks(1), dynamic_masks(1), colors(1), effects(1), transforms(1)
2025-12-06 23:36:49 [INFO] show_bridge.state -   APC group 5: roles -> fills(2), static_masks(1), dynamic_masks(1), colors(1), effects(1), transforms(1)
2025-12-06 23:36:49 [INFO] show_bridge.state -   APC group 4: roles -> fills(2), dynamic_masks(1), colors(1), effects(1), transforms(1)
2025-12-06 23:36:49 [INFO] show_bridge.state -   APC group 3: roles -> fills(2), static_masks(1), dynamic_masks(1), colors(1), effects(1), transforms(1)
2025-12-06 23:36:49 [INFO] show_bridge.state -   APC group 2: roles -> fills(2), dynamic_masks(1), colors(1), effects(1), transforms(1)
2025-12-06 23:36:49 [INFO] show_bridge.state -   APC group 1: roles -> fills(2), effects(1), transforms(1), colors(1)
2025-12-06 23:36:49 [INFO] show_bridge.state - [INIT] Syncing with composition...
2025-12-06 23:36:49 [INFO] show_bridge.state - [INIT] Layer 0 'Reference Images' col=1 -> ON=False
2025-12-06 23:36:49 [INFO] show_bridge.state - [INIT] Layer 1 'Test Patterns' col=1 -> ON=False
2025-12-06 23:36:49 [INFO] show_bridge.state - [INIT] Layer 2 'Layer #' col=1 -> ON=False
2025-12-06 23:36:49 [INFO] show_bridge.state - [INIT] Layer 3 'FFT Fills' col=1 -> ON=False
2025-12-06 23:36:49 [INFO] show_bridge.state - [INIT] Layer 4 'Full Stage Effects' col=1 -> ON=False
2025-12-06 23:36:49 [INFO] show_bridge.state - [INIT] Layer 5 'Full Stage Colors' col=1 -> ON=False
2025-12-06 23:36:49 [INFO] show_bridge.state - [INIT] Layer 6 'Stage Masks' col=1 -> ON=False
2025-12-06 23:36:49 [INFO] show_bridge.state - [INIT] Layer 7 'Fills 1' col=1 -> ON=False
2025-12-06 23:36:49 [INFO] show_bridge.state - [INIT] Layer 8 'Effects' col=1 -> ON=False
2025-12-06 23:36:49 [INFO] show_bridge.state - [INIT] Layer 9 'Colors' col=1 -> ON=False
2025-12-06 23:36:49 [INFO] show_bridge.state - [INIT] Layer 10 'Static Masks' col=1 -> ON=False
2025-12-06 23:36:49 [INFO] show_bridge.state - [INIT] Layer 11 'Fills 1' col=1 -> ON=False
2025-12-06 23:36:49 [INFO] show_bridge.state - [INIT] Layer 12 'Fills 2' col=1 -> ON=False
2025-12-06 23:36:49 [INFO] show_bridge.state - [INIT] Layer 13 'Static Masks' col=1 -> ON=False
2025-12-06 23:36:49 [INFO] show_bridge.state - [INIT] Layer 14 'Dynamic Masks' col=1 -> ON=False
2025-12-06 23:36:49 [INFO] show_bridge.state - [INIT] Layer 15 'Colors' col=1 -> ON=False
2025-12-06 23:36:49 [INFO] show_bridge.state - [INIT] Layer 16 'Effects' col=1 -> ON=False
2025-12-06 23:36:49 [INFO] show_bridge.state - [INIT] Layer 17 'Transforms' col=1 -> ON=False
2025-12-06 23:36:49 [INFO] show_bridge.state - [INIT] Layer 18 'Fills 1' col=1 -> ON=False
2025-12-06 23:36:49 [INFO] show_bridge.state - [INIT] Layer 19 'Fills 2' col=1 -> ON=False
2025-12-06 23:36:49 [INFO] show_bridge.state - [INIT] Layer 20 'Static Masks' col=1 -> ON=False
2025-12-06 23:36:49 [INFO] show_bridge.state - [INIT] Layer 21 'Dynamic Masks' col=1 -> ON=False
2025-12-06 23:36:49 [INFO] show_bridge.state - [INIT] Layer 22 'Colors' col=1 -> ON=False
2025-12-06 23:36:49 [INFO] show_bridge.state - [INIT] Layer 23 'Effects' col=1 -> ON=False
2025-12-06 23:36:49 [INFO] show_bridge.state - [INIT] Layer 24 'Transforms' col=1 -> ON=False
2025-12-06 23:36:49 [INFO] show_bridge.state - [INIT] Layer 25 'Fills 1' col=1 -> ON=False
2025-12-06 23:36:49 [INFO] show_bridge.state - [INIT] Layer 26 'Fills 2' col=1 -> ON=False
2025-12-06 23:36:49 [INFO] show_bridge.state - [INIT] Layer 27 'Static Masks' col=1 -> ON=False
2025-12-06 23:36:49 [INFO] show_bridge.state - [INIT] Layer 28 'Dynamic Masks' col=1 -> ON=False
2025-12-06 23:36:49 [INFO] show_bridge.state - [INIT] Layer 29 'Colors' col=1 -> ON=False
2025-12-06 23:36:49 [INFO] show_bridge.state - [INIT] Layer 30 'Effects' col=1 -> ON=False
2025-12-06 23:36:49 [INFO] show_bridge.state - [INIT] Layer 31 'Transforms' col=1 -> ON=False
2025-12-06 23:36:49 [INFO] show_bridge.state - [INIT] Layer 32 'Fills 1' col=1 -> ON=False
2025-12-06 23:36:49 [INFO] show_bridge.state - [INIT] Layer 33 'Fills 2' col=1 -> ON=False
2025-12-06 23:36:49 [INFO] show_bridge.state - [INIT] Layer 34 'Dynamic Masks' col=1 -> ON=False
2025-12-06 23:36:49 [INFO] show_bridge.state - [INIT] Layer 35 'Colors' col=1 -> ON=False
2025-12-06 23:36:49 [INFO] show_bridge.state - [INIT] Layer 36 'Effects' col=1 -> ON=False
2025-12-06 23:36:49 [INFO] show_bridge.state - [INIT] Layer 37 'Transforms' col=1 -> ON=False
2025-12-06 23:36:49 [INFO] show_bridge.state - [INIT] Layer 38 'Fills 1' col=1 -> ON=False
2025-12-06 23:36:49 [INFO] show_bridge.state - [INIT] Layer 39 'Fills 2' col=1 -> ON=False
2025-12-06 23:36:49 [INFO] show_bridge.state - [INIT] Layer 40 'Static Masks' col=1 -> ON=False
2025-12-06 23:36:49 [INFO] show_bridge.state - [INIT] Layer 41 'Dynamic Masks' col=1 -> ON=False
2025-12-06 23:36:49 [INFO] show_bridge.state - [INIT] Layer 42 'Colors' col=1 -> ON=False
2025-12-06 23:36:49 [INFO] show_bridge.state - [INIT] Layer 43 'Effects' col=1 -> ON=False
2025-12-06 23:36:49 [INFO] show_bridge.state - [INIT] Layer 44 'Transforms' col=1 -> ON=False
2025-12-06 23:36:49 [INFO] show_bridge.state - [INIT] Layer 45 'Fills 1' col=1 -> ON=False
2025-12-06 23:36:49 [INFO] show_bridge.state - [INIT] Layer 46 'Fills 2' col=1 -> ON=False
2025-12-06 23:36:49 [INFO] show_bridge.state - [INIT] Layer 47 'Dynamic Masks' col=1 -> ON=False
2025-12-06 23:36:49 [INFO] show_bridge.state - [INIT] Layer 48 'Colors' col=1 -> ON=False
2025-12-06 23:36:49 [INFO] show_bridge.state - [INIT] Layer 49 'Effects' col=1 -> ON=False
2025-12-06 23:36:49 [INFO] show_bridge.state - [INIT] Layer 50 'Transforms' col=1 -> ON=False
2025-12-06 23:36:49 [INFO] show_bridge.state - [INIT] Layer 51 'Fills 1' col=1 -> ON=False
2025-12-06 23:36:49 [INFO] show_bridge.state - [INIT] Layer 52 'Fills 2' col=1 -> ON=False
2025-12-06 23:36:49 [INFO] show_bridge.state - [INIT] Layer 53 'Effects' col=1 -> ON=False
2025-12-06 23:36:49 [INFO] show_bridge.state - [INIT] Layer 54 'Transforms' col=1 -> ON=False
2025-12-06 23:36:49 [INFO] show_bridge.state - [INIT] Layer 55 'Color' col=1 -> ON=False
2025-12-06 23:36:49 [INFO] show_bridge.state - [INIT] Layer 56 'OSC Transport Beat' col=1 -> ON=False
2025-12-06 23:36:49 [INFO] show_bridge.state - [INIT] Layer 57 'Test Router' col=1 -> ON=False
2025-12-06 23:36:49 [INFO] show_bridge.state - [INIT] Layer 58 'Synestesia Router' col=1 -> ON=False
2025-12-06 23:36:49 [INFO] show_bridge.state - [INIT] Layer 59 'Wireframe Router' col=1 -> ON=False
2025-12-06 23:36:49 [INFO] show_bridge.state - [INIT] Layer 60 'Brick Router' col=1 -> ON=False
2025-12-06 23:36:49 [INFO] show_bridge.state - [INIT] Layer 61 'Mix Router' col=1 -> ON=False
2025-12-06 23:36:49 [INFO] show_bridge.state - [INIT] Layer 62 'Windows Router' col=1 -> ON=False
2025-12-06 23:36:49 [INFO] show_bridge.state - [INIT] Layer 63 'Columns Router' col=1 -> ON=False
2025-12-06 23:36:49 [INFO] show_bridge.state - [INIT] Layer 64 'Lights Router' col=1 -> ON=False
2025-12-06 23:36:49 [INFO] show_bridge.state - [INIT] Layer 65 'Snow Router' col=1 -> ON=False
2025-12-06 23:36:49 [INFO] show_bridge.state - [INIT] Group 8 -> playing=False, effects=False, transforms=False, dynamic_masks=False, color=False
2025-12-06 23:36:49 [INFO] show_bridge.state - [INIT] Group 7 -> playing=False, effects=False, transforms=False, dynamic_masks=False, color=False
2025-12-06 23:36:49 [INFO] show_bridge.state - [INIT] Group 6 -> playing=False, effects=False, transforms=False, dynamic_masks=False, color=False
2025-12-06 23:36:49 [INFO] show_bridge.state - [INIT] Group 5 -> playing=False, effects=False, transforms=False, dynamic_masks=False, color=False
2025-12-06 23:36:49 [INFO] show_bridge.state - [INIT] Group 4 -> playing=False, effects=False, transforms=False, dynamic_masks=False, color=False
2025-12-06 23:36:49 [INFO] show_bridge.state - [INIT] Group 3 -> playing=False, effects=False, transforms=False, dynamic_masks=False, color=False
2025-12-06 23:36:49 [INFO] show_bridge.state - [INIT] Group 2 -> playing=False, effects=False, transforms=False, dynamic_masks=False, color=False
2025-12-06 23:36:49 [INFO] show_bridge.state - [INIT] Group 1 -> playing=False, effects=False, transforms=False, dynamic_masks=False, color=False
2025-12-06 23:36:49 [INFO] show_bridge - [MONITOR] State monitoring HTTP server started on port 8765.
2025-12-06 23:44:30 [INFO] show_bridge - Starting show_bridge state machine runner
2025-12-06 23:44:30 [INFO] show_bridge - [STATE] Loaded state_machine_mappings.yaml for OSC broadcast.
2025-12-06 23:44:32 [INFO] show_bridge - [RESOLUME] Loaded composition 'Snow Place 2025' with 11 groups.
2025-12-06 23:44:32 [INFO] show_bridge - [DEBUG] Composition 'Snow Place 2025' column layout:
2025-12-06 23:44:32 [INFO] show_bridge -   Group 0 'Test Group' (APC=-)
2025-12-06 23:44:32 [INFO] show_bridge -     Layer 0 (global 0) 'Reference Images' role=- -> 2:Full Building Perspective Corrected, 3:OSC Transport Beat
2025-12-06 23:44:32 [INFO] show_bridge -     Layer 1 (global 1) 'Test Patterns' role=- -> 2:All Area 2, 3:Mix 1, 4:Checkered, 5:Test Card, 6:All Area Wireframe 1, 7:All Area Wireframe 2, 8:WAAT Test Card
2025-12-06 23:44:32 [INFO] show_bridge -   Group 1 'Internal Videos' (APC=-)
2025-12-06 23:44:32 [INFO] show_bridge -     Layer 0 (global 2) 'Layer #' role=- -> 
2025-12-06 23:44:32 [INFO] show_bridge -     Layer 1 (global 3) 'FFT Fills' role=fills -> 
2025-12-06 23:44:32 [INFO] show_bridge -     Layer 2 (global 4) 'Full Stage Effects' role=effects -> 2:Edge Detection, 3:Noisy, 4:Shift Glitch, 5:Acuarela, 6:Mirror Quad, 7:Infinite Zoom, 8:Bloom, 9:Hatched, 10:Dither, 12:Posterize
2025-12-06 23:44:32 [INFO] show_bridge -     Layer 3 (global 5) 'Full Stage Colors' role=colors -> 2:No Changes, 3:Reds, 4:Oranges, 5:Yellows, 6:Limes, 7:Greens, 8:Teals, 9:Cyans, 10:Blues, 11:Purples, 12:Magentas, 13:Pinks, 14:Grayscale, 15:White, 16:Dull, 17:Rainbow, 18:Inferno, 19:Plasma, 20:Viridis, 21:Clockwork Orange, 22:Warhol, 23:Mona Lisa, 24:Salmon, 25:Purple Rain
2025-12-06 23:44:32 [INFO] show_bridge -     Layer 4 (global 6) 'Stage Masks' role=static_masks -> 1:Solid Color, 2:Mask Randomizer, 3:All Area 2, 4:Big Window, 5:Brick Face, 6:Column Tops and Bottoms, 7:Columns, 8:Door, 9:Mix 1, 10:Roof Circle, 11:Roof Crown, 12:Roof Peak, 13:Roof Trim, 14:Windows Columns Door, 15:Windows, 16:Lights
2025-12-06 23:44:32 [INFO] show_bridge -   Group 2 'Synestesia' (APC=8)
2025-12-06 23:44:32 [INFO] show_bridge -     Layer 0 (global 7) 'Fills 1' role=fills -> 2:None, 4:Synesthesia Soft Flip, 5:Synesthesia Mirror
2025-12-06 23:44:32 [INFO] show_bridge -     Layer 1 (global 8) 'Effects' role=effects -> 1:None, 2:None, 3:Edge Detection, 4:Noisy, 5:Shift Glitch, 6:Acuarela, 7:Mirror Quad, 8:Infinite Zoom, 9:Bloom, 10:Hatched, 11:Dither, 12:Posterize, 13:Dot Screen, 14:Dither Dots, 15:Edge Dots, 16:Rainbow LEDs
2025-12-06 23:44:32 [INFO] show_bridge -     Layer 2 (global 9) 'Colors' role=colors -> 1:None, 2:None, 3:Grayscale, 4:White, 5:Reds, 6:Oranges, 7:Yellows, 8:Limes, 9:Greens, 10:Teals, 11:Cyans, 12:Blues, 13:Purples, 14:Magentas, 15:Pinks, 16:Dull, 17:Rainbow, 18:Inferno, 19:Plasma, 20:Viridis, 21:Clockwork Orange, 22:Mona Lisa, 23:Salmon, 24:Purple Rain
2025-12-06 23:44:32 [INFO] show_bridge -     Layer 3 (global 10) 'Static Masks' role=static_masks -> 1:None, 2:Solid Color, 3:Mask Randomizer, 4:All Area 2, 5:Big Window, 6:Brick Face, 7:Column Tops and Bottoms, 8:Columns, 9:Door, 10:Mix 1, 11:Roof Circle, 12:Roof Crown, 13:Roof Peak, 14:Roof Trim, 15:Windows Columns Door, 16:Windows, 17:Lights
2025-12-06 23:44:32 [INFO] show_bridge -   Group 3 'Wireframe' (APC=7)
2025-12-06 23:44:32 [INFO] show_bridge -     Layer 0 (global 11) 'Fills 1' role=fills -> 2:None, 3:all_wireframe_noisefill_full_C1, 4:all_wireframe_noisefill_full_turb_C1, 5:all_wireframe_noisefill_narrow_B1, 6:all_wireframe_noisefill_narrow_C1, 7:all_wireframe_noisefill_narrow_W1, 8:all_wireframe_noisefill_shape_bands_C1, 9:all_wireframe_noisefill_shape_C1, 10:all_wireframe_noisefill_wide_B1, 11:all_wireframe_noisefill_wide_W1, 12:all_wireframe_pointfill_wide_C1, 13:all_wireframe_pointfill_wide_C2
2025-12-06 23:44:32 [INFO] show_bridge -     Layer 1 (global 12) 'Fills 2' role=fills -> 2:None, 3:all_wireframe_noisefill_full_C1, 4:all_wireframe_noisefill_full_turb_C1, 5:all_wireframe_noisefill_narrow_B1, 6:all_wireframe_noisefill_narrow_C1, 7:all_wireframe_noisefill_narrow_W1, 8:all_wireframe_noisefill_shape_bands_C1, 9:all_wireframe_noisefill_shape_C1, 10:all_wireframe_noisefill_wide_B1, 11:all_wireframe_noisefill_wide_W1, 12:all_wireframe_pointfill_wide_C1, 13:all_wireframe_pointfill_wide_C2
2025-12-06 23:44:32 [INFO] show_bridge -     Layer 2 (global 13) 'Static Masks' role=static_masks -> 2:None, 3:Mix 1, 4:All Area 2, 5:Windows Columns Door, 6:Windows, 7:Lights, 8:Columns
2025-12-06 23:44:32 [INFO] show_bridge -     Layer 3 (global 14) 'Dynamic Masks' role=dynamic_masks -> 2:None, 3:Radial Circle 1, 4:Radial Circle 2, 5:Radial Circle 3, 6:Radial Square 1, 7:Radial Square 2, 8:Radial Square 3
2025-12-06 23:44:32 [INFO] show_bridge -     Layer 4 (global 15) 'Colors' role=colors -> 1:None, 2:None, 3:Grayscale, 4:White, 5:Reds, 6:Oranges, 7:Yellows, 8:Limes, 9:Greens, 10:Teals, 11:Cyans, 12:Blues, 13:Purples, 14:Magentas, 15:Pinks, 16:Dull, 17:Rainbow, 18:Inferno, 19:Plasma, 20:Viridis, 21:Clockwork Orange, 22:Mona Lisa, 23:Salmon, 24:Purple Rain
2025-12-06 23:44:32 [INFO] show_bridge -     Layer 5 (global 16) 'Effects' role=effects -> 1:None, 2:None, 3:Edge Detection, 4:Noisy, 5:Shift Glitch, 6:Acuarela, 7:Mirror Quad, 8:Infinite Zoom, 9:Bloom, 10:Hatched, 11:Dither, 12:Posterize, 13:Dot Screen, 14:Dither Dots, 15:Edge Dots, 16:Rainbow LEDs
2025-12-06 23:44:32 [INFO] show_bridge -     Layer 6 (global 17) 'Transforms' role=transforms -> 1:None, 2:None, 3:Rotate Blur, 4:Particle System, 5:Displace, 6:Kaleidoscope, 7:TAS Turbulent, 8:TAS Turbulent, 9:TAS Turbulent Edges, 10:TAS Sine Transform, 11:TAS Slider Tile
2025-12-06 23:44:32 [INFO] show_bridge -   Group 4 'Brick' (APC=6)
2025-12-06 23:44:32 [INFO] show_bridge -     Layer 0 (global 18) 'Fills 1' role=fills -> 2:None, 3:brick_noisefill_full_C1, 4:brick_noisefill_full_turb_C1, 5:brick_noisefill_narrow_B1, 6:brick_noisefill_narrow_C1, 7:brick_noisefill_narrow_W1, 8:brick_noisefill_shape_bands_C1, 9:brick_noisefill_shape_C1, 10:brick_noisefill_wide_B1, 11:brick_noisefill_wide_W1, 12:brick_pointfill_wide_C1, 13:brick_pointfill_wide_C2
2025-12-06 23:44:32 [INFO] show_bridge -     Layer 1 (global 19) 'Fills 2' role=fills -> 2:None, 3:brick_noisefill_full_C1, 4:brick_noisefill_full_turb_C1, 5:brick_noisefill_narrow_B1, 6:brick_noisefill_narrow_C1, 7:brick_noisefill_narrow_W1, 8:brick_noisefill_shape_bands_C1, 9:brick_noisefill_shape_C1, 10:brick_noisefill_wide_B1, 11:brick_noisefill_wide_W1, 12:brick_pointfill_wide_C1, 13:brick_pointfill_wide_C2
2025-12-06 23:44:32 [INFO] show_bridge -     Layer 2 (global 20) 'Static Masks' role=static_masks -> 2:None, 3:Mix 1, 4:All Area 2, 5:Windows Columns Door, 6:Windows, 7:Lights, 8:Columns
2025-12-06 23:44:32 [INFO] show_bridge -     Layer 3 (global 21) 'Dynamic Masks' role=dynamic_masks -> 2:None, 3:Radial Circle 1, 4:Radial Circle 2, 5:Radial Circle 3, 6:Radial Square 1, 7:Radial Square 2, 8:Radial Square 3
2025-12-06 23:44:32 [INFO] show_bridge -     Layer 4 (global 22) 'Colors' role=colors -> 1:None, 2:None, 3:Grayscale, 4:White, 5:Reds, 6:Oranges, 7:Yellows, 8:Limes, 9:Greens, 10:Teals, 11:Cyans, 12:Blues, 13:Purples, 14:Magentas, 15:Pinks, 16:Dull, 17:Rainbow, 18:Inferno, 19:Plasma, 20:Viridis, 21:Clockwork Orange, 22:Warhol, 23:Mona Lisa, 24:Salmon, 25:Purple Rain
2025-12-06 23:44:32 [INFO] show_bridge -     Layer 5 (global 23) 'Effects' role=effects -> 1:None, 2:None, 3:Edge Detection, 4:Noisy, 5:Shift Glitch, 6:Acuarela, 7:Mirror Quad, 8:Infinite Zoom, 9:Bloom, 10:Hatched, 11:Dither, 12:Posterize, 13:Dot Screen, 14:Dither Dots, 15:Edge Dots, 16:Rainbow LEDs
2025-12-06 23:44:32 [INFO] show_bridge -     Layer 6 (global 24) 'Transforms' role=transforms -> 1:None, 2:None, 3:Rotate Blur, 4:Particle System, 5:Displace, 6:Kaleidoscope, 7:TAS Turbulent, 8:TAS Turbulent, 9:TAS Turbulent Edges, 10:TAS Sine Transform, 11:TAS Slider Tile
2025-12-06 23:44:32 [INFO] show_bridge -   Group 5 'Mix' (APC=5)
2025-12-06 23:44:32 [INFO] show_bridge -     Layer 0 (global 25) 'Fills 1' role=fills -> 2:None, 3:mix_1_noisefill_full_C1, 4:mix_1_noisefill_full_turb_C1, 5:mix_1_noisefill_narrow_B1, 6:mix_1_noisefill_narrow_C1, 7:mix_1_noisefill_narrow_W1, 8:mix_1_noisefill_shape_bands_C1, 9:mix_1_noisefill_shape_C1, 10:mix_1_noisefill_wide_B1, 11:mix_1_noisefill_wide_W1, 12:mix_1_pointfill_wide_C1, 13:mix_1_pointfill_wide_C2
2025-12-06 23:44:32 [INFO] show_bridge -     Layer 1 (global 26) 'Fills 2' role=fills -> 2:None, 3:mix_1_noisefill_full_C1, 4:mix_1_noisefill_full_turb_C1, 5:mix_1_noisefill_narrow_B1, 6:mix_1_noisefill_narrow_C1, 7:mix_1_noisefill_narrow_W1, 8:mix_1_noisefill_shape_bands_C1, 9:mix_1_noisefill_shape_C1, 10:mix_1_noisefill_wide_B1, 11:mix_1_noisefill_wide_W1, 12:mix_1_pointfill_wide_C1, 13:mix_1_pointfill_wide_C2
2025-12-06 23:44:32 [INFO] show_bridge -     Layer 2 (global 27) 'Static Masks' role=static_masks -> 2:None, 3:Mask Randomizer, 4:Mask Randomizer 2
2025-12-06 23:44:32 [INFO] show_bridge -     Layer 3 (global 28) 'Dynamic Masks' role=dynamic_masks -> 2:None, 3:Radial Circle 1, 4:Radial Circle 2, 5:Radial Circle 3, 6:Radial Square 1, 7:Radial Square 2, 8:Radial Square 3
2025-12-06 23:44:32 [INFO] show_bridge -     Layer 4 (global 29) 'Colors' role=colors -> 1:None, 2:None, 3:Grayscale, 4:White, 5:Reds, 6:Oranges, 7:Yellows, 8:Limes, 9:Greens, 10:Teals, 11:Cyans, 12:Blues, 13:Purples, 14:Magentas, 15:Pinks, 16:Dull, 17:Rainbow, 18:Inferno, 19:Plasma, 20:Viridis, 21:Clockwork Orange, 23:Mona Lisa, 24:Salmon, 25:Purple Rain
2025-12-06 23:44:32 [INFO] show_bridge -     Layer 5 (global 30) 'Effects' role=effects -> 1:None, 2:None, 3:Edge Detection, 4:Noisy, 5:Shift Glitch, 6:Acuarela, 7:Mirror Quad, 8:Infinite Zoom, 9:Bloom, 10:Hatched, 11:Dither, 12:Posterize, 13:Dot Screen, 14:Dither Dots, 15:Edge Dots, 16:Rainbow LEDs
2025-12-06 23:44:32 [INFO] show_bridge -     Layer 6 (global 31) 'Transforms' role=transforms -> 1:None, 2:None, 3:Rotate Blur, 4:Particle System, 5:Displace, 6:Kaleidoscope, 7:TAS Turbulent, 8:TAS Turbulent, 9:TAS Turbulent Edges, 10:TAS Sine Transform, 11:TAS Slider Tile
2025-12-06 23:44:32 [INFO] show_bridge -   Group 6 'Windows' (APC=4)
2025-12-06 23:44:32 [INFO] show_bridge -     Layer 0 (global 32) 'Fills 1' role=fills -> 2:None, 3:windows_noisefill_full_C1, 4:windows_noisefill_full_turb_C1, 5:windows_noisefill_narrow_B1, 6:windows_noisefill_narrow_C1, 7:windows_noisefill_narrow_W1, 8:windows_noisefill_shape_bands_C1, 9:windows_noisefill_shape_C1, 10:windows_noisefill_wide_B1, 11:windows_noisefill_wide_W1, 12:windows_pointfill_wide_C1, 13:windows_pointfill_wide_C2
2025-12-06 23:44:32 [INFO] show_bridge -     Layer 1 (global 33) 'Fills 2' role=fills -> 2:None, 3:windows_noisefill_full_C1, 4:windows_noisefill_full_turb_C1, 5:windows_noisefill_narrow_B1, 6:windows_noisefill_narrow_C1, 7:windows_noisefill_narrow_W1, 8:windows_noisefill_shape_bands_C1, 9:windows_noisefill_shape_C1, 10:windows_noisefill_wide_B1, 11:windows_noisefill_wide_W1, 12:windows_pointfill_wide_C1, 13:windows_pointfill_wide_C2
2025-12-06 23:44:32 [INFO] show_bridge -     Layer 2 (global 34) 'Dynamic Masks' role=dynamic_masks -> 2:None, 3:Radial Circle 1, 4:Radial Circle 2, 5:Radial Circle 3, 6:Radial Square 1, 7:Radial Square 2, 8:Radial Square 3
2025-12-06 23:44:32 [INFO] show_bridge -     Layer 3 (global 35) 'Colors' role=colors -> 1:None, 2:None, 3:Grayscale, 4:White, 5:Reds, 6:Oranges, 7:Yellows, 8:Limes, 9:Greens, 10:Teals, 11:Cyans, 12:Blues, 13:Purples, 14:Magentas, 15:Pinks, 16:Dull, 17:Rainbow, 18:Inferno, 19:Plasma, 20:Viridis, 21:Clockwork Orange, 23:Mona Lisa, 24:Salmon, 25:Purple Rain
2025-12-06 23:44:32 [INFO] show_bridge -     Layer 4 (global 36) 'Effects' role=effects -> 1:None, 2:None, 3:Edge Detection, 4:Noisy, 5:Shift Glitch, 6:Acuarela, 7:Mirror Quad, 8:Infinite Zoom, 9:Bloom, 10:Hatched, 11:Dither, 12:Posterize, 13:Dot Screen, 14:Dither Dots, 15:Edge Dots, 16:Rainbow LEDs
2025-12-06 23:44:32 [INFO] show_bridge -     Layer 5 (global 37) 'Transforms' role=transforms -> 1:None, 2:None, 3:Rotate Blur, 4:Particle System, 5:Displace, 6:Kaleidoscope, 7:TAS Turbulent, 8:TAS Turbulent, 9:TAS Turbulent Edges, 10:TAS Sine Transform, 11:TAS Slider Tile
2025-12-06 23:44:32 [INFO] show_bridge -   Group 7 'Columns' (APC=3)
2025-12-06 23:44:32 [INFO] show_bridge -     Layer 0 (global 38) 'Fills 1' role=fills -> 2:None, 3:columns_noisefill_full_C1, 4:columns_noisefill_full_turb_C1, 5:columns_noisefill_narrow_B1, 6:columns_noisefill_narrow_C1, 7:columns_noisefill_narrow_W1, 8:columns_noisefill_shape_bands_C1, 9:columns_noisefill_shape_C1, 10:columns_noisefill_wide_B1, 11:columns_noisefill_wide_W1, 12:columns_pointfill_wide_C1, 13:columns_pointfill_wide_C2
2025-12-06 23:44:32 [INFO] show_bridge -     Layer 1 (global 39) 'Fills 2' role=fills -> 2:None, 3:columns_noisefill_full_C1, 4:columns_noisefill_full_turb_C1, 5:columns_noisefill_narrow_B1, 6:columns_noisefill_narrow_C1, 7:columns_noisefill_narrow_W1, 8:columns_noisefill_shape_bands_C1, 9:columns_noisefill_shape_C1, 10:columns_noisefill_wide_B1, 11:columns_noisefill_wide_W1, 12:columns_pointfill_wide_C1, 13:columns_pointfill_wide_C2
2025-12-06 23:44:32 [INFO] show_bridge -     Layer 2 (global 40) 'Static Masks' role=static_masks -> 2:None, 3:Mix 1, 4:All Area 2, 5:Windows Columns Door, 6:Windows, 7:Lights, 8:Columns
2025-12-06 23:44:32 [INFO] show_bridge -     Layer 3 (global 41) 'Dynamic Masks' role=dynamic_masks -> 2:None, 3:Radial Circle 1, 4:Radial Circle 2, 5:Radial Circle 3, 6:Radial Square 1, 7:Radial Square 2, 8:Radial Square 3
2025-12-06 23:44:32 [INFO] show_bridge -     Layer 4 (global 42) 'Colors' role=colors -> 1:None, 2:None, 3:Grayscale, 4:White, 5:Reds, 6:Oranges, 7:Yellows, 8:Limes, 9:Greens, 10:Teals, 11:Cyans, 12:Blues, 13:Purples, 14:Magentas, 15:Pinks, 16:Dull, 17:Rainbow, 18:Inferno, 19:Plasma, 20:Viridis, 21:Clockwork Orange, 22:Mona Lisa, 23:Salmon, 24:Purple Rain
2025-12-06 23:44:32 [INFO] show_bridge -     Layer 5 (global 43) 'Effects' role=effects -> 1:None, 2:None, 3:Edge Detection, 4:Noisy, 5:Shift Glitch, 6:Acuarela, 7:Mirror Quad, 8:Infinite Zoom, 9:Bloom, 10:Hatched, 11:Dither, 12:Posterize, 13:Dot Screen, 14:Dither Dots, 15:Edge Dots, 16:Rainbow LEDs
2025-12-06 23:44:32 [INFO] show_bridge -     Layer 6 (global 44) 'Transforms' role=transforms -> 1:None, 2:None, 3:Rotate Blur, 4:Particle System, 5:Displace, 6:Kaleidoscope, 7:TAS Turbulent, 8:TAS Turbulent, 9:TAS Turbulent Edges, 10:TAS Sine Transform, 11:TAS Slider Tile
2025-12-06 23:44:32 [INFO] show_bridge -   Group 8 'Lights' (APC=2)
2025-12-06 23:44:32 [INFO] show_bridge -     Layer 0 (global 45) 'Fills 1' role=fills -> 2:None, 3:mix_1_noisefill_full_C1, 4:mix_1_noisefill_full_turb_C1, 5:mix_1_noisefill_narrow_B1, 6:mix_1_noisefill_narrow_C1, 7:mix_1_noisefill_narrow_W1, 8:mix_1_noisefill_shape_bands_C1, 9:mix_1_noisefill_shape_C1, 10:mix_1_noisefill_wide_B1, 11:mix_1_noisefill_wide_W1, 12:mix_1_pointfill_wide_C1, 13:mix_1_pointfill_wide_C2
2025-12-06 23:44:32 [INFO] show_bridge -     Layer 1 (global 46) 'Fills 2' role=fills -> 2:None, 3:mix_1_noisefill_full_C1, 4:mix_1_noisefill_full_turb_C1, 5:mix_1_noisefill_narrow_B1, 6:mix_1_noisefill_narrow_C1, 7:mix_1_noisefill_narrow_W1, 8:mix_1_noisefill_shape_bands_C1, 9:mix_1_noisefill_shape_C1, 10:mix_1_noisefill_wide_B1, 11:mix_1_noisefill_wide_W1, 12:mix_1_pointfill_wide_C1, 13:mix_1_pointfill_wide_C2
2025-12-06 23:44:32 [INFO] show_bridge -     Layer 2 (global 47) 'Dynamic Masks' role=dynamic_masks -> 1:None, 2:None, 3:Radial Circle 1, 4:Radial Circle 2, 5:Radial Circle 3, 6:Radial Square 1, 7:Radial Square 2, 8:Radial Square 3
2025-12-06 23:44:32 [INFO] show_bridge -     Layer 3 (global 48) 'Colors' role=colors -> 1:None, 2:None, 3:Grayscale, 4:White, 5:Reds, 6:Oranges, 7:Yellows, 8:Limes, 9:Greens, 10:Teals, 11:Cyans, 12:Blues, 13:Purples, 14:Magentas, 15:Pinks, 16:Dull, 17:Rainbow, 18:Inferno, 19:Plasma, 20:Viridis, 21:Clockwork Orange, 22:Mona Lisa, 23:Salmon, 24:Purple Rain, 25:Purple Rain, 26:Purple Rain
2025-12-06 23:44:32 [INFO] show_bridge -     Layer 4 (global 49) 'Effects' role=effects -> 1:None, 2:None, 3:Edge Detection, 4:Noisy, 5:Shift Glitch, 6:Acuarela, 7:Mirror Quad, 8:Infinite Zoom, 9:Bloom, 10:Hatched, 11:Dither, 12:Posterize, 13:Dot Screen, 14:Dither Dots, 15:Edge Dots, 16:Rainbow LEDs
2025-12-06 23:44:32 [INFO] show_bridge -     Layer 5 (global 50) 'Transforms' role=transforms -> 1:None, 2:None, 3:Rotate Blur, 4:Particle System, 5:Displace, 6:Kaleidoscope, 7:TAS Turbulent, 8:TAS Turbulent, 9:TAS Turbulent Edges, 10:TAS Sine Transform, 11:TAS Slider Tile, 12:Feedback Down, 13:Feedback Perlin
2025-12-06 23:44:32 [INFO] show_bridge -   Group 9 'Snow' (APC=1)
2025-12-06 23:44:32 [INFO] show_bridge -     Layer 0 (global 51) 'Fills 1' role=fills -> 2:None, 3:Flakes Avg Change, 4:Flakes Avg Med, 5:Flakes Lots Med, 6:Snow Thick Med, 7:Snow Avg Med, 8:Snow Light Med, 9:Snow Thick Slow, 10:Snow Avg Slow, 11:Snow Light Slow, 12:Snow Thick Slow, 13:Snow Avg Slow, 14:Snow Light Slow
2025-12-06 23:44:32 [INFO] show_bridge -     Layer 1 (global 52) 'Fills 2' role=fills -> 2:None, 3:Flakes Avg Change, 4:Flakes Avg Med, 5:Flakes Lots Med, 6:Snow Thick Med, 7:Snow Avg Med, 8:Snow Light Med, 9:Snow Thick Slow, 10:Snow Avg Slow, 11:Snow Light Slow, 12:Snow Thick Slow, 13:Snow Avg Slow, 14:Snow Light Slow
2025-12-06 23:44:32 [INFO] show_bridge -     Layer 2 (global 53) 'Effects' role=effects -> 1:None, 2:Edge Detection, 3:Bloom, 4:Posterize, 5:Noisy, 6:Acuarela, 7:Mirror Quad, 8:Flip, 9:Vertical Noise Glow
2025-12-06 23:44:32 [INFO] show_bridge -     Layer 3 (global 54) 'Transforms' role=transforms -> 1:None, 2:None, 3:Feedback Controller, 4:Kaleidoscope, 5:Flip
2025-12-06 23:44:32 [INFO] show_bridge -     Layer 4 (global 55) 'Color' role=colors -> 1:None, 2:None, 3:Hue Rotate, 4:Reds, 5:Teals, 6:Cyans, 7:Blues, 8:Purples, 9:Grayscale, 10:White, 11:Dull, 12:Rainbow
2025-12-06 23:44:32 [INFO] show_bridge -   Group 10 'Routing Group' (APC=-)
2025-12-06 23:44:32 [INFO] show_bridge -     Layer 0 (global 56) 'OSC Transport Beat' role=- -> 1:OSC Transport Beat, 2:OSC Transport Beat
2025-12-06 23:44:32 [INFO] show_bridge -     Layer 1 (global 57) 'Test Router' role=routing -> 1:Video Router, 2:Video Router
2025-12-06 23:44:32 [INFO] show_bridge -     Layer 2 (global 58) 'Synestesia Router' role=routing -> 1:Video Router, 2:Video Router
2025-12-06 23:44:32 [INFO] show_bridge -     Layer 3 (global 59) 'Wireframe Router' role=routing -> 1:Video Router, 2:Video Router
2025-12-06 23:44:32 [INFO] show_bridge -     Layer 4 (global 60) 'Brick Router' role=routing -> 1:Video Router, 2:Video Router
2025-12-06 23:44:32 [INFO] show_bridge -     Layer 5 (global 61) 'Mix Router' role=routing -> 1:Video Router, 2:Video Router
2025-12-06 23:44:32 [INFO] show_bridge -     Layer 6 (global 62) 'Windows Router' role=routing -> 1:Video Router, 2:Video Router
2025-12-06 23:44:32 [INFO] show_bridge -     Layer 7 (global 63) 'Columns Router' role=routing -> 1:Video Router, 2:Video Router
2025-12-06 23:44:32 [INFO] show_bridge -     Layer 8 (global 64) 'Lights Router' role=routing -> 1:Video Router, 2:Video Router
2025-12-06 23:44:32 [INFO] show_bridge -     Layer 9 (global 65) 'Snow Router' role=routing -> 1:Video Router, 2:Video Router
2025-12-06 23:44:32 [INFO] show_bridge - [OSC] Using Resolume OSC at 127.0.0.1:7000
2025-12-06 23:44:32 [INFO] show_bridge - [OSC] Using show_bridge OSC at 127.0.0.1:13001 for state broadcasts
2025-12-06 23:44:32 [INFO] show_bridge - [SYN] Using Synesthesia OSC at 127.0.0.1:12001
2025-12-06 23:44:32 [INFO] show_bridge - 
Using input:  Akai APC40 2
2025-12-06 23:44:32 [INFO] show_bridge - Using output: Akai APC40 3
2025-12-06 23:44:34 [INFO] show_bridge.state - [RESOLUME] Loaded composition 'Snow Place 2025' with 11 groups.
2025-12-06 23:44:34 [INFO] show_bridge.state - [DEBUG] Composition 'Snow Place 2025' column layout:
2025-12-06 23:44:34 [INFO] show_bridge.state -   Group 0 'Test Group' (APC=-)
2025-12-06 23:44:34 [INFO] show_bridge.state -     Layer 0 (global 0) 'Reference Images' role=- -> 2:Full Building Perspective Corrected, 3:OSC Transport Beat
2025-12-06 23:44:34 [INFO] show_bridge.state -     Layer 1 (global 1) 'Test Patterns' role=- -> 2:All Area 2, 3:Mix 1, 4:Checkered, 5:Test Card, 6:All Area Wireframe 1, 7:All Area Wireframe 2, 8:WAAT Test Card
2025-12-06 23:44:34 [INFO] show_bridge.state -   Group 1 'Internal Videos' (APC=-)
2025-12-06 23:44:34 [INFO] show_bridge.state -     Layer 0 (global 2) 'Layer #' role=- -> 
2025-12-06 23:44:34 [INFO] show_bridge.state -     Layer 1 (global 3) 'FFT Fills' role=fills -> 
2025-12-06 23:44:34 [INFO] show_bridge.state -     Layer 2 (global 4) 'Full Stage Effects' role=effects -> 2:Edge Detection, 3:Noisy, 4:Shift Glitch, 5:Acuarela, 6:Mirror Quad, 7:Infinite Zoom, 8:Bloom, 9:Hatched, 10:Dither, 12:Posterize
2025-12-06 23:44:34 [INFO] show_bridge.state -     Layer 3 (global 5) 'Full Stage Colors' role=colors -> 2:No Changes, 3:Reds, 4:Oranges, 5:Yellows, 6:Limes, 7:Greens, 8:Teals, 9:Cyans, 10:Blues, 11:Purples, 12:Magentas, 13:Pinks, 14:Grayscale, 15:White, 16:Dull, 17:Rainbow, 18:Inferno, 19:Plasma, 20:Viridis, 21:Clockwork Orange, 22:Warhol, 23:Mona Lisa, 24:Salmon, 25:Purple Rain
2025-12-06 23:44:34 [INFO] show_bridge.state -     Layer 4 (global 6) 'Stage Masks' role=static_masks -> 1:Solid Color, 2:Mask Randomizer, 3:All Area 2, 4:Big Window, 5:Brick Face, 6:Column Tops and Bottoms, 7:Columns, 8:Door, 9:Mix 1, 10:Roof Circle, 11:Roof Crown, 12:Roof Peak, 13:Roof Trim, 14:Windows Columns Door, 15:Windows, 16:Lights
2025-12-06 23:44:34 [INFO] show_bridge.state -   Group 2 'Synestesia' (APC=8)
2025-12-06 23:44:34 [INFO] show_bridge.state -     Layer 0 (global 7) 'Fills 1' role=fills -> 2:None, 4:Synesthesia Soft Flip, 5:Synesthesia Mirror
2025-12-06 23:44:34 [INFO] show_bridge.state -     Layer 1 (global 8) 'Effects' role=effects -> 1:None, 2:None, 3:Edge Detection, 4:Noisy, 5:Shift Glitch, 6:Acuarela, 7:Mirror Quad, 8:Infinite Zoom, 9:Bloom, 10:Hatched, 11:Dither, 12:Posterize, 13:Dot Screen, 14:Dither Dots, 15:Edge Dots, 16:Rainbow LEDs
2025-12-06 23:44:34 [INFO] show_bridge.state -     Layer 2 (global 9) 'Colors' role=colors -> 1:None, 2:None, 3:Grayscale, 4:White, 5:Reds, 6:Oranges, 7:Yellows, 8:Limes, 9:Greens, 10:Teals, 11:Cyans, 12:Blues, 13:Purples, 14:Magentas, 15:Pinks, 16:Dull, 17:Rainbow, 18:Inferno, 19:Plasma, 20:Viridis, 21:Clockwork Orange, 22:Mona Lisa, 23:Salmon, 24:Purple Rain
2025-12-06 23:44:34 [INFO] show_bridge.state -     Layer 3 (global 10) 'Static Masks' role=static_masks -> 1:None, 2:Solid Color, 3:Mask Randomizer, 4:All Area 2, 5:Big Window, 6:Brick Face, 7:Column Tops and Bottoms, 8:Columns, 9:Door, 10:Mix 1, 11:Roof Circle, 12:Roof Crown, 13:Roof Peak, 14:Roof Trim, 15:Windows Columns Door, 16:Windows, 17:Lights
2025-12-06 23:44:34 [INFO] show_bridge.state -   Group 3 'Wireframe' (APC=7)
2025-12-06 23:44:34 [INFO] show_bridge.state -     Layer 0 (global 11) 'Fills 1' role=fills -> 2:None, 3:all_wireframe_noisefill_full_C1, 4:all_wireframe_noisefill_full_turb_C1, 5:all_wireframe_noisefill_narrow_B1, 6:all_wireframe_noisefill_narrow_C1, 7:all_wireframe_noisefill_narrow_W1, 8:all_wireframe_noisefill_shape_bands_C1, 9:all_wireframe_noisefill_shape_C1, 10:all_wireframe_noisefill_wide_B1, 11:all_wireframe_noisefill_wide_W1, 12:all_wireframe_pointfill_wide_C1, 13:all_wireframe_pointfill_wide_C2
2025-12-06 23:44:34 [INFO] show_bridge.state -     Layer 1 (global 12) 'Fills 2' role=fills -> 2:None, 3:all_wireframe_noisefill_full_C1, 4:all_wireframe_noisefill_full_turb_C1, 5:all_wireframe_noisefill_narrow_B1, 6:all_wireframe_noisefill_narrow_C1, 7:all_wireframe_noisefill_narrow_W1, 8:all_wireframe_noisefill_shape_bands_C1, 9:all_wireframe_noisefill_shape_C1, 10:all_wireframe_noisefill_wide_B1, 11:all_wireframe_noisefill_wide_W1, 12:all_wireframe_pointfill_wide_C1, 13:all_wireframe_pointfill_wide_C2
2025-12-06 23:44:34 [INFO] show_bridge.state -     Layer 2 (global 13) 'Static Masks' role=static_masks -> 2:None, 3:Mix 1, 4:All Area 2, 5:Windows Columns Door, 6:Windows, 7:Lights, 8:Columns
2025-12-06 23:44:34 [INFO] show_bridge.state -     Layer 3 (global 14) 'Dynamic Masks' role=dynamic_masks -> 2:None, 3:Radial Circle 1, 4:Radial Circle 2, 5:Radial Circle 3, 6:Radial Square 1, 7:Radial Square 2, 8:Radial Square 3
2025-12-06 23:44:34 [INFO] show_bridge.state -     Layer 4 (global 15) 'Colors' role=colors -> 1:None, 2:None, 3:Grayscale, 4:White, 5:Reds, 6:Oranges, 7:Yellows, 8:Limes, 9:Greens, 10:Teals, 11:Cyans, 12:Blues, 13:Purples, 14:Magentas, 15:Pinks, 16:Dull, 17:Rainbow, 18:Inferno, 19:Plasma, 20:Viridis, 21:Clockwork Orange, 22:Mona Lisa, 23:Salmon, 24:Purple Rain
2025-12-06 23:44:34 [INFO] show_bridge.state -     Layer 5 (global 16) 'Effects' role=effects -> 1:None, 2:None, 3:Edge Detection, 4:Noisy, 5:Shift Glitch, 6:Acuarela, 7:Mirror Quad, 8:Infinite Zoom, 9:Bloom, 10:Hatched, 11:Dither, 12:Posterize, 13:Dot Screen, 14:Dither Dots, 15:Edge Dots, 16:Rainbow LEDs
2025-12-06 23:44:34 [INFO] show_bridge.state -     Layer 6 (global 17) 'Transforms' role=transforms -> 1:None, 2:None, 3:Rotate Blur, 4:Particle System, 5:Displace, 6:Kaleidoscope, 7:TAS Turbulent, 8:TAS Turbulent, 9:TAS Turbulent Edges, 10:TAS Sine Transform, 11:TAS Slider Tile
2025-12-06 23:44:34 [INFO] show_bridge.state -   Group 4 'Brick' (APC=6)
2025-12-06 23:44:34 [INFO] show_bridge.state -     Layer 0 (global 18) 'Fills 1' role=fills -> 2:None, 3:brick_noisefill_full_C1, 4:brick_noisefill_full_turb_C1, 5:brick_noisefill_narrow_B1, 6:brick_noisefill_narrow_C1, 7:brick_noisefill_narrow_W1, 8:brick_noisefill_shape_bands_C1, 9:brick_noisefill_shape_C1, 10:brick_noisefill_wide_B1, 11:brick_noisefill_wide_W1, 12:brick_pointfill_wide_C1, 13:brick_pointfill_wide_C2
2025-12-06 23:44:34 [INFO] show_bridge.state -     Layer 1 (global 19) 'Fills 2' role=fills -> 2:None, 3:brick_noisefill_full_C1, 4:brick_noisefill_full_turb_C1, 5:brick_noisefill_narrow_B1, 6:brick_noisefill_narrow_C1, 7:brick_noisefill_narrow_W1, 8:brick_noisefill_shape_bands_C1, 9:brick_noisefill_shape_C1, 10:brick_noisefill_wide_B1, 11:brick_noisefill_wide_W1, 12:brick_pointfill_wide_C1, 13:brick_pointfill_wide_C2
2025-12-06 23:44:34 [INFO] show_bridge.state -     Layer 2 (global 20) 'Static Masks' role=static_masks -> 2:None, 3:Mix 1, 4:All Area 2, 5:Windows Columns Door, 6:Windows, 7:Lights, 8:Columns
2025-12-06 23:44:34 [INFO] show_bridge.state -     Layer 3 (global 21) 'Dynamic Masks' role=dynamic_masks -> 2:None, 3:Radial Circle 1, 4:Radial Circle 2, 5:Radial Circle 3, 6:Radial Square 1, 7:Radial Square 2, 8:Radial Square 3
2025-12-06 23:44:34 [INFO] show_bridge.state -     Layer 4 (global 22) 'Colors' role=colors -> 1:None, 2:None, 3:Grayscale, 4:White, 5:Reds, 6:Oranges, 7:Yellows, 8:Limes, 9:Greens, 10:Teals, 11:Cyans, 12:Blues, 13:Purples, 14:Magentas, 15:Pinks, 16:Dull, 17:Rainbow, 18:Inferno, 19:Plasma, 20:Viridis, 21:Clockwork Orange, 22:Warhol, 23:Mona Lisa, 24:Salmon, 25:Purple Rain
2025-12-06 23:44:34 [INFO] show_bridge.state -     Layer 5 (global 23) 'Effects' role=effects -> 1:None, 2:None, 3:Edge Detection, 4:Noisy, 5:Shift Glitch, 6:Acuarela, 7:Mirror Quad, 8:Infinite Zoom, 9:Bloom, 10:Hatched, 11:Dither, 12:Posterize, 13:Dot Screen, 14:Dither Dots, 15:Edge Dots, 16:Rainbow LEDs
2025-12-06 23:44:34 [INFO] show_bridge.state -     Layer 6 (global 24) 'Transforms' role=transforms -> 1:None, 2:None, 3:Rotate Blur, 4:Particle System, 5:Displace, 6:Kaleidoscope, 7:TAS Turbulent, 8:TAS Turbulent, 9:TAS Turbulent Edges, 10:TAS Sine Transform, 11:TAS Slider Tile
2025-12-06 23:44:34 [INFO] show_bridge.state -   Group 5 'Mix' (APC=5)
2025-12-06 23:44:34 [INFO] show_bridge.state -     Layer 0 (global 25) 'Fills 1' role=fills -> 2:None, 3:mix_1_noisefill_full_C1, 4:mix_1_noisefill_full_turb_C1, 5:mix_1_noisefill_narrow_B1, 6:mix_1_noisefill_narrow_C1, 7:mix_1_noisefill_narrow_W1, 8:mix_1_noisefill_shape_bands_C1, 9:mix_1_noisefill_shape_C1, 10:mix_1_noisefill_wide_B1, 11:mix_1_noisefill_wide_W1, 12:mix_1_pointfill_wide_C1, 13:mix_1_pointfill_wide_C2
2025-12-06 23:44:34 [INFO] show_bridge.state -     Layer 1 (global 26) 'Fills 2' role=fills -> 2:None, 3:mix_1_noisefill_full_C1, 4:mix_1_noisefill_full_turb_C1, 5:mix_1_noisefill_narrow_B1, 6:mix_1_noisefill_narrow_C1, 7:mix_1_noisefill_narrow_W1, 8:mix_1_noisefill_shape_bands_C1, 9:mix_1_noisefill_shape_C1, 10:mix_1_noisefill_wide_B1, 11:mix_1_noisefill_wide_W1, 12:mix_1_pointfill_wide_C1, 13:mix_1_pointfill_wide_C2
2025-12-06 23:44:34 [INFO] show_bridge.state -     Layer 2 (global 27) 'Static Masks' role=static_masks -> 2:None, 3:Mask Randomizer, 4:Mask Randomizer 2
2025-12-06 23:44:34 [INFO] show_bridge.state -     Layer 3 (global 28) 'Dynamic Masks' role=dynamic_masks -> 2:None, 3:Radial Circle 1, 4:Radial Circle 2, 5:Radial Circle 3, 6:Radial Square 1, 7:Radial Square 2, 8:Radial Square 3
2025-12-06 23:44:34 [INFO] show_bridge.state -     Layer 4 (global 29) 'Colors' role=colors -> 1:None, 2:None, 3:Grayscale, 4:White, 5:Reds, 6:Oranges, 7:Yellows, 8:Limes, 9:Greens, 10:Teals, 11:Cyans, 12:Blues, 13:Purples, 14:Magentas, 15:Pinks, 16:Dull, 17:Rainbow, 18:Inferno, 19:Plasma, 20:Viridis, 21:Clockwork Orange, 23:Mona Lisa, 24:Salmon, 25:Purple Rain
2025-12-06 23:44:34 [INFO] show_bridge.state -     Layer 5 (global 30) 'Effects' role=effects -> 1:None, 2:None, 3:Edge Detection, 4:Noisy, 5:Shift Glitch, 6:Acuarela, 7:Mirror Quad, 8:Infinite Zoom, 9:Bloom, 10:Hatched, 11:Dither, 12:Posterize, 13:Dot Screen, 14:Dither Dots, 15:Edge Dots, 16:Rainbow LEDs
2025-12-06 23:44:34 [INFO] show_bridge.state -     Layer 6 (global 31) 'Transforms' role=transforms -> 1:None, 2:None, 3:Rotate Blur, 4:Particle System, 5:Displace, 6:Kaleidoscope, 7:TAS Turbulent, 8:TAS Turbulent, 9:TAS Turbulent Edges, 10:TAS Sine Transform, 11:TAS Slider Tile
2025-12-06 23:44:34 [INFO] show_bridge.state -   Group 6 'Windows' (APC=4)
2025-12-06 23:44:34 [INFO] show_bridge.state -     Layer 0 (global 32) 'Fills 1' role=fills -> 2:None, 3:windows_noisefill_full_C1, 4:windows_noisefill_full_turb_C1, 5:windows_noisefill_narrow_B1, 6:windows_noisefill_narrow_C1, 7:windows_noisefill_narrow_W1, 8:windows_noisefill_shape_bands_C1, 9:windows_noisefill_shape_C1, 10:windows_noisefill_wide_B1, 11:windows_noisefill_wide_W1, 12:windows_pointfill_wide_C1, 13:windows_pointfill_wide_C2
2025-12-06 23:44:34 [INFO] show_bridge.state -     Layer 1 (global 33) 'Fills 2' role=fills -> 2:None, 3:windows_noisefill_full_C1, 4:windows_noisefill_full_turb_C1, 5:windows_noisefill_narrow_B1, 6:windows_noisefill_narrow_C1, 7:windows_noisefill_narrow_W1, 8:windows_noisefill_shape_bands_C1, 9:windows_noisefill_shape_C1, 10:windows_noisefill_wide_B1, 11:windows_noisefill_wide_W1, 12:windows_pointfill_wide_C1, 13:windows_pointfill_wide_C2
2025-12-06 23:44:34 [INFO] show_bridge.state -     Layer 2 (global 34) 'Dynamic Masks' role=dynamic_masks -> 2:None, 3:Radial Circle 1, 4:Radial Circle 2, 5:Radial Circle 3, 6:Radial Square 1, 7:Radial Square 2, 8:Radial Square 3
2025-12-06 23:44:34 [INFO] show_bridge.state -     Layer 3 (global 35) 'Colors' role=colors -> 1:None, 2:None, 3:Grayscale, 4:White, 5:Reds, 6:Oranges, 7:Yellows, 8:Limes, 9:Greens, 10:Teals, 11:Cyans, 12:Blues, 13:Purples, 14:Magentas, 15:Pinks, 16:Dull, 17:Rainbow, 18:Inferno, 19:Plasma, 20:Viridis, 21:Clockwork Orange, 23:Mona Lisa, 24:Salmon, 25:Purple Rain
2025-12-06 23:44:34 [INFO] show_bridge.state -     Layer 4 (global 36) 'Effects' role=effects -> 1:None, 2:None, 3:Edge Detection, 4:Noisy, 5:Shift Glitch, 6:Acuarela, 7:Mirror Quad, 8:Infinite Zoom, 9:Bloom, 10:Hatched, 11:Dither, 12:Posterize, 13:Dot Screen, 14:Dither Dots, 15:Edge Dots, 16:Rainbow LEDs
2025-12-06 23:44:34 [INFO] show_bridge.state -     Layer 5 (global 37) 'Transforms' role=transforms -> 1:None, 2:None, 3:Rotate Blur, 4:Particle System, 5:Displace, 6:Kaleidoscope, 7:TAS Turbulent, 8:TAS Turbulent, 9:TAS Turbulent Edges, 10:TAS Sine Transform, 11:TAS Slider Tile
2025-12-06 23:44:34 [INFO] show_bridge.state -   Group 7 'Columns' (APC=3)
2025-12-06 23:44:34 [INFO] show_bridge.state -     Layer 0 (global 38) 'Fills 1' role=fills -> 2:None, 3:columns_noisefill_full_C1, 4:columns_noisefill_full_turb_C1, 5:columns_noisefill_narrow_B1, 6:columns_noisefill_narrow_C1, 7:columns_noisefill_narrow_W1, 8:columns_noisefill_shape_bands_C1, 9:columns_noisefill_shape_C1, 10:columns_noisefill_wide_B1, 11:columns_noisefill_wide_W1, 12:columns_pointfill_wide_C1, 13:columns_pointfill_wide_C2
2025-12-06 23:44:34 [INFO] show_bridge.state -     Layer 1 (global 39) 'Fills 2' role=fills -> 2:None, 3:columns_noisefill_full_C1, 4:columns_noisefill_full_turb_C1, 5:columns_noisefill_narrow_B1, 6:columns_noisefill_narrow_C1, 7:columns_noisefill_narrow_W1, 8:columns_noisefill_shape_bands_C1, 9:columns_noisefill_shape_C1, 10:columns_noisefill_wide_B1, 11:columns_noisefill_wide_W1, 12:columns_pointfill_wide_C1, 13:columns_pointfill_wide_C2
2025-12-06 23:44:34 [INFO] show_bridge.state -     Layer 2 (global 40) 'Static Masks' role=static_masks -> 2:None, 3:Mix 1, 4:All Area 2, 5:Windows Columns Door, 6:Windows, 7:Lights, 8:Columns
2025-12-06 23:44:34 [INFO] show_bridge.state -     Layer 3 (global 41) 'Dynamic Masks' role=dynamic_masks -> 2:None, 3:Radial Circle 1, 4:Radial Circle 2, 5:Radial Circle 3, 6:Radial Square 1, 7:Radial Square 2, 8:Radial Square 3
2025-12-06 23:44:34 [INFO] show_bridge.state -     Layer 4 (global 42) 'Colors' role=colors -> 1:None, 2:None, 3:Grayscale, 4:White, 5:Reds, 6:Oranges, 7:Yellows, 8:Limes, 9:Greens, 10:Teals, 11:Cyans, 12:Blues, 13:Purples, 14:Magentas, 15:Pinks, 16:Dull, 17:Rainbow, 18:Inferno, 19:Plasma, 20:Viridis, 21:Clockwork Orange, 22:Mona Lisa, 23:Salmon, 24:Purple Rain
2025-12-06 23:44:34 [INFO] show_bridge.state -     Layer 5 (global 43) 'Effects' role=effects -> 1:None, 2:None, 3:Edge Detection, 4:Noisy, 5:Shift Glitch, 6:Acuarela, 7:Mirror Quad, 8:Infinite Zoom, 9:Bloom, 10:Hatched, 11:Dither, 12:Posterize, 13:Dot Screen, 14:Dither Dots, 15:Edge Dots, 16:Rainbow LEDs
2025-12-06 23:44:34 [INFO] show_bridge.state -     Layer 6 (global 44) 'Transforms' role=transforms -> 1:None, 2:None, 3:Rotate Blur, 4:Particle System, 5:Displace, 6:Kaleidoscope, 7:TAS Turbulent, 8:TAS Turbulent, 9:TAS Turbulent Edges, 10:TAS Sine Transform, 11:TAS Slider Tile
2025-12-06 23:44:34 [INFO] show_bridge.state -   Group 8 'Lights' (APC=2)
2025-12-06 23:44:34 [INFO] show_bridge.state -     Layer 0 (global 45) 'Fills 1' role=fills -> 2:None, 3:mix_1_noisefill_full_C1, 4:mix_1_noisefill_full_turb_C1, 5:mix_1_noisefill_narrow_B1, 6:mix_1_noisefill_narrow_C1, 7:mix_1_noisefill_narrow_W1, 8:mix_1_noisefill_shape_bands_C1, 9:mix_1_noisefill_shape_C1, 10:mix_1_noisefill_wide_B1, 11:mix_1_noisefill_wide_W1, 12:mix_1_pointfill_wide_C1, 13:mix_1_pointfill_wide_C2
2025-12-06 23:44:34 [INFO] show_bridge.state -     Layer 1 (global 46) 'Fills 2' role=fills -> 2:None, 3:mix_1_noisefill_full_C1, 4:mix_1_noisefill_full_turb_C1, 5:mix_1_noisefill_narrow_B1, 6:mix_1_noisefill_narrow_C1, 7:mix_1_noisefill_narrow_W1, 8:mix_1_noisefill_shape_bands_C1, 9:mix_1_noisefill_shape_C1, 10:mix_1_noisefill_wide_B1, 11:mix_1_noisefill_wide_W1, 12:mix_1_pointfill_wide_C1, 13:mix_1_pointfill_wide_C2
2025-12-06 23:44:34 [INFO] show_bridge.state -     Layer 2 (global 47) 'Dynamic Masks' role=dynamic_masks -> 1:None, 2:None, 3:Radial Circle 1, 4:Radial Circle 2, 5:Radial Circle 3, 6:Radial Square 1, 7:Radial Square 2, 8:Radial Square 3
2025-12-06 23:44:34 [INFO] show_bridge.state -     Layer 3 (global 48) 'Colors' role=colors -> 1:None, 2:None, 3:Grayscale, 4:White, 5:Reds, 6:Oranges, 7:Yellows, 8:Limes, 9:Greens, 10:Teals, 11:Cyans, 12:Blues, 13:Purples, 14:Magentas, 15:Pinks, 16:Dull, 17:Rainbow, 18:Inferno, 19:Plasma, 20:Viridis, 21:Clockwork Orange, 22:Mona Lisa, 23:Salmon, 24:Purple Rain, 25:Purple Rain, 26:Purple Rain
2025-12-06 23:44:34 [INFO] show_bridge.state -     Layer 4 (global 49) 'Effects' role=effects -> 1:None, 2:None, 3:Edge Detection, 4:Noisy, 5:Shift Glitch, 6:Acuarela, 7:Mirror Quad, 8:Infinite Zoom, 9:Bloom, 10:Hatched, 11:Dither, 12:Posterize, 13:Dot Screen, 14:Dither Dots, 15:Edge Dots, 16:Rainbow LEDs
2025-12-06 23:44:34 [INFO] show_bridge.state -     Layer 5 (global 50) 'Transforms' role=transforms -> 1:None, 2:None, 3:Rotate Blur, 4:Particle System, 5:Displace, 6:Kaleidoscope, 7:TAS Turbulent, 8:TAS Turbulent, 9:TAS Turbulent Edges, 10:TAS Sine Transform, 11:TAS Slider Tile, 12:Feedback Down, 13:Feedback Perlin
2025-12-06 23:44:34 [INFO] show_bridge.state -   Group 9 'Snow' (APC=1)
2025-12-06 23:44:34 [INFO] show_bridge.state -     Layer 0 (global 51) 'Fills 1' role=fills -> 2:None, 3:Flakes Avg Change, 4:Flakes Avg Med, 5:Flakes Lots Med, 6:Snow Thick Med, 7:Snow Avg Med, 8:Snow Light Med, 9:Snow Thick Slow, 10:Snow Avg Slow, 11:Snow Light Slow, 12:Snow Thick Slow, 13:Snow Avg Slow, 14:Snow Light Slow
2025-12-06 23:44:34 [INFO] show_bridge.state -     Layer 1 (global 52) 'Fills 2' role=fills -> 2:None, 3:Flakes Avg Change, 4:Flakes Avg Med, 5:Flakes Lots Med, 6:Snow Thick Med, 7:Snow Avg Med, 8:Snow Light Med, 9:Snow Thick Slow, 10:Snow Avg Slow, 11:Snow Light Slow, 12:Snow Thick Slow, 13:Snow Avg Slow, 14:Snow Light Slow
2025-12-06 23:44:34 [INFO] show_bridge.state -     Layer 2 (global 53) 'Effects' role=effects -> 1:None, 2:Edge Detection, 3:Bloom, 4:Posterize, 5:Noisy, 6:Acuarela, 7:Mirror Quad, 8:Flip, 9:Vertical Noise Glow
2025-12-06 23:44:34 [INFO] show_bridge.state -     Layer 3 (global 54) 'Transforms' role=transforms -> 1:None, 2:None, 3:Feedback Controller, 4:Kaleidoscope, 5:Flip
2025-12-06 23:44:34 [INFO] show_bridge.state -     Layer 4 (global 55) 'Color' role=colors -> 1:None, 2:None, 3:Hue Rotate, 4:Reds, 5:Teals, 6:Cyans, 7:Blues, 8:Purples, 9:Grayscale, 10:White, 11:Dull, 12:Rainbow
2025-12-06 23:44:34 [INFO] show_bridge.state -   Group 10 'Routing Group' (APC=-)
2025-12-06 23:44:34 [INFO] show_bridge.state -     Layer 0 (global 56) 'OSC Transport Beat' role=- -> 1:OSC Transport Beat, 2:OSC Transport Beat
2025-12-06 23:44:34 [INFO] show_bridge.state -     Layer 1 (global 57) 'Test Router' role=routing -> 1:Video Router, 2:Video Router
2025-12-06 23:44:34 [INFO] show_bridge.state -     Layer 2 (global 58) 'Synestesia Router' role=routing -> 1:Video Router, 2:Video Router
2025-12-06 23:44:34 [INFO] show_bridge.state -     Layer 3 (global 59) 'Wireframe Router' role=routing -> 1:Video Router, 2:Video Router
2025-12-06 23:44:34 [INFO] show_bridge.state -     Layer 4 (global 60) 'Brick Router' role=routing -> 1:Video Router, 2:Video Router
2025-12-06 23:44:34 [INFO] show_bridge.state -     Layer 5 (global 61) 'Mix Router' role=routing -> 1:Video Router, 2:Video Router
2025-12-06 23:44:34 [INFO] show_bridge.state -     Layer 6 (global 62) 'Windows Router' role=routing -> 1:Video Router, 2:Video Router
2025-12-06 23:44:34 [INFO] show_bridge.state -     Layer 7 (global 63) 'Columns Router' role=routing -> 1:Video Router, 2:Video Router
2025-12-06 23:44:34 [INFO] show_bridge.state -     Layer 8 (global 64) 'Lights Router' role=routing -> 1:Video Router, 2:Video Router
2025-12-06 23:44:34 [INFO] show_bridge.state -     Layer 9 (global 65) 'Snow Router' role=routing -> 1:Video Router, 2:Video Router
2025-12-06 23:44:34 [INFO] show_bridge.state - [OSC] Using Resolume OSC at 127.0.0.1:7000
2025-12-06 23:44:34 [INFO] show_bridge.state - [OSC] Using show_bridge OSC at 127.0.0.1:13001 for state broadcasts
2025-12-06 23:44:34 [INFO] show_bridge.state - [SYN] Using Synesthesia OSC at 127.0.0.1:12001
2025-12-06 23:44:34 [INFO] show_bridge.state - [SYN] Synesthesia mapped to APC group 8 (internal group_idx=7)
2025-12-06 23:44:34 [INFO] show_bridge.state - [ROUTING] Mapped routing layers:
2025-12-06 23:44:34 [INFO] show_bridge.state - [RESOLUME] Attached composition 'Snow Place 2025' with 11 groups.
2025-12-06 23:44:34 [INFO] show_bridge.state -   APC group 8: roles -> fills(1), effects(1), colors(1), static_masks(1)
2025-12-06 23:44:34 [INFO] show_bridge.state -   APC group 7: roles -> fills(2), static_masks(1), dynamic_masks(1), colors(1), effects(1), transforms(1)
2025-12-06 23:44:34 [INFO] show_bridge.state -   APC group 6: roles -> fills(2), static_masks(1), dynamic_masks(1), colors(1), effects(1), transforms(1)
2025-12-06 23:44:34 [INFO] show_bridge.state -   APC group 5: roles -> fills(2), static_masks(1), dynamic_masks(1), colors(1), effects(1), transforms(1)
2025-12-06 23:44:34 [INFO] show_bridge.state -   APC group 4: roles -> fills(2), dynamic_masks(1), colors(1), effects(1), transforms(1)
2025-12-06 23:44:34 [INFO] show_bridge.state -   APC group 3: roles -> fills(2), static_masks(1), dynamic_masks(1), colors(1), effects(1), transforms(1)
2025-12-06 23:44:34 [INFO] show_bridge.state -   APC group 2: roles -> fills(2), dynamic_masks(1), colors(1), effects(1), transforms(1)
2025-12-06 23:44:34 [INFO] show_bridge.state -   APC group 1: roles -> fills(2), effects(1), transforms(1), colors(1)
2025-12-06 23:44:34 [INFO] show_bridge.state - [INIT] Syncing with composition...
2025-12-06 23:44:34 [INFO] show_bridge.state - [INIT] Layer 0 'Reference Images' col=1 -> ON=False
2025-12-06 23:44:34 [INFO] show_bridge.state - [INIT] Layer 1 'Test Patterns' col=1 -> ON=False
2025-12-06 23:44:34 [INFO] show_bridge.state - [INIT] Layer 2 'Layer #' col=1 -> ON=False
2025-12-06 23:44:34 [INFO] show_bridge.state - [INIT] Layer 3 'FFT Fills' col=1 -> ON=False
2025-12-06 23:44:34 [INFO] show_bridge.state - [INIT] Layer 4 'Full Stage Effects' col=1 -> ON=False
2025-12-06 23:44:34 [INFO] show_bridge.state - [INIT] Layer 5 'Full Stage Colors' col=1 -> ON=False
2025-12-06 23:44:34 [INFO] show_bridge.state - [INIT] Layer 6 'Stage Masks' col=1 -> ON=False
2025-12-06 23:44:34 [INFO] show_bridge.state - [INIT] Layer 7 'Fills 1' col=1 -> ON=False
2025-12-06 23:44:34 [INFO] show_bridge.state - [INIT] Layer 8 'Effects' col=1 -> ON=False
2025-12-06 23:44:34 [INFO] show_bridge.state - [INIT] Layer 9 'Colors' col=1 -> ON=False
2025-12-06 23:44:34 [INFO] show_bridge.state - [INIT] Layer 10 'Static Masks' col=1 -> ON=False
2025-12-06 23:44:34 [INFO] show_bridge.state - [INIT] Layer 11 'Fills 1' col=1 -> ON=False
2025-12-06 23:44:34 [INFO] show_bridge.state - [INIT] Layer 12 'Fills 2' col=1 -> ON=False
2025-12-06 23:44:34 [INFO] show_bridge.state - [INIT] Layer 13 'Static Masks' col=1 -> ON=False
2025-12-06 23:44:34 [INFO] show_bridge.state - [INIT] Layer 14 'Dynamic Masks' col=1 -> ON=False
2025-12-06 23:44:34 [INFO] show_bridge.state - [INIT] Layer 15 'Colors' col=1 -> ON=False
2025-12-06 23:44:34 [INFO] show_bridge.state - [INIT] Layer 16 'Effects' col=1 -> ON=False
2025-12-06 23:44:34 [INFO] show_bridge.state - [INIT] Layer 17 'Transforms' col=1 -> ON=False
2025-12-06 23:44:34 [INFO] show_bridge.state - [INIT] Layer 18 'Fills 1' col=1 -> ON=False
2025-12-06 23:44:34 [INFO] show_bridge.state - [INIT] Layer 19 'Fills 2' col=1 -> ON=False
2025-12-06 23:44:34 [INFO] show_bridge.state - [INIT] Layer 20 'Static Masks' col=1 -> ON=False
2025-12-06 23:44:34 [INFO] show_bridge.state - [INIT] Layer 21 'Dynamic Masks' col=1 -> ON=False
2025-12-06 23:44:34 [INFO] show_bridge.state - [INIT] Layer 22 'Colors' col=1 -> ON=False
2025-12-06 23:44:34 [INFO] show_bridge.state - [INIT] Layer 23 'Effects' col=1 -> ON=False
2025-12-06 23:44:34 [INFO] show_bridge.state - [INIT] Layer 24 'Transforms' col=1 -> ON=False
2025-12-06 23:44:34 [INFO] show_bridge.state - [INIT] Layer 25 'Fills 1' col=1 -> ON=False
2025-12-06 23:44:34 [INFO] show_bridge.state - [INIT] Layer 26 'Fills 2' col=1 -> ON=False
2025-12-06 23:44:34 [INFO] show_bridge.state - [INIT] Layer 27 'Static Masks' col=1 -> ON=False
2025-12-06 23:44:34 [INFO] show_bridge.state - [INIT] Layer 28 'Dynamic Masks' col=1 -> ON=False
2025-12-06 23:44:34 [INFO] show_bridge.state - [INIT] Layer 29 'Colors' col=1 -> ON=False
2025-12-06 23:44:34 [INFO] show_bridge.state - [INIT] Layer 30 'Effects' col=1 -> ON=False
2025-12-06 23:44:34 [INFO] show_bridge.state - [INIT] Layer 31 'Transforms' col=1 -> ON=False
2025-12-06 23:44:34 [INFO] show_bridge.state - [INIT] Layer 32 'Fills 1' col=1 -> ON=False
2025-12-06 23:44:34 [INFO] show_bridge.state - [INIT] Layer 33 'Fills 2' col=1 -> ON=False
2025-12-06 23:44:34 [INFO] show_bridge.state - [INIT] Layer 34 'Dynamic Masks' col=1 -> ON=False
2025-12-06 23:44:34 [INFO] show_bridge.state - [INIT] Layer 35 'Colors' col=1 -> ON=False
2025-12-06 23:44:34 [INFO] show_bridge.state - [INIT] Layer 36 'Effects' col=1 -> ON=False
2025-12-06 23:44:34 [INFO] show_bridge.state - [INIT] Layer 37 'Transforms' col=1 -> ON=False
2025-12-06 23:44:34 [INFO] show_bridge.state - [INIT] Layer 38 'Fills 1' col=1 -> ON=False
2025-12-06 23:44:34 [INFO] show_bridge.state - [INIT] Layer 39 'Fills 2' col=1 -> ON=False
2025-12-06 23:44:34 [INFO] show_bridge.state - [INIT] Layer 40 'Static Masks' col=1 -> ON=False
2025-12-06 23:44:34 [INFO] show_bridge.state - [INIT] Layer 41 'Dynamic Masks' col=1 -> ON=False
2025-12-06 23:44:34 [INFO] show_bridge.state - [INIT] Layer 42 'Colors' col=1 -> ON=False
2025-12-06 23:44:34 [INFO] show_bridge.state - [INIT] Layer 43 'Effects' col=1 -> ON=False
2025-12-06 23:44:34 [INFO] show_bridge.state - [INIT] Layer 44 'Transforms' col=1 -> ON=False
2025-12-06 23:44:34 [INFO] show_bridge.state - [INIT] Layer 45 'Fills 1' col=1 -> ON=False
2025-12-06 23:44:34 [INFO] show_bridge.state - [INIT] Layer 46 'Fills 2' col=1 -> ON=False
2025-12-06 23:44:34 [INFO] show_bridge.state - [INIT] Layer 47 'Dynamic Masks' col=1 -> ON=False
2025-12-06 23:44:34 [INFO] show_bridge.state - [INIT] Layer 48 'Colors' col=1 -> ON=False
2025-12-06 23:44:34 [INFO] show_bridge.state - [INIT] Layer 49 'Effects' col=1 -> ON=False
2025-12-06 23:44:34 [INFO] show_bridge.state - [INIT] Layer 50 'Transforms' col=1 -> ON=False
2025-12-06 23:44:34 [INFO] show_bridge.state - [INIT] Layer 51 'Fills 1' col=1 -> ON=False
2025-12-06 23:44:34 [INFO] show_bridge.state - [INIT] Layer 52 'Fills 2' col=1 -> ON=False
2025-12-06 23:44:34 [INFO] show_bridge.state - [INIT] Layer 53 'Effects' col=1 -> ON=False
2025-12-06 23:44:34 [INFO] show_bridge.state - [INIT] Layer 54 'Transforms' col=1 -> ON=False
2025-12-06 23:44:34 [INFO] show_bridge.state - [INIT] Layer 55 'Color' col=1 -> ON=False
2025-12-06 23:44:34 [INFO] show_bridge.state - [INIT] Layer 56 'OSC Transport Beat' col=1 -> ON=False
2025-12-06 23:44:34 [INFO] show_bridge.state - [INIT] Layer 57 'Test Router' col=1 -> ON=False
2025-12-06 23:44:34 [INFO] show_bridge.state - [INIT] Layer 58 'Synestesia Router' col=1 -> ON=False
2025-12-06 23:44:34 [INFO] show_bridge.state - [INIT] Layer 59 'Wireframe Router' col=1 -> ON=False
2025-12-06 23:44:34 [INFO] show_bridge.state - [INIT] Layer 60 'Brick Router' col=1 -> ON=False
2025-12-06 23:44:34 [INFO] show_bridge.state - [INIT] Layer 61 'Mix Router' col=1 -> ON=False
2025-12-06 23:44:34 [INFO] show_bridge.state - [INIT] Layer 62 'Windows Router' col=1 -> ON=False
2025-12-06 23:44:34 [INFO] show_bridge.state - [INIT] Layer 63 'Columns Router' col=1 -> ON=False
2025-12-06 23:44:34 [INFO] show_bridge.state - [INIT] Layer 64 'Lights Router' col=1 -> ON=False
2025-12-06 23:44:34 [INFO] show_bridge.state - [INIT] Layer 65 'Snow Router' col=1 -> ON=False
2025-12-06 23:44:34 [INFO] show_bridge.state - [INIT] Group 8 -> playing=False, effects=False, transforms=False, dynamic_masks=False, color=False
2025-12-06 23:44:34 [INFO] show_bridge.state - [INIT] Group 7 -> playing=False, effects=False, transforms=False, dynamic_masks=False, color=False
2025-12-06 23:44:34 [INFO] show_bridge.state - [INIT] Group 6 -> playing=False, effects=False, transforms=False, dynamic_masks=False, color=False
2025-12-06 23:44:34 [INFO] show_bridge.state - [INIT] Group 5 -> playing=False, effects=False, transforms=False, dynamic_masks=False, color=False
2025-12-06 23:44:34 [INFO] show_bridge.state - [INIT] Group 4 -> playing=False, effects=False, transforms=False, dynamic_masks=False, color=False
2025-12-06 23:44:34 [INFO] show_bridge.state - [INIT] Group 3 -> playing=False, effects=False, transforms=False, dynamic_masks=False, color=False
2025-12-06 23:44:34 [INFO] show_bridge.state - [INIT] Group 2 -> playing=False, effects=False, transforms=False, dynamic_masks=False, color=False
2025-12-06 23:44:34 [INFO] show_bridge.state - [INIT] Group 1 -> playing=False, effects=False, transforms=False, dynamic_masks=False, color=False
2025-12-06 23:44:34 [INFO] show_bridge - [MONITOR] State monitoring HTTP server started on port 8765.
2025-12-06 23:44:37 [INFO] show_bridge.state - [STATE] Group 1 opacity -> 0.299
2025-12-06 23:44:37 [INFO] show_bridge.state - [OSC] Router opacity: layer=66, path=/composition/layers/66/video/opacity, value=0.299
2025-12-06 23:44:37 [INFO] show_bridge.state - [OSC] SEND /composition/layers/66/video/opacity 0.2992125984251969
2025-12-06 23:44:37 [INFO] show_bridge.state - [STATE] Group 1 opacity -> 0.323
2025-12-06 23:44:37 [INFO] show_bridge.state - [OSC] Router opacity: layer=66, path=/composition/layers/66/video/opacity, value=0.323
2025-12-06 23:44:37 [INFO] show_bridge.state - [OSC] SEND /composition/layers/66/video/opacity 0.3228346456692913
2025-12-06 23:44:37 [INFO] show_bridge.state - [STATE] Group 1 opacity -> 0.346
2025-12-06 23:44:37 [INFO] show_bridge.state - [OSC] Router opacity: layer=66, path=/composition/layers/66/video/opacity, value=0.346
2025-12-06 23:44:37 [INFO] show_bridge.state - [OSC] SEND /composition/layers/66/video/opacity 0.3464566929133858
2025-12-06 23:44:37 [INFO] show_bridge.state - [STATE] Group 1 opacity -> 0.362
2025-12-06 23:44:37 [INFO] show_bridge.state - [OSC] Router opacity: layer=66, path=/composition/layers/66/video/opacity, value=0.362
2025-12-06 23:44:37 [INFO] show_bridge.state - [OSC] SEND /composition/layers/66/video/opacity 0.36220472440944884
2025-12-06 23:44:37 [INFO] show_bridge.state - [STATE] Group 1 opacity -> 0.378
2025-12-06 23:44:37 [INFO] show_bridge.state - [OSC] Router opacity: layer=66, path=/composition/layers/66/video/opacity, value=0.378
2025-12-06 23:44:37 [INFO] show_bridge.state - [OSC] SEND /composition/layers/66/video/opacity 0.3779527559055118
2025-12-06 23:44:37 [INFO] show_bridge.state - [STATE] Group 1 opacity -> 0.394
2025-12-06 23:44:37 [INFO] show_bridge.state - [OSC] Router opacity: layer=66, path=/composition/layers/66/video/opacity, value=0.394
2025-12-06 23:44:37 [INFO] show_bridge.state - [OSC] SEND /composition/layers/66/video/opacity 0.3937007874015748
2025-12-06 23:44:37 [INFO] show_bridge.state - [STATE] Group 2 opacity -> 0.362
2025-12-06 23:44:37 [INFO] show_bridge.state - [OSC] Router opacity: layer=65, path=/composition/layers/65/video/opacity, value=0.362
2025-12-06 23:44:37 [INFO] show_bridge.state - [OSC] SEND /composition/layers/65/video/opacity 0.36220472440944884
2025-12-06 23:44:37 [INFO] show_bridge.state - [STATE] Group 1 opacity -> 0.402
2025-12-06 23:44:37 [INFO] show_bridge.state - [OSC] Router opacity: layer=66, path=/composition/layers/66/video/opacity, value=0.402
2025-12-06 23:44:37 [INFO] show_bridge.state - [OSC] SEND /composition/layers/66/video/opacity 0.4015748031496063
2025-12-06 23:44:37 [INFO] show_bridge.state - [STATE] Group 1 opacity -> 0.409
2025-12-06 23:44:37 [INFO] show_bridge.state - [OSC] Router opacity: layer=66, path=/composition/layers/66/video/opacity, value=0.409
2025-12-06 23:44:37 [INFO] show_bridge.state - [OSC] SEND /composition/layers/66/video/opacity 0.4094488188976378
2025-12-06 23:44:37 [INFO] show_bridge.state - [STATE] Group 2 opacity -> 0.378
2025-12-06 23:44:37 [INFO] show_bridge.state - [OSC] Router opacity: layer=65, path=/composition/layers/65/video/opacity, value=0.378
2025-12-06 23:44:37 [INFO] show_bridge.state - [OSC] SEND /composition/layers/65/video/opacity 0.3779527559055118
2025-12-06 23:44:37 [INFO] show_bridge.state - [STATE] Group 1 opacity -> 0.425
2025-12-06 23:44:37 [INFO] show_bridge.state - [OSC] Router opacity: layer=66, path=/composition/layers/66/video/opacity, value=0.425
2025-12-06 23:44:37 [INFO] show_bridge.state - [OSC] SEND /composition/layers/66/video/opacity 0.4251968503937008
2025-12-06 23:44:37 [INFO] show_bridge.state - [STATE] Group 2 opacity -> 0.386
2025-12-06 23:44:37 [INFO] show_bridge.state - [OSC] Router opacity: layer=65, path=/composition/layers/65/video/opacity, value=0.386
2025-12-06 23:44:37 [INFO] show_bridge.state - [OSC] SEND /composition/layers/65/video/opacity 0.3858267716535433
2025-12-06 23:44:37 [INFO] show_bridge.state - [STATE] Group 1 opacity -> 0.441
2025-12-06 23:44:37 [INFO] show_bridge.state - [OSC] Router opacity: layer=66, path=/composition/layers/66/video/opacity, value=0.441
2025-12-06 23:44:37 [INFO] show_bridge.state - [OSC] SEND /composition/layers/66/video/opacity 0.4409448818897638
2025-12-06 23:44:37 [INFO] show_bridge.state - [STATE] Group 2 opacity -> 0.394
2025-12-06 23:44:37 [INFO] show_bridge.state - [OSC] Router opacity: layer=65, path=/composition/layers/65/video/opacity, value=0.394
2025-12-06 23:44:37 [INFO] show_bridge.state - [OSC] SEND /composition/layers/65/video/opacity 0.3937007874015748
2025-12-06 23:44:37 [INFO] show_bridge.state - [STATE] Group 1 opacity -> 0.457
2025-12-06 23:44:37 [INFO] show_bridge.state - [OSC] Router opacity: layer=66, path=/composition/layers/66/video/opacity, value=0.457
2025-12-06 23:44:37 [INFO] show_bridge.state - [OSC] SEND /composition/layers/66/video/opacity 0.4566929133858268
2025-12-06 23:44:37 [INFO] show_bridge.state - [STATE] Group 2 opacity -> 0.409
2025-12-06 23:44:37 [INFO] show_bridge.state - [OSC] Router opacity: layer=65, path=/composition/layers/65/video/opacity, value=0.409
2025-12-06 23:44:37 [INFO] show_bridge.state - [OSC] SEND /composition/layers/65/video/opacity 0.4094488188976378
2025-12-06 23:44:37 [INFO] show_bridge.state - [STATE] Group 1 opacity -> 0.472
2025-12-06 23:44:37 [INFO] show_bridge.state - [OSC] Router opacity: layer=66, path=/composition/layers/66/video/opacity, value=0.472
2025-12-06 23:44:37 [INFO] show_bridge.state - [OSC] SEND /composition/layers/66/video/opacity 0.47244094488188976
2025-12-06 23:44:37 [INFO] show_bridge.state - [STATE] Group 2 opacity -> 0.425
2025-12-06 23:44:37 [INFO] show_bridge.state - [OSC] Router opacity: layer=65, path=/composition/layers/65/video/opacity, value=0.425
2025-12-06 23:44:37 [INFO] show_bridge.state - [OSC] SEND /composition/layers/65/video/opacity 0.4251968503937008
2025-12-06 23:44:37 [INFO] show_bridge.state - [STATE] Group 1 opacity -> 0.496
2025-12-06 23:44:37 [INFO] show_bridge.state - [OSC] Router opacity: layer=66, path=/composition/layers/66/video/opacity, value=0.496
2025-12-06 23:44:37 [INFO] show_bridge.state - [OSC] SEND /composition/layers/66/video/opacity 0.49606299212598426
2025-12-06 23:44:37 [INFO] show_bridge.state - [STATE] Group 2 opacity -> 0.441
2025-12-06 23:44:37 [INFO] show_bridge.state - [OSC] Router opacity: layer=65, path=/composition/layers/65/video/opacity, value=0.441
2025-12-06 23:44:37 [INFO] show_bridge.state - [OSC] SEND /composition/layers/65/video/opacity 0.4409448818897638
2025-12-06 23:44:37 [INFO] show_bridge.state - [STATE] Group 1 opacity -> 0.520
2025-12-06 23:44:37 [INFO] show_bridge.state - [OSC] Router opacity: layer=66, path=/composition/layers/66/video/opacity, value=0.520
2025-12-06 23:44:37 [INFO] show_bridge.state - [OSC] SEND /composition/layers/66/video/opacity 0.5196850393700787
2025-12-06 23:44:37 [INFO] show_bridge.state - [STATE] Group 2 opacity -> 0.465
2025-12-06 23:44:37 [INFO] show_bridge.state - [OSC] Router opacity: layer=65, path=/composition/layers/65/video/opacity, value=0.465
2025-12-06 23:44:37 [INFO] show_bridge.state - [OSC] SEND /composition/layers/65/video/opacity 0.4645669291338583
2025-12-06 23:44:37 [INFO] show_bridge.state - [STATE] Group 1 opacity -> 0.543
2025-12-06 23:44:37 [INFO] show_bridge.state - [OSC] Router opacity: layer=66, path=/composition/layers/66/video/opacity, value=0.543
2025-12-06 23:44:37 [INFO] show_bridge.state - [OSC] SEND /composition/layers/66/video/opacity 0.5433070866141733
2025-12-06 23:44:37 [INFO] show_bridge.state - [STATE] Group 2 opacity -> 0.480
2025-12-06 23:44:37 [INFO] show_bridge.state - [OSC] Router opacity: layer=65, path=/composition/layers/65/video/opacity, value=0.480
2025-12-06 23:44:37 [INFO] show_bridge.state - [OSC] SEND /composition/layers/65/video/opacity 0.48031496062992124
2025-12-06 23:44:37 [INFO] show_bridge.state - [STATE] Group 1 opacity -> 0.575
2025-12-06 23:44:37 [INFO] show_bridge.state - [OSC] Router opacity: layer=66, path=/composition/layers/66/video/opacity, value=0.575
2025-12-06 23:44:37 [INFO] show_bridge.state - [OSC] SEND /composition/layers/66/video/opacity 0.5748031496062992
2025-12-06 23:44:37 [INFO] show_bridge.state - [STATE] Group 2 opacity -> 0.504
2025-12-06 23:44:37 [INFO] show_bridge.state - [OSC] Router opacity: layer=65, path=/composition/layers/65/video/opacity, value=0.504
2025-12-06 23:44:37 [INFO] show_bridge.state - [OSC] SEND /composition/layers/65/video/opacity 0.5039370078740157
2025-12-06 23:44:37 [INFO] show_bridge.state - [STATE] Group 1 opacity -> 0.606
2025-12-06 23:44:37 [INFO] show_bridge.state - [OSC] Router opacity: layer=66, path=/composition/layers/66/video/opacity, value=0.606
2025-12-06 23:44:37 [INFO] show_bridge.state - [OSC] SEND /composition/layers/66/video/opacity 0.6062992125984252
2025-12-06 23:44:37 [INFO] show_bridge.state - [STATE] Group 2 opacity -> 0.535
2025-12-06 23:44:37 [INFO] show_bridge.state - [OSC] Router opacity: layer=65, path=/composition/layers/65/video/opacity, value=0.535
2025-12-06 23:44:37 [INFO] show_bridge.state - [OSC] SEND /composition/layers/65/video/opacity 0.5354330708661418
2025-12-06 23:44:37 [INFO] show_bridge.state - [STATE] Group 1 opacity -> 0.638
2025-12-06 23:44:37 [INFO] show_bridge.state - [OSC] Router opacity: layer=66, path=/composition/layers/66/video/opacity, value=0.638
2025-12-06 23:44:37 [INFO] show_bridge.state - [OSC] SEND /composition/layers/66/video/opacity 0.6377952755905512
2025-12-06 23:44:37 [INFO] show_bridge.state - [STATE] Group 2 opacity -> 0.559
2025-12-06 23:44:37 [INFO] show_bridge.state - [OSC] Router opacity: layer=65, path=/composition/layers/65/video/opacity, value=0.559
2025-12-06 23:44:37 [INFO] show_bridge.state - [OSC] SEND /composition/layers/65/video/opacity 0.5590551181102362
2025-12-06 23:44:37 [INFO] show_bridge.state - [STATE] Group 1 opacity -> 0.669
2025-12-06 23:44:37 [INFO] show_bridge.state - [OSC] Router opacity: layer=66, path=/composition/layers/66/video/opacity, value=0.669
2025-12-06 23:44:37 [INFO] show_bridge.state - [OSC] SEND /composition/layers/66/video/opacity 0.6692913385826772
2025-12-06 23:44:37 [INFO] show_bridge.state - [STATE] Group 2 opacity -> 0.591
2025-12-06 23:44:37 [INFO] show_bridge.state - [OSC] Router opacity: layer=65, path=/composition/layers/65/video/opacity, value=0.591
2025-12-06 23:44:37 [INFO] show_bridge.state - [OSC] SEND /composition/layers/65/video/opacity 0.5905511811023622
2025-12-06 23:44:37 [INFO] show_bridge.state - [STATE] Group 1 opacity -> 0.701
2025-12-06 23:44:37 [INFO] show_bridge.state - [OSC] Router opacity: layer=66, path=/composition/layers/66/video/opacity, value=0.701
2025-12-06 23:44:37 [INFO] show_bridge.state - [OSC] SEND /composition/layers/66/video/opacity 0.7007874015748031
2025-12-06 23:44:37 [INFO] show_bridge.state - [STATE] Group 2 opacity -> 0.622
2025-12-06 23:44:37 [INFO] show_bridge.state - [OSC] Router opacity: layer=65, path=/composition/layers/65/video/opacity, value=0.622
2025-12-06 23:44:37 [INFO] show_bridge.state - [OSC] SEND /composition/layers/65/video/opacity 0.6220472440944882
2025-12-06 23:44:37 [INFO] show_bridge.state - [STATE] Group 1 opacity -> 0.732
2025-12-06 23:44:37 [INFO] show_bridge.state - [OSC] Router opacity: layer=66, path=/composition/layers/66/video/opacity, value=0.732
2025-12-06 23:44:37 [INFO] show_bridge.state - [OSC] SEND /composition/layers/66/video/opacity 0.7322834645669292
2025-12-06 23:44:37 [INFO] show_bridge.state - [STATE] Group 2 opacity -> 0.654
2025-12-06 23:44:37 [INFO] show_bridge.state - [OSC] Router opacity: layer=65, path=/composition/layers/65/video/opacity, value=0.654
2025-12-06 23:44:37 [INFO] show_bridge.state - [OSC] SEND /composition/layers/65/video/opacity 0.6535433070866141
2025-12-06 23:44:37 [INFO] show_bridge.state - [STATE] Group 1 opacity -> 0.756
2025-12-06 23:44:37 [INFO] show_bridge.state - [OSC] Router opacity: layer=66, path=/composition/layers/66/video/opacity, value=0.756
2025-12-06 23:44:37 [INFO] show_bridge.state - [OSC] SEND /composition/layers/66/video/opacity 0.7559055118110236
2025-12-06 23:44:37 [INFO] show_bridge.state - [STATE] Group 1 opacity -> 0.780
2025-12-06 23:44:37 [INFO] show_bridge.state - [OSC] Router opacity: layer=66, path=/composition/layers/66/video/opacity, value=0.780
2025-12-06 23:44:37 [INFO] show_bridge.state - [OSC] SEND /composition/layers/66/video/opacity 0.7795275590551181
2025-12-06 23:44:37 [INFO] show_bridge.state - [STATE] Group 2 opacity -> 0.709
2025-12-06 23:44:37 [INFO] show_bridge.state - [OSC] Router opacity: layer=65, path=/composition/layers/65/video/opacity, value=0.709
2025-12-06 23:44:37 [INFO] show_bridge.state - [OSC] SEND /composition/layers/65/video/opacity 0.7086614173228346
2025-12-06 23:44:37 [INFO] show_bridge.state - [STATE] Group 1 opacity -> 0.803
2025-12-06 23:44:37 [INFO] show_bridge.state - [OSC] Router opacity: layer=66, path=/composition/layers/66/video/opacity, value=0.803
2025-12-06 23:44:37 [INFO] show_bridge.state - [OSC] SEND /composition/layers/66/video/opacity 0.8031496062992126
2025-12-06 23:44:37 [INFO] show_bridge.state - [STATE] Group 2 opacity -> 0.732
2025-12-06 23:44:37 [INFO] show_bridge.state - [OSC] Router opacity: layer=65, path=/composition/layers/65/video/opacity, value=0.732
2025-12-06 23:44:37 [INFO] show_bridge.state - [OSC] SEND /composition/layers/65/video/opacity 0.7322834645669292
2025-12-06 23:44:37 [INFO] show_bridge.state - [STATE] Group 1 opacity -> 0.819
2025-12-06 23:44:37 [INFO] show_bridge.state - [OSC] Router opacity: layer=66, path=/composition/layers/66/video/opacity, value=0.819
2025-12-06 23:44:37 [INFO] show_bridge.state - [OSC] SEND /composition/layers/66/video/opacity 0.8188976377952756
2025-12-06 23:44:37 [INFO] show_bridge.state - [STATE] Group 2 opacity -> 0.748
2025-12-06 23:44:37 [INFO] show_bridge.state - [OSC] Router opacity: layer=65, path=/composition/layers/65/video/opacity, value=0.748
2025-12-06 23:44:37 [INFO] show_bridge.state - [OSC] SEND /composition/layers/65/video/opacity 0.7480314960629921
2025-12-06 23:44:37 [INFO] show_bridge.state - [STATE] Group 1 opacity -> 0.835
2025-12-06 23:44:37 [INFO] show_bridge.state - [OSC] Router opacity: layer=66, path=/composition/layers/66/video/opacity, value=0.835
2025-12-06 23:44:37 [INFO] show_bridge.state - [OSC] SEND /composition/layers/66/video/opacity 0.8346456692913385
2025-12-06 23:44:38 [INFO] show_bridge.state - [STATE] Group 2 opacity -> 0.764
2025-12-06 23:44:38 [INFO] show_bridge.state - [OSC] Router opacity: layer=65, path=/composition/layers/65/video/opacity, value=0.764
2025-12-06 23:44:38 [INFO] show_bridge.state - [OSC] SEND /composition/layers/65/video/opacity 0.7637795275590551
2025-12-06 23:44:38 [INFO] show_bridge.state - [STATE] Group 1 opacity -> 0.843
2025-12-06 23:44:38 [INFO] show_bridge.state - [OSC] Router opacity: layer=66, path=/composition/layers/66/video/opacity, value=0.843
2025-12-06 23:44:38 [INFO] show_bridge.state - [OSC] SEND /composition/layers/66/video/opacity 0.84251968503937
2025-12-06 23:44:38 [INFO] show_bridge.state - [STATE] Group 2 opacity -> 0.772
2025-12-06 23:44:38 [INFO] show_bridge.state - [OSC] Router opacity: layer=65, path=/composition/layers/65/video/opacity, value=0.772
2025-12-06 23:44:38 [INFO] show_bridge.state - [OSC] SEND /composition/layers/65/video/opacity 0.7716535433070866
2025-12-06 23:44:38 [INFO] show_bridge.state - [STATE] Group 1 opacity -> 0.850
2025-12-06 23:44:38 [INFO] show_bridge.state - [OSC] Router opacity: layer=66, path=/composition/layers/66/video/opacity, value=0.850
2025-12-06 23:44:38 [INFO] show_bridge.state - [OSC] SEND /composition/layers/66/video/opacity 0.8503937007874016
2025-12-06 23:44:38 [INFO] show_bridge.state - [STATE] Group 2 opacity -> 0.780
2025-12-06 23:44:38 [INFO] show_bridge.state - [OSC] Router opacity: layer=65, path=/composition/layers/65/video/opacity, value=0.780
2025-12-06 23:44:38 [INFO] show_bridge.state - [OSC] SEND /composition/layers/65/video/opacity 0.7795275590551181
2025-12-06 23:44:38 [INFO] show_bridge.state - [STATE] Group 1 opacity -> 0.843
2025-12-06 23:44:38 [INFO] show_bridge.state - [OSC] Router opacity: layer=66, path=/composition/layers/66/video/opacity, value=0.843
2025-12-06 23:44:38 [INFO] show_bridge.state - [OSC] SEND /composition/layers/66/video/opacity 0.84251968503937
2025-12-06 23:44:38 [INFO] show_bridge.state - [STATE] Group 1 opacity -> 0.827
2025-12-06 23:44:38 [INFO] show_bridge.state - [OSC] Router opacity: layer=66, path=/composition/layers/66/video/opacity, value=0.827
2025-12-06 23:44:38 [INFO] show_bridge.state - [OSC] SEND /composition/layers/66/video/opacity 0.8267716535433071
2025-12-06 23:44:38 [INFO] show_bridge.state - [STATE] Group 1 opacity -> 0.811
2025-12-06 23:44:38 [INFO] show_bridge.state - [OSC] Router opacity: layer=66, path=/composition/layers/66/video/opacity, value=0.811
2025-12-06 23:44:38 [INFO] show_bridge.state - [OSC] SEND /composition/layers/66/video/opacity 0.8110236220472441
2025-12-06 23:44:38 [INFO] show_bridge.state - [STATE] Group 2 opacity -> 0.772
2025-12-06 23:44:38 [INFO] show_bridge.state - [OSC] Router opacity: layer=65, path=/composition/layers/65/video/opacity, value=0.772
2025-12-06 23:44:38 [INFO] show_bridge.state - [OSC] SEND /composition/layers/65/video/opacity 0.7716535433070866
2025-12-06 23:44:38 [INFO] show_bridge.state - [STATE] Group 1 opacity -> 0.803
2025-12-06 23:44:38 [INFO] show_bridge.state - [OSC] Router opacity: layer=66, path=/composition/layers/66/video/opacity, value=0.803
2025-12-06 23:44:38 [INFO] show_bridge.state - [OSC] SEND /composition/layers/66/video/opacity 0.8031496062992126
2025-12-06 23:44:38 [INFO] show_bridge.state - [STATE] Group 2 opacity -> 0.764
2025-12-06 23:44:38 [INFO] show_bridge.state - [OSC] Router opacity: layer=65, path=/composition/layers/65/video/opacity, value=0.764
2025-12-06 23:44:38 [INFO] show_bridge.state - [OSC] SEND /composition/layers/65/video/opacity 0.7637795275590551
2025-12-06 23:44:38 [INFO] show_bridge.state - [STATE] Group 1 opacity -> 0.795
2025-12-06 23:44:38 [INFO] show_bridge.state - [OSC] Router opacity: layer=66, path=/composition/layers/66/video/opacity, value=0.795
2025-12-06 23:44:38 [INFO] show_bridge.state - [OSC] SEND /composition/layers/66/video/opacity 0.7952755905511811
2025-12-06 23:44:38 [INFO] show_bridge.state - [STATE] Group 2 opacity -> 0.748
2025-12-06 23:44:38 [INFO] show_bridge.state - [OSC] Router opacity: layer=65, path=/composition/layers/65/video/opacity, value=0.748
2025-12-06 23:44:38 [INFO] show_bridge.state - [OSC] SEND /composition/layers/65/video/opacity 0.7480314960629921
2025-12-06 23:44:38 [INFO] show_bridge.state - [STATE] Group 1 opacity -> 0.787
2025-12-06 23:44:38 [INFO] show_bridge.state - [OSC] Router opacity: layer=66, path=/composition/layers/66/video/opacity, value=0.787
2025-12-06 23:44:38 [INFO] show_bridge.state - [OSC] SEND /composition/layers/66/video/opacity 0.7874015748031497
2025-12-06 23:44:38 [INFO] show_bridge.state - [STATE] Group 2 opacity -> 0.740
2025-12-06 23:44:38 [INFO] show_bridge.state - [OSC] Router opacity: layer=65, path=/composition/layers/65/video/opacity, value=0.740
2025-12-06 23:44:38 [INFO] show_bridge.state - [OSC] SEND /composition/layers/65/video/opacity 0.7401574803149606
2025-12-06 23:44:38 [INFO] show_bridge.state - [STATE] Group 1 opacity -> 0.772
2025-12-06 23:44:38 [INFO] show_bridge.state - [OSC] Router opacity: layer=66, path=/composition/layers/66/video/opacity, value=0.772
2025-12-06 23:44:38 [INFO] show_bridge.state - [OSC] SEND /composition/layers/66/video/opacity 0.7716535433070866
2025-12-06 23:44:38 [INFO] show_bridge.state - [STATE] Group 2 opacity -> 0.732
2025-12-06 23:44:38 [INFO] show_bridge.state - [OSC] Router opacity: layer=65, path=/composition/layers/65/video/opacity, value=0.732
2025-12-06 23:44:38 [INFO] show_bridge.state - [OSC] SEND /composition/layers/65/video/opacity 0.7322834645669292
2025-12-06 23:44:38 [INFO] show_bridge.state - [STATE] Group 1 opacity -> 0.764
2025-12-06 23:44:38 [INFO] show_bridge.state - [OSC] Router opacity: layer=66, path=/composition/layers/66/video/opacity, value=0.764
2025-12-06 23:44:38 [INFO] show_bridge.state - [OSC] SEND /composition/layers/66/video/opacity 0.7637795275590551
2025-12-06 23:44:38 [INFO] show_bridge.state - [STATE] Group 2 opacity -> 0.724
2025-12-06 23:44:38 [INFO] show_bridge.state - [OSC] Router opacity: layer=65, path=/composition/layers/65/video/opacity, value=0.724
2025-12-06 23:44:38 [INFO] show_bridge.state - [OSC] SEND /composition/layers/65/video/opacity 0.7244094488188977
2025-12-06 23:44:38 [INFO] show_bridge.state - [STATE] Group 1 opacity -> 0.756
2025-12-06 23:44:38 [INFO] show_bridge.state - [OSC] Router opacity: layer=66, path=/composition/layers/66/video/opacity, value=0.756
2025-12-06 23:44:38 [INFO] show_bridge.state - [OSC] SEND /composition/layers/66/video/opacity 0.7559055118110236
2025-12-06 23:44:38 [INFO] show_bridge.state - [STATE] Group 2 opacity -> 0.709
2025-12-06 23:44:38 [INFO] show_bridge.state - [OSC] Router opacity: layer=65, path=/composition/layers/65/video/opacity, value=0.709
2025-12-06 23:44:38 [INFO] show_bridge.state - [OSC] SEND /composition/layers/65/video/opacity 0.7086614173228346
2025-12-06 23:44:38 [INFO] show_bridge.state - [STATE] Group 1 opacity -> 0.748
2025-12-06 23:44:38 [INFO] show_bridge.state - [OSC] Router opacity: layer=66, path=/composition/layers/66/video/opacity, value=0.748
2025-12-06 23:44:38 [INFO] show_bridge.state - [OSC] SEND /composition/layers/66/video/opacity 0.7480314960629921
2025-12-06 23:44:38 [INFO] show_bridge.state - [STATE] Group 2 opacity -> 0.701
2025-12-06 23:44:38 [INFO] show_bridge.state - [OSC] Router opacity: layer=65, path=/composition/layers/65/video/opacity, value=0.701
2025-12-06 23:44:38 [INFO] show_bridge.state - [OSC] SEND /composition/layers/65/video/opacity 0.7007874015748031
2025-12-06 23:44:38 [INFO] show_bridge.state - [STATE] Group 1 opacity -> 0.732
2025-12-06 23:44:38 [INFO] show_bridge.state - [OSC] Router opacity: layer=66, path=/composition/layers/66/video/opacity, value=0.732
2025-12-06 23:44:38 [INFO] show_bridge.state - [OSC] SEND /composition/layers/66/video/opacity 0.7322834645669292
2025-12-06 23:44:38 [INFO] show_bridge.state - [STATE] Group 2 opacity -> 0.693
2025-12-06 23:44:38 [INFO] show_bridge.state - [OSC] Router opacity: layer=65, path=/composition/layers/65/video/opacity, value=0.693
2025-12-06 23:44:38 [INFO] show_bridge.state - [OSC] SEND /composition/layers/65/video/opacity 0.6929133858267716
2025-12-06 23:44:38 [INFO] show_bridge.state - [STATE] Group 1 opacity -> 0.724
2025-12-06 23:44:38 [INFO] show_bridge.state - [OSC] Router opacity: layer=66, path=/composition/layers/66/video/opacity, value=0.724
2025-12-06 23:44:38 [INFO] show_bridge.state - [OSC] SEND /composition/layers/66/video/opacity 0.7244094488188977
2025-12-06 23:44:38 [INFO] show_bridge.state - [STATE] Group 2 opacity -> 0.685
2025-12-06 23:44:38 [INFO] show_bridge.state - [OSC] Router opacity: layer=65, path=/composition/layers/65/video/opacity, value=0.685
2025-12-06 23:44:38 [INFO] show_bridge.state - [OSC] SEND /composition/layers/65/video/opacity 0.6850393700787402
2025-12-06 23:44:38 [INFO] show_bridge.state - [STATE] Group 1 opacity -> 0.717
2025-12-06 23:44:38 [INFO] show_bridge.state - [OSC] Router opacity: layer=66, path=/composition/layers/66/video/opacity, value=0.717
2025-12-06 23:44:38 [INFO] show_bridge.state - [OSC] SEND /composition/layers/66/video/opacity 0.7165354330708661
2025-12-06 23:44:38 [INFO] show_bridge.state - [STATE] Group 3 opacity -> 0.449
2025-12-06 23:44:38 [INFO] show_bridge.state - [OSC] Router opacity: layer=64, path=/composition/layers/64/video/opacity, value=0.449
2025-12-06 23:44:38 [INFO] show_bridge.state - [OSC] SEND /composition/layers/64/video/opacity 0.44881889763779526
2025-12-06 23:44:38 [INFO] show_bridge.state - [STATE] Group 2 opacity -> 0.669
2025-12-06 23:44:38 [INFO] show_bridge.state - [OSC] Router opacity: layer=65, path=/composition/layers/65/video/opacity, value=0.669
2025-12-06 23:44:38 [INFO] show_bridge.state - [OSC] SEND /composition/layers/65/video/opacity 0.6692913385826772
2025-12-06 23:44:38 [INFO] show_bridge.state - [STATE] Group 1 opacity -> 0.701
2025-12-06 23:44:38 [INFO] show_bridge.state - [OSC] Router opacity: layer=66, path=/composition/layers/66/video/opacity, value=0.701
2025-12-06 23:44:38 [INFO] show_bridge.state - [OSC] SEND /composition/layers/66/video/opacity 0.7007874015748031
2025-12-06 23:44:38 [INFO] show_bridge.state - [STATE] Group 2 opacity -> 0.661
2025-12-06 23:44:38 [INFO] show_bridge.state - [OSC] Router opacity: layer=65, path=/composition/layers/65/video/opacity, value=0.661
2025-12-06 23:44:38 [INFO] show_bridge.state - [OSC] SEND /composition/layers/65/video/opacity 0.6614173228346457
2025-12-06 23:44:38 [INFO] show_bridge.state - [STATE] Group 3 opacity -> 0.441
2025-12-06 23:44:38 [INFO] show_bridge.state - [OSC] Router opacity: layer=64, path=/composition/layers/64/video/opacity, value=0.441
2025-12-06 23:44:38 [INFO] show_bridge.state - [OSC] SEND /composition/layers/64/video/opacity 0.4409448818897638
2025-12-06 23:44:38 [INFO] show_bridge.state - [STATE] Group 1 opacity -> 0.693
2025-12-06 23:44:38 [INFO] show_bridge.state - [OSC] Router opacity: layer=66, path=/composition/layers/66/video/opacity, value=0.693
2025-12-06 23:44:38 [INFO] show_bridge.state - [OSC] SEND /composition/layers/66/video/opacity 0.6929133858267716
2025-12-06 23:44:38 [INFO] show_bridge.state - [STATE] Group 3 opacity -> 0.433
2025-12-06 23:44:38 [INFO] show_bridge.state - [OSC] Router opacity: layer=64, path=/composition/layers/64/video/opacity, value=0.433
2025-12-06 23:44:38 [INFO] show_bridge.state - [OSC] SEND /composition/layers/64/video/opacity 0.4330708661417323
2025-12-06 23:44:38 [INFO] show_bridge.state - [STATE] Group 2 opacity -> 0.654
2025-12-06 23:44:38 [INFO] show_bridge.state - [OSC] Router opacity: layer=65, path=/composition/layers/65/video/opacity, value=0.654
2025-12-06 23:44:38 [INFO] show_bridge.state - [OSC] SEND /composition/layers/65/video/opacity 0.6535433070866141
2025-12-06 23:44:38 [INFO] show_bridge.state - [STATE] Group 1 opacity -> 0.685
2025-12-06 23:44:38 [INFO] show_bridge.state - [OSC] Router opacity: layer=66, path=/composition/layers/66/video/opacity, value=0.685
2025-12-06 23:44:38 [INFO] show_bridge.state - [OSC] SEND /composition/layers/66/video/opacity 0.6850393700787402
2025-12-06 23:44:38 [INFO] show_bridge.state - [STATE] Group 3 opacity -> 0.425
2025-12-06 23:44:38 [INFO] show_bridge.state - [OSC] Router opacity: layer=64, path=/composition/layers/64/video/opacity, value=0.425
2025-12-06 23:44:38 [INFO] show_bridge.state - [OSC] SEND /composition/layers/64/video/opacity 0.4251968503937008
2025-12-06 23:44:38 [INFO] show_bridge.state - [STATE] Group 2 opacity -> 0.646
2025-12-06 23:44:38 [INFO] show_bridge.state - [OSC] Router opacity: layer=65, path=/composition/layers/65/video/opacity, value=0.646
2025-12-06 23:44:38 [INFO] show_bridge.state - [OSC] SEND /composition/layers/65/video/opacity 0.6456692913385826
2025-12-06 23:44:38 [INFO] show_bridge.state - [STATE] Group 1 opacity -> 0.677
2025-12-06 23:44:38 [INFO] show_bridge.state - [OSC] Router opacity: layer=66, path=/composition/layers/66/video/opacity, value=0.677
2025-12-06 23:44:38 [INFO] show_bridge.state - [OSC] SEND /composition/layers/66/video/opacity 0.6771653543307087
2025-12-06 23:44:38 [INFO] show_bridge.state - [STATE] Group 3 opacity -> 0.417
2025-12-06 23:44:38 [INFO] show_bridge.state - [OSC] Router opacity: layer=64, path=/composition/layers/64/video/opacity, value=0.417
2025-12-06 23:44:38 [INFO] show_bridge.state - [OSC] SEND /composition/layers/64/video/opacity 0.41732283464566927
2025-12-06 23:44:38 [INFO] show_bridge.state - [STATE] Group 2 opacity -> 0.638
2025-12-06 23:44:38 [INFO] show_bridge.state - [OSC] Router opacity: layer=65, path=/composition/layers/65/video/opacity, value=0.638
2025-12-06 23:44:38 [INFO] show_bridge.state - [OSC] SEND /composition/layers/65/video/opacity 0.6377952755905512
2025-12-06 23:51:34 [INFO] show_bridge.state - [STATE] Group 1 opacity -> 0.669
2025-12-06 23:51:34 [INFO] show_bridge.state - [OSC] Router opacity: layer=66, path=/composition/layers/66/video/opacity, value=0.669
2025-12-06 23:51:34 [INFO] show_bridge.state - [OSC] SEND /composition/layers/66/video/opacity 0.6692913385826772
2025-12-06 23:51:34 [INFO] show_bridge.state - [STATE] Group 2 opacity -> 0.630
2025-12-06 23:51:34 [INFO] show_bridge.state - [OSC] Router opacity: layer=65, path=/composition/layers/65/video/opacity, value=0.630
2025-12-06 23:51:34 [INFO] show_bridge.state - [OSC] SEND /composition/layers/65/video/opacity 0.6299212598425197
2025-12-06 23:51:34 [INFO] show_bridge.state - [STATE] Group 1 opacity -> 0.646
2025-12-06 23:51:34 [INFO] show_bridge.state - [OSC] Router opacity: layer=66, path=/composition/layers/66/video/opacity, value=0.646
2025-12-06 23:51:34 [INFO] show_bridge.state - [OSC] SEND /composition/layers/66/video/opacity 0.6456692913385826
2025-12-06 23:51:34 [INFO] show_bridge.state - [STATE] Group 2 opacity -> 0.622
2025-12-06 23:51:34 [INFO] show_bridge.state - [OSC] Router opacity: layer=65, path=/composition/layers/65/video/opacity, value=0.622
2025-12-06 23:51:34 [INFO] show_bridge.state - [OSC] SEND /composition/layers/65/video/opacity 0.6220472440944882
2025-12-06 23:51:34 [INFO] show_bridge.state - [STATE] Group 1 opacity -> 0.630
2025-12-06 23:51:34 [INFO] show_bridge.state - [OSC] Router opacity: layer=66, path=/composition/layers/66/video/opacity, value=0.630
2025-12-06 23:51:34 [INFO] show_bridge.state - [OSC] SEND /composition/layers/66/video/opacity 0.6299212598425197
2025-12-06 23:51:34 [INFO] show_bridge.state - [STATE] Group 2 opacity -> 0.606
2025-12-06 23:51:34 [INFO] show_bridge.state - [OSC] Router opacity: layer=65, path=/composition/layers/65/video/opacity, value=0.606
2025-12-06 23:51:34 [INFO] show_bridge.state - [OSC] SEND /composition/layers/65/video/opacity 0.6062992125984252
2025-12-06 23:51:34 [INFO] show_bridge.state - [STATE] Group 1 opacity -> 0.614
2025-12-06 23:51:34 [INFO] show_bridge.state - [OSC] Router opacity: layer=66, path=/composition/layers/66/video/opacity, value=0.614
2025-12-06 23:51:34 [INFO] show_bridge.state - [OSC] SEND /composition/layers/66/video/opacity 0.6141732283464567
2025-12-06 23:51:34 [INFO] show_bridge.state - [STATE] Group 2 opacity -> 0.598
2025-12-06 23:51:34 [INFO] show_bridge.state - [OSC] Router opacity: layer=65, path=/composition/layers/65/video/opacity, value=0.598
2025-12-06 23:51:34 [INFO] show_bridge.state - [OSC] SEND /composition/layers/65/video/opacity 0.5984251968503937
2025-12-06 23:51:34 [INFO] show_bridge.state - [STATE] Group 1 opacity -> 0.598
2025-12-06 23:51:34 [INFO] show_bridge.state - [OSC] Router opacity: layer=66, path=/composition/layers/66/video/opacity, value=0.598
2025-12-06 23:51:34 [INFO] show_bridge.state - [OSC] SEND /composition/layers/66/video/opacity 0.5984251968503937
2025-12-06 23:51:34 [INFO] show_bridge.state - [STATE] Group 2 opacity -> 0.583
2025-12-06 23:51:34 [INFO] show_bridge.state - [OSC] Router opacity: layer=65, path=/composition/layers/65/video/opacity, value=0.583
2025-12-06 23:51:34 [INFO] show_bridge.state - [OSC] SEND /composition/layers/65/video/opacity 0.5826771653543307
2025-12-06 23:51:34 [INFO] show_bridge.state - [STATE] Group 1 opacity -> 0.575
2025-12-06 23:51:34 [INFO] show_bridge.state - [OSC] Router opacity: layer=66, path=/composition/layers/66/video/opacity, value=0.575
2025-12-06 23:51:34 [INFO] show_bridge.state - [OSC] SEND /composition/layers/66/video/opacity 0.5748031496062992
2025-12-06 23:51:34 [INFO] show_bridge.state - [STATE] Group 2 opacity -> 0.567
2025-12-06 23:51:34 [INFO] show_bridge.state - [OSC] Router opacity: layer=65, path=/composition/layers/65/video/opacity, value=0.567
2025-12-06 23:51:34 [INFO] show_bridge.state - [OSC] SEND /composition/layers/65/video/opacity 0.5669291338582677
2025-12-06 23:51:34 [INFO] show_bridge.state - [STATE] Group 1 opacity -> 0.535
2025-12-06 23:51:34 [INFO] show_bridge.state - [OSC] Router opacity: layer=66, path=/composition/layers/66/video/opacity, value=0.535
2025-12-06 23:51:34 [INFO] show_bridge.state - [OSC] SEND /composition/layers/66/video/opacity 0.5354330708661418
2025-12-06 23:51:34 [INFO] show_bridge.state - [STATE] Group 2 opacity -> 0.559
2025-12-06 23:51:34 [INFO] show_bridge.state - [OSC] Router opacity: layer=65, path=/composition/layers/65/video/opacity, value=0.559
2025-12-06 23:51:34 [INFO] show_bridge.state - [OSC] SEND /composition/layers/65/video/opacity 0.5590551181102362
2025-12-06 23:51:34 [INFO] show_bridge.state - [STATE] Group 1 opacity -> 0.512
2025-12-06 23:51:34 [INFO] show_bridge.state - [OSC] Router opacity: layer=66, path=/composition/layers/66/video/opacity, value=0.512
2025-12-06 23:51:34 [INFO] show_bridge.state - [OSC] SEND /composition/layers/66/video/opacity 0.5118110236220472
2025-12-06 23:51:34 [INFO] show_bridge.state - [STATE] Group 2 opacity -> 0.543
2025-12-06 23:51:34 [INFO] show_bridge.state - [OSC] Router opacity: layer=65, path=/composition/layers/65/video/opacity, value=0.543
2025-12-06 23:51:34 [INFO] show_bridge.state - [OSC] SEND /composition/layers/65/video/opacity 0.5433070866141733
2025-12-06 23:51:34 [INFO] show_bridge.state - [STATE] Group 1 opacity -> 0.488
2025-12-06 23:51:34 [INFO] show_bridge.state - [OSC] Router opacity: layer=66, path=/composition/layers/66/video/opacity, value=0.488
2025-12-06 23:51:34 [INFO] show_bridge.state - [OSC] SEND /composition/layers/66/video/opacity 0.4881889763779528
2025-12-06 23:51:34 [INFO] show_bridge.state - [STATE] Group 2 opacity -> 0.520
2025-12-06 23:51:34 [INFO] show_bridge.state - [OSC] Router opacity: layer=65, path=/composition/layers/65/video/opacity, value=0.520
2025-12-06 23:51:34 [INFO] show_bridge.state - [OSC] SEND /composition/layers/65/video/opacity 0.5196850393700787
2025-12-06 23:51:34 [INFO] show_bridge.state - [STATE] Group 1 opacity -> 0.465
2025-12-06 23:51:34 [INFO] show_bridge.state - [OSC] Router opacity: layer=66, path=/composition/layers/66/video/opacity, value=0.465
2025-12-06 23:51:34 [INFO] show_bridge.state - [OSC] SEND /composition/layers/66/video/opacity 0.4645669291338583
2025-12-06 23:51:34 [INFO] show_bridge.state - [STATE] Group 2 opacity -> 0.504
2025-12-06 23:51:34 [INFO] show_bridge.state - [OSC] Router opacity: layer=65, path=/composition/layers/65/video/opacity, value=0.504
2025-12-06 23:51:34 [INFO] show_bridge.state - [OSC] SEND /composition/layers/65/video/opacity 0.5039370078740157
2025-12-06 23:51:34 [INFO] show_bridge.state - [STATE] Group 1 opacity -> 0.449
2025-12-06 23:51:34 [INFO] show_bridge.state - [OSC] Router opacity: layer=66, path=/composition/layers/66/video/opacity, value=0.449
2025-12-06 23:51:34 [INFO] show_bridge.state - [OSC] SEND /composition/layers/66/video/opacity 0.44881889763779526
2025-12-06 23:51:34 [INFO] show_bridge.state - [STATE] Group 2 opacity -> 0.457
2025-12-06 23:51:34 [INFO] show_bridge.state - [OSC] Router opacity: layer=65, path=/composition/layers/65/video/opacity, value=0.457
2025-12-06 23:51:34 [INFO] show_bridge.state - [OSC] SEND /composition/layers/65/video/opacity 0.4566929133858268
2025-12-06 23:51:34 [INFO] show_bridge.state - [STATE] Group 1 opacity -> 0.425
2025-12-06 23:51:34 [INFO] show_bridge.state - [OSC] Router opacity: layer=66, path=/composition/layers/66/video/opacity, value=0.425
2025-12-06 23:51:34 [INFO] show_bridge.state - [OSC] SEND /composition/layers/66/video/opacity 0.4251968503937008
2025-12-06 23:51:34 [INFO] show_bridge.state - [STATE] Group 2 opacity -> 0.433
2025-12-06 23:51:34 [INFO] show_bridge.state - [OSC] Router opacity: layer=65, path=/composition/layers/65/video/opacity, value=0.433
2025-12-06 23:51:34 [INFO] show_bridge.state - [OSC] SEND /composition/layers/65/video/opacity 0.4330708661417323
2025-12-06 23:51:34 [INFO] show_bridge.state - [STATE] Group 1 opacity -> 0.394
2025-12-06 23:51:34 [INFO] show_bridge.state - [OSC] Router opacity: layer=66, path=/composition/layers/66/video/opacity, value=0.394
2025-12-06 23:51:34 [INFO] show_bridge.state - [OSC] SEND /composition/layers/66/video/opacity 0.3937007874015748
2025-12-06 23:51:34 [INFO] show_bridge.state - [STATE] Group 2 opacity -> 0.409
2025-12-06 23:51:34 [INFO] show_bridge.state - [OSC] Router opacity: layer=65, path=/composition/layers/65/video/opacity, value=0.409
2025-12-06 23:51:34 [INFO] show_bridge.state - [OSC] SEND /composition/layers/65/video/opacity 0.4094488188976378
2025-12-06 23:51:34 [INFO] show_bridge.state - [STATE] Group 1 opacity -> 0.370
2025-12-06 23:51:34 [INFO] show_bridge.state - [OSC] Router opacity: layer=66, path=/composition/layers/66/video/opacity, value=0.370
2025-12-06 23:51:34 [INFO] show_bridge.state - [OSC] SEND /composition/layers/66/video/opacity 0.3700787401574803
2025-12-06 23:51:34 [INFO] show_bridge.state - [STATE] Group 1 opacity -> 0.339
2025-12-06 23:51:34 [INFO] show_bridge.state - [OSC] Router opacity: layer=66, path=/composition/layers/66/video/opacity, value=0.339
2025-12-06 23:51:34 [INFO] show_bridge.state - [OSC] SEND /composition/layers/66/video/opacity 0.33858267716535434
2025-12-06 23:51:34 [INFO] show_bridge.state - [STATE] Group 2 opacity -> 0.354
2025-12-06 23:51:34 [INFO] show_bridge.state - [OSC] Router opacity: layer=65, path=/composition/layers/65/video/opacity, value=0.354
2025-12-06 23:51:34 [INFO] show_bridge.state - [OSC] SEND /composition/layers/65/video/opacity 0.3543307086614173
2025-12-06 23:51:34 [INFO] show_bridge.state - [STATE] Group 1 opacity -> 0.315
2025-12-06 23:51:34 [INFO] show_bridge.state - [OSC] Router opacity: layer=66, path=/composition/layers/66/video/opacity, value=0.315
2025-12-06 23:51:34 [INFO] show_bridge.state - [OSC] SEND /composition/layers/66/video/opacity 0.31496062992125984
2025-12-06 23:51:34 [INFO] show_bridge.state - [STATE] Group 2 opacity -> 0.323
2025-12-06 23:51:34 [INFO] show_bridge.state - [OSC] Router opacity: layer=65, path=/composition/layers/65/video/opacity, value=0.323
2025-12-06 23:51:34 [INFO] show_bridge.state - [OSC] SEND /composition/layers/65/video/opacity 0.3228346456692913
2025-12-06 23:51:34 [INFO] show_bridge.state - [STATE] Group 1 opacity -> 0.276
2025-12-06 23:51:34 [INFO] show_bridge.state - [OSC] Router opacity: layer=66, path=/composition/layers/66/video/opacity, value=0.276
2025-12-06 23:51:34 [INFO] show_bridge.state - [OSC] SEND /composition/layers/66/video/opacity 0.2755905511811024
2025-12-06 23:51:34 [INFO] show_bridge.state - [STATE] Group 2 opacity -> 0.291
2025-12-06 23:51:34 [INFO] show_bridge.state - [OSC] Router opacity: layer=65, path=/composition/layers/65/video/opacity, value=0.291
2025-12-06 23:51:34 [INFO] show_bridge.state - [OSC] SEND /composition/layers/65/video/opacity 0.29133858267716534
2025-12-06 23:51:34 [INFO] show_bridge.state - [STATE] Group 1 opacity -> 0.252
2025-12-06 23:51:34 [INFO] show_bridge.state - [OSC] Router opacity: layer=66, path=/composition/layers/66/video/opacity, value=0.252
2025-12-06 23:51:34 [INFO] show_bridge.state - [OSC] SEND /composition/layers/66/video/opacity 0.25196850393700787
2025-12-06 23:51:34 [INFO] show_bridge.state - [STATE] Group 2 opacity -> 0.260
2025-12-06 23:51:34 [INFO] show_bridge.state - [OSC] Router opacity: layer=65, path=/composition/layers/65/video/opacity, value=0.260
2025-12-06 23:51:34 [INFO] show_bridge.state - [OSC] SEND /composition/layers/65/video/opacity 0.25984251968503935
2025-12-06 23:51:34 [INFO] show_bridge.state - [STATE] Group 1 opacity -> 0.220
2025-12-06 23:51:34 [INFO] show_bridge.state - [OSC] Router opacity: layer=66, path=/composition/layers/66/video/opacity, value=0.220
2025-12-06 23:51:34 [INFO] show_bridge.state - [OSC] SEND /composition/layers/66/video/opacity 0.2204724409448819
2025-12-06 23:51:34 [INFO] show_bridge.state - [STATE] Group 2 opacity -> 0.228
2025-12-06 23:51:34 [INFO] show_bridge.state - [OSC] Router opacity: layer=65, path=/composition/layers/65/video/opacity, value=0.228
2025-12-06 23:51:34 [INFO] show_bridge.state - [OSC] SEND /composition/layers/65/video/opacity 0.2283464566929134
2025-12-06 23:51:34 [INFO] show_bridge.state - [STATE] Group 1 opacity -> 0.181
2025-12-06 23:51:34 [INFO] show_bridge.state - [OSC] Router opacity: layer=66, path=/composition/layers/66/video/opacity, value=0.181
2025-12-06 23:51:34 [INFO] show_bridge.state - [OSC] SEND /composition/layers/66/video/opacity 0.18110236220472442
2025-12-06 23:51:34 [INFO] show_bridge.state - [STATE] Group 2 opacity -> 0.197
2025-12-06 23:51:34 [INFO] show_bridge.state - [OSC] Router opacity: layer=65, path=/composition/layers/65/video/opacity, value=0.197
2025-12-06 23:51:34 [INFO] show_bridge.state - [OSC] SEND /composition/layers/65/video/opacity 0.1968503937007874
2025-12-06 23:51:34 [INFO] show_bridge.state - [STATE] Group 1 opacity -> 0.150
2025-12-06 23:51:34 [INFO] show_bridge.state - [OSC] Router opacity: layer=66, path=/composition/layers/66/video/opacity, value=0.150
2025-12-06 23:51:34 [INFO] show_bridge.state - [OSC] SEND /composition/layers/66/video/opacity 0.14960629921259844
2025-12-06 23:51:34 [INFO] show_bridge.state - [STATE] Group 2 opacity -> 0.165
2025-12-06 23:51:34 [INFO] show_bridge.state - [OSC] Router opacity: layer=65, path=/composition/layers/65/video/opacity, value=0.165
2025-12-06 23:51:34 [INFO] show_bridge.state - [OSC] SEND /composition/layers/65/video/opacity 0.16535433070866143
2025-12-06 23:51:34 [INFO] show_bridge.state - [STATE] Group 1 opacity -> 0.126
2025-12-06 23:51:34 [INFO] show_bridge.state - [OSC] Router opacity: layer=66, path=/composition/layers/66/video/opacity, value=0.126
2025-12-06 23:51:34 [INFO] show_bridge.state - [OSC] SEND /composition/layers/66/video/opacity 0.12598425196850394
2025-12-06 23:51:34 [INFO] show_bridge.state - [STATE] Group 2 opacity -> 0.134
2025-12-06 23:51:34 [INFO] show_bridge.state - [OSC] Router opacity: layer=65, path=/composition/layers/65/video/opacity, value=0.134
2025-12-06 23:51:34 [INFO] show_bridge.state - [OSC] SEND /composition/layers/65/video/opacity 0.13385826771653545
2025-12-06 23:51:34 [INFO] show_bridge.state - [STATE] Group 1 opacity -> 0.102
2025-12-06 23:51:34 [INFO] show_bridge.state - [OSC] Router opacity: layer=66, path=/composition/layers/66/video/opacity, value=0.102
2025-12-06 23:51:34 [INFO] show_bridge.state - [OSC] SEND /composition/layers/66/video/opacity 0.10236220472440945
2025-12-06 23:51:34 [INFO] show_bridge.state - [STATE] Group 2 opacity -> 0.110
2025-12-06 23:51:34 [INFO] show_bridge.state - [OSC] Router opacity: layer=65, path=/composition/layers/65/video/opacity, value=0.110
2025-12-06 23:51:34 [INFO] show_bridge.state - [OSC] SEND /composition/layers/65/video/opacity 0.11023622047244094
2025-12-06 23:51:34 [INFO] show_bridge.state - [STATE] Group 1 opacity -> 0.079
2025-12-06 23:51:34 [INFO] show_bridge.state - [OSC] Router opacity: layer=66, path=/composition/layers/66/video/opacity, value=0.079
2025-12-06 23:51:34 [INFO] show_bridge.state - [OSC] SEND /composition/layers/66/video/opacity 0.07874015748031496
2025-12-06 23:51:34 [INFO] show_bridge.state - [STATE] Group 2 opacity -> 0.087
2025-12-06 23:51:34 [INFO] show_bridge.state - [OSC] Router opacity: layer=65, path=/composition/layers/65/video/opacity, value=0.087
2025-12-06 23:51:34 [INFO] show_bridge.state - [OSC] SEND /composition/layers/65/video/opacity 0.08661417322834646
2025-12-06 23:51:34 [INFO] show_bridge.state - [STATE] Group 1 opacity -> 0.055
2025-12-06 23:51:34 [INFO] show_bridge.state - [OSC] Router opacity: layer=66, path=/composition/layers/66/video/opacity, value=0.055
2025-12-06 23:51:34 [INFO] show_bridge.state - [OSC] SEND /composition/layers/66/video/opacity 0.05511811023622047
2025-12-06 23:51:34 [INFO] show_bridge.state - [STATE] Group 2 opacity -> 0.055
2025-12-06 23:51:34 [INFO] show_bridge.state - [OSC] Router opacity: layer=65, path=/composition/layers/65/video/opacity, value=0.055
2025-12-06 23:51:34 [INFO] show_bridge.state - [OSC] SEND /composition/layers/65/video/opacity 0.05511811023622047
2025-12-06 23:51:34 [INFO] show_bridge.state - [STATE] Group 1 opacity -> 0.031
2025-12-06 23:51:34 [INFO] show_bridge.state - [OSC] Router opacity: layer=66, path=/composition/layers/66/video/opacity, value=0.031
2025-12-06 23:51:34 [INFO] show_bridge.state - [OSC] SEND /composition/layers/66/video/opacity 0.031496062992125984
2025-12-06 23:51:34 [INFO] show_bridge.state - [STATE] Group 2 opacity -> 0.031
2025-12-06 23:51:34 [INFO] show_bridge.state - [OSC] Router opacity: layer=65, path=/composition/layers/65/video/opacity, value=0.031
2025-12-06 23:51:34 [INFO] show_bridge.state - [OSC] SEND /composition/layers/65/video/opacity 0.031496062992125984
2025-12-06 23:51:34 [INFO] show_bridge.state - [STATE] Group 1 opacity -> 0.016
2025-12-06 23:51:34 [INFO] show_bridge.state - [OSC] Router opacity: layer=66, path=/composition/layers/66/video/opacity, value=0.016
2025-12-06 23:51:34 [INFO] show_bridge.state - [OSC] SEND /composition/layers/66/video/opacity 0.015748031496062992
2025-12-06 23:51:34 [INFO] show_bridge.state - [STATE] Group 2 opacity -> 0.016
2025-12-06 23:51:34 [INFO] show_bridge.state - [OSC] Router opacity: layer=65, path=/composition/layers/65/video/opacity, value=0.016
2025-12-06 23:51:34 [INFO] show_bridge.state - [OSC] SEND /composition/layers/65/video/opacity 0.015748031496062992
2025-12-06 23:51:34 [INFO] show_bridge.state - [STATE] Group 3 opacity -> 0.016
2025-12-06 23:51:34 [INFO] show_bridge.state - [OSC] Router opacity: layer=64, path=/composition/layers/64/video/opacity, value=0.016
2025-12-06 23:51:34 [INFO] show_bridge.state - [OSC] SEND /composition/layers/64/video/opacity 0.015748031496062992
2025-12-06 23:51:34 [INFO] show_bridge.state - [STATE] Group 1 opacity -> 0.008
2025-12-06 23:51:34 [INFO] show_bridge.state - [OSC] Router opacity: layer=66, path=/composition/layers/66/video/opacity, value=0.008
2025-12-06 23:51:34 [INFO] show_bridge.state - [OSC] SEND /composition/layers/66/video/opacity 0.007874015748031496
2025-12-06 23:51:34 [INFO] show_bridge.state - [STATE] Group 2 opacity -> 0.000
2025-12-06 23:51:34 [INFO] show_bridge.state - [OSC] Router opacity: layer=65, path=/composition/layers/65/video/opacity, value=0.000
2025-12-06 23:51:34 [INFO] show_bridge.state - [OSC] SEND /composition/layers/65/video/opacity 0.0
2025-12-06 23:51:34 [INFO] show_bridge.state - [STATE] Group 1 opacity -> 0.000
2025-12-06 23:51:34 [INFO] show_bridge.state - [OSC] Router opacity: layer=66, path=/composition/layers/66/video/opacity, value=0.000
2025-12-06 23:51:34 [INFO] show_bridge.state - [OSC] SEND /composition/layers/66/video/opacity 0.0
2025-12-06 23:51:34 [INFO] show_bridge.state - [STATE] Group 3 opacity -> 0.008
2025-12-06 23:51:34 [INFO] show_bridge.state - [OSC] Router opacity: layer=64, path=/composition/layers/64/video/opacity, value=0.008
2025-12-06 23:51:34 [INFO] show_bridge.state - [OSC] SEND /composition/layers/64/video/opacity 0.007874015748031496
2025-12-06 23:51:34 [INFO] show_bridge.state - [STATE] Group 3 opacity -> 0.000
2025-12-06 23:51:34 [INFO] show_bridge.state - [OSC] Router opacity: layer=64, path=/composition/layers/64/video/opacity, value=0.000
2025-12-06 23:51:34 [INFO] show_bridge.state - [OSC] SEND /composition/layers/64/video/opacity 0.0
2025-12-06 23:51:34 [INFO] show_bridge.state - [STATE] Group 1 opacity -> 0.008
2025-12-06 23:51:34 [INFO] show_bridge.state - [OSC] Router opacity: layer=66, path=/composition/layers/66/video/opacity, value=0.008
2025-12-06 23:51:34 [INFO] show_bridge.state - [OSC] SEND /composition/layers/66/video/opacity 0.007874015748031496
2025-12-06 23:51:34 [INFO] show_bridge.state - [STATE] Group 1 opacity -> 0.024
2025-12-06 23:51:34 [INFO] show_bridge.state - [OSC] Router opacity: layer=66, path=/composition/layers/66/video/opacity, value=0.024
2025-12-06 23:51:34 [INFO] show_bridge.state - [OSC] SEND /composition/layers/66/video/opacity 0.023622047244094488
2025-12-06 23:51:34 [INFO] show_bridge.state - [STATE] Group 1 opacity -> 0.039
2025-12-06 23:51:34 [INFO] show_bridge.state - [OSC] Router opacity: layer=66, path=/composition/layers/66/video/opacity, value=0.039
2025-12-06 23:51:34 [INFO] show_bridge.state - [OSC] SEND /composition/layers/66/video/opacity 0.03937007874015748
2025-12-06 23:51:34 [INFO] show_bridge.state - [STATE] Group 1 opacity -> 0.047
2025-12-06 23:51:34 [INFO] show_bridge.state - [OSC] Router opacity: layer=66, path=/composition/layers/66/video/opacity, value=0.047
2025-12-06 23:51:34 [INFO] show_bridge.state - [OSC] SEND /composition/layers/66/video/opacity 0.047244094488188976
2025-12-06 23:51:34 [INFO] show_bridge.state - [STATE] Group 1 opacity -> 0.063
2025-12-06 23:51:34 [INFO] show_bridge.state - [OSC] Router opacity: layer=66, path=/composition/layers/66/video/opacity, value=0.063
2025-12-06 23:51:34 [INFO] show_bridge.state - [OSC] SEND /composition/layers/66/video/opacity 0.06299212598425197
2025-12-06 23:51:34 [INFO] show_bridge.state - [STATE] Group 1 opacity -> 0.071
2025-12-06 23:51:34 [INFO] show_bridge.state - [OSC] Router opacity: layer=66, path=/composition/layers/66/video/opacity, value=0.071
2025-12-06 23:51:34 [INFO] show_bridge.state - [OSC] SEND /composition/layers/66/video/opacity 0.07086614173228346
2025-12-06 23:51:34 [INFO] show_bridge.state - [STATE] Group 1 opacity -> 0.087
2025-12-06 23:51:34 [INFO] show_bridge.state - [OSC] Router opacity: layer=66, path=/composition/layers/66/video/opacity, value=0.087
2025-12-06 23:51:34 [INFO] show_bridge.state - [OSC] SEND /composition/layers/66/video/opacity 0.08661417322834646
2025-12-06 23:51:34 [INFO] show_bridge.state - [STATE] Group 3 opacity -> 0.031
2025-12-06 23:51:34 [INFO] show_bridge.state - [OSC] Router opacity: layer=64, path=/composition/layers/64/video/opacity, value=0.031
2025-12-06 23:51:34 [INFO] show_bridge.state - [OSC] SEND /composition/layers/64/video/opacity 0.031496062992125984
2025-12-06 23:51:34 [INFO] show_bridge.state - [STATE] Group 1 opacity -> 0.102
2025-12-06 23:51:34 [INFO] show_bridge.state - [OSC] Router opacity: layer=66, path=/composition/layers/66/video/opacity, value=0.102
2025-12-06 23:51:34 [INFO] show_bridge.state - [OSC] SEND /composition/layers/66/video/opacity 0.10236220472440945
2025-12-06 23:51:34 [INFO] show_bridge.state - [STATE] Group 3 opacity -> 0.055
2025-12-06 23:51:34 [INFO] show_bridge.state - [OSC] Router opacity: layer=64, path=/composition/layers/64/video/opacity, value=0.055
2025-12-06 23:51:34 [INFO] show_bridge.state - [OSC] SEND /composition/layers/64/video/opacity 0.05511811023622047
2025-12-06 23:51:34 [INFO] show_bridge.state - [STATE] Group 1 opacity -> 0.126
2025-12-06 23:51:34 [INFO] show_bridge.state - [OSC] Router opacity: layer=66, path=/composition/layers/66/video/opacity, value=0.126
2025-12-06 23:51:34 [INFO] show_bridge.state - [OSC] SEND /composition/layers/66/video/opacity 0.12598425196850394
2025-12-06 23:51:34 [INFO] show_bridge.state - [STATE] Group 3 opacity -> 0.079
2025-12-06 23:51:34 [INFO] show_bridge.state - [OSC] Router opacity: layer=64, path=/composition/layers/64/video/opacity, value=0.079
2025-12-06 23:51:34 [INFO] show_bridge.state - [OSC] SEND /composition/layers/64/video/opacity 0.07874015748031496
2025-12-06 23:51:34 [INFO] show_bridge.state - [STATE] Group 1 opacity -> 0.142
2025-12-06 23:51:34 [INFO] show_bridge.state - [OSC] Router opacity: layer=66, path=/composition/layers/66/video/opacity, value=0.142
2025-12-06 23:51:34 [INFO] show_bridge.state - [OSC] SEND /composition/layers/66/video/opacity 0.14173228346456693
2025-12-06 23:51:34 [INFO] show_bridge.state - [STATE] Group 3 opacity -> 0.110
2025-12-06 23:51:34 [INFO] show_bridge.state - [OSC] Router opacity: layer=64, path=/composition/layers/64/video/opacity, value=0.110
2025-12-06 23:51:34 [INFO] show_bridge.state - [OSC] SEND /composition/layers/64/video/opacity 0.11023622047244094
2025-12-06 23:51:34 [INFO] show_bridge.state - [STATE] Group 1 opacity -> 0.165
2025-12-06 23:51:34 [INFO] show_bridge.state - [OSC] Router opacity: layer=66, path=/composition/layers/66/video/opacity, value=0.165
2025-12-06 23:51:34 [INFO] show_bridge.state - [OSC] SEND /composition/layers/66/video/opacity 0.16535433070866143
2025-12-06 23:51:34 [INFO] show_bridge.state - [STATE] Group 3 opacity -> 0.142
2025-12-06 23:51:34 [INFO] show_bridge.state - [OSC] Router opacity: layer=64, path=/composition/layers/64/video/opacity, value=0.142
2025-12-06 23:51:34 [INFO] show_bridge.state - [OSC] SEND /composition/layers/64/video/opacity 0.14173228346456693
2025-12-06 23:51:34 [INFO] show_bridge.state - [STATE] Group 1 opacity -> 0.189
2025-12-06 23:51:34 [INFO] show_bridge.state - [OSC] Router opacity: layer=66, path=/composition/layers/66/video/opacity, value=0.189
2025-12-06 23:51:34 [INFO] show_bridge.state - [OSC] SEND /composition/layers/66/video/opacity 0.1889763779527559
2025-12-06 23:51:34 [INFO] show_bridge.state - [STATE] Group 3 opacity -> 0.181
2025-12-06 23:51:34 [INFO] show_bridge.state - [OSC] Router opacity: layer=64, path=/composition/layers/64/video/opacity, value=0.181
2025-12-06 23:51:34 [INFO] show_bridge.state - [OSC] SEND /composition/layers/64/video/opacity 0.18110236220472442
2025-12-06 23:51:34 [INFO] show_bridge.state - [STATE] Group 1 opacity -> 0.220
2025-12-06 23:51:34 [INFO] show_bridge.state - [OSC] Router opacity: layer=66, path=/composition/layers/66/video/opacity, value=0.220
2025-12-06 23:51:34 [INFO] show_bridge.state - [OSC] SEND /composition/layers/66/video/opacity 0.2204724409448819
2025-12-06 23:51:34 [INFO] show_bridge.state - [STATE] Group 3 opacity -> 0.213
2025-12-06 23:51:34 [INFO] show_bridge.state - [OSC] Router opacity: layer=64, path=/composition/layers/64/video/opacity, value=0.213
2025-12-06 23:51:34 [INFO] show_bridge.state - [OSC] SEND /composition/layers/64/video/opacity 0.2125984251968504
2025-12-06 23:51:34 [INFO] show_bridge.state - [STATE] Group 1 opacity -> 0.244
2025-12-06 23:51:34 [INFO] show_bridge.state - [OSC] Router opacity: layer=66, path=/composition/layers/66/video/opacity, value=0.244
2025-12-06 23:51:34 [INFO] show_bridge.state - [OSC] SEND /composition/layers/66/video/opacity 0.2440944881889764
2025-12-06 23:51:34 [INFO] show_bridge.state - [STATE] Group 3 opacity -> 0.252
2025-12-06 23:51:34 [INFO] show_bridge.state - [OSC] Router opacity: layer=64, path=/composition/layers/64/video/opacity, value=0.252
2025-12-06 23:51:34 [INFO] show_bridge.state - [OSC] SEND /composition/layers/64/video/opacity 0.25196850393700787
2025-12-06 23:51:34 [INFO] show_bridge.state - [STATE] Group 1 opacity -> 0.268
2025-12-06 23:51:34 [INFO] show_bridge.state - [OSC] Router opacity: layer=66, path=/composition/layers/66/video/opacity, value=0.268
2025-12-06 23:51:34 [INFO] show_bridge.state - [OSC] SEND /composition/layers/66/video/opacity 0.2677165354330709
2025-12-06 23:51:34 [INFO] show_bridge.state - [STATE] Group 3 opacity -> 0.291
2025-12-06 23:51:34 [INFO] show_bridge.state - [OSC] Router opacity: layer=64, path=/composition/layers/64/video/opacity, value=0.291
2025-12-06 23:51:34 [INFO] show_bridge.state - [OSC] SEND /composition/layers/64/video/opacity 0.29133858267716534
2025-12-06 23:51:34 [INFO] show_bridge.state - [STATE] Group 1 opacity -> 0.299
2025-12-06 23:51:34 [INFO] show_bridge.state - [OSC] Router opacity: layer=66, path=/composition/layers/66/video/opacity, value=0.299
2025-12-06 23:51:34 [INFO] show_bridge.state - [OSC] SEND /composition/layers/66/video/opacity 0.2992125984251969
2025-12-06 23:51:34 [INFO] show_bridge.state - [STATE] Group 3 opacity -> 0.346
2025-12-06 23:51:34 [INFO] show_bridge.state - [OSC] Router opacity: layer=64, path=/composition/layers/64/video/opacity, value=0.346
2025-12-06 23:51:34 [INFO] show_bridge.state - [OSC] SEND /composition/layers/64/video/opacity 0.3464566929133858
2025-12-06 23:51:34 [INFO] show_bridge.state - [STATE] Group 1 opacity -> 0.331
2025-12-06 23:51:34 [INFO] show_bridge.state - [OSC] Router opacity: layer=66, path=/composition/layers/66/video/opacity, value=0.331
2025-12-06 23:51:34 [INFO] show_bridge.state - [OSC] SEND /composition/layers/66/video/opacity 0.33070866141732286
2025-12-06 23:51:34 [INFO] show_bridge.state - [STATE] Group 3 opacity -> 0.386
2025-12-06 23:51:34 [INFO] show_bridge.state - [OSC] Router opacity: layer=64, path=/composition/layers/64/video/opacity, value=0.386
2025-12-06 23:51:34 [INFO] show_bridge.state - [OSC] SEND /composition/layers/64/video/opacity 0.3858267716535433
2025-12-06 23:51:34 [INFO] show_bridge.state - [STATE] Group 1 opacity -> 0.362
2025-12-06 23:51:34 [INFO] show_bridge.state - [OSC] Router opacity: layer=66, path=/composition/layers/66/video/opacity, value=0.362
2025-12-06 23:51:34 [INFO] show_bridge.state - [OSC] SEND /composition/layers/66/video/opacity 0.36220472440944884
2025-12-06 23:51:34 [INFO] show_bridge.state - [STATE] Group 3 opacity -> 0.433
2025-12-06 23:51:34 [INFO] show_bridge.state - [OSC] Router opacity: layer=64, path=/composition/layers/64/video/opacity, value=0.433
2025-12-06 23:51:34 [INFO] show_bridge.state - [OSC] SEND /composition/layers/64/video/opacity 0.4330708661417323
2025-12-06 23:51:34 [INFO] show_bridge.state - [STATE] Group 1 opacity -> 0.394
2025-12-06 23:51:34 [INFO] show_bridge.state - [OSC] Router opacity: layer=66, path=/composition/layers/66/video/opacity, value=0.394
2025-12-06 23:51:34 [INFO] show_bridge.state - [OSC] SEND /composition/layers/66/video/opacity 0.3937007874015748
2025-12-06 23:51:34 [INFO] show_bridge.state - [STATE] Group 3 opacity -> 0.465
2025-12-06 23:51:34 [INFO] show_bridge.state - [OSC] Router opacity: layer=64, path=/composition/layers/64/video/opacity, value=0.465
2025-12-06 23:51:34 [INFO] show_bridge.state - [OSC] SEND /composition/layers/64/video/opacity 0.4645669291338583
2025-12-06 23:51:34 [INFO] show_bridge.state - [STATE] Group 1 opacity -> 0.425
2025-12-06 23:51:34 [INFO] show_bridge.state - [OSC] Router opacity: layer=66, path=/composition/layers/66/video/opacity, value=0.425
2025-12-06 23:51:34 [INFO] show_bridge.state - [OSC] SEND /composition/layers/66/video/opacity 0.4251968503937008
2025-12-06 23:51:34 [INFO] show_bridge.state - [STATE] Group 3 opacity -> 0.496
2025-12-06 23:51:34 [INFO] show_bridge.state - [OSC] Router opacity: layer=64, path=/composition/layers/64/video/opacity, value=0.496
2025-12-06 23:51:34 [INFO] show_bridge.state - [OSC] SEND /composition/layers/64/video/opacity 0.49606299212598426
2025-12-06 23:51:34 [INFO] show_bridge.state - [STATE] Group 1 opacity -> 0.449
2025-12-06 23:51:34 [INFO] show_bridge.state - [OSC] Router opacity: layer=66, path=/composition/layers/66/video/opacity, value=0.449
2025-12-06 23:51:34 [INFO] show_bridge.state - [OSC] SEND /composition/layers/66/video/opacity 0.44881889763779526
2025-12-06 23:51:34 [INFO] show_bridge.state - [STATE] Group 3 opacity -> 0.535
2025-12-06 23:51:34 [INFO] show_bridge.state - [OSC] Router opacity: layer=64, path=/composition/layers/64/video/opacity, value=0.535
2025-12-06 23:51:34 [INFO] show_bridge.state - [OSC] SEND /composition/layers/64/video/opacity 0.5354330708661418
2025-12-06 23:51:34 [INFO] show_bridge.state - [STATE] Group 1 opacity -> 0.472
2025-12-06 23:51:34 [INFO] show_bridge.state - [OSC] Router opacity: layer=66, path=/composition/layers/66/video/opacity, value=0.472
2025-12-06 23:51:34 [INFO] show_bridge.state - [OSC] SEND /composition/layers/66/video/opacity 0.47244094488188976
2025-12-06 23:51:34 [INFO] show_bridge.state - [STATE] Group 3 opacity -> 0.567
2025-12-06 23:51:34 [INFO] show_bridge.state - [OSC] Router opacity: layer=64, path=/composition/layers/64/video/opacity, value=0.567
2025-12-06 23:51:34 [INFO] show_bridge.state - [OSC] SEND /composition/layers/64/video/opacity 0.5669291338582677
2025-12-06 23:51:34 [INFO] show_bridge.state - [STATE] Group 1 opacity -> 0.504
2025-12-06 23:51:34 [INFO] show_bridge.state - [OSC] Router opacity: layer=66, path=/composition/layers/66/video/opacity, value=0.504
2025-12-06 23:51:34 [INFO] show_bridge.state - [OSC] SEND /composition/layers/66/video/opacity 0.5039370078740157
2025-12-06 23:51:34 [INFO] show_bridge.state - [STATE] Group 3 opacity -> 0.606
2025-12-06 23:51:34 [INFO] show_bridge.state - [OSC] Router opacity: layer=64, path=/composition/layers/64/video/opacity, value=0.606
2025-12-06 23:51:34 [INFO] show_bridge.state - [OSC] SEND /composition/layers/64/video/opacity 0.6062992125984252
2025-12-06 23:51:34 [INFO] show_bridge.state - [STATE] Group 1 opacity -> 0.520
2025-12-06 23:51:34 [INFO] show_bridge.state - [OSC] Router opacity: layer=66, path=/composition/layers/66/video/opacity, value=0.520
2025-12-06 23:51:34 [INFO] show_bridge.state - [OSC] SEND /composition/layers/66/video/opacity 0.5196850393700787
2025-12-06 23:51:34 [INFO] show_bridge.state - [STATE] Group 3 opacity -> 0.638
2025-12-06 23:51:34 [INFO] show_bridge.state - [OSC] Router opacity: layer=64, path=/composition/layers/64/video/opacity, value=0.638
2025-12-06 23:51:34 [INFO] show_bridge.state - [OSC] SEND /composition/layers/64/video/opacity 0.6377952755905512
2025-12-06 23:51:34 [INFO] show_bridge.state - [STATE] Group 3 opacity -> 0.677
2025-12-06 23:51:34 [INFO] show_bridge.state - [OSC] Router opacity: layer=64, path=/composition/layers/64/video/opacity, value=0.677
2025-12-06 23:51:34 [INFO] show_bridge.state - [OSC] SEND /composition/layers/64/video/opacity 0.6771653543307087
2025-12-06 23:51:34 [INFO] show_bridge.state - [STATE] Group 1 opacity -> 0.528
2025-12-06 23:51:34 [INFO] show_bridge.state - [OSC] Router opacity: layer=66, path=/composition/layers/66/video/opacity, value=0.528
2025-12-06 23:51:34 [INFO] show_bridge.state - [OSC] SEND /composition/layers/66/video/opacity 0.5275590551181102
2025-12-06 23:51:34 [INFO] show_bridge.state - [STATE] Group 3 opacity -> 0.717
2025-12-06 23:51:34 [INFO] show_bridge.state - [OSC] Router opacity: layer=64, path=/composition/layers/64/video/opacity, value=0.717
2025-12-06 23:51:34 [INFO] show_bridge.state - [OSC] SEND /composition/layers/64/video/opacity 0.7165354330708661
2025-12-06 23:51:34 [INFO] show_bridge.state - [STATE] Group 1 opacity -> 0.543
2025-12-06 23:51:34 [INFO] show_bridge.state - [OSC] Router opacity: layer=66, path=/composition/layers/66/video/opacity, value=0.543
2025-12-06 23:51:34 [INFO] show_bridge.state - [OSC] SEND /composition/layers/66/video/opacity 0.5433070866141733
2025-12-06 23:51:34 [INFO] show_bridge.state - [STATE] Group 3 opacity -> 0.748
2025-12-06 23:51:34 [INFO] show_bridge.state - [OSC] Router opacity: layer=64, path=/composition/layers/64/video/opacity, value=0.748
2025-12-06 23:51:34 [INFO] show_bridge.state - [OSC] SEND /composition/layers/64/video/opacity 0.7480314960629921
2025-12-06 23:51:34 [INFO] show_bridge.state - [STATE] Group 1 opacity -> 0.551
2025-12-06 23:51:34 [INFO] show_bridge.state - [OSC] Router opacity: layer=66, path=/composition/layers/66/video/opacity, value=0.551
2025-12-06 23:51:34 [INFO] show_bridge.state - [OSC] SEND /composition/layers/66/video/opacity 0.5511811023622047
2025-12-06 23:51:34 [INFO] show_bridge.state - [STATE] Group 3 opacity -> 0.780
2025-12-06 23:51:34 [INFO] show_bridge.state - [OSC] Router opacity: layer=64, path=/composition/layers/64/video/opacity, value=0.780
2025-12-06 23:51:34 [INFO] show_bridge.state - [OSC] SEND /composition/layers/64/video/opacity 0.7795275590551181
2025-12-06 23:51:34 [INFO] show_bridge.state - [STATE] Group 1 opacity -> 0.559
2025-12-06 23:51:34 [INFO] show_bridge.state - [OSC] Router opacity: layer=66, path=/composition/layers/66/video/opacity, value=0.559
2025-12-06 23:51:34 [INFO] show_bridge.state - [OSC] SEND /composition/layers/66/video/opacity 0.5590551181102362
2025-12-06 23:51:34 [INFO] show_bridge.state - [STATE] Group 3 opacity -> 0.811
2025-12-06 23:51:34 [INFO] show_bridge.state - [OSC] Router opacity: layer=64, path=/composition/layers/64/video/opacity, value=0.811
2025-12-06 23:51:34 [INFO] show_bridge.state - [OSC] SEND /composition/layers/64/video/opacity 0.8110236220472441
2025-12-06 23:51:34 [INFO] show_bridge.state - [STATE] Group 1 opacity -> 0.575
2025-12-06 23:51:34 [INFO] show_bridge.state - [OSC] Router opacity: layer=66, path=/composition/layers/66/video/opacity, value=0.575
2025-12-06 23:51:34 [INFO] show_bridge.state - [OSC] SEND /composition/layers/66/video/opacity 0.5748031496062992
2025-12-06 23:51:34 [INFO] show_bridge.state - [STATE] Group 3 opacity -> 0.843
2025-12-06 23:51:34 [INFO] show_bridge.state - [OSC] Router opacity: layer=64, path=/composition/layers/64/video/opacity, value=0.843
2025-12-06 23:51:34 [INFO] show_bridge.state - [OSC] SEND /composition/layers/64/video/opacity 0.84251968503937
2025-12-06 23:51:34 [INFO] show_bridge.state - [STATE] Group 1 opacity -> 0.591
2025-12-06 23:51:34 [INFO] show_bridge.state - [OSC] Router opacity: layer=66, path=/composition/layers/66/video/opacity, value=0.591
2025-12-06 23:51:34 [INFO] show_bridge.state - [OSC] SEND /composition/layers/66/video/opacity 0.5905511811023622
2025-12-06 23:51:34 [INFO] show_bridge.state - [STATE] Group 2 opacity -> 0.016
2025-12-06 23:51:34 [INFO] show_bridge.state - [OSC] Router opacity: layer=65, path=/composition/layers/65/video/opacity, value=0.016
2025-12-06 23:51:34 [INFO] show_bridge.state - [OSC] SEND /composition/layers/65/video/opacity 0.015748031496062992
2025-12-06 23:51:34 [INFO] show_bridge.state - [STATE] Group 1 opacity -> 0.606
2025-12-06 23:51:34 [INFO] show_bridge.state - [OSC] Router opacity: layer=66, path=/composition/layers/66/video/opacity, value=0.606
2025-12-06 23:51:34 [INFO] show_bridge.state - [OSC] SEND /composition/layers/66/video/opacity 0.6062992125984252
2025-12-06 23:51:34 [INFO] show_bridge.state - [STATE] Group 1 opacity -> 0.622
2025-12-06 23:51:34 [INFO] show_bridge.state - [OSC] Router opacity: layer=66, path=/composition/layers/66/video/opacity, value=0.622
2025-12-06 23:51:34 [INFO] show_bridge.state - [OSC] SEND /composition/layers/66/video/opacity 0.6220472440944882
2025-12-06 23:51:34 [INFO] show_bridge.state - [STATE] Group 2 opacity -> 0.047
2025-12-06 23:51:34 [INFO] show_bridge.state - [OSC] Router opacity: layer=65, path=/composition/layers/65/video/opacity, value=0.047
2025-12-06 23:51:34 [INFO] show_bridge.state - [OSC] SEND /composition/layers/65/video/opacity 0.047244094488188976
2025-12-06 23:51:34 [INFO] show_bridge.state - [STATE] Group 1 opacity -> 0.638
2025-12-06 23:51:34 [INFO] show_bridge.state - [OSC] Router opacity: layer=66, path=/composition/layers/66/video/opacity, value=0.638
2025-12-06 23:51:34 [INFO] show_bridge.state - [OSC] SEND /composition/layers/66/video/opacity 0.6377952755905512
2025-12-06 23:51:34 [INFO] show_bridge.state - [STATE] Group 2 opacity -> 0.063
2025-12-06 23:51:34 [INFO] show_bridge.state - [OSC] Router opacity: layer=65, path=/composition/layers/65/video/opacity, value=0.063
2025-12-06 23:51:34 [INFO] show_bridge.state - [OSC] SEND /composition/layers/65/video/opacity 0.06299212598425197
2025-12-06 23:51:34 [INFO] show_bridge.state - [STATE] Group 1 opacity -> 0.654
2025-12-06 23:51:34 [INFO] show_bridge.state - [OSC] Router opacity: layer=66, path=/composition/layers/66/video/opacity, value=0.654
2025-12-06 23:51:34 [INFO] show_bridge.state - [OSC] SEND /composition/layers/66/video/opacity 0.6535433070866141
2025-12-06 23:51:34 [INFO] show_bridge.state - [STATE] Group 2 opacity -> 0.094
2025-12-06 23:51:34 [INFO] show_bridge.state - [OSC] Router opacity: layer=65, path=/composition/layers/65/video/opacity, value=0.094
2025-12-06 23:51:34 [INFO] show_bridge.state - [OSC] SEND /composition/layers/65/video/opacity 0.09448818897637795
2025-12-06 23:51:34 [INFO] show_bridge.state - [STATE] Group 1 opacity -> 0.669
2025-12-06 23:51:34 [INFO] show_bridge.state - [OSC] Router opacity: layer=66, path=/composition/layers/66/video/opacity, value=0.669
2025-12-06 23:51:34 [INFO] show_bridge.state - [OSC] SEND /composition/layers/66/video/opacity 0.6692913385826772
2025-12-06 23:51:34 [INFO] show_bridge.state - [STATE] Group 2 opacity -> 0.110
2025-12-06 23:51:34 [INFO] show_bridge.state - [OSC] Router opacity: layer=65, path=/composition/layers/65/video/opacity, value=0.110
2025-12-06 23:51:34 [INFO] show_bridge.state - [OSC] SEND /composition/layers/65/video/opacity 0.11023622047244094
2025-12-06 23:51:34 [INFO] show_bridge.state - [STATE] Group 1 opacity -> 0.677
2025-12-06 23:51:34 [INFO] show_bridge.state - [OSC] Router opacity: layer=66, path=/composition/layers/66/video/opacity, value=0.677
2025-12-06 23:51:34 [INFO] show_bridge.state - [OSC] SEND /composition/layers/66/video/opacity 0.6771653543307087
2025-12-06 23:51:34 [INFO] show_bridge.state - [STATE] Group 2 opacity -> 0.118
2025-12-06 23:51:34 [INFO] show_bridge.state - [OSC] Router opacity: layer=65, path=/composition/layers/65/video/opacity, value=0.118
2025-12-06 23:51:34 [INFO] show_bridge.state - [OSC] SEND /composition/layers/65/video/opacity 0.11811023622047244
2025-12-06 23:51:34 [INFO] show_bridge.state - [STATE] Group 1 opacity -> 0.685
2025-12-06 23:51:34 [INFO] show_bridge.state - [OSC] Router opacity: layer=66, path=/composition/layers/66/video/opacity, value=0.685
2025-12-06 23:51:34 [INFO] show_bridge.state - [OSC] SEND /composition/layers/66/video/opacity 0.6850393700787402
2025-12-06 23:51:34 [INFO] show_bridge.state - [STATE] Group 2 opacity -> 0.126
2025-12-06 23:51:34 [INFO] show_bridge.state - [OSC] Router opacity: layer=65, path=/composition/layers/65/video/opacity, value=0.126
2025-12-06 23:51:34 [INFO] show_bridge.state - [OSC] SEND /composition/layers/65/video/opacity 0.12598425196850394
2025-12-06 23:51:34 [INFO] show_bridge.state - [STATE] Group 3 opacity -> 0.984
2025-12-06 23:51:34 [INFO] show_bridge.state - [OSC] Router opacity: layer=64, path=/composition/layers/64/video/opacity, value=0.984
2025-12-06 23:51:34 [INFO] show_bridge.state - [OSC] SEND /composition/layers/64/video/opacity 0.984251968503937
2025-12-06 23:51:34 [INFO] show_bridge.state - [STATE] Group 1 opacity -> 0.693
2025-12-06 23:51:34 [INFO] show_bridge.state - [OSC] Router opacity: layer=66, path=/composition/layers/66/video/opacity, value=0.693
2025-12-06 23:51:34 [INFO] show_bridge.state - [OSC] SEND /composition/layers/66/video/opacity 0.6929133858267716
2025-12-06 23:51:34 [INFO] show_bridge.state - [STATE] Group 2 opacity -> 0.134
2025-12-06 23:51:34 [INFO] show_bridge.state - [OSC] Router opacity: layer=65, path=/composition/layers/65/video/opacity, value=0.134
2025-12-06 23:51:34 [INFO] show_bridge.state - [OSC] SEND /composition/layers/65/video/opacity 0.13385826771653545
2025-12-06 23:51:34 [INFO] show_bridge.state - [STATE] Group 3 opacity -> 1.000
2025-12-06 23:51:34 [INFO] show_bridge.state - [OSC] Router opacity: layer=64, path=/composition/layers/64/video/opacity, value=1.000
2025-12-06 23:51:34 [INFO] show_bridge.state - [OSC] SEND /composition/layers/64/video/opacity 1.0
2025-12-06 23:51:34 [INFO] show_bridge.state - [STATE] Group 1 opacity -> 0.709
2025-12-06 23:51:34 [INFO] show_bridge.state - [OSC] Router opacity: layer=66, path=/composition/layers/66/video/opacity, value=0.709
2025-12-06 23:51:34 [INFO] show_bridge.state - [OSC] SEND /composition/layers/66/video/opacity 0.7086614173228346
2025-12-06 23:51:34 [INFO] show_bridge.state - [STATE] Group 2 opacity -> 0.142
2025-12-06 23:51:34 [INFO] show_bridge.state - [OSC] Router opacity: layer=65, path=/composition/layers/65/video/opacity, value=0.142
2025-12-06 23:51:34 [INFO] show_bridge.state - [OSC] SEND /composition/layers/65/video/opacity 0.14173228346456693
2025-12-06 23:51:34 [INFO] show_bridge.state - [STATE] Group 1 opacity -> 0.717
2025-12-06 23:51:34 [INFO] show_bridge.state - [OSC] Router opacity: layer=66, path=/composition/layers/66/video/opacity, value=0.717
2025-12-06 23:51:34 [INFO] show_bridge.state - [OSC] SEND /composition/layers/66/video/opacity 0.7165354330708661
2025-12-06 23:51:34 [INFO] show_bridge.state - [STATE] Group 1 opacity -> 0.724
2025-12-06 23:51:34 [INFO] show_bridge.state - [OSC] Router opacity: layer=66, path=/composition/layers/66/video/opacity, value=0.724
2025-12-06 23:51:34 [INFO] show_bridge.state - [OSC] SEND /composition/layers/66/video/opacity 0.7244094488188977
2025-12-06 23:51:35 [INFO] show_bridge.state - [STATE] Group 1 opacity -> 0.740
2025-12-06 23:51:35 [INFO] show_bridge.state - [OSC] Router opacity: layer=66, path=/composition/layers/66/video/opacity, value=0.740
2025-12-06 23:51:35 [INFO] show_bridge.state - [OSC] SEND /composition/layers/66/video/opacity 0.7401574803149606
2025-12-06 23:51:35 [INFO] show_bridge.state - [STATE] Group 1 opacity -> 0.748
2025-12-06 23:51:35 [INFO] show_bridge.state - [OSC] Router opacity: layer=66, path=/composition/layers/66/video/opacity, value=0.748
2025-12-06 23:51:35 [INFO] show_bridge.state - [OSC] SEND /composition/layers/66/video/opacity 0.7480314960629921
2025-12-06 23:51:35 [INFO] show_bridge.state - [STATE] Group 1 opacity -> 0.764
2025-12-06 23:51:35 [INFO] show_bridge.state - [OSC] Router opacity: layer=66, path=/composition/layers/66/video/opacity, value=0.764
2025-12-06 23:51:35 [INFO] show_bridge.state - [OSC] SEND /composition/layers/66/video/opacity 0.7637795275590551
2025-12-06 23:51:35 [INFO] show_bridge.state - [STATE] Group 1 opacity -> 0.780
2025-12-06 23:51:35 [INFO] show_bridge.state - [OSC] Router opacity: layer=66, path=/composition/layers/66/video/opacity, value=0.780
2025-12-06 23:51:35 [INFO] show_bridge.state - [OSC] SEND /composition/layers/66/video/opacity 0.7795275590551181
2025-12-06 23:51:35 [INFO] show_bridge.state - [STATE] Group 1 opacity -> 0.795
2025-12-06 23:51:35 [INFO] show_bridge.state - [OSC] Router opacity: layer=66, path=/composition/layers/66/video/opacity, value=0.795
2025-12-06 23:51:35 [INFO] show_bridge.state - [OSC] SEND /composition/layers/66/video/opacity 0.7952755905511811
2025-12-06 23:51:35 [INFO] show_bridge.state - [STATE] Group 1 opacity -> 0.811
2025-12-06 23:51:35 [INFO] show_bridge.state - [OSC] Router opacity: layer=66, path=/composition/layers/66/video/opacity, value=0.811
2025-12-06 23:51:35 [INFO] show_bridge.state - [OSC] SEND /composition/layers/66/video/opacity 0.8110236220472441
2025-12-06 23:51:35 [INFO] show_bridge.state - [STATE] Group 1 opacity -> 0.827
2025-12-06 23:51:35 [INFO] show_bridge.state - [OSC] Router opacity: layer=66, path=/composition/layers/66/video/opacity, value=0.827
2025-12-06 23:51:35 [INFO] show_bridge.state - [OSC] SEND /composition/layers/66/video/opacity 0.8267716535433071
2025-12-06 23:51:35 [INFO] show_bridge.state - [STATE] Group 1 opacity -> 0.843
2025-12-06 23:51:35 [INFO] show_bridge.state - [OSC] Router opacity: layer=66, path=/composition/layers/66/video/opacity, value=0.843
2025-12-06 23:51:35 [INFO] show_bridge.state - [OSC] SEND /composition/layers/66/video/opacity 0.84251968503937
2025-12-06 23:51:35 [INFO] show_bridge.state - [STATE] Group 2 opacity -> 0.157
2025-12-06 23:51:35 [INFO] show_bridge.state - [OSC] Router opacity: layer=65, path=/composition/layers/65/video/opacity, value=0.157
2025-12-06 23:51:35 [INFO] show_bridge.state - [OSC] SEND /composition/layers/65/video/opacity 0.15748031496062992
2025-12-06 23:51:35 [INFO] show_bridge.state - [STATE] Group 2 opacity -> 0.165
2025-12-06 23:51:35 [INFO] show_bridge.state - [OSC] Router opacity: layer=65, path=/composition/layers/65/video/opacity, value=0.165
2025-12-06 23:51:35 [INFO] show_bridge.state - [OSC] SEND /composition/layers/65/video/opacity 0.16535433070866143
2025-12-06 23:51:35 [INFO] show_bridge.state - [STATE] Group 2 opacity -> 0.189
2025-12-06 23:51:35 [INFO] show_bridge.state - [OSC] Router opacity: layer=65, path=/composition/layers/65/video/opacity, value=0.189
2025-12-06 23:51:35 [INFO] show_bridge.state - [OSC] SEND /composition/layers/65/video/opacity 0.1889763779527559
2025-12-06 23:51:35 [INFO] show_bridge.state - [STATE] Group 2 opacity -> 0.205
2025-12-06 23:51:35 [INFO] show_bridge.state - [OSC] Router opacity: layer=65, path=/composition/layers/65/video/opacity, value=0.205
2025-12-06 23:51:35 [INFO] show_bridge.state - [OSC] SEND /composition/layers/65/video/opacity 0.2047244094488189
2025-12-06 23:51:35 [INFO] show_bridge.state - [STATE] Group 2 opacity -> 0.220
2025-12-06 23:51:35 [INFO] show_bridge.state - [OSC] Router opacity: layer=65, path=/composition/layers/65/video/opacity, value=0.220
2025-12-06 23:51:35 [INFO] show_bridge.state - [OSC] SEND /composition/layers/65/video/opacity 0.2204724409448819
2025-12-06 23:51:35 [INFO] show_bridge.state - [STATE] Group 1 opacity -> 0.850
2025-12-06 23:51:35 [INFO] show_bridge.state - [OSC] Router opacity: layer=66, path=/composition/layers/66/video/opacity, value=0.850
2025-12-06 23:51:35 [INFO] show_bridge.state - [OSC] SEND /composition/layers/66/video/opacity 0.8503937007874016
2025-12-06 23:51:35 [INFO] show_bridge.state - [STATE] Group 2 opacity -> 0.228
2025-12-06 23:51:35 [INFO] show_bridge.state - [OSC] Router opacity: layer=65, path=/composition/layers/65/video/opacity, value=0.228
2025-12-06 23:51:35 [INFO] show_bridge.state - [OSC] SEND /composition/layers/65/video/opacity 0.2283464566929134
2025-12-06 23:51:35 [INFO] show_bridge.state - [STATE] Group 2 opacity -> 0.244
2025-12-06 23:51:35 [INFO] show_bridge.state - [OSC] Router opacity: layer=65, path=/composition/layers/65/video/opacity, value=0.244
2025-12-06 23:51:35 [INFO] show_bridge.state - [OSC] SEND /composition/layers/65/video/opacity 0.2440944881889764
2025-12-06 23:51:35 [INFO] show_bridge.state - [STATE] Group 2 opacity -> 0.252
2025-12-06 23:51:35 [INFO] show_bridge.state - [OSC] Router opacity: layer=65, path=/composition/layers/65/video/opacity, value=0.252
2025-12-06 23:51:35 [INFO] show_bridge.state - [OSC] SEND /composition/layers/65/video/opacity 0.25196850393700787
2025-12-06 23:51:35 [INFO] show_bridge.state - [STATE] Group 2 opacity -> 0.260
2025-12-06 23:51:35 [INFO] show_bridge.state - [OSC] Router opacity: layer=65, path=/composition/layers/65/video/opacity, value=0.260
2025-12-06 23:51:35 [INFO] show_bridge.state - [OSC] SEND /composition/layers/65/video/opacity 0.25984251968503935
2025-12-06 23:51:35 [INFO] show_bridge.state - [STATE] Group 2 opacity -> 0.276
2025-12-06 23:51:35 [INFO] show_bridge.state - [OSC] Router opacity: layer=65, path=/composition/layers/65/video/opacity, value=0.276
2025-12-06 23:51:35 [INFO] show_bridge.state - [OSC] SEND /composition/layers/65/video/opacity 0.2755905511811024
2025-12-06 23:51:35 [INFO] show_bridge.state - [STATE] Group 2 opacity -> 0.299
2025-12-06 23:51:35 [INFO] show_bridge.state - [OSC] Router opacity: layer=65, path=/composition/layers/65/video/opacity, value=0.299
2025-12-06 23:51:35 [INFO] show_bridge.state - [OSC] SEND /composition/layers/65/video/opacity 0.2992125984251969
2025-12-06 23:51:35 [INFO] show_bridge.state - [STATE] Group 2 opacity -> 0.323
2025-12-06 23:51:35 [INFO] show_bridge.state - [OSC] Router opacity: layer=65, path=/composition/layers/65/video/opacity, value=0.323
2025-12-06 23:51:35 [INFO] show_bridge.state - [OSC] SEND /composition/layers/65/video/opacity 0.3228346456692913
2025-12-06 23:51:35 [INFO] show_bridge.state - [STATE] Group 2 opacity -> 0.354
2025-12-06 23:51:35 [INFO] show_bridge.state - [OSC] Router opacity: layer=65, path=/composition/layers/65/video/opacity, value=0.354
2025-12-06 23:51:35 [INFO] show_bridge.state - [OSC] SEND /composition/layers/65/video/opacity 0.3543307086614173
2025-12-06 23:51:35 [INFO] show_bridge.state - [STATE] Group 2 opacity -> 0.370
2025-12-06 23:51:35 [INFO] show_bridge.state - [OSC] Router opacity: layer=65, path=/composition/layers/65/video/opacity, value=0.370
2025-12-06 23:51:35 [INFO] show_bridge.state - [OSC] SEND /composition/layers/65/video/opacity 0.3700787401574803
2025-12-06 23:51:35 [INFO] show_bridge.state - [STATE] Group 2 opacity -> 0.394
2025-12-06 23:51:35 [INFO] show_bridge.state - [OSC] Router opacity: layer=65, path=/composition/layers/65/video/opacity, value=0.394
2025-12-06 23:51:35 [INFO] show_bridge.state - [OSC] SEND /composition/layers/65/video/opacity 0.3937007874015748
2025-12-06 23:51:35 [INFO] show_bridge.state - [STATE] Group 2 opacity -> 0.417
2025-12-06 23:51:35 [INFO] show_bridge.state - [OSC] Router opacity: layer=65, path=/composition/layers/65/video/opacity, value=0.417
2025-12-06 23:51:35 [INFO] show_bridge.state - [OSC] SEND /composition/layers/65/video/opacity 0.41732283464566927
2025-12-06 23:51:35 [INFO] show_bridge.state - [STATE] Group 2 opacity -> 0.433
2025-12-06 23:51:35 [INFO] show_bridge.state - [OSC] Router opacity: layer=65, path=/composition/layers/65/video/opacity, value=0.433
2025-12-06 23:51:35 [INFO] show_bridge.state - [OSC] SEND /composition/layers/65/video/opacity 0.4330708661417323
2025-12-06 23:51:35 [INFO] show_bridge.state - [STATE] Group 2 opacity -> 0.457
2025-12-06 23:51:35 [INFO] show_bridge.state - [OSC] Router opacity: layer=65, path=/composition/layers/65/video/opacity, value=0.457
2025-12-06 23:51:35 [INFO] show_bridge.state - [OSC] SEND /composition/layers/65/video/opacity 0.4566929133858268
2025-12-06 23:51:35 [INFO] show_bridge.state - [STATE] Group 2 opacity -> 0.472
2025-12-06 23:51:35 [INFO] show_bridge.state - [OSC] Router opacity: layer=65, path=/composition/layers/65/video/opacity, value=0.472
2025-12-06 23:51:35 [INFO] show_bridge.state - [OSC] SEND /composition/layers/65/video/opacity 0.47244094488188976
2025-12-06 23:51:35 [INFO] show_bridge.state - [STATE] Group 2 opacity -> 0.488
2025-12-06 23:51:35 [INFO] show_bridge.state - [OSC] Router opacity: layer=65, path=/composition/layers/65/video/opacity, value=0.488
2025-12-06 23:51:35 [INFO] show_bridge.state - [OSC] SEND /composition/layers/65/video/opacity 0.4881889763779528
2025-12-06 23:51:35 [INFO] show_bridge.state - [STATE] Group 2 opacity -> 0.504
2025-12-06 23:51:35 [INFO] show_bridge.state - [OSC] Router opacity: layer=65, path=/composition/layers/65/video/opacity, value=0.504
2025-12-06 23:51:35 [INFO] show_bridge.state - [OSC] SEND /composition/layers/65/video/opacity 0.5039370078740157
2025-12-06 23:51:35 [INFO] show_bridge.state - [STATE] Group 2 opacity -> 0.520
2025-12-06 23:51:35 [INFO] show_bridge.state - [OSC] Router opacity: layer=65, path=/composition/layers/65/video/opacity, value=0.520
2025-12-06 23:51:35 [INFO] show_bridge.state - [OSC] SEND /composition/layers/65/video/opacity 0.5196850393700787
2025-12-06 23:51:35 [INFO] show_bridge.state - [STATE] Group 2 opacity -> 0.535
2025-12-06 23:51:35 [INFO] show_bridge.state - [OSC] Router opacity: layer=65, path=/composition/layers/65/video/opacity, value=0.535
2025-12-06 23:51:35 [INFO] show_bridge.state - [OSC] SEND /composition/layers/65/video/opacity 0.5354330708661418
2025-12-06 23:51:35 [INFO] show_bridge.state - [STATE] Group 2 opacity -> 0.551
2025-12-06 23:51:35 [INFO] show_bridge.state - [OSC] Router opacity: layer=65, path=/composition/layers/65/video/opacity, value=0.551
2025-12-06 23:51:35 [INFO] show_bridge.state - [OSC] SEND /composition/layers/65/video/opacity 0.5511811023622047
2025-12-06 23:51:35 [INFO] show_bridge.state - [STATE] Group 2 opacity -> 0.575
2025-12-06 23:51:35 [INFO] show_bridge.state - [OSC] Router opacity: layer=65, path=/composition/layers/65/video/opacity, value=0.575
2025-12-06 23:51:35 [INFO] show_bridge.state - [OSC] SEND /composition/layers/65/video/opacity 0.5748031496062992
2025-12-06 23:51:35 [INFO] show_bridge.state - [STATE] Group 2 opacity -> 0.591
2025-12-06 23:51:35 [INFO] show_bridge.state - [OSC] Router opacity: layer=65, path=/composition/layers/65/video/opacity, value=0.591
2025-12-06 23:51:35 [INFO] show_bridge.state - [OSC] SEND /composition/layers/65/video/opacity 0.5905511811023622
2025-12-06 23:51:35 [INFO] show_bridge.state - [STATE] Group 2 opacity -> 0.614
2025-12-06 23:51:35 [INFO] show_bridge.state - [OSC] Router opacity: layer=65, path=/composition/layers/65/video/opacity, value=0.614
2025-12-06 23:51:35 [INFO] show_bridge.state - [OSC] SEND /composition/layers/65/video/opacity 0.6141732283464567
2025-12-06 23:51:35 [INFO] show_bridge.state - [STATE] Group 2 opacity -> 0.646
2025-12-06 23:51:35 [INFO] show_bridge.state - [OSC] Router opacity: layer=65, path=/composition/layers/65/video/opacity, value=0.646
2025-12-06 23:51:35 [INFO] show_bridge.state - [OSC] SEND /composition/layers/65/video/opacity 0.6456692913385826
2025-12-06 23:51:35 [INFO] show_bridge.state - [STATE] Group 2 opacity -> 0.669
2025-12-06 23:51:35 [INFO] show_bridge.state - [OSC] Router opacity: layer=65, path=/composition/layers/65/video/opacity, value=0.669
2025-12-06 23:51:35 [INFO] show_bridge.state - [OSC] SEND /composition/layers/65/video/opacity 0.6692913385826772
2025-12-06 23:51:35 [INFO] show_bridge.state - [STATE] Group 2 opacity -> 0.701
2025-12-06 23:51:35 [INFO] show_bridge.state - [OSC] Router opacity: layer=65, path=/composition/layers/65/video/opacity, value=0.701
2025-12-06 23:51:35 [INFO] show_bridge.state - [OSC] SEND /composition/layers/65/video/opacity 0.7007874015748031
2025-12-06 23:51:35 [INFO] show_bridge.state - [STATE] Group 2 opacity -> 0.740
2025-12-06 23:51:35 [INFO] show_bridge.state - [OSC] Router opacity: layer=65, path=/composition/layers/65/video/opacity, value=0.740
2025-12-06 23:51:35 [INFO] show_bridge.state - [OSC] SEND /composition/layers/65/video/opacity 0.7401574803149606
2025-12-06 23:51:35 [INFO] show_bridge.state - [STATE] Group 2 opacity -> 0.772
2025-12-06 23:51:35 [INFO] show_bridge.state - [OSC] Router opacity: layer=65, path=/composition/layers/65/video/opacity, value=0.772
2025-12-06 23:51:35 [INFO] show_bridge.state - [OSC] SEND /composition/layers/65/video/opacity 0.7716535433070866
2025-12-06 23:51:35 [INFO] show_bridge.state - [STATE] Group 2 opacity -> 0.858
2025-12-06 23:51:35 [INFO] show_bridge.state - [OSC] Router opacity: layer=65, path=/composition/layers/65/video/opacity, value=0.858
2025-12-06 23:51:35 [INFO] show_bridge.state - [OSC] SEND /composition/layers/65/video/opacity 0.8582677165354331
2025-12-06 23:51:35 [INFO] show_bridge.state - [STATE] Group 2 opacity -> 0.906
2025-12-06 23:51:35 [INFO] show_bridge.state - [OSC] Router opacity: layer=65, path=/composition/layers/65/video/opacity, value=0.906
2025-12-06 23:51:35 [INFO] show_bridge.state - [OSC] SEND /composition/layers/65/video/opacity 0.905511811023622
2025-12-06 23:51:35 [INFO] show_bridge.state - [STATE] Group 2 opacity -> 0.961
2025-12-06 23:51:35 [INFO] show_bridge.state - [OSC] Router opacity: layer=65, path=/composition/layers/65/video/opacity, value=0.961
2025-12-06 23:51:35 [INFO] show_bridge.state - [OSC] SEND /composition/layers/65/video/opacity 0.9606299212598425
2025-12-06 23:51:35 [INFO] show_bridge.state - [STATE] Group 2 opacity -> 0.984
2025-12-06 23:51:35 [INFO] show_bridge.state - [OSC] Router opacity: layer=65, path=/composition/layers/65/video/opacity, value=0.984
2025-12-06 23:51:35 [INFO] show_bridge.state - [OSC] SEND /composition/layers/65/video/opacity 0.984251968503937
2025-12-06 23:51:35 [INFO] show_bridge.state - [STATE] Group 2 opacity -> 1.000
2025-12-06 23:51:35 [INFO] show_bridge.state - [OSC] Router opacity: layer=65, path=/composition/layers/65/video/opacity, value=1.000
2025-12-06 23:51:35 [INFO] show_bridge.state - [OSC] SEND /composition/layers/65/video/opacity 1.0
2025-12-07 01:16:46 [INFO] show_bridge - Starting show_bridge state machine runner
2025-12-07 01:16:46 [INFO] show_bridge - [STATE] Loaded state_machine_mappings.yaml for OSC broadcast.
2025-12-07 01:16:48 [WARNING] show_bridge - [RESOLUME] WARNING: could not initialize Resolume composition/OSC: HTTPConnectionPool(host='127.0.0.1', port=8080): Read timed out. (read timeout=2.0)
2025-12-07 01:16:48 [INFO] show_bridge - 
Using input:  Akai APC40 2
2025-12-07 01:16:48 [INFO] show_bridge - Using output: Akai APC40 3
2025-12-07 01:16:50 [WARNING] show_bridge.state - [RESOLUME] WARNING: could not initialize Resolume composition/OSC: HTTPConnectionPool(host='127.0.0.1', port=8080): Read timed out. (read timeout=2.0)
2025-12-07 01:16:50 [WARNING] show_bridge - [OSC] No show_bridge OSC listener configured for inbound state (to show bridge): name 'dispatcher' is not defined
2025-12-07 01:16:50 [INFO] show_bridge - [MONITOR] State monitoring HTTP server started on port 8765.
2025-12-07 01:16:57 [INFO] show_bridge.state - [STATE] Group 1 opacity -> 0.843
2025-12-07 01:16:57 [INFO] show_bridge.state - [STATE] Group 1 opacity -> 0.827
2025-12-07 01:16:57 [INFO] show_bridge.state - [STATE] Group 1 opacity -> 0.819
2025-12-07 01:16:57 [INFO] show_bridge.state - [STATE] Group 1 opacity -> 0.803
2025-12-07 01:16:57 [INFO] show_bridge.state - [STATE] Group 1 opacity -> 0.795
2025-12-07 01:16:57 [INFO] show_bridge.state - [STATE] Group 1 opacity -> 0.780
2025-12-07 01:16:57 [INFO] show_bridge.state - [STATE] Group 1 opacity -> 0.772
2025-12-07 01:16:57 [INFO] show_bridge.state - [STATE] Group 1 opacity -> 0.764
2025-12-07 01:16:57 [INFO] show_bridge.state - [STATE] Group 1 opacity -> 0.756
2025-12-07 01:16:57 [INFO] show_bridge.state - [STATE] Group 1 opacity -> 0.748
2025-12-07 01:16:57 [INFO] show_bridge.state - [STATE] Group 1 opacity -> 0.740
2025-12-07 01:16:57 [INFO] show_bridge.state - [STATE] Group 1 opacity -> 0.756
2025-12-07 01:16:57 [INFO] show_bridge.state - [STATE] Group 1 opacity -> 0.764
2025-12-07 01:16:57 [INFO] show_bridge.state - [STATE] Group 1 opacity -> 0.780
2025-12-07 01:16:58 [INFO] show_bridge.state - [STATE] Group 1 opacity -> 0.787
2025-12-07 01:20:43 [INFO] show_bridge - Starting show_bridge state machine runner
2025-12-07 01:20:44 [INFO] show_bridge - [STATE] Loaded state_machine_mappings.yaml for OSC broadcast.
2025-12-07 01:20:46 [INFO] show_bridge - [RESOLUME] Loaded composition 'Snow Place 2025' with 11 groups.
2025-12-07 01:20:46 [INFO] show_bridge - [DEBUG] Composition 'Snow Place 2025' column layout:
2025-12-07 01:20:46 [INFO] show_bridge -   Group 0 'Test Group' (APC=-)
2025-12-07 01:20:46 [INFO] show_bridge -     Layer 0 (global 0) 'Reference Images' role=- -> 2:Full Building Perspective Corrected, 3:OSC Transport Beat
2025-12-07 01:20:46 [INFO] show_bridge -     Layer 1 (global 1) 'Test Patterns' role=- -> 2:All Area 2, 3:Mix 1, 4:Checkered, 5:Test Card, 6:All Area Wireframe 1, 7:All Area Wireframe 2, 8:WAAT Test Card
2025-12-07 01:20:46 [INFO] show_bridge -   Group 1 'Internal Videos' (APC=-)
2025-12-07 01:20:46 [INFO] show_bridge -     Layer 0 (global 2) 'Layer #' role=- -> 
2025-12-07 01:20:46 [INFO] show_bridge -     Layer 1 (global 3) 'FFT Fills' role=fills -> 
2025-12-07 01:20:46 [INFO] show_bridge -     Layer 2 (global 4) 'Full Stage Effects' role=effects -> 2:Edge Detection, 3:Noisy, 4:Shift Glitch, 5:Acuarela, 6:Mirror Quad, 7:Infinite Zoom, 8:Bloom, 9:Hatched, 10:Dither, 12:Posterize
2025-12-07 01:20:46 [INFO] show_bridge -     Layer 3 (global 5) 'Full Stage Colors' role=colors -> 2:No Changes, 3:Reds, 4:Oranges, 5:Yellows, 6:Limes, 7:Greens, 8:Teals, 9:Cyans, 10:Blues, 11:Purples, 12:Magentas, 13:Pinks, 14:Grayscale, 15:White, 16:Dull, 17:Rainbow, 18:Inferno, 19:Plasma, 20:Viridis, 21:Clockwork Orange, 22:Warhol, 23:Mona Lisa, 24:Salmon, 25:Purple Rain
2025-12-07 01:20:46 [INFO] show_bridge -     Layer 4 (global 6) 'Stage Masks' role=static_masks -> 1:Solid Color, 2:Mask Randomizer, 3:All Area 2, 4:Big Window, 5:Brick Face, 6:Column Tops and Bottoms, 7:Columns, 8:Door, 9:Mix 1, 10:Roof Circle, 11:Roof Crown, 12:Roof Peak, 13:Roof Trim, 14:Windows Columns Door, 15:Windows, 16:Lights
2025-12-07 01:20:46 [INFO] show_bridge -   Group 2 'Synestesia' (APC=8)
2025-12-07 01:20:46 [INFO] show_bridge -     Layer 0 (global 7) 'Fills 1' role=fills -> 2:None, 4:Synesthesia Soft Flip, 5:Synesthesia Mirror
2025-12-07 01:20:46 [INFO] show_bridge -     Layer 1 (global 8) 'Effects' role=effects -> 1:None, 2:None, 3:Edge Detection, 4:Noisy, 5:Shift Glitch, 6:Acuarela, 7:Mirror Quad, 8:Infinite Zoom, 9:Bloom, 10:Hatched, 11:Dither, 12:Posterize, 13:Dot Screen, 14:Dither Dots, 15:Edge Dots, 16:Rainbow LEDs
2025-12-07 01:20:46 [INFO] show_bridge -     Layer 2 (global 9) 'Colors' role=colors -> 1:None, 2:None, 3:Grayscale, 4:White, 5:Reds, 6:Oranges, 7:Yellows, 8:Limes, 9:Greens, 10:Teals, 11:Cyans, 12:Blues, 13:Purples, 14:Magentas, 15:Pinks, 16:Dull, 17:Rainbow, 18:Inferno, 19:Plasma, 20:Viridis, 21:Clockwork Orange, 22:Mona Lisa, 23:Salmon, 24:Purple Rain
2025-12-07 01:20:46 [INFO] show_bridge -     Layer 3 (global 10) 'Static Masks' role=static_masks -> 1:None, 2:Solid Color, 3:Mask Randomizer, 4:All Area 2, 5:Big Window, 6:Brick Face, 7:Column Tops and Bottoms, 8:Columns, 9:Door, 10:Mix 1, 11:Roof Circle, 12:Roof Crown, 13:Roof Peak, 14:Roof Trim, 15:Windows Columns Door, 16:Windows, 17:Lights
2025-12-07 01:20:46 [INFO] show_bridge -   Group 3 'Wireframe' (APC=7)
2025-12-07 01:20:46 [INFO] show_bridge -     Layer 0 (global 11) 'Fills 1' role=fills -> 2:None, 3:all_wireframe_noisefill_full_C1, 4:all_wireframe_noisefill_full_turb_C1, 5:all_wireframe_noisefill_narrow_B1, 6:all_wireframe_noisefill_narrow_C1, 7:all_wireframe_noisefill_narrow_W1, 8:all_wireframe_noisefill_shape_bands_C1, 9:all_wireframe_noisefill_shape_C1, 10:all_wireframe_noisefill_wide_B1, 11:all_wireframe_noisefill_wide_W1, 12:all_wireframe_pointfill_wide_C1, 13:all_wireframe_pointfill_wide_C2
2025-12-07 01:20:46 [INFO] show_bridge -     Layer 1 (global 12) 'Fills 2' role=fills -> 2:None, 3:all_wireframe_noisefill_full_C1, 4:all_wireframe_noisefill_full_turb_C1, 5:all_wireframe_noisefill_narrow_B1, 6:all_wireframe_noisefill_narrow_C1, 7:all_wireframe_noisefill_narrow_W1, 8:all_wireframe_noisefill_shape_bands_C1, 9:all_wireframe_noisefill_shape_C1, 10:all_wireframe_noisefill_wide_B1, 11:all_wireframe_noisefill_wide_W1, 12:all_wireframe_pointfill_wide_C1, 13:all_wireframe_pointfill_wide_C2
2025-12-07 01:20:46 [INFO] show_bridge -     Layer 2 (global 13) 'Static Masks' role=static_masks -> 2:None, 3:Mix 1, 4:All Area 2, 5:Windows Columns Door, 6:Windows, 7:Lights, 8:Columns
2025-12-07 01:20:46 [INFO] show_bridge -     Layer 3 (global 14) 'Dynamic Masks' role=dynamic_masks -> 2:None, 3:Radial Circle 1, 4:Radial Circle 2, 5:Radial Circle 3, 6:Radial Square 1, 7:Radial Square 2, 8:Radial Square 3
2025-12-07 01:20:46 [INFO] show_bridge -     Layer 4 (global 15) 'Colors' role=colors -> 1:None, 2:None, 3:Grayscale, 4:White, 5:Reds, 6:Oranges, 7:Yellows, 8:Limes, 9:Greens, 10:Teals, 11:Cyans, 12:Blues, 13:Purples, 14:Magentas, 15:Pinks, 16:Dull, 17:Rainbow, 18:Inferno, 19:Plasma, 20:Viridis, 21:Clockwork Orange, 22:Mona Lisa, 23:Salmon, 24:Purple Rain
2025-12-07 01:20:46 [INFO] show_bridge -     Layer 5 (global 16) 'Effects' role=effects -> 1:None, 2:None, 3:Edge Detection, 4:Noisy, 5:Shift Glitch, 6:Acuarela, 7:Mirror Quad, 8:Infinite Zoom, 9:Bloom, 10:Hatched, 11:Dither, 12:Posterize, 13:Dot Screen, 14:Dither Dots, 15:Edge Dots, 16:Rainbow LEDs
2025-12-07 01:20:46 [INFO] show_bridge -     Layer 6 (global 17) 'Transforms' role=transforms -> 1:None, 2:None, 3:Rotate Blur, 4:Particle System, 5:Displace, 6:Kaleidoscope, 7:TAS Turbulent, 8:TAS Turbulent, 9:TAS Turbulent Edges, 10:TAS Sine Transform, 11:TAS Slider Tile
2025-12-07 01:20:46 [INFO] show_bridge -   Group 4 'Brick' (APC=6)
2025-12-07 01:20:46 [INFO] show_bridge -     Layer 0 (global 18) 'Fills 1' role=fills -> 2:None, 3:brick_noisefill_full_C1, 4:brick_noisefill_full_turb_C1, 5:brick_noisefill_narrow_B1, 6:brick_noisefill_narrow_C1, 7:brick_noisefill_narrow_W1, 8:brick_noisefill_shape_bands_C1, 9:brick_noisefill_shape_C1, 10:brick_noisefill_wide_B1, 11:brick_noisefill_wide_W1, 12:brick_pointfill_wide_C1, 13:brick_pointfill_wide_C2
2025-12-07 01:20:46 [INFO] show_bridge -     Layer 1 (global 19) 'Fills 2' role=fills -> 2:None, 3:brick_noisefill_full_C1, 4:brick_noisefill_full_turb_C1, 5:brick_noisefill_narrow_B1, 6:brick_noisefill_narrow_C1, 7:brick_noisefill_narrow_W1, 8:brick_noisefill_shape_bands_C1, 9:brick_noisefill_shape_C1, 10:brick_noisefill_wide_B1, 11:brick_noisefill_wide_W1, 12:brick_pointfill_wide_C1, 13:brick_pointfill_wide_C2
2025-12-07 01:20:46 [INFO] show_bridge -     Layer 2 (global 20) 'Static Masks' role=static_masks -> 2:None, 3:Mix 1, 4:All Area 2, 5:Windows Columns Door, 6:Windows, 7:Lights, 8:Columns
2025-12-07 01:20:46 [INFO] show_bridge -     Layer 3 (global 21) 'Dynamic Masks' role=dynamic_masks -> 2:None, 3:Radial Circle 1, 4:Radial Circle 2, 5:Radial Circle 3, 6:Radial Square 1, 7:Radial Square 2, 8:Radial Square 3
2025-12-07 01:20:46 [INFO] show_bridge -     Layer 4 (global 22) 'Colors' role=colors -> 1:None, 2:None, 3:Grayscale, 4:White, 5:Reds, 6:Oranges, 7:Yellows, 8:Limes, 9:Greens, 10:Teals, 11:Cyans, 12:Blues, 13:Purples, 14:Magentas, 15:Pinks, 16:Dull, 17:Rainbow, 18:Inferno, 19:Plasma, 20:Viridis, 21:Clockwork Orange, 22:Warhol, 23:Mona Lisa, 24:Salmon, 25:Purple Rain
2025-12-07 01:20:46 [INFO] show_bridge -     Layer 5 (global 23) 'Effects' role=effects -> 1:None, 2:None, 3:Edge Detection, 4:Noisy, 5:Shift Glitch, 6:Acuarela, 7:Mirror Quad, 8:Infinite Zoom, 9:Bloom, 10:Hatched, 11:Dither, 12:Posterize, 13:Dot Screen, 14:Dither Dots, 15:Edge Dots, 16:Rainbow LEDs
2025-12-07 01:20:46 [INFO] show_bridge -     Layer 6 (global 24) 'Transforms' role=transforms -> 1:None, 2:None, 3:Rotate Blur, 4:Particle System, 5:Displace, 6:Kaleidoscope, 7:TAS Turbulent, 8:TAS Turbulent, 9:TAS Turbulent Edges, 10:TAS Sine Transform, 11:TAS Slider Tile
2025-12-07 01:20:46 [INFO] show_bridge -   Group 5 'Mix' (APC=5)
2025-12-07 01:20:46 [INFO] show_bridge -     Layer 0 (global 25) 'Fills 1' role=fills -> 2:None, 3:mix_1_noisefill_full_C1, 4:mix_1_noisefill_full_turb_C1, 5:mix_1_noisefill_narrow_B1, 6:mix_1_noisefill_narrow_C1, 7:mix_1_noisefill_narrow_W1, 8:mix_1_noisefill_shape_bands_C1, 9:mix_1_noisefill_shape_C1, 10:mix_1_noisefill_wide_B1, 11:mix_1_noisefill_wide_W1, 12:mix_1_pointfill_wide_C1, 13:mix_1_pointfill_wide_C2
2025-12-07 01:20:46 [INFO] show_bridge -     Layer 1 (global 26) 'Fills 2' role=fills -> 2:None, 3:mix_1_noisefill_full_C1, 4:mix_1_noisefill_full_turb_C1, 5:mix_1_noisefill_narrow_B1, 6:mix_1_noisefill_narrow_C1, 7:mix_1_noisefill_narrow_W1, 8:mix_1_noisefill_shape_bands_C1, 9:mix_1_noisefill_shape_C1, 10:mix_1_noisefill_wide_B1, 11:mix_1_noisefill_wide_W1, 12:mix_1_pointfill_wide_C1, 13:mix_1_pointfill_wide_C2
2025-12-07 01:20:46 [INFO] show_bridge -     Layer 2 (global 27) 'Static Masks' role=static_masks -> 2:None, 3:Mask Randomizer, 4:Mask Randomizer 2
2025-12-07 01:20:46 [INFO] show_bridge -     Layer 3 (global 28) 'Dynamic Masks' role=dynamic_masks -> 2:None, 3:Radial Circle 1, 4:Radial Circle 2, 5:Radial Circle 3, 6:Radial Square 1, 7:Radial Square 2, 8:Radial Square 3
2025-12-07 01:20:46 [INFO] show_bridge -     Layer 4 (global 29) 'Colors' role=colors -> 1:None, 2:None, 3:Grayscale, 4:White, 5:Reds, 6:Oranges, 7:Yellows, 8:Limes, 9:Greens, 10:Teals, 11:Cyans, 12:Blues, 13:Purples, 14:Magentas, 15:Pinks, 16:Dull, 17:Rainbow, 18:Inferno, 19:Plasma, 20:Viridis, 21:Clockwork Orange, 23:Mona Lisa, 24:Salmon, 25:Purple Rain
2025-12-07 01:20:46 [INFO] show_bridge -     Layer 5 (global 30) 'Effects' role=effects -> 1:None, 2:None, 3:Edge Detection, 4:Noisy, 5:Shift Glitch, 6:Acuarela, 7:Mirror Quad, 8:Infinite Zoom, 9:Bloom, 10:Hatched, 11:Dither, 12:Posterize, 13:Dot Screen, 14:Dither Dots, 15:Edge Dots, 16:Rainbow LEDs
2025-12-07 01:20:46 [INFO] show_bridge -     Layer 6 (global 31) 'Transforms' role=transforms -> 1:None, 2:None, 3:Rotate Blur, 4:Particle System, 5:Displace, 6:Kaleidoscope, 7:TAS Turbulent, 8:TAS Turbulent, 9:TAS Turbulent Edges, 10:TAS Sine Transform, 11:TAS Slider Tile
2025-12-07 01:20:46 [INFO] show_bridge -   Group 6 'Windows' (APC=4)
2025-12-07 01:20:46 [INFO] show_bridge -     Layer 0 (global 32) 'Fills 1' role=fills -> 2:None, 3:windows_noisefill_full_C1, 4:windows_noisefill_full_turb_C1, 5:windows_noisefill_narrow_B1, 6:windows_noisefill_narrow_C1, 7:windows_noisefill_narrow_W1, 8:windows_noisefill_shape_bands_C1, 9:windows_noisefill_shape_C1, 10:windows_noisefill_wide_B1, 11:windows_noisefill_wide_W1, 12:windows_pointfill_wide_C1, 13:windows_pointfill_wide_C2
2025-12-07 01:20:46 [INFO] show_bridge -     Layer 1 (global 33) 'Fills 2' role=fills -> 2:None, 3:windows_noisefill_full_C1, 4:windows_noisefill_full_turb_C1, 5:windows_noisefill_narrow_B1, 6:windows_noisefill_narrow_C1, 7:windows_noisefill_narrow_W1, 8:windows_noisefill_shape_bands_C1, 9:windows_noisefill_shape_C1, 10:windows_noisefill_wide_B1, 11:windows_noisefill_wide_W1, 12:windows_pointfill_wide_C1, 13:windows_pointfill_wide_C2
2025-12-07 01:20:46 [INFO] show_bridge -     Layer 2 (global 34) 'Dynamic Masks' role=dynamic_masks -> 2:None, 3:Radial Circle 1, 4:Radial Circle 2, 5:Radial Circle 3, 6:Radial Square 1, 7:Radial Square 2, 8:Radial Square 3
2025-12-07 01:20:46 [INFO] show_bridge -     Layer 3 (global 35) 'Colors' role=colors -> 1:None, 2:None, 3:Grayscale, 4:White, 5:Reds, 6:Oranges, 7:Yellows, 8:Limes, 9:Greens, 10:Teals, 11:Cyans, 12:Blues, 13:Purples, 14:Magentas, 15:Pinks, 16:Dull, 17:Rainbow, 18:Inferno, 19:Plasma, 20:Viridis, 21:Clockwork Orange, 23:Mona Lisa, 24:Salmon, 25:Purple Rain
2025-12-07 01:20:46 [INFO] show_bridge -     Layer 4 (global 36) 'Effects' role=effects -> 1:None, 2:None, 3:Edge Detection, 4:Noisy, 5:Shift Glitch, 6:Acuarela, 7:Mirror Quad, 8:Infinite Zoom, 9:Bloom, 10:Hatched, 11:Dither, 12:Posterize, 13:Dot Screen, 14:Dither Dots, 15:Edge Dots, 16:Rainbow LEDs
2025-12-07 01:20:46 [INFO] show_bridge -     Layer 5 (global 37) 'Transforms' role=transforms -> 1:None, 2:None, 3:Rotate Blur, 4:Particle System, 5:Displace, 6:Kaleidoscope, 7:TAS Turbulent, 8:TAS Turbulent, 9:TAS Turbulent Edges, 10:TAS Sine Transform, 11:TAS Slider Tile
2025-12-07 01:20:46 [INFO] show_bridge -   Group 7 'Columns' (APC=3)
2025-12-07 01:20:46 [INFO] show_bridge -     Layer 0 (global 38) 'Fills 1' role=fills -> 2:None, 3:columns_noisefill_full_C1, 4:columns_noisefill_full_turb_C1, 5:columns_noisefill_narrow_B1, 6:columns_noisefill_narrow_C1, 7:columns_noisefill_narrow_W1, 8:columns_noisefill_shape_bands_C1, 9:columns_noisefill_shape_C1, 10:columns_noisefill_wide_B1, 11:columns_noisefill_wide_W1, 12:columns_pointfill_wide_C1, 13:columns_pointfill_wide_C2
2025-12-07 01:20:46 [INFO] show_bridge -     Layer 1 (global 39) 'Fills 2' role=fills -> 2:None, 3:columns_noisefill_full_C1, 4:columns_noisefill_full_turb_C1, 5:columns_noisefill_narrow_B1, 6:columns_noisefill_narrow_C1, 7:columns_noisefill_narrow_W1, 8:columns_noisefill_shape_bands_C1, 9:columns_noisefill_shape_C1, 10:columns_noisefill_wide_B1, 11:columns_noisefill_wide_W1, 12:columns_pointfill_wide_C1, 13:columns_pointfill_wide_C2
2025-12-07 01:20:46 [INFO] show_bridge -     Layer 2 (global 40) 'Static Masks' role=static_masks -> 2:None, 3:Mix 1, 4:All Area 2, 5:Windows Columns Door, 6:Windows, 7:Lights, 8:Columns
2025-12-07 01:20:46 [INFO] show_bridge -     Layer 3 (global 41) 'Dynamic Masks' role=dynamic_masks -> 2:None, 3:Radial Circle 1, 4:Radial Circle 2, 5:Radial Circle 3, 6:Radial Square 1, 7:Radial Square 2, 8:Radial Square 3
2025-12-07 01:20:46 [INFO] show_bridge -     Layer 4 (global 42) 'Colors' role=colors -> 1:None, 2:None, 3:Grayscale, 4:White, 5:Reds, 6:Oranges, 7:Yellows, 8:Limes, 9:Greens, 10:Teals, 11:Cyans, 12:Blues, 13:Purples, 14:Magentas, 15:Pinks, 16:Dull, 17:Rainbow, 18:Inferno, 19:Plasma, 20:Viridis, 21:Clockwork Orange, 22:Mona Lisa, 23:Salmon, 24:Purple Rain
2025-12-07 01:20:46 [INFO] show_bridge -     Layer 5 (global 43) 'Effects' role=effects -> 1:None, 2:None, 3:Edge Detection, 4:Noisy, 5:Shift Glitch, 6:Acuarela, 7:Mirror Quad, 8:Infinite Zoom, 9:Bloom, 10:Hatched, 11:Dither, 12:Posterize, 13:Dot Screen, 14:Dither Dots, 15:Edge Dots, 16:Rainbow LEDs
2025-12-07 01:20:46 [INFO] show_bridge -     Layer 6 (global 44) 'Transforms' role=transforms -> 1:None, 2:None, 3:Rotate Blur, 4:Particle System, 5:Displace, 6:Kaleidoscope, 7:TAS Turbulent, 8:TAS Turbulent, 9:TAS Turbulent Edges, 10:TAS Sine Transform, 11:TAS Slider Tile
2025-12-07 01:20:46 [INFO] show_bridge -   Group 8 'Lights' (APC=2)
2025-12-07 01:20:46 [INFO] show_bridge -     Layer 0 (global 45) 'Fills 1' role=fills -> 2:None, 3:mix_1_noisefill_full_C1, 4:mix_1_noisefill_full_turb_C1, 5:mix_1_noisefill_narrow_B1, 6:mix_1_noisefill_narrow_C1, 7:mix_1_noisefill_narrow_W1, 8:mix_1_noisefill_shape_bands_C1, 9:mix_1_noisefill_shape_C1, 10:mix_1_noisefill_wide_B1, 11:mix_1_noisefill_wide_W1, 12:mix_1_pointfill_wide_C1, 13:mix_1_pointfill_wide_C2
2025-12-07 01:20:46 [INFO] show_bridge -     Layer 1 (global 46) 'Fills 2' role=fills -> 2:None, 3:mix_1_noisefill_full_C1, 4:mix_1_noisefill_full_turb_C1, 5:mix_1_noisefill_narrow_B1, 6:mix_1_noisefill_narrow_C1, 7:mix_1_noisefill_narrow_W1, 8:mix_1_noisefill_shape_bands_C1, 9:mix_1_noisefill_shape_C1, 10:mix_1_noisefill_wide_B1, 11:mix_1_noisefill_wide_W1, 12:mix_1_pointfill_wide_C1, 13:mix_1_pointfill_wide_C2
2025-12-07 01:20:46 [INFO] show_bridge -     Layer 2 (global 47) 'Dynamic Masks' role=dynamic_masks -> 1:None, 2:None, 3:Radial Circle 1, 4:Radial Circle 2, 5:Radial Circle 3, 6:Radial Square 1, 7:Radial Square 2, 8:Radial Square 3
2025-12-07 01:20:46 [INFO] show_bridge -     Layer 3 (global 48) 'Colors' role=colors -> 1:None, 2:None, 3:Grayscale, 4:White, 5:Reds, 6:Oranges, 7:Yellows, 8:Limes, 9:Greens, 10:Teals, 11:Cyans, 12:Blues, 13:Purples, 14:Magentas, 15:Pinks, 16:Dull, 17:Rainbow, 18:Inferno, 19:Plasma, 20:Viridis, 21:Clockwork Orange, 22:Mona Lisa, 23:Salmon, 24:Purple Rain, 25:Purple Rain, 26:Purple Rain
2025-12-07 01:20:46 [INFO] show_bridge -     Layer 4 (global 49) 'Effects' role=effects -> 1:None, 2:None, 3:Edge Detection, 4:Noisy, 5:Shift Glitch, 6:Acuarela, 7:Mirror Quad, 8:Infinite Zoom, 9:Bloom, 10:Hatched, 11:Dither, 12:Posterize, 13:Dot Screen, 14:Dither Dots, 15:Edge Dots, 16:Rainbow LEDs
2025-12-07 01:20:46 [INFO] show_bridge -     Layer 5 (global 50) 'Transforms' role=transforms -> 1:None, 2:None, 3:Rotate Blur, 4:Particle System, 5:Displace, 6:Kaleidoscope, 7:TAS Turbulent, 8:TAS Turbulent, 9:TAS Turbulent Edges, 10:TAS Sine Transform, 11:TAS Slider Tile, 12:Feedback Down, 13:Feedback Perlin
2025-12-07 01:20:46 [INFO] show_bridge -   Group 9 'Snow' (APC=1)
2025-12-07 01:20:46 [INFO] show_bridge -     Layer 0 (global 51) 'Fills 1' role=fills -> 2:None, 3:Flakes Avg Change, 4:Flakes Avg Med, 5:Flakes Lots Med, 6:Snow Thick Med, 7:Snow Avg Med, 8:Snow Light Med, 9:Snow Thick Slow, 10:Snow Avg Slow, 11:Snow Light Slow, 12:Snow Thick Slow, 13:Snow Avg Slow, 14:Snow Light Slow
2025-12-07 01:20:46 [INFO] show_bridge -     Layer 1 (global 52) 'Fills 2' role=fills -> 2:None, 3:Flakes Avg Change, 4:Flakes Avg Med, 5:Flakes Lots Med, 6:Snow Thick Med, 7:Snow Avg Med, 8:Snow Light Med, 9:Snow Thick Slow, 10:Snow Avg Slow, 11:Snow Light Slow, 12:Snow Thick Slow, 13:Snow Avg Slow, 14:Snow Light Slow
2025-12-07 01:20:46 [INFO] show_bridge -     Layer 2 (global 53) 'Effects' role=effects -> 1:None, 2:Edge Detection, 3:Bloom, 4:Posterize, 5:Noisy, 6:Acuarela, 7:Mirror Quad, 8:Flip, 9:Vertical Noise Glow
2025-12-07 01:20:46 [INFO] show_bridge -     Layer 3 (global 54) 'Transforms' role=transforms -> 1:None, 2:None, 3:Feedback Controller, 4:Kaleidoscope, 5:Flip
2025-12-07 01:20:46 [INFO] show_bridge -     Layer 4 (global 55) 'Color' role=colors -> 1:None, 2:None, 3:Hue Rotate, 4:Reds, 5:Teals, 6:Cyans, 7:Blues, 8:Purples, 9:Grayscale, 10:White, 11:Dull, 12:Rainbow
2025-12-07 01:20:46 [INFO] show_bridge -   Group 10 'Routing Group' (APC=-)
2025-12-07 01:20:46 [INFO] show_bridge -     Layer 0 (global 56) 'OSC Transport Beat' role=- -> 1:OSC Transport Beat, 2:OSC Transport Beat
2025-12-07 01:20:46 [INFO] show_bridge -     Layer 1 (global 57) 'Test Router' role=routing -> 1:Video Router, 2:Video Router
2025-12-07 01:20:46 [INFO] show_bridge -     Layer 2 (global 58) 'Synestesia Router' role=routing -> 1:Video Router, 2:Video Router
2025-12-07 01:20:46 [INFO] show_bridge -     Layer 3 (global 59) 'Wireframe Router' role=routing -> 1:Video Router, 2:Video Router
2025-12-07 01:20:46 [INFO] show_bridge -     Layer 4 (global 60) 'Brick Router' role=routing -> 1:Video Router, 2:Video Router
2025-12-07 01:20:46 [INFO] show_bridge -     Layer 5 (global 61) 'Mix Router' role=routing -> 1:Video Router, 2:Video Router
2025-12-07 01:20:46 [INFO] show_bridge -     Layer 6 (global 62) 'Windows Router' role=routing -> 1:Video Router, 2:Video Router
2025-12-07 01:20:46 [INFO] show_bridge -     Layer 7 (global 63) 'Columns Router' role=routing -> 1:Video Router, 2:Video Router
2025-12-07 01:20:46 [INFO] show_bridge -     Layer 8 (global 64) 'Lights Router' role=routing -> 1:Video Router, 2:Video Router
2025-12-07 01:20:46 [INFO] show_bridge -     Layer 9 (global 65) 'Snow Router' role=routing -> 1:Video Router, 2:Video Router
2025-12-07 01:20:46 [INFO] show_bridge - [OSC] Using Resolume OSC at 127.0.0.1:7000
2025-12-07 01:20:46 [INFO] show_bridge - [OSC] Using show_bridge OSC OUT (name='from show_bridge') at 127.0.0.1:13001 for state broadcasts
2025-12-07 01:20:46 [INFO] show_bridge - [SYN] Using Synesthesia OSC at 127.0.0.1:12001
2025-12-07 01:20:46 [INFO] show_bridge - 
Using input:  Akai APC40 2
2025-12-07 01:20:46 [INFO] show_bridge - Using output: Akai APC40 3
2025-12-07 01:20:47 [INFO] show_bridge.state - [RESOLUME] Loaded composition 'Snow Place 2025' with 11 groups.
2025-12-07 01:20:47 [INFO] show_bridge.state - [DEBUG] Composition 'Snow Place 2025' column layout:
2025-12-07 01:20:47 [INFO] show_bridge.state -   Group 0 'Test Group' (APC=-)
2025-12-07 01:20:47 [INFO] show_bridge.state -     Layer 0 (global 0) 'Reference Images' role=- -> 2:Full Building Perspective Corrected, 3:OSC Transport Beat
2025-12-07 01:20:47 [INFO] show_bridge.state -     Layer 1 (global 1) 'Test Patterns' role=- -> 2:All Area 2, 3:Mix 1, 4:Checkered, 5:Test Card, 6:All Area Wireframe 1, 7:All Area Wireframe 2, 8:WAAT Test Card
2025-12-07 01:20:47 [INFO] show_bridge.state -   Group 1 'Internal Videos' (APC=-)
2025-12-07 01:20:47 [INFO] show_bridge.state -     Layer 0 (global 2) 'Layer #' role=- -> 
2025-12-07 01:20:47 [INFO] show_bridge.state -     Layer 1 (global 3) 'FFT Fills' role=fills -> 
2025-12-07 01:20:47 [INFO] show_bridge.state -     Layer 2 (global 4) 'Full Stage Effects' role=effects -> 2:Edge Detection, 3:Noisy, 4:Shift Glitch, 5:Acuarela, 6:Mirror Quad, 7:Infinite Zoom, 8:Bloom, 9:Hatched, 10:Dither, 12:Posterize
2025-12-07 01:20:47 [INFO] show_bridge.state -     Layer 3 (global 5) 'Full Stage Colors' role=colors -> 2:No Changes, 3:Reds, 4:Oranges, 5:Yellows, 6:Limes, 7:Greens, 8:Teals, 9:Cyans, 10:Blues, 11:Purples, 12:Magentas, 13:Pinks, 14:Grayscale, 15:White, 16:Dull, 17:Rainbow, 18:Inferno, 19:Plasma, 20:Viridis, 21:Clockwork Orange, 22:Warhol, 23:Mona Lisa, 24:Salmon, 25:Purple Rain
2025-12-07 01:20:47 [INFO] show_bridge.state -     Layer 4 (global 6) 'Stage Masks' role=static_masks -> 1:Solid Color, 2:Mask Randomizer, 3:All Area 2, 4:Big Window, 5:Brick Face, 6:Column Tops and Bottoms, 7:Columns, 8:Door, 9:Mix 1, 10:Roof Circle, 11:Roof Crown, 12:Roof Peak, 13:Roof Trim, 14:Windows Columns Door, 15:Windows, 16:Lights
2025-12-07 01:20:47 [INFO] show_bridge.state -   Group 2 'Synestesia' (APC=8)
2025-12-07 01:20:47 [INFO] show_bridge.state -     Layer 0 (global 7) 'Fills 1' role=fills -> 2:None, 4:Synesthesia Soft Flip, 5:Synesthesia Mirror
2025-12-07 01:20:47 [INFO] show_bridge.state -     Layer 1 (global 8) 'Effects' role=effects -> 1:None, 2:None, 3:Edge Detection, 4:Noisy, 5:Shift Glitch, 6:Acuarela, 7:Mirror Quad, 8:Infinite Zoom, 9:Bloom, 10:Hatched, 11:Dither, 12:Posterize, 13:Dot Screen, 14:Dither Dots, 15:Edge Dots, 16:Rainbow LEDs
2025-12-07 01:20:47 [INFO] show_bridge.state -     Layer 2 (global 9) 'Colors' role=colors -> 1:None, 2:None, 3:Grayscale, 4:White, 5:Reds, 6:Oranges, 7:Yellows, 8:Limes, 9:Greens, 10:Teals, 11:Cyans, 12:Blues, 13:Purples, 14:Magentas, 15:Pinks, 16:Dull, 17:Rainbow, 18:Inferno, 19:Plasma, 20:Viridis, 21:Clockwork Orange, 22:Mona Lisa, 23:Salmon, 24:Purple Rain
2025-12-07 01:20:47 [INFO] show_bridge.state -     Layer 3 (global 10) 'Static Masks' role=static_masks -> 1:None, 2:Solid Color, 3:Mask Randomizer, 4:All Area 2, 5:Big Window, 6:Brick Face, 7:Column Tops and Bottoms, 8:Columns, 9:Door, 10:Mix 1, 11:Roof Circle, 12:Roof Crown, 13:Roof Peak, 14:Roof Trim, 15:Windows Columns Door, 16:Windows, 17:Lights
2025-12-07 01:20:47 [INFO] show_bridge.state -   Group 3 'Wireframe' (APC=7)
2025-12-07 01:20:47 [INFO] show_bridge.state -     Layer 0 (global 11) 'Fills 1' role=fills -> 2:None, 3:all_wireframe_noisefill_full_C1, 4:all_wireframe_noisefill_full_turb_C1, 5:all_wireframe_noisefill_narrow_B1, 6:all_wireframe_noisefill_narrow_C1, 7:all_wireframe_noisefill_narrow_W1, 8:all_wireframe_noisefill_shape_bands_C1, 9:all_wireframe_noisefill_shape_C1, 10:all_wireframe_noisefill_wide_B1, 11:all_wireframe_noisefill_wide_W1, 12:all_wireframe_pointfill_wide_C1, 13:all_wireframe_pointfill_wide_C2
2025-12-07 01:20:47 [INFO] show_bridge.state -     Layer 1 (global 12) 'Fills 2' role=fills -> 2:None, 3:all_wireframe_noisefill_full_C1, 4:all_wireframe_noisefill_full_turb_C1, 5:all_wireframe_noisefill_narrow_B1, 6:all_wireframe_noisefill_narrow_C1, 7:all_wireframe_noisefill_narrow_W1, 8:all_wireframe_noisefill_shape_bands_C1, 9:all_wireframe_noisefill_shape_C1, 10:all_wireframe_noisefill_wide_B1, 11:all_wireframe_noisefill_wide_W1, 12:all_wireframe_pointfill_wide_C1, 13:all_wireframe_pointfill_wide_C2
2025-12-07 01:20:47 [INFO] show_bridge.state -     Layer 2 (global 13) 'Static Masks' role=static_masks -> 2:None, 3:Mix 1, 4:All Area 2, 5:Windows Columns Door, 6:Windows, 7:Lights, 8:Columns
2025-12-07 01:20:47 [INFO] show_bridge.state -     Layer 3 (global 14) 'Dynamic Masks' role=dynamic_masks -> 2:None, 3:Radial Circle 1, 4:Radial Circle 2, 5:Radial Circle 3, 6:Radial Square 1, 7:Radial Square 2, 8:Radial Square 3
2025-12-07 01:20:47 [INFO] show_bridge.state -     Layer 4 (global 15) 'Colors' role=colors -> 1:None, 2:None, 3:Grayscale, 4:White, 5:Reds, 6:Oranges, 7:Yellows, 8:Limes, 9:Greens, 10:Teals, 11:Cyans, 12:Blues, 13:Purples, 14:Magentas, 15:Pinks, 16:Dull, 17:Rainbow, 18:Inferno, 19:Plasma, 20:Viridis, 21:Clockwork Orange, 22:Mona Lisa, 23:Salmon, 24:Purple Rain
2025-12-07 01:20:47 [INFO] show_bridge.state -     Layer 5 (global 16) 'Effects' role=effects -> 1:None, 2:None, 3:Edge Detection, 4:Noisy, 5:Shift Glitch, 6:Acuarela, 7:Mirror Quad, 8:Infinite Zoom, 9:Bloom, 10:Hatched, 11:Dither, 12:Posterize, 13:Dot Screen, 14:Dither Dots, 15:Edge Dots, 16:Rainbow LEDs
2025-12-07 01:20:47 [INFO] show_bridge.state -     Layer 6 (global 17) 'Transforms' role=transforms -> 1:None, 2:None, 3:Rotate Blur, 4:Particle System, 5:Displace, 6:Kaleidoscope, 7:TAS Turbulent, 8:TAS Turbulent, 9:TAS Turbulent Edges, 10:TAS Sine Transform, 11:TAS Slider Tile
2025-12-07 01:20:47 [INFO] show_bridge.state -   Group 4 'Brick' (APC=6)
2025-12-07 01:20:47 [INFO] show_bridge.state -     Layer 0 (global 18) 'Fills 1' role=fills -> 2:None, 3:brick_noisefill_full_C1, 4:brick_noisefill_full_turb_C1, 5:brick_noisefill_narrow_B1, 6:brick_noisefill_narrow_C1, 7:brick_noisefill_narrow_W1, 8:brick_noisefill_shape_bands_C1, 9:brick_noisefill_shape_C1, 10:brick_noisefill_wide_B1, 11:brick_noisefill_wide_W1, 12:brick_pointfill_wide_C1, 13:brick_pointfill_wide_C2
2025-12-07 01:20:47 [INFO] show_bridge.state -     Layer 1 (global 19) 'Fills 2' role=fills -> 2:None, 3:brick_noisefill_full_C1, 4:brick_noisefill_full_turb_C1, 5:brick_noisefill_narrow_B1, 6:brick_noisefill_narrow_C1, 7:brick_noisefill_narrow_W1, 8:brick_noisefill_shape_bands_C1, 9:brick_noisefill_shape_C1, 10:brick_noisefill_wide_B1, 11:brick_noisefill_wide_W1, 12:brick_pointfill_wide_C1, 13:brick_pointfill_wide_C2
2025-12-07 01:20:47 [INFO] show_bridge.state -     Layer 2 (global 20) 'Static Masks' role=static_masks -> 2:None, 3:Mix 1, 4:All Area 2, 5:Windows Columns Door, 6:Windows, 7:Lights, 8:Columns
2025-12-07 01:20:47 [INFO] show_bridge.state -     Layer 3 (global 21) 'Dynamic Masks' role=dynamic_masks -> 2:None, 3:Radial Circle 1, 4:Radial Circle 2, 5:Radial Circle 3, 6:Radial Square 1, 7:Radial Square 2, 8:Radial Square 3
2025-12-07 01:20:47 [INFO] show_bridge.state -     Layer 4 (global 22) 'Colors' role=colors -> 1:None, 2:None, 3:Grayscale, 4:White, 5:Reds, 6:Oranges, 7:Yellows, 8:Limes, 9:Greens, 10:Teals, 11:Cyans, 12:Blues, 13:Purples, 14:Magentas, 15:Pinks, 16:Dull, 17:Rainbow, 18:Inferno, 19:Plasma, 20:Viridis, 21:Clockwork Orange, 22:Warhol, 23:Mona Lisa, 24:Salmon, 25:Purple Rain
2025-12-07 01:20:47 [INFO] show_bridge.state -     Layer 5 (global 23) 'Effects' role=effects -> 1:None, 2:None, 3:Edge Detection, 4:Noisy, 5:Shift Glitch, 6:Acuarela, 7:Mirror Quad, 8:Infinite Zoom, 9:Bloom, 10:Hatched, 11:Dither, 12:Posterize, 13:Dot Screen, 14:Dither Dots, 15:Edge Dots, 16:Rainbow LEDs
2025-12-07 01:20:47 [INFO] show_bridge.state -     Layer 6 (global 24) 'Transforms' role=transforms -> 1:None, 2:None, 3:Rotate Blur, 4:Particle System, 5:Displace, 6:Kaleidoscope, 7:TAS Turbulent, 8:TAS Turbulent, 9:TAS Turbulent Edges, 10:TAS Sine Transform, 11:TAS Slider Tile
2025-12-07 01:20:47 [INFO] show_bridge.state -   Group 5 'Mix' (APC=5)
2025-12-07 01:20:47 [INFO] show_bridge.state -     Layer 0 (global 25) 'Fills 1' role=fills -> 2:None, 3:mix_1_noisefill_full_C1, 4:mix_1_noisefill_full_turb_C1, 5:mix_1_noisefill_narrow_B1, 6:mix_1_noisefill_narrow_C1, 7:mix_1_noisefill_narrow_W1, 8:mix_1_noisefill_shape_bands_C1, 9:mix_1_noisefill_shape_C1, 10:mix_1_noisefill_wide_B1, 11:mix_1_noisefill_wide_W1, 12:mix_1_pointfill_wide_C1, 13:mix_1_pointfill_wide_C2
2025-12-07 01:20:47 [INFO] show_bridge.state -     Layer 1 (global 26) 'Fills 2' role=fills -> 2:None, 3:mix_1_noisefill_full_C1, 4:mix_1_noisefill_full_turb_C1, 5:mix_1_noisefill_narrow_B1, 6:mix_1_noisefill_narrow_C1, 7:mix_1_noisefill_narrow_W1, 8:mix_1_noisefill_shape_bands_C1, 9:mix_1_noisefill_shape_C1, 10:mix_1_noisefill_wide_B1, 11:mix_1_noisefill_wide_W1, 12:mix_1_pointfill_wide_C1, 13:mix_1_pointfill_wide_C2
2025-12-07 01:20:47 [INFO] show_bridge.state -     Layer 2 (global 27) 'Static Masks' role=static_masks -> 2:None, 3:Mask Randomizer, 4:Mask Randomizer 2
2025-12-07 01:20:47 [INFO] show_bridge.state -     Layer 3 (global 28) 'Dynamic Masks' role=dynamic_masks -> 2:None, 3:Radial Circle 1, 4:Radial Circle 2, 5:Radial Circle 3, 6:Radial Square 1, 7:Radial Square 2, 8:Radial Square 3
2025-12-07 01:20:47 [INFO] show_bridge.state -     Layer 4 (global 29) 'Colors' role=colors -> 1:None, 2:None, 3:Grayscale, 4:White, 5:Reds, 6:Oranges, 7:Yellows, 8:Limes, 9:Greens, 10:Teals, 11:Cyans, 12:Blues, 13:Purples, 14:Magentas, 15:Pinks, 16:Dull, 17:Rainbow, 18:Inferno, 19:Plasma, 20:Viridis, 21:Clockwork Orange, 23:Mona Lisa, 24:Salmon, 25:Purple Rain
2025-12-07 01:20:47 [INFO] show_bridge.state -     Layer 5 (global 30) 'Effects' role=effects -> 1:None, 2:None, 3:Edge Detection, 4:Noisy, 5:Shift Glitch, 6:Acuarela, 7:Mirror Quad, 8:Infinite Zoom, 9:Bloom, 10:Hatched, 11:Dither, 12:Posterize, 13:Dot Screen, 14:Dither Dots, 15:Edge Dots, 16:Rainbow LEDs
2025-12-07 01:20:47 [INFO] show_bridge.state -     Layer 6 (global 31) 'Transforms' role=transforms -> 1:None, 2:None, 3:Rotate Blur, 4:Particle System, 5:Displace, 6:Kaleidoscope, 7:TAS Turbulent, 8:TAS Turbulent, 9:TAS Turbulent Edges, 10:TAS Sine Transform, 11:TAS Slider Tile
2025-12-07 01:20:47 [INFO] show_bridge.state -   Group 6 'Windows' (APC=4)
2025-12-07 01:20:47 [INFO] show_bridge.state -     Layer 0 (global 32) 'Fills 1' role=fills -> 2:None, 3:windows_noisefill_full_C1, 4:windows_noisefill_full_turb_C1, 5:windows_noisefill_narrow_B1, 6:windows_noisefill_narrow_C1, 7:windows_noisefill_narrow_W1, 8:windows_noisefill_shape_bands_C1, 9:windows_noisefill_shape_C1, 10:windows_noisefill_wide_B1, 11:windows_noisefill_wide_W1, 12:windows_pointfill_wide_C1, 13:windows_pointfill_wide_C2
2025-12-07 01:20:47 [INFO] show_bridge.state -     Layer 1 (global 33) 'Fills 2' role=fills -> 2:None, 3:windows_noisefill_full_C1, 4:windows_noisefill_full_turb_C1, 5:windows_noisefill_narrow_B1, 6:windows_noisefill_narrow_C1, 7:windows_noisefill_narrow_W1, 8:windows_noisefill_shape_bands_C1, 9:windows_noisefill_shape_C1, 10:windows_noisefill_wide_B1, 11:windows_noisefill_wide_W1, 12:windows_pointfill_wide_C1, 13:windows_pointfill_wide_C2
2025-12-07 01:20:47 [INFO] show_bridge.state -     Layer 2 (global 34) 'Dynamic Masks' role=dynamic_masks -> 2:None, 3:Radial Circle 1, 4:Radial Circle 2, 5:Radial Circle 3, 6:Radial Square 1, 7:Radial Square 2, 8:Radial Square 3
2025-12-07 01:20:47 [INFO] show_bridge.state -     Layer 3 (global 35) 'Colors' role=colors -> 1:None, 2:None, 3:Grayscale, 4:White, 5:Reds, 6:Oranges, 7:Yellows, 8:Limes, 9:Greens, 10:Teals, 11:Cyans, 12:Blues, 13:Purples, 14:Magentas, 15:Pinks, 16:Dull, 17:Rainbow, 18:Inferno, 19:Plasma, 20:Viridis, 21:Clockwork Orange, 23:Mona Lisa, 24:Salmon, 25:Purple Rain
2025-12-07 01:20:47 [INFO] show_bridge.state -     Layer 4 (global 36) 'Effects' role=effects -> 1:None, 2:None, 3:Edge Detection, 4:Noisy, 5:Shift Glitch, 6:Acuarela, 7:Mirror Quad, 8:Infinite Zoom, 9:Bloom, 10:Hatched, 11:Dither, 12:Posterize, 13:Dot Screen, 14:Dither Dots, 15:Edge Dots, 16:Rainbow LEDs
2025-12-07 01:20:47 [INFO] show_bridge.state -     Layer 5 (global 37) 'Transforms' role=transforms -> 1:None, 2:None, 3:Rotate Blur, 4:Particle System, 5:Displace, 6:Kaleidoscope, 7:TAS Turbulent, 8:TAS Turbulent, 9:TAS Turbulent Edges, 10:TAS Sine Transform, 11:TAS Slider Tile
2025-12-07 01:20:47 [INFO] show_bridge.state -   Group 7 'Columns' (APC=3)
2025-12-07 01:20:47 [INFO] show_bridge.state -     Layer 0 (global 38) 'Fills 1' role=fills -> 2:None, 3:columns_noisefill_full_C1, 4:columns_noisefill_full_turb_C1, 5:columns_noisefill_narrow_B1, 6:columns_noisefill_narrow_C1, 7:columns_noisefill_narrow_W1, 8:columns_noisefill_shape_bands_C1, 9:columns_noisefill_shape_C1, 10:columns_noisefill_wide_B1, 11:columns_noisefill_wide_W1, 12:columns_pointfill_wide_C1, 13:columns_pointfill_wide_C2
2025-12-07 01:20:47 [INFO] show_bridge.state -     Layer 1 (global 39) 'Fills 2' role=fills -> 2:None, 3:columns_noisefill_full_C1, 4:columns_noisefill_full_turb_C1, 5:columns_noisefill_narrow_B1, 6:columns_noisefill_narrow_C1, 7:columns_noisefill_narrow_W1, 8:columns_noisefill_shape_bands_C1, 9:columns_noisefill_shape_C1, 10:columns_noisefill_wide_B1, 11:columns_noisefill_wide_W1, 12:columns_pointfill_wide_C1, 13:columns_pointfill_wide_C2
2025-12-07 01:20:47 [INFO] show_bridge.state -     Layer 2 (global 40) 'Static Masks' role=static_masks -> 2:None, 3:Mix 1, 4:All Area 2, 5:Windows Columns Door, 6:Windows, 7:Lights, 8:Columns
2025-12-07 01:20:47 [INFO] show_bridge.state -     Layer 3 (global 41) 'Dynamic Masks' role=dynamic_masks -> 2:None, 3:Radial Circle 1, 4:Radial Circle 2, 5:Radial Circle 3, 6:Radial Square 1, 7:Radial Square 2, 8:Radial Square 3
2025-12-07 01:20:47 [INFO] show_bridge.state -     Layer 4 (global 42) 'Colors' role=colors -> 1:None, 2:None, 3:Grayscale, 4:White, 5:Reds, 6:Oranges, 7:Yellows, 8:Limes, 9:Greens, 10:Teals, 11:Cyans, 12:Blues, 13:Purples, 14:Magentas, 15:Pinks, 16:Dull, 17:Rainbow, 18:Inferno, 19:Plasma, 20:Viridis, 21:Clockwork Orange, 22:Mona Lisa, 23:Salmon, 24:Purple Rain
2025-12-07 01:20:47 [INFO] show_bridge.state -     Layer 5 (global 43) 'Effects' role=effects -> 1:None, 2:None, 3:Edge Detection, 4:Noisy, 5:Shift Glitch, 6:Acuarela, 7:Mirror Quad, 8:Infinite Zoom, 9:Bloom, 10:Hatched, 11:Dither, 12:Posterize, 13:Dot Screen, 14:Dither Dots, 15:Edge Dots, 16:Rainbow LEDs
2025-12-07 01:20:47 [INFO] show_bridge.state -     Layer 6 (global 44) 'Transforms' role=transforms -> 1:None, 2:None, 3:Rotate Blur, 4:Particle System, 5:Displace, 6:Kaleidoscope, 7:TAS Turbulent, 8:TAS Turbulent, 9:TAS Turbulent Edges, 10:TAS Sine Transform, 11:TAS Slider Tile
2025-12-07 01:20:47 [INFO] show_bridge.state -   Group 8 'Lights' (APC=2)
2025-12-07 01:20:47 [INFO] show_bridge.state -     Layer 0 (global 45) 'Fills 1' role=fills -> 2:None, 3:mix_1_noisefill_full_C1, 4:mix_1_noisefill_full_turb_C1, 5:mix_1_noisefill_narrow_B1, 6:mix_1_noisefill_narrow_C1, 7:mix_1_noisefill_narrow_W1, 8:mix_1_noisefill_shape_bands_C1, 9:mix_1_noisefill_shape_C1, 10:mix_1_noisefill_wide_B1, 11:mix_1_noisefill_wide_W1, 12:mix_1_pointfill_wide_C1, 13:mix_1_pointfill_wide_C2
2025-12-07 01:20:47 [INFO] show_bridge.state -     Layer 1 (global 46) 'Fills 2' role=fills -> 2:None, 3:mix_1_noisefill_full_C1, 4:mix_1_noisefill_full_turb_C1, 5:mix_1_noisefill_narrow_B1, 6:mix_1_noisefill_narrow_C1, 7:mix_1_noisefill_narrow_W1, 8:mix_1_noisefill_shape_bands_C1, 9:mix_1_noisefill_shape_C1, 10:mix_1_noisefill_wide_B1, 11:mix_1_noisefill_wide_W1, 12:mix_1_pointfill_wide_C1, 13:mix_1_pointfill_wide_C2
2025-12-07 01:20:47 [INFO] show_bridge.state -     Layer 2 (global 47) 'Dynamic Masks' role=dynamic_masks -> 1:None, 2:None, 3:Radial Circle 1, 4:Radial Circle 2, 5:Radial Circle 3, 6:Radial Square 1, 7:Radial Square 2, 8:Radial Square 3
2025-12-07 01:20:47 [INFO] show_bridge.state -     Layer 3 (global 48) 'Colors' role=colors -> 1:None, 2:None, 3:Grayscale, 4:White, 5:Reds, 6:Oranges, 7:Yellows, 8:Limes, 9:Greens, 10:Teals, 11:Cyans, 12:Blues, 13:Purples, 14:Magentas, 15:Pinks, 16:Dull, 17:Rainbow, 18:Inferno, 19:Plasma, 20:Viridis, 21:Clockwork Orange, 22:Mona Lisa, 23:Salmon, 24:Purple Rain, 25:Purple Rain, 26:Purple Rain
2025-12-07 01:20:47 [INFO] show_bridge.state -     Layer 4 (global 49) 'Effects' role=effects -> 1:None, 2:None, 3:Edge Detection, 4:Noisy, 5:Shift Glitch, 6:Acuarela, 7:Mirror Quad, 8:Infinite Zoom, 9:Bloom, 10:Hatched, 11:Dither, 12:Posterize, 13:Dot Screen, 14:Dither Dots, 15:Edge Dots, 16:Rainbow LEDs
2025-12-07 01:20:47 [INFO] show_bridge.state -     Layer 5 (global 50) 'Transforms' role=transforms -> 1:None, 2:None, 3:Rotate Blur, 4:Particle System, 5:Displace, 6:Kaleidoscope, 7:TAS Turbulent, 8:TAS Turbulent, 9:TAS Turbulent Edges, 10:TAS Sine Transform, 11:TAS Slider Tile, 12:Feedback Down, 13:Feedback Perlin
2025-12-07 01:20:47 [INFO] show_bridge.state -   Group 9 'Snow' (APC=1)
2025-12-07 01:20:47 [INFO] show_bridge.state -     Layer 0 (global 51) 'Fills 1' role=fills -> 2:None, 3:Flakes Avg Change, 4:Flakes Avg Med, 5:Flakes Lots Med, 6:Snow Thick Med, 7:Snow Avg Med, 8:Snow Light Med, 9:Snow Thick Slow, 10:Snow Avg Slow, 11:Snow Light Slow, 12:Snow Thick Slow, 13:Snow Avg Slow, 14:Snow Light Slow
2025-12-07 01:20:47 [INFO] show_bridge.state -     Layer 1 (global 52) 'Fills 2' role=fills -> 2:None, 3:Flakes Avg Change, 4:Flakes Avg Med, 5:Flakes Lots Med, 6:Snow Thick Med, 7:Snow Avg Med, 8:Snow Light Med, 9:Snow Thick Slow, 10:Snow Avg Slow, 11:Snow Light Slow, 12:Snow Thick Slow, 13:Snow Avg Slow, 14:Snow Light Slow
2025-12-07 01:20:47 [INFO] show_bridge.state -     Layer 2 (global 53) 'Effects' role=effects -> 1:None, 2:Edge Detection, 3:Bloom, 4:Posterize, 5:Noisy, 6:Acuarela, 7:Mirror Quad, 8:Flip, 9:Vertical Noise Glow
2025-12-07 01:20:47 [INFO] show_bridge.state -     Layer 3 (global 54) 'Transforms' role=transforms -> 1:None, 2:None, 3:Feedback Controller, 4:Kaleidoscope, 5:Flip
2025-12-07 01:20:47 [INFO] show_bridge.state -     Layer 4 (global 55) 'Color' role=colors -> 1:None, 2:None, 3:Hue Rotate, 4:Reds, 5:Teals, 6:Cyans, 7:Blues, 8:Purples, 9:Grayscale, 10:White, 11:Dull, 12:Rainbow
2025-12-07 01:20:47 [INFO] show_bridge.state -   Group 10 'Routing Group' (APC=-)
2025-12-07 01:20:47 [INFO] show_bridge.state -     Layer 0 (global 56) 'OSC Transport Beat' role=- -> 1:OSC Transport Beat, 2:OSC Transport Beat
2025-12-07 01:20:47 [INFO] show_bridge.state -     Layer 1 (global 57) 'Test Router' role=routing -> 1:Video Router, 2:Video Router
2025-12-07 01:20:47 [INFO] show_bridge.state -     Layer 2 (global 58) 'Synestesia Router' role=routing -> 1:Video Router, 2:Video Router
2025-12-07 01:20:47 [INFO] show_bridge.state -     Layer 3 (global 59) 'Wireframe Router' role=routing -> 1:Video Router, 2:Video Router
2025-12-07 01:20:47 [INFO] show_bridge.state -     Layer 4 (global 60) 'Brick Router' role=routing -> 1:Video Router, 2:Video Router
2025-12-07 01:20:47 [INFO] show_bridge.state -     Layer 5 (global 61) 'Mix Router' role=routing -> 1:Video Router, 2:Video Router
2025-12-07 01:20:47 [INFO] show_bridge.state -     Layer 6 (global 62) 'Windows Router' role=routing -> 1:Video Router, 2:Video Router
2025-12-07 01:20:47 [INFO] show_bridge.state -     Layer 7 (global 63) 'Columns Router' role=routing -> 1:Video Router, 2:Video Router
2025-12-07 01:20:47 [INFO] show_bridge.state -     Layer 8 (global 64) 'Lights Router' role=routing -> 1:Video Router, 2:Video Router
2025-12-07 01:20:47 [INFO] show_bridge.state -     Layer 9 (global 65) 'Snow Router' role=routing -> 1:Video Router, 2:Video Router
2025-12-07 01:20:47 [INFO] show_bridge.state - [OSC] Using Resolume OSC at 127.0.0.1:7000
2025-12-07 01:20:47 [INFO] show_bridge.state - [OSC] Using show_bridge OSC at 127.0.0.1:13001 for state broadcasts
2025-12-07 01:20:47 [INFO] show_bridge.state - [SYN] Using Synesthesia OSC at 127.0.0.1:12001
2025-12-07 01:20:47 [INFO] show_bridge.state - [SYN] Synesthesia mapped to APC group 8 (internal group_idx=7)
2025-12-07 01:20:47 [INFO] show_bridge.state - [ROUTING] Mapped routing layers:
2025-12-07 01:20:47 [INFO] show_bridge.state - [RESOLUME] Attached composition 'Snow Place 2025' with 11 groups.
2025-12-07 01:20:47 [INFO] show_bridge.state -   APC group 8: roles -> fills(1), effects(1), colors(1), static_masks(1)
2025-12-07 01:20:47 [INFO] show_bridge.state -   APC group 7: roles -> fills(2), static_masks(1), dynamic_masks(1), colors(1), effects(1), transforms(1)
2025-12-07 01:20:47 [INFO] show_bridge.state -   APC group 6: roles -> fills(2), static_masks(1), dynamic_masks(1), colors(1), effects(1), transforms(1)
2025-12-07 01:20:47 [INFO] show_bridge.state -   APC group 5: roles -> fills(2), static_masks(1), dynamic_masks(1), colors(1), effects(1), transforms(1)
2025-12-07 01:20:47 [INFO] show_bridge.state -   APC group 4: roles -> fills(2), dynamic_masks(1), colors(1), effects(1), transforms(1)
2025-12-07 01:20:47 [INFO] show_bridge.state -   APC group 3: roles -> fills(2), static_masks(1), dynamic_masks(1), colors(1), effects(1), transforms(1)
2025-12-07 01:20:47 [INFO] show_bridge.state -   APC group 2: roles -> fills(2), dynamic_masks(1), colors(1), effects(1), transforms(1)
2025-12-07 01:20:47 [INFO] show_bridge.state -   APC group 1: roles -> fills(2), effects(1), transforms(1), colors(1)
2025-12-07 01:20:47 [INFO] show_bridge.state - [INIT] Syncing with composition...
2025-12-07 01:20:47 [INFO] show_bridge.state - [INIT] Layer 0 'Reference Images' col=1 -> ON=False
2025-12-07 01:20:47 [INFO] show_bridge.state - [INIT] Layer 1 'Test Patterns' col=1 -> ON=False
2025-12-07 01:20:47 [INFO] show_bridge.state - [INIT] Layer 2 'Layer #' col=1 -> ON=False
2025-12-07 01:20:47 [INFO] show_bridge.state - [INIT] Layer 3 'FFT Fills' col=1 -> ON=False
2025-12-07 01:20:47 [INFO] show_bridge.state - [INIT] Layer 4 'Full Stage Effects' col=1 -> ON=False
2025-12-07 01:20:47 [INFO] show_bridge.state - [INIT] Layer 5 'Full Stage Colors' col=1 -> ON=False
2025-12-07 01:20:47 [INFO] show_bridge.state - [INIT] Layer 6 'Stage Masks' col=1 -> ON=False
2025-12-07 01:20:47 [INFO] show_bridge.state - [INIT] Layer 7 'Fills 1' col=1 -> ON=False
2025-12-07 01:20:47 [INFO] show_bridge.state - [INIT] Layer 8 'Effects' col=1 -> ON=False
2025-12-07 01:20:47 [INFO] show_bridge.state - [INIT] Layer 9 'Colors' col=1 -> ON=False
2025-12-07 01:20:47 [INFO] show_bridge.state - [INIT] Layer 10 'Static Masks' col=1 -> ON=False
2025-12-07 01:20:47 [INFO] show_bridge.state - [INIT] Layer 11 'Fills 1' col=1 -> ON=False
2025-12-07 01:20:47 [INFO] show_bridge.state - [INIT] Layer 12 'Fills 2' col=1 -> ON=False
2025-12-07 01:20:47 [INFO] show_bridge.state - [INIT] Layer 13 'Static Masks' col=1 -> ON=False
2025-12-07 01:20:47 [INFO] show_bridge.state - [INIT] Layer 14 'Dynamic Masks' col=1 -> ON=False
2025-12-07 01:20:47 [INFO] show_bridge.state - [INIT] Layer 15 'Colors' col=1 -> ON=False
2025-12-07 01:20:47 [INFO] show_bridge.state - [INIT] Layer 16 'Effects' col=1 -> ON=False
2025-12-07 01:20:47 [INFO] show_bridge.state - [INIT] Layer 17 'Transforms' col=1 -> ON=False
2025-12-07 01:20:47 [INFO] show_bridge.state - [INIT] Layer 18 'Fills 1' col=1 -> ON=False
2025-12-07 01:20:47 [INFO] show_bridge.state - [INIT] Layer 19 'Fills 2' col=1 -> ON=False
2025-12-07 01:20:47 [INFO] show_bridge.state - [INIT] Layer 20 'Static Masks' col=1 -> ON=False
2025-12-07 01:20:47 [INFO] show_bridge.state - [INIT] Layer 21 'Dynamic Masks' col=1 -> ON=False
2025-12-07 01:20:47 [INFO] show_bridge.state - [INIT] Layer 22 'Colors' col=1 -> ON=False
2025-12-07 01:20:47 [INFO] show_bridge.state - [INIT] Layer 23 'Effects' col=1 -> ON=False
2025-12-07 01:20:47 [INFO] show_bridge.state - [INIT] Layer 24 'Transforms' col=1 -> ON=False
2025-12-07 01:20:47 [INFO] show_bridge.state - [INIT] Layer 25 'Fills 1' col=1 -> ON=False
2025-12-07 01:20:47 [INFO] show_bridge.state - [INIT] Layer 26 'Fills 2' col=1 -> ON=False
2025-12-07 01:20:47 [INFO] show_bridge.state - [INIT] Layer 27 'Static Masks' col=1 -> ON=False
2025-12-07 01:20:47 [INFO] show_bridge.state - [INIT] Layer 28 'Dynamic Masks' col=1 -> ON=False
2025-12-07 01:20:47 [INFO] show_bridge.state - [INIT] Layer 29 'Colors' col=1 -> ON=False
2025-12-07 01:20:47 [INFO] show_bridge.state - [INIT] Layer 30 'Effects' col=1 -> ON=False
2025-12-07 01:20:47 [INFO] show_bridge.state - [INIT] Layer 31 'Transforms' col=1 -> ON=False
2025-12-07 01:20:47 [INFO] show_bridge.state - [INIT] Layer 32 'Fills 1' col=1 -> ON=False
2025-12-07 01:20:47 [INFO] show_bridge.state - [INIT] Layer 33 'Fills 2' col=1 -> ON=False
2025-12-07 01:20:47 [INFO] show_bridge.state - [INIT] Layer 34 'Dynamic Masks' col=1 -> ON=False
2025-12-07 01:20:47 [INFO] show_bridge.state - [INIT] Layer 35 'Colors' col=1 -> ON=False
2025-12-07 01:20:47 [INFO] show_bridge.state - [INIT] Layer 36 'Effects' col=1 -> ON=False
2025-12-07 01:20:47 [INFO] show_bridge.state - [INIT] Layer 37 'Transforms' col=1 -> ON=False
2025-12-07 01:20:47 [INFO] show_bridge.state - [INIT] Layer 38 'Fills 1' col=1 -> ON=False
2025-12-07 01:20:47 [INFO] show_bridge.state - [INIT] Layer 39 'Fills 2' col=1 -> ON=False
2025-12-07 01:20:47 [INFO] show_bridge.state - [INIT] Layer 40 'Static Masks' col=1 -> ON=False
2025-12-07 01:20:47 [INFO] show_bridge.state - [INIT] Layer 41 'Dynamic Masks' col=1 -> ON=False
2025-12-07 01:20:47 [INFO] show_bridge.state - [INIT] Layer 42 'Colors' col=1 -> ON=False
2025-12-07 01:20:47 [INFO] show_bridge.state - [INIT] Layer 43 'Effects' col=1 -> ON=False
2025-12-07 01:20:47 [INFO] show_bridge.state - [INIT] Layer 44 'Transforms' col=1 -> ON=False
2025-12-07 01:20:47 [INFO] show_bridge.state - [INIT] Layer 45 'Fills 1' col=1 -> ON=False
2025-12-07 01:20:47 [INFO] show_bridge.state - [INIT] Layer 46 'Fills 2' col=1 -> ON=False
2025-12-07 01:20:47 [INFO] show_bridge.state - [INIT] Layer 47 'Dynamic Masks' col=1 -> ON=False
2025-12-07 01:20:47 [INFO] show_bridge.state - [INIT] Layer 48 'Colors' col=1 -> ON=False
2025-12-07 01:20:47 [INFO] show_bridge.state - [INIT] Layer 49 'Effects' col=1 -> ON=False
2025-12-07 01:20:47 [INFO] show_bridge.state - [INIT] Layer 50 'Transforms' col=1 -> ON=False
2025-12-07 01:20:47 [INFO] show_bridge.state - [INIT] Layer 51 'Fills 1' col=1 -> ON=False
2025-12-07 01:20:47 [INFO] show_bridge.state - [INIT] Layer 52 'Fills 2' col=1 -> ON=False
2025-12-07 01:20:47 [INFO] show_bridge.state - [INIT] Layer 53 'Effects' col=1 -> ON=False
2025-12-07 01:20:47 [INFO] show_bridge.state - [INIT] Layer 54 'Transforms' col=1 -> ON=False
2025-12-07 01:20:47 [INFO] show_bridge.state - [INIT] Layer 55 'Color' col=1 -> ON=False
2025-12-07 01:20:47 [INFO] show_bridge.state - [INIT] Layer 56 'OSC Transport Beat' col=1 -> ON=False
2025-12-07 01:20:47 [INFO] show_bridge.state - [INIT] Layer 57 'Test Router' col=1 -> ON=False
2025-12-07 01:20:47 [INFO] show_bridge.state - [INIT] Layer 58 'Synestesia Router' col=1 -> ON=False
2025-12-07 01:20:47 [INFO] show_bridge.state - [INIT] Layer 59 'Wireframe Router' col=1 -> ON=False
2025-12-07 01:20:47 [INFO] show_bridge.state - [INIT] Layer 60 'Brick Router' col=1 -> ON=False
2025-12-07 01:20:47 [INFO] show_bridge.state - [INIT] Layer 61 'Mix Router' col=1 -> ON=False
2025-12-07 01:20:47 [INFO] show_bridge.state - [INIT] Layer 62 'Windows Router' col=1 -> ON=False
2025-12-07 01:20:47 [INFO] show_bridge.state - [INIT] Layer 63 'Columns Router' col=1 -> ON=False
2025-12-07 01:20:47 [INFO] show_bridge.state - [INIT] Layer 64 'Lights Router' col=1 -> ON=False
2025-12-07 01:20:47 [INFO] show_bridge.state - [INIT] Layer 65 'Snow Router' col=1 -> ON=False
2025-12-07 01:20:47 [INFO] show_bridge.state - [INIT] Group 8 -> playing=False, effects=False, transforms=False, dynamic_masks=False, color=False
2025-12-07 01:20:47 [INFO] show_bridge.state - [INIT] Group 7 -> playing=False, effects=False, transforms=False, dynamic_masks=False, color=False
2025-12-07 01:20:47 [INFO] show_bridge.state - [INIT] Group 6 -> playing=False, effects=False, transforms=False, dynamic_masks=False, color=False
2025-12-07 01:20:47 [INFO] show_bridge.state - [INIT] Group 5 -> playing=False, effects=False, transforms=False, dynamic_masks=False, color=False
2025-12-07 01:20:47 [INFO] show_bridge.state - [INIT] Group 4 -> playing=False, effects=False, transforms=False, dynamic_masks=False, color=False
2025-12-07 01:20:47 [INFO] show_bridge.state - [INIT] Group 3 -> playing=False, effects=False, transforms=False, dynamic_masks=False, color=False
2025-12-07 01:20:47 [INFO] show_bridge.state - [INIT] Group 2 -> playing=False, effects=False, transforms=False, dynamic_masks=False, color=False
2025-12-07 01:20:47 [INFO] show_bridge.state - [INIT] Group 1 -> playing=False, effects=False, transforms=False, dynamic_masks=False, color=False
2025-12-07 01:20:47 [INFO] show_bridge.state - [STATE-OUTPUT] Full state broadcast completed.
2025-12-07 01:20:47 [WARNING] show_bridge - [OSC] No show_bridge OSC listener configured for inbound state (to show bridge): [WinError 10048] Only one usage of each socket address (protocol/network address/port) is normally permitted
2025-12-07 01:20:47 [INFO] show_bridge - [MONITOR] State monitoring HTTP server started on port 8765.
2025-12-07 01:21:50 [INFO] show_bridge - Starting show_bridge state machine runner
2025-12-07 01:21:51 [INFO] show_bridge - [STATE] Loaded state_machine_mappings.yaml for OSC broadcast.
2025-12-07 01:21:52 [INFO] show_bridge - [RESOLUME] Loaded composition 'Snow Place 2025' with 11 groups.
2025-12-07 01:21:52 [INFO] show_bridge - [DEBUG] Composition 'Snow Place 2025' column layout:
2025-12-07 01:21:52 [INFO] show_bridge -   Group 0 'Test Group' (APC=-)
2025-12-07 01:21:52 [INFO] show_bridge -     Layer 0 (global 0) 'Reference Images' role=- -> 2:Full Building Perspective Corrected, 3:OSC Transport Beat
2025-12-07 01:21:52 [INFO] show_bridge -     Layer 1 (global 1) 'Test Patterns' role=- -> 2:All Area 2, 3:Mix 1, 4:Checkered, 5:Test Card, 6:All Area Wireframe 1, 7:All Area Wireframe 2, 8:WAAT Test Card
2025-12-07 01:21:52 [INFO] show_bridge -   Group 1 'Internal Videos' (APC=-)
2025-12-07 01:21:52 [INFO] show_bridge -     Layer 0 (global 2) 'Layer #' role=- -> 
2025-12-07 01:21:52 [INFO] show_bridge -     Layer 1 (global 3) 'FFT Fills' role=fills -> 
2025-12-07 01:21:52 [INFO] show_bridge -     Layer 2 (global 4) 'Full Stage Effects' role=effects -> 2:Edge Detection, 3:Noisy, 4:Shift Glitch, 5:Acuarela, 6:Mirror Quad, 7:Infinite Zoom, 8:Bloom, 9:Hatched, 10:Dither, 12:Posterize
2025-12-07 01:21:52 [INFO] show_bridge -     Layer 3 (global 5) 'Full Stage Colors' role=colors -> 2:No Changes, 3:Reds, 4:Oranges, 5:Yellows, 6:Limes, 7:Greens, 8:Teals, 9:Cyans, 10:Blues, 11:Purples, 12:Magentas, 13:Pinks, 14:Grayscale, 15:White, 16:Dull, 17:Rainbow, 18:Inferno, 19:Plasma, 20:Viridis, 21:Clockwork Orange, 22:Warhol, 23:Mona Lisa, 24:Salmon, 25:Purple Rain
2025-12-07 01:21:52 [INFO] show_bridge -     Layer 4 (global 6) 'Stage Masks' role=static_masks -> 1:Solid Color, 2:Mask Randomizer, 3:All Area 2, 4:Big Window, 5:Brick Face, 6:Column Tops and Bottoms, 7:Columns, 8:Door, 9:Mix 1, 10:Roof Circle, 11:Roof Crown, 12:Roof Peak, 13:Roof Trim, 14:Windows Columns Door, 15:Windows, 16:Lights
2025-12-07 01:21:52 [INFO] show_bridge -   Group 2 'Synestesia' (APC=8)
2025-12-07 01:21:52 [INFO] show_bridge -     Layer 0 (global 7) 'Fills 1' role=fills -> 2:None, 4:Synesthesia Soft Flip, 5:Synesthesia Mirror
2025-12-07 01:21:52 [INFO] show_bridge -     Layer 1 (global 8) 'Effects' role=effects -> 1:None, 2:None, 3:Edge Detection, 4:Noisy, 5:Shift Glitch, 6:Acuarela, 7:Mirror Quad, 8:Infinite Zoom, 9:Bloom, 10:Hatched, 11:Dither, 12:Posterize, 13:Dot Screen, 14:Dither Dots, 15:Edge Dots, 16:Rainbow LEDs
2025-12-07 01:21:52 [INFO] show_bridge -     Layer 2 (global 9) 'Colors' role=colors -> 1:None, 2:None, 3:Grayscale, 4:White, 5:Reds, 6:Oranges, 7:Yellows, 8:Limes, 9:Greens, 10:Teals, 11:Cyans, 12:Blues, 13:Purples, 14:Magentas, 15:Pinks, 16:Dull, 17:Rainbow, 18:Inferno, 19:Plasma, 20:Viridis, 21:Clockwork Orange, 22:Mona Lisa, 23:Salmon, 24:Purple Rain
2025-12-07 01:21:52 [INFO] show_bridge -     Layer 3 (global 10) 'Static Masks' role=static_masks -> 1:None, 2:Solid Color, 3:Mask Randomizer, 4:All Area 2, 5:Big Window, 6:Brick Face, 7:Column Tops and Bottoms, 8:Columns, 9:Door, 10:Mix 1, 11:Roof Circle, 12:Roof Crown, 13:Roof Peak, 14:Roof Trim, 15:Windows Columns Door, 16:Windows, 17:Lights
2025-12-07 01:21:52 [INFO] show_bridge -   Group 3 'Wireframe' (APC=7)
2025-12-07 01:21:52 [INFO] show_bridge -     Layer 0 (global 11) 'Fills 1' role=fills -> 2:None, 3:all_wireframe_noisefill_full_C1, 4:all_wireframe_noisefill_full_turb_C1, 5:all_wireframe_noisefill_narrow_B1, 6:all_wireframe_noisefill_narrow_C1, 7:all_wireframe_noisefill_narrow_W1, 8:all_wireframe_noisefill_shape_bands_C1, 9:all_wireframe_noisefill_shape_C1, 10:all_wireframe_noisefill_wide_B1, 11:all_wireframe_noisefill_wide_W1, 12:all_wireframe_pointfill_wide_C1, 13:all_wireframe_pointfill_wide_C2
2025-12-07 01:21:52 [INFO] show_bridge -     Layer 1 (global 12) 'Fills 2' role=fills -> 2:None, 3:all_wireframe_noisefill_full_C1, 4:all_wireframe_noisefill_full_turb_C1, 5:all_wireframe_noisefill_narrow_B1, 6:all_wireframe_noisefill_narrow_C1, 7:all_wireframe_noisefill_narrow_W1, 8:all_wireframe_noisefill_shape_bands_C1, 9:all_wireframe_noisefill_shape_C1, 10:all_wireframe_noisefill_wide_B1, 11:all_wireframe_noisefill_wide_W1, 12:all_wireframe_pointfill_wide_C1, 13:all_wireframe_pointfill_wide_C2
2025-12-07 01:21:52 [INFO] show_bridge -     Layer 2 (global 13) 'Static Masks' role=static_masks -> 2:None, 3:Mix 1, 4:All Area 2, 5:Windows Columns Door, 6:Windows, 7:Lights, 8:Columns
2025-12-07 01:21:52 [INFO] show_bridge -     Layer 3 (global 14) 'Dynamic Masks' role=dynamic_masks -> 2:None, 3:Radial Circle 1, 4:Radial Circle 2, 5:Radial Circle 3, 6:Radial Square 1, 7:Radial Square 2, 8:Radial Square 3
2025-12-07 01:21:52 [INFO] show_bridge -     Layer 4 (global 15) 'Colors' role=colors -> 1:None, 2:None, 3:Grayscale, 4:White, 5:Reds, 6:Oranges, 7:Yellows, 8:Limes, 9:Greens, 10:Teals, 11:Cyans, 12:Blues, 13:Purples, 14:Magentas, 15:Pinks, 16:Dull, 17:Rainbow, 18:Inferno, 19:Plasma, 20:Viridis, 21:Clockwork Orange, 22:Mona Lisa, 23:Salmon, 24:Purple Rain
2025-12-07 01:21:52 [INFO] show_bridge -     Layer 5 (global 16) 'Effects' role=effects -> 1:None, 2:None, 3:Edge Detection, 4:Noisy, 5:Shift Glitch, 6:Acuarela, 7:Mirror Quad, 8:Infinite Zoom, 9:Bloom, 10:Hatched, 11:Dither, 12:Posterize, 13:Dot Screen, 14:Dither Dots, 15:Edge Dots, 16:Rainbow LEDs
2025-12-07 01:21:52 [INFO] show_bridge -     Layer 6 (global 17) 'Transforms' role=transforms -> 1:None, 2:None, 3:Rotate Blur, 4:Particle System, 5:Displace, 6:Kaleidoscope, 7:TAS Turbulent, 8:TAS Turbulent, 9:TAS Turbulent Edges, 10:TAS Sine Transform, 11:TAS Slider Tile
2025-12-07 01:21:52 [INFO] show_bridge -   Group 4 'Brick' (APC=6)
2025-12-07 01:21:52 [INFO] show_bridge -     Layer 0 (global 18) 'Fills 1' role=fills -> 2:None, 3:brick_noisefill_full_C1, 4:brick_noisefill_full_turb_C1, 5:brick_noisefill_narrow_B1, 6:brick_noisefill_narrow_C1, 7:brick_noisefill_narrow_W1, 8:brick_noisefill_shape_bands_C1, 9:brick_noisefill_shape_C1, 10:brick_noisefill_wide_B1, 11:brick_noisefill_wide_W1, 12:brick_pointfill_wide_C1, 13:brick_pointfill_wide_C2
2025-12-07 01:21:52 [INFO] show_bridge -     Layer 1 (global 19) 'Fills 2' role=fills -> 2:None, 3:brick_noisefill_full_C1, 4:brick_noisefill_full_turb_C1, 5:brick_noisefill_narrow_B1, 6:brick_noisefill_narrow_C1, 7:brick_noisefill_narrow_W1, 8:brick_noisefill_shape_bands_C1, 9:brick_noisefill_shape_C1, 10:brick_noisefill_wide_B1, 11:brick_noisefill_wide_W1, 12:brick_pointfill_wide_C1, 13:brick_pointfill_wide_C2
2025-12-07 01:21:52 [INFO] show_bridge -     Layer 2 (global 20) 'Static Masks' role=static_masks -> 2:None, 3:Mix 1, 4:All Area 2, 5:Windows Columns Door, 6:Windows, 7:Lights, 8:Columns
2025-12-07 01:21:52 [INFO] show_bridge -     Layer 3 (global 21) 'Dynamic Masks' role=dynamic_masks -> 2:None, 3:Radial Circle 1, 4:Radial Circle 2, 5:Radial Circle 3, 6:Radial Square 1, 7:Radial Square 2, 8:Radial Square 3
2025-12-07 01:21:52 [INFO] show_bridge -     Layer 4 (global 22) 'Colors' role=colors -> 1:None, 2:None, 3:Grayscale, 4:White, 5:Reds, 6:Oranges, 7:Yellows, 8:Limes, 9:Greens, 10:Teals, 11:Cyans, 12:Blues, 13:Purples, 14:Magentas, 15:Pinks, 16:Dull, 17:Rainbow, 18:Inferno, 19:Plasma, 20:Viridis, 21:Clockwork Orange, 22:Warhol, 23:Mona Lisa, 24:Salmon, 25:Purple Rain
2025-12-07 01:21:52 [INFO] show_bridge -     Layer 5 (global 23) 'Effects' role=effects -> 1:None, 2:None, 3:Edge Detection, 4:Noisy, 5:Shift Glitch, 6:Acuarela, 7:Mirror Quad, 8:Infinite Zoom, 9:Bloom, 10:Hatched, 11:Dither, 12:Posterize, 13:Dot Screen, 14:Dither Dots, 15:Edge Dots, 16:Rainbow LEDs
2025-12-07 01:21:52 [INFO] show_bridge -     Layer 6 (global 24) 'Transforms' role=transforms -> 1:None, 2:None, 3:Rotate Blur, 4:Particle System, 5:Displace, 6:Kaleidoscope, 7:TAS Turbulent, 8:TAS Turbulent, 9:TAS Turbulent Edges, 10:TAS Sine Transform, 11:TAS Slider Tile
2025-12-07 01:21:52 [INFO] show_bridge -   Group 5 'Mix' (APC=5)
2025-12-07 01:21:52 [INFO] show_bridge -     Layer 0 (global 25) 'Fills 1' role=fills -> 2:None, 3:mix_1_noisefill_full_C1, 4:mix_1_noisefill_full_turb_C1, 5:mix_1_noisefill_narrow_B1, 6:mix_1_noisefill_narrow_C1, 7:mix_1_noisefill_narrow_W1, 8:mix_1_noisefill_shape_bands_C1, 9:mix_1_noisefill_shape_C1, 10:mix_1_noisefill_wide_B1, 11:mix_1_noisefill_wide_W1, 12:mix_1_pointfill_wide_C1, 13:mix_1_pointfill_wide_C2
2025-12-07 01:21:52 [INFO] show_bridge -     Layer 1 (global 26) 'Fills 2' role=fills -> 2:None, 3:mix_1_noisefill_full_C1, 4:mix_1_noisefill_full_turb_C1, 5:mix_1_noisefill_narrow_B1, 6:mix_1_noisefill_narrow_C1, 7:mix_1_noisefill_narrow_W1, 8:mix_1_noisefill_shape_bands_C1, 9:mix_1_noisefill_shape_C1, 10:mix_1_noisefill_wide_B1, 11:mix_1_noisefill_wide_W1, 12:mix_1_pointfill_wide_C1, 13:mix_1_pointfill_wide_C2
2025-12-07 01:21:52 [INFO] show_bridge -     Layer 2 (global 27) 'Static Masks' role=static_masks -> 2:None, 3:Mask Randomizer, 4:Mask Randomizer 2
2025-12-07 01:21:52 [INFO] show_bridge -     Layer 3 (global 28) 'Dynamic Masks' role=dynamic_masks -> 2:None, 3:Radial Circle 1, 4:Radial Circle 2, 5:Radial Circle 3, 6:Radial Square 1, 7:Radial Square 2, 8:Radial Square 3
2025-12-07 01:21:52 [INFO] show_bridge -     Layer 4 (global 29) 'Colors' role=colors -> 1:None, 2:None, 3:Grayscale, 4:White, 5:Reds, 6:Oranges, 7:Yellows, 8:Limes, 9:Greens, 10:Teals, 11:Cyans, 12:Blues, 13:Purples, 14:Magentas, 15:Pinks, 16:Dull, 17:Rainbow, 18:Inferno, 19:Plasma, 20:Viridis, 21:Clockwork Orange, 23:Mona Lisa, 24:Salmon, 25:Purple Rain
2025-12-07 01:21:52 [INFO] show_bridge -     Layer 5 (global 30) 'Effects' role=effects -> 1:None, 2:None, 3:Edge Detection, 4:Noisy, 5:Shift Glitch, 6:Acuarela, 7:Mirror Quad, 8:Infinite Zoom, 9:Bloom, 10:Hatched, 11:Dither, 12:Posterize, 13:Dot Screen, 14:Dither Dots, 15:Edge Dots, 16:Rainbow LEDs
2025-12-07 01:21:52 [INFO] show_bridge -     Layer 6 (global 31) 'Transforms' role=transforms -> 1:None, 2:None, 3:Rotate Blur, 4:Particle System, 5:Displace, 6:Kaleidoscope, 7:TAS Turbulent, 8:TAS Turbulent, 9:TAS Turbulent Edges, 10:TAS Sine Transform, 11:TAS Slider Tile
2025-12-07 01:21:52 [INFO] show_bridge -   Group 6 'Windows' (APC=4)
2025-12-07 01:21:52 [INFO] show_bridge -     Layer 0 (global 32) 'Fills 1' role=fills -> 2:None, 3:windows_noisefill_full_C1, 4:windows_noisefill_full_turb_C1, 5:windows_noisefill_narrow_B1, 6:windows_noisefill_narrow_C1, 7:windows_noisefill_narrow_W1, 8:windows_noisefill_shape_bands_C1, 9:windows_noisefill_shape_C1, 10:windows_noisefill_wide_B1, 11:windows_noisefill_wide_W1, 12:windows_pointfill_wide_C1, 13:windows_pointfill_wide_C2
2025-12-07 01:21:52 [INFO] show_bridge -     Layer 1 (global 33) 'Fills 2' role=fills -> 2:None, 3:windows_noisefill_full_C1, 4:windows_noisefill_full_turb_C1, 5:windows_noisefill_narrow_B1, 6:windows_noisefill_narrow_C1, 7:windows_noisefill_narrow_W1, 8:windows_noisefill_shape_bands_C1, 9:windows_noisefill_shape_C1, 10:windows_noisefill_wide_B1, 11:windows_noisefill_wide_W1, 12:windows_pointfill_wide_C1, 13:windows_pointfill_wide_C2
2025-12-07 01:21:52 [INFO] show_bridge -     Layer 2 (global 34) 'Dynamic Masks' role=dynamic_masks -> 2:None, 3:Radial Circle 1, 4:Radial Circle 2, 5:Radial Circle 3, 6:Radial Square 1, 7:Radial Square 2, 8:Radial Square 3
2025-12-07 01:21:52 [INFO] show_bridge -     Layer 3 (global 35) 'Colors' role=colors -> 1:None, 2:None, 3:Grayscale, 4:White, 5:Reds, 6:Oranges, 7:Yellows, 8:Limes, 9:Greens, 10:Teals, 11:Cyans, 12:Blues, 13:Purples, 14:Magentas, 15:Pinks, 16:Dull, 17:Rainbow, 18:Inferno, 19:Plasma, 20:Viridis, 21:Clockwork Orange, 23:Mona Lisa, 24:Salmon, 25:Purple Rain
2025-12-07 01:21:52 [INFO] show_bridge -     Layer 4 (global 36) 'Effects' role=effects -> 1:None, 2:None, 3:Edge Detection, 4:Noisy, 5:Shift Glitch, 6:Acuarela, 7:Mirror Quad, 8:Infinite Zoom, 9:Bloom, 10:Hatched, 11:Dither, 12:Posterize, 13:Dot Screen, 14:Dither Dots, 15:Edge Dots, 16:Rainbow LEDs
2025-12-07 01:21:52 [INFO] show_bridge -     Layer 5 (global 37) 'Transforms' role=transforms -> 1:None, 2:None, 3:Rotate Blur, 4:Particle System, 5:Displace, 6:Kaleidoscope, 7:TAS Turbulent, 8:TAS Turbulent, 9:TAS Turbulent Edges, 10:TAS Sine Transform, 11:TAS Slider Tile
2025-12-07 01:21:52 [INFO] show_bridge -   Group 7 'Columns' (APC=3)
2025-12-07 01:21:52 [INFO] show_bridge -     Layer 0 (global 38) 'Fills 1' role=fills -> 2:None, 3:columns_noisefill_full_C1, 4:columns_noisefill_full_turb_C1, 5:columns_noisefill_narrow_B1, 6:columns_noisefill_narrow_C1, 7:columns_noisefill_narrow_W1, 8:columns_noisefill_shape_bands_C1, 9:columns_noisefill_shape_C1, 10:columns_noisefill_wide_B1, 11:columns_noisefill_wide_W1, 12:columns_pointfill_wide_C1, 13:columns_pointfill_wide_C2
2025-12-07 01:21:52 [INFO] show_bridge -     Layer 1 (global 39) 'Fills 2' role=fills -> 2:None, 3:columns_noisefill_full_C1, 4:columns_noisefill_full_turb_C1, 5:columns_noisefill_narrow_B1, 6:columns_noisefill_narrow_C1, 7:columns_noisefill_narrow_W1, 8:columns_noisefill_shape_bands_C1, 9:columns_noisefill_shape_C1, 10:columns_noisefill_wide_B1, 11:columns_noisefill_wide_W1, 12:columns_pointfill_wide_C1, 13:columns_pointfill_wide_C2
2025-12-07 01:21:52 [INFO] show_bridge -     Layer 2 (global 40) 'Static Masks' role=static_masks -> 2:None, 3:Mix 1, 4:All Area 2, 5:Windows Columns Door, 6:Windows, 7:Lights, 8:Columns
2025-12-07 01:21:52 [INFO] show_bridge -     Layer 3 (global 41) 'Dynamic Masks' role=dynamic_masks -> 2:None, 3:Radial Circle 1, 4:Radial Circle 2, 5:Radial Circle 3, 6:Radial Square 1, 7:Radial Square 2, 8:Radial Square 3
2025-12-07 01:21:52 [INFO] show_bridge -     Layer 4 (global 42) 'Colors' role=colors -> 1:None, 2:None, 3:Grayscale, 4:White, 5:Reds, 6:Oranges, 7:Yellows, 8:Limes, 9:Greens, 10:Teals, 11:Cyans, 12:Blues, 13:Purples, 14:Magentas, 15:Pinks, 16:Dull, 17:Rainbow, 18:Inferno, 19:Plasma, 20:Viridis, 21:Clockwork Orange, 22:Mona Lisa, 23:Salmon, 24:Purple Rain
2025-12-07 01:21:52 [INFO] show_bridge -     Layer 5 (global 43) 'Effects' role=effects -> 1:None, 2:None, 3:Edge Detection, 4:Noisy, 5:Shift Glitch, 6:Acuarela, 7:Mirror Quad, 8:Infinite Zoom, 9:Bloom, 10:Hatched, 11:Dither, 12:Posterize, 13:Dot Screen, 14:Dither Dots, 15:Edge Dots, 16:Rainbow LEDs
2025-12-07 01:21:52 [INFO] show_bridge -     Layer 6 (global 44) 'Transforms' role=transforms -> 1:None, 2:None, 3:Rotate Blur, 4:Particle System, 5:Displace, 6:Kaleidoscope, 7:TAS Turbulent, 8:TAS Turbulent, 9:TAS Turbulent Edges, 10:TAS Sine Transform, 11:TAS Slider Tile
2025-12-07 01:21:52 [INFO] show_bridge -   Group 8 'Lights' (APC=2)
2025-12-07 01:21:52 [INFO] show_bridge -     Layer 0 (global 45) 'Fills 1' role=fills -> 2:None, 3:mix_1_noisefill_full_C1, 4:mix_1_noisefill_full_turb_C1, 5:mix_1_noisefill_narrow_B1, 6:mix_1_noisefill_narrow_C1, 7:mix_1_noisefill_narrow_W1, 8:mix_1_noisefill_shape_bands_C1, 9:mix_1_noisefill_shape_C1, 10:mix_1_noisefill_wide_B1, 11:mix_1_noisefill_wide_W1, 12:mix_1_pointfill_wide_C1, 13:mix_1_pointfill_wide_C2
2025-12-07 01:21:52 [INFO] show_bridge -     Layer 1 (global 46) 'Fills 2' role=fills -> 2:None, 3:mix_1_noisefill_full_C1, 4:mix_1_noisefill_full_turb_C1, 5:mix_1_noisefill_narrow_B1, 6:mix_1_noisefill_narrow_C1, 7:mix_1_noisefill_narrow_W1, 8:mix_1_noisefill_shape_bands_C1, 9:mix_1_noisefill_shape_C1, 10:mix_1_noisefill_wide_B1, 11:mix_1_noisefill_wide_W1, 12:mix_1_pointfill_wide_C1, 13:mix_1_pointfill_wide_C2
2025-12-07 01:21:52 [INFO] show_bridge -     Layer 2 (global 47) 'Dynamic Masks' role=dynamic_masks -> 1:None, 2:None, 3:Radial Circle 1, 4:Radial Circle 2, 5:Radial Circle 3, 6:Radial Square 1, 7:Radial Square 2, 8:Radial Square 3
2025-12-07 01:21:52 [INFO] show_bridge -     Layer 3 (global 48) 'Colors' role=colors -> 1:None, 2:None, 3:Grayscale, 4:White, 5:Reds, 6:Oranges, 7:Yellows, 8:Limes, 9:Greens, 10:Teals, 11:Cyans, 12:Blues, 13:Purples, 14:Magentas, 15:Pinks, 16:Dull, 17:Rainbow, 18:Inferno, 19:Plasma, 20:Viridis, 21:Clockwork Orange, 22:Mona Lisa, 23:Salmon, 24:Purple Rain, 25:Purple Rain, 26:Purple Rain
2025-12-07 01:21:52 [INFO] show_bridge -     Layer 4 (global 49) 'Effects' role=effects -> 1:None, 2:None, 3:Edge Detection, 4:Noisy, 5:Shift Glitch, 6:Acuarela, 7:Mirror Quad, 8:Infinite Zoom, 9:Bloom, 10:Hatched, 11:Dither, 12:Posterize, 13:Dot Screen, 14:Dither Dots, 15:Edge Dots, 16:Rainbow LEDs
2025-12-07 01:21:52 [INFO] show_bridge -     Layer 5 (global 50) 'Transforms' role=transforms -> 1:None, 2:None, 3:Rotate Blur, 4:Particle System, 5:Displace, 6:Kaleidoscope, 7:TAS Turbulent, 8:TAS Turbulent, 9:TAS Turbulent Edges, 10:TAS Sine Transform, 11:TAS Slider Tile, 12:Feedback Down, 13:Feedback Perlin
2025-12-07 01:21:52 [INFO] show_bridge -   Group 9 'Snow' (APC=1)
2025-12-07 01:21:52 [INFO] show_bridge -     Layer 0 (global 51) 'Fills 1' role=fills -> 2:None, 3:Flakes Avg Change, 4:Flakes Avg Med, 5:Flakes Lots Med, 6:Snow Thick Med, 7:Snow Avg Med, 8:Snow Light Med, 9:Snow Thick Slow, 10:Snow Avg Slow, 11:Snow Light Slow, 12:Snow Thick Slow, 13:Snow Avg Slow, 14:Snow Light Slow
2025-12-07 01:21:52 [INFO] show_bridge -     Layer 1 (global 52) 'Fills 2' role=fills -> 2:None, 3:Flakes Avg Change, 4:Flakes Avg Med, 5:Flakes Lots Med, 6:Snow Thick Med, 7:Snow Avg Med, 8:Snow Light Med, 9:Snow Thick Slow, 10:Snow Avg Slow, 11:Snow Light Slow, 12:Snow Thick Slow, 13:Snow Avg Slow, 14:Snow Light Slow
2025-12-07 01:21:52 [INFO] show_bridge -     Layer 2 (global 53) 'Effects' role=effects -> 1:None, 2:Edge Detection, 3:Bloom, 4:Posterize, 5:Noisy, 6:Acuarela, 7:Mirror Quad, 8:Flip, 9:Vertical Noise Glow
2025-12-07 01:21:52 [INFO] show_bridge -     Layer 3 (global 54) 'Transforms' role=transforms -> 1:None, 2:None, 3:Feedback Controller, 4:Kaleidoscope, 5:Flip
2025-12-07 01:21:52 [INFO] show_bridge -     Layer 4 (global 55) 'Color' role=colors -> 1:None, 2:None, 3:Hue Rotate, 4:Reds, 5:Teals, 6:Cyans, 7:Blues, 8:Purples, 9:Grayscale, 10:White, 11:Dull, 12:Rainbow
2025-12-07 01:21:52 [INFO] show_bridge -   Group 10 'Routing Group' (APC=-)
2025-12-07 01:21:52 [INFO] show_bridge -     Layer 0 (global 56) 'OSC Transport Beat' role=- -> 1:OSC Transport Beat, 2:OSC Transport Beat
2025-12-07 01:21:52 [INFO] show_bridge -     Layer 1 (global 57) 'Test Router' role=routing -> 1:Video Router, 2:Video Router
2025-12-07 01:21:52 [INFO] show_bridge -     Layer 2 (global 58) 'Synestesia Router' role=routing -> 1:Video Router, 2:Video Router
2025-12-07 01:21:52 [INFO] show_bridge -     Layer 3 (global 59) 'Wireframe Router' role=routing -> 1:Video Router, 2:Video Router
2025-12-07 01:21:52 [INFO] show_bridge -     Layer 4 (global 60) 'Brick Router' role=routing -> 1:Video Router, 2:Video Router
2025-12-07 01:21:52 [INFO] show_bridge -     Layer 5 (global 61) 'Mix Router' role=routing -> 1:Video Router, 2:Video Router
2025-12-07 01:21:52 [INFO] show_bridge -     Layer 6 (global 62) 'Windows Router' role=routing -> 1:Video Router, 2:Video Router
2025-12-07 01:21:52 [INFO] show_bridge -     Layer 7 (global 63) 'Columns Router' role=routing -> 1:Video Router, 2:Video Router
2025-12-07 01:21:52 [INFO] show_bridge -     Layer 8 (global 64) 'Lights Router' role=routing -> 1:Video Router, 2:Video Router
2025-12-07 01:21:52 [INFO] show_bridge -     Layer 9 (global 65) 'Snow Router' role=routing -> 1:Video Router, 2:Video Router
2025-12-07 01:21:52 [INFO] show_bridge - [OSC] Using Resolume OSC at 127.0.0.1:7000
2025-12-07 01:21:52 [INFO] show_bridge - [OSC] Using show_bridge OSC OUT (name='from show_bridge') at 0.0.0.0:13001 for state broadcasts
2025-12-07 01:21:52 [INFO] show_bridge - [SYN] Using Synesthesia OSC at 127.0.0.1:12001
2025-12-07 01:21:52 [INFO] show_bridge - 
Using input:  Akai APC40 2
2025-12-07 01:21:52 [INFO] show_bridge - Using output: Akai APC40 3
2025-12-07 01:21:54 [INFO] show_bridge.state - [RESOLUME] Loaded composition 'Snow Place 2025' with 11 groups.
2025-12-07 01:21:54 [INFO] show_bridge.state - [DEBUG] Composition 'Snow Place 2025' column layout:
2025-12-07 01:21:54 [INFO] show_bridge.state -   Group 0 'Test Group' (APC=-)
2025-12-07 01:21:54 [INFO] show_bridge.state -     Layer 0 (global 0) 'Reference Images' role=- -> 2:Full Building Perspective Corrected, 3:OSC Transport Beat
2025-12-07 01:21:54 [INFO] show_bridge.state -     Layer 1 (global 1) 'Test Patterns' role=- -> 2:All Area 2, 3:Mix 1, 4:Checkered, 5:Test Card, 6:All Area Wireframe 1, 7:All Area Wireframe 2, 8:WAAT Test Card
2025-12-07 01:21:54 [INFO] show_bridge.state -   Group 1 'Internal Videos' (APC=-)
2025-12-07 01:21:54 [INFO] show_bridge.state -     Layer 0 (global 2) 'Layer #' role=- -> 
2025-12-07 01:21:54 [INFO] show_bridge.state -     Layer 1 (global 3) 'FFT Fills' role=fills -> 
2025-12-07 01:21:54 [INFO] show_bridge.state -     Layer 2 (global 4) 'Full Stage Effects' role=effects -> 2:Edge Detection, 3:Noisy, 4:Shift Glitch, 5:Acuarela, 6:Mirror Quad, 7:Infinite Zoom, 8:Bloom, 9:Hatched, 10:Dither, 12:Posterize
2025-12-07 01:21:54 [INFO] show_bridge.state -     Layer 3 (global 5) 'Full Stage Colors' role=colors -> 2:No Changes, 3:Reds, 4:Oranges, 5:Yellows, 6:Limes, 7:Greens, 8:Teals, 9:Cyans, 10:Blues, 11:Purples, 12:Magentas, 13:Pinks, 14:Grayscale, 15:White, 16:Dull, 17:Rainbow, 18:Inferno, 19:Plasma, 20:Viridis, 21:Clockwork Orange, 22:Warhol, 23:Mona Lisa, 24:Salmon, 25:Purple Rain
2025-12-07 01:21:54 [INFO] show_bridge.state -     Layer 4 (global 6) 'Stage Masks' role=static_masks -> 1:Solid Color, 2:Mask Randomizer, 3:All Area 2, 4:Big Window, 5:Brick Face, 6:Column Tops and Bottoms, 7:Columns, 8:Door, 9:Mix 1, 10:Roof Circle, 11:Roof Crown, 12:Roof Peak, 13:Roof Trim, 14:Windows Columns Door, 15:Windows, 16:Lights
2025-12-07 01:21:54 [INFO] show_bridge.state -   Group 2 'Synestesia' (APC=8)
2025-12-07 01:21:54 [INFO] show_bridge.state -     Layer 0 (global 7) 'Fills 1' role=fills -> 2:None, 4:Synesthesia Soft Flip, 5:Synesthesia Mirror
2025-12-07 01:21:54 [INFO] show_bridge.state -     Layer 1 (global 8) 'Effects' role=effects -> 1:None, 2:None, 3:Edge Detection, 4:Noisy, 5:Shift Glitch, 6:Acuarela, 7:Mirror Quad, 8:Infinite Zoom, 9:Bloom, 10:Hatched, 11:Dither, 12:Posterize, 13:Dot Screen, 14:Dither Dots, 15:Edge Dots, 16:Rainbow LEDs
2025-12-07 01:21:54 [INFO] show_bridge.state -     Layer 2 (global 9) 'Colors' role=colors -> 1:None, 2:None, 3:Grayscale, 4:White, 5:Reds, 6:Oranges, 7:Yellows, 8:Limes, 9:Greens, 10:Teals, 11:Cyans, 12:Blues, 13:Purples, 14:Magentas, 15:Pinks, 16:Dull, 17:Rainbow, 18:Inferno, 19:Plasma, 20:Viridis, 21:Clockwork Orange, 22:Mona Lisa, 23:Salmon, 24:Purple Rain
2025-12-07 01:21:54 [INFO] show_bridge.state -     Layer 3 (global 10) 'Static Masks' role=static_masks -> 1:None, 2:Solid Color, 3:Mask Randomizer, 4:All Area 2, 5:Big Window, 6:Brick Face, 7:Column Tops and Bottoms, 8:Columns, 9:Door, 10:Mix 1, 11:Roof Circle, 12:Roof Crown, 13:Roof Peak, 14:Roof Trim, 15:Windows Columns Door, 16:Windows, 17:Lights
2025-12-07 01:21:54 [INFO] show_bridge.state -   Group 3 'Wireframe' (APC=7)
2025-12-07 01:21:54 [INFO] show_bridge.state -     Layer 0 (global 11) 'Fills 1' role=fills -> 2:None, 3:all_wireframe_noisefill_full_C1, 4:all_wireframe_noisefill_full_turb_C1, 5:all_wireframe_noisefill_narrow_B1, 6:all_wireframe_noisefill_narrow_C1, 7:all_wireframe_noisefill_narrow_W1, 8:all_wireframe_noisefill_shape_bands_C1, 9:all_wireframe_noisefill_shape_C1, 10:all_wireframe_noisefill_wide_B1, 11:all_wireframe_noisefill_wide_W1, 12:all_wireframe_pointfill_wide_C1, 13:all_wireframe_pointfill_wide_C2
2025-12-07 01:21:54 [INFO] show_bridge.state -     Layer 1 (global 12) 'Fills 2' role=fills -> 2:None, 3:all_wireframe_noisefill_full_C1, 4:all_wireframe_noisefill_full_turb_C1, 5:all_wireframe_noisefill_narrow_B1, 6:all_wireframe_noisefill_narrow_C1, 7:all_wireframe_noisefill_narrow_W1, 8:all_wireframe_noisefill_shape_bands_C1, 9:all_wireframe_noisefill_shape_C1, 10:all_wireframe_noisefill_wide_B1, 11:all_wireframe_noisefill_wide_W1, 12:all_wireframe_pointfill_wide_C1, 13:all_wireframe_pointfill_wide_C2
2025-12-07 01:21:54 [INFO] show_bridge.state -     Layer 2 (global 13) 'Static Masks' role=static_masks -> 2:None, 3:Mix 1, 4:All Area 2, 5:Windows Columns Door, 6:Windows, 7:Lights, 8:Columns
2025-12-07 01:21:54 [INFO] show_bridge.state -     Layer 3 (global 14) 'Dynamic Masks' role=dynamic_masks -> 2:None, 3:Radial Circle 1, 4:Radial Circle 2, 5:Radial Circle 3, 6:Radial Square 1, 7:Radial Square 2, 8:Radial Square 3
2025-12-07 01:21:54 [INFO] show_bridge.state -     Layer 4 (global 15) 'Colors' role=colors -> 1:None, 2:None, 3:Grayscale, 4:White, 5:Reds, 6:Oranges, 7:Yellows, 8:Limes, 9:Greens, 10:Teals, 11:Cyans, 12:Blues, 13:Purples, 14:Magentas, 15:Pinks, 16:Dull, 17:Rainbow, 18:Inferno, 19:Plasma, 20:Viridis, 21:Clockwork Orange, 22:Mona Lisa, 23:Salmon, 24:Purple Rain
2025-12-07 01:21:54 [INFO] show_bridge.state -     Layer 5 (global 16) 'Effects' role=effects -> 1:None, 2:None, 3:Edge Detection, 4:Noisy, 5:Shift Glitch, 6:Acuarela, 7:Mirror Quad, 8:Infinite Zoom, 9:Bloom, 10:Hatched, 11:Dither, 12:Posterize, 13:Dot Screen, 14:Dither Dots, 15:Edge Dots, 16:Rainbow LEDs
2025-12-07 01:21:54 [INFO] show_bridge.state -     Layer 6 (global 17) 'Transforms' role=transforms -> 1:None, 2:None, 3:Rotate Blur, 4:Particle System, 5:Displace, 6:Kaleidoscope, 7:TAS Turbulent, 8:TAS Turbulent, 9:TAS Turbulent Edges, 10:TAS Sine Transform, 11:TAS Slider Tile
2025-12-07 01:21:54 [INFO] show_bridge.state -   Group 4 'Brick' (APC=6)
2025-12-07 01:21:54 [INFO] show_bridge.state -     Layer 0 (global 18) 'Fills 1' role=fills -> 2:None, 3:brick_noisefill_full_C1, 4:brick_noisefill_full_turb_C1, 5:brick_noisefill_narrow_B1, 6:brick_noisefill_narrow_C1, 7:brick_noisefill_narrow_W1, 8:brick_noisefill_shape_bands_C1, 9:brick_noisefill_shape_C1, 10:brick_noisefill_wide_B1, 11:brick_noisefill_wide_W1, 12:brick_pointfill_wide_C1, 13:brick_pointfill_wide_C2
2025-12-07 01:21:54 [INFO] show_bridge.state -     Layer 1 (global 19) 'Fills 2' role=fills -> 2:None, 3:brick_noisefill_full_C1, 4:brick_noisefill_full_turb_C1, 5:brick_noisefill_narrow_B1, 6:brick_noisefill_narrow_C1, 7:brick_noisefill_narrow_W1, 8:brick_noisefill_shape_bands_C1, 9:brick_noisefill_shape_C1, 10:brick_noisefill_wide_B1, 11:brick_noisefill_wide_W1, 12:brick_pointfill_wide_C1, 13:brick_pointfill_wide_C2
2025-12-07 01:21:54 [INFO] show_bridge.state -     Layer 2 (global 20) 'Static Masks' role=static_masks -> 2:None, 3:Mix 1, 4:All Area 2, 5:Windows Columns Door, 6:Windows, 7:Lights, 8:Columns
2025-12-07 01:21:54 [INFO] show_bridge.state -     Layer 3 (global 21) 'Dynamic Masks' role=dynamic_masks -> 2:None, 3:Radial Circle 1, 4:Radial Circle 2, 5:Radial Circle 3, 6:Radial Square 1, 7:Radial Square 2, 8:Radial Square 3
2025-12-07 01:21:54 [INFO] show_bridge.state -     Layer 4 (global 22) 'Colors' role=colors -> 1:None, 2:None, 3:Grayscale, 4:White, 5:Reds, 6:Oranges, 7:Yellows, 8:Limes, 9:Greens, 10:Teals, 11:Cyans, 12:Blues, 13:Purples, 14:Magentas, 15:Pinks, 16:Dull, 17:Rainbow, 18:Inferno, 19:Plasma, 20:Viridis, 21:Clockwork Orange, 22:Warhol, 23:Mona Lisa, 24:Salmon, 25:Purple Rain
2025-12-07 01:21:54 [INFO] show_bridge.state -     Layer 5 (global 23) 'Effects' role=effects -> 1:None, 2:None, 3:Edge Detection, 4:Noisy, 5:Shift Glitch, 6:Acuarela, 7:Mirror Quad, 8:Infinite Zoom, 9:Bloom, 10:Hatched, 11:Dither, 12:Posterize, 13:Dot Screen, 14:Dither Dots, 15:Edge Dots, 16:Rainbow LEDs
2025-12-07 01:21:54 [INFO] show_bridge.state -     Layer 6 (global 24) 'Transforms' role=transforms -> 1:None, 2:None, 3:Rotate Blur, 4:Particle System, 5:Displace, 6:Kaleidoscope, 7:TAS Turbulent, 8:TAS Turbulent, 9:TAS Turbulent Edges, 10:TAS Sine Transform, 11:TAS Slider Tile
2025-12-07 01:21:54 [INFO] show_bridge.state -   Group 5 'Mix' (APC=5)
2025-12-07 01:21:54 [INFO] show_bridge.state -     Layer 0 (global 25) 'Fills 1' role=fills -> 2:None, 3:mix_1_noisefill_full_C1, 4:mix_1_noisefill_full_turb_C1, 5:mix_1_noisefill_narrow_B1, 6:mix_1_noisefill_narrow_C1, 7:mix_1_noisefill_narrow_W1, 8:mix_1_noisefill_shape_bands_C1, 9:mix_1_noisefill_shape_C1, 10:mix_1_noisefill_wide_B1, 11:mix_1_noisefill_wide_W1, 12:mix_1_pointfill_wide_C1, 13:mix_1_pointfill_wide_C2
2025-12-07 01:21:54 [INFO] show_bridge.state -     Layer 1 (global 26) 'Fills 2' role=fills -> 2:None, 3:mix_1_noisefill_full_C1, 4:mix_1_noisefill_full_turb_C1, 5:mix_1_noisefill_narrow_B1, 6:mix_1_noisefill_narrow_C1, 7:mix_1_noisefill_narrow_W1, 8:mix_1_noisefill_shape_bands_C1, 9:mix_1_noisefill_shape_C1, 10:mix_1_noisefill_wide_B1, 11:mix_1_noisefill_wide_W1, 12:mix_1_pointfill_wide_C1, 13:mix_1_pointfill_wide_C2
2025-12-07 01:21:54 [INFO] show_bridge.state -     Layer 2 (global 27) 'Static Masks' role=static_masks -> 2:None, 3:Mask Randomizer, 4:Mask Randomizer 2
2025-12-07 01:21:54 [INFO] show_bridge.state -     Layer 3 (global 28) 'Dynamic Masks' role=dynamic_masks -> 2:None, 3:Radial Circle 1, 4:Radial Circle 2, 5:Radial Circle 3, 6:Radial Square 1, 7:Radial Square 2, 8:Radial Square 3
2025-12-07 01:21:54 [INFO] show_bridge.state -     Layer 4 (global 29) 'Colors' role=colors -> 1:None, 2:None, 3:Grayscale, 4:White, 5:Reds, 6:Oranges, 7:Yellows, 8:Limes, 9:Greens, 10:Teals, 11:Cyans, 12:Blues, 13:Purples, 14:Magentas, 15:Pinks, 16:Dull, 17:Rainbow, 18:Inferno, 19:Plasma, 20:Viridis, 21:Clockwork Orange, 23:Mona Lisa, 24:Salmon, 25:Purple Rain
2025-12-07 01:21:54 [INFO] show_bridge.state -     Layer 5 (global 30) 'Effects' role=effects -> 1:None, 2:None, 3:Edge Detection, 4:Noisy, 5:Shift Glitch, 6:Acuarela, 7:Mirror Quad, 8:Infinite Zoom, 9:Bloom, 10:Hatched, 11:Dither, 12:Posterize, 13:Dot Screen, 14:Dither Dots, 15:Edge Dots, 16:Rainbow LEDs
2025-12-07 01:21:54 [INFO] show_bridge.state -     Layer 6 (global 31) 'Transforms' role=transforms -> 1:None, 2:None, 3:Rotate Blur, 4:Particle System, 5:Displace, 6:Kaleidoscope, 7:TAS Turbulent, 8:TAS Turbulent, 9:TAS Turbulent Edges, 10:TAS Sine Transform, 11:TAS Slider Tile
2025-12-07 01:21:54 [INFO] show_bridge.state -   Group 6 'Windows' (APC=4)
2025-12-07 01:21:54 [INFO] show_bridge.state -     Layer 0 (global 32) 'Fills 1' role=fills -> 2:None, 3:windows_noisefill_full_C1, 4:windows_noisefill_full_turb_C1, 5:windows_noisefill_narrow_B1, 6:windows_noisefill_narrow_C1, 7:windows_noisefill_narrow_W1, 8:windows_noisefill_shape_bands_C1, 9:windows_noisefill_shape_C1, 10:windows_noisefill_wide_B1, 11:windows_noisefill_wide_W1, 12:windows_pointfill_wide_C1, 13:windows_pointfill_wide_C2
2025-12-07 01:21:54 [INFO] show_bridge.state -     Layer 1 (global 33) 'Fills 2' role=fills -> 2:None, 3:windows_noisefill_full_C1, 4:windows_noisefill_full_turb_C1, 5:windows_noisefill_narrow_B1, 6:windows_noisefill_narrow_C1, 7:windows_noisefill_narrow_W1, 8:windows_noisefill_shape_bands_C1, 9:windows_noisefill_shape_C1, 10:windows_noisefill_wide_B1, 11:windows_noisefill_wide_W1, 12:windows_pointfill_wide_C1, 13:windows_pointfill_wide_C2
2025-12-07 01:21:54 [INFO] show_bridge.state -     Layer 2 (global 34) 'Dynamic Masks' role=dynamic_masks -> 2:None, 3:Radial Circle 1, 4:Radial Circle 2, 5:Radial Circle 3, 6:Radial Square 1, 7:Radial Square 2, 8:Radial Square 3
2025-12-07 01:21:54 [INFO] show_bridge.state -     Layer 3 (global 35) 'Colors' role=colors -> 1:None, 2:None, 3:Grayscale, 4:White, 5:Reds, 6:Oranges, 7:Yellows, 8:Limes, 9:Greens, 10:Teals, 11:Cyans, 12:Blues, 13:Purples, 14:Magentas, 15:Pinks, 16:Dull, 17:Rainbow, 18:Inferno, 19:Plasma, 20:Viridis, 21:Clockwork Orange, 23:Mona Lisa, 24:Salmon, 25:Purple Rain
2025-12-07 01:21:54 [INFO] show_bridge.state -     Layer 4 (global 36) 'Effects' role=effects -> 1:None, 2:None, 3:Edge Detection, 4:Noisy, 5:Shift Glitch, 6:Acuarela, 7:Mirror Quad, 8:Infinite Zoom, 9:Bloom, 10:Hatched, 11:Dither, 12:Posterize, 13:Dot Screen, 14:Dither Dots, 15:Edge Dots, 16:Rainbow LEDs
2025-12-07 01:21:54 [INFO] show_bridge.state -     Layer 5 (global 37) 'Transforms' role=transforms -> 1:None, 2:None, 3:Rotate Blur, 4:Particle System, 5:Displace, 6:Kaleidoscope, 7:TAS Turbulent, 8:TAS Turbulent, 9:TAS Turbulent Edges, 10:TAS Sine Transform, 11:TAS Slider Tile
2025-12-07 01:21:54 [INFO] show_bridge.state -   Group 7 'Columns' (APC=3)
2025-12-07 01:21:54 [INFO] show_bridge.state -     Layer 0 (global 38) 'Fills 1' role=fills -> 2:None, 3:columns_noisefill_full_C1, 4:columns_noisefill_full_turb_C1, 5:columns_noisefill_narrow_B1, 6:columns_noisefill_narrow_C1, 7:columns_noisefill_narrow_W1, 8:columns_noisefill_shape_bands_C1, 9:columns_noisefill_shape_C1, 10:columns_noisefill_wide_B1, 11:columns_noisefill_wide_W1, 12:columns_pointfill_wide_C1, 13:columns_pointfill_wide_C2
2025-12-07 01:21:54 [INFO] show_bridge.state -     Layer 1 (global 39) 'Fills 2' role=fills -> 2:None, 3:columns_noisefill_full_C1, 4:columns_noisefill_full_turb_C1, 5:columns_noisefill_narrow_B1, 6:columns_noisefill_narrow_C1, 7:columns_noisefill_narrow_W1, 8:columns_noisefill_shape_bands_C1, 9:columns_noisefill_shape_C1, 10:columns_noisefill_wide_B1, 11:columns_noisefill_wide_W1, 12:columns_pointfill_wide_C1, 13:columns_pointfill_wide_C2
2025-12-07 01:21:54 [INFO] show_bridge.state -     Layer 2 (global 40) 'Static Masks' role=static_masks -> 2:None, 3:Mix 1, 4:All Area 2, 5:Windows Columns Door, 6:Windows, 7:Lights, 8:Columns
2025-12-07 01:21:54 [INFO] show_bridge.state -     Layer 3 (global 41) 'Dynamic Masks' role=dynamic_masks -> 2:None, 3:Radial Circle 1, 4:Radial Circle 2, 5:Radial Circle 3, 6:Radial Square 1, 7:Radial Square 2, 8:Radial Square 3
2025-12-07 01:21:54 [INFO] show_bridge.state -     Layer 4 (global 42) 'Colors' role=colors -> 1:None, 2:None, 3:Grayscale, 4:White, 5:Reds, 6:Oranges, 7:Yellows, 8:Limes, 9:Greens, 10:Teals, 11:Cyans, 12:Blues, 13:Purples, 14:Magentas, 15:Pinks, 16:Dull, 17:Rainbow, 18:Inferno, 19:Plasma, 20:Viridis, 21:Clockwork Orange, 22:Mona Lisa, 23:Salmon, 24:Purple Rain
2025-12-07 01:21:54 [INFO] show_bridge.state -     Layer 5 (global 43) 'Effects' role=effects -> 1:None, 2:None, 3:Edge Detection, 4:Noisy, 5:Shift Glitch, 6:Acuarela, 7:Mirror Quad, 8:Infinite Zoom, 9:Bloom, 10:Hatched, 11:Dither, 12:Posterize, 13:Dot Screen, 14:Dither Dots, 15:Edge Dots, 16:Rainbow LEDs
2025-12-07 01:21:54 [INFO] show_bridge.state -     Layer 6 (global 44) 'Transforms' role=transforms -> 1:None, 2:None, 3:Rotate Blur, 4:Particle System, 5:Displace, 6:Kaleidoscope, 7:TAS Turbulent, 8:TAS Turbulent, 9:TAS Turbulent Edges, 10:TAS Sine Transform, 11:TAS Slider Tile
2025-12-07 01:21:54 [INFO] show_bridge.state -   Group 8 'Lights' (APC=2)
2025-12-07 01:21:54 [INFO] show_bridge.state -     Layer 0 (global 45) 'Fills 1' role=fills -> 2:None, 3:mix_1_noisefill_full_C1, 4:mix_1_noisefill_full_turb_C1, 5:mix_1_noisefill_narrow_B1, 6:mix_1_noisefill_narrow_C1, 7:mix_1_noisefill_narrow_W1, 8:mix_1_noisefill_shape_bands_C1, 9:mix_1_noisefill_shape_C1, 10:mix_1_noisefill_wide_B1, 11:mix_1_noisefill_wide_W1, 12:mix_1_pointfill_wide_C1, 13:mix_1_pointfill_wide_C2
2025-12-07 01:21:54 [INFO] show_bridge.state -     Layer 1 (global 46) 'Fills 2' role=fills -> 2:None, 3:mix_1_noisefill_full_C1, 4:mix_1_noisefill_full_turb_C1, 5:mix_1_noisefill_narrow_B1, 6:mix_1_noisefill_narrow_C1, 7:mix_1_noisefill_narrow_W1, 8:mix_1_noisefill_shape_bands_C1, 9:mix_1_noisefill_shape_C1, 10:mix_1_noisefill_wide_B1, 11:mix_1_noisefill_wide_W1, 12:mix_1_pointfill_wide_C1, 13:mix_1_pointfill_wide_C2
2025-12-07 01:21:54 [INFO] show_bridge.state -     Layer 2 (global 47) 'Dynamic Masks' role=dynamic_masks -> 1:None, 2:None, 3:Radial Circle 1, 4:Radial Circle 2, 5:Radial Circle 3, 6:Radial Square 1, 7:Radial Square 2, 8:Radial Square 3
2025-12-07 01:21:54 [INFO] show_bridge.state -     Layer 3 (global 48) 'Colors' role=colors -> 1:None, 2:None, 3:Grayscale, 4:White, 5:Reds, 6:Oranges, 7:Yellows, 8:Limes, 9:Greens, 10:Teals, 11:Cyans, 12:Blues, 13:Purples, 14:Magentas, 15:Pinks, 16:Dull, 17:Rainbow, 18:Inferno, 19:Plasma, 20:Viridis, 21:Clockwork Orange, 22:Mona Lisa, 23:Salmon, 24:Purple Rain, 25:Purple Rain, 26:Purple Rain
2025-12-07 01:21:54 [INFO] show_bridge.state -     Layer 4 (global 49) 'Effects' role=effects -> 1:None, 2:None, 3:Edge Detection, 4:Noisy, 5:Shift Glitch, 6:Acuarela, 7:Mirror Quad, 8:Infinite Zoom, 9:Bloom, 10:Hatched, 11:Dither, 12:Posterize, 13:Dot Screen, 14:Dither Dots, 15:Edge Dots, 16:Rainbow LEDs
2025-12-07 01:21:54 [INFO] show_bridge.state -     Layer 5 (global 50) 'Transforms' role=transforms -> 1:None, 2:None, 3:Rotate Blur, 4:Particle System, 5:Displace, 6:Kaleidoscope, 7:TAS Turbulent, 8:TAS Turbulent, 9:TAS Turbulent Edges, 10:TAS Sine Transform, 11:TAS Slider Tile, 12:Feedback Down, 13:Feedback Perlin
2025-12-07 01:21:54 [INFO] show_bridge.state -   Group 9 'Snow' (APC=1)
2025-12-07 01:21:54 [INFO] show_bridge.state -     Layer 0 (global 51) 'Fills 1' role=fills -> 2:None, 3:Flakes Avg Change, 4:Flakes Avg Med, 5:Flakes Lots Med, 6:Snow Thick Med, 7:Snow Avg Med, 8:Snow Light Med, 9:Snow Thick Slow, 10:Snow Avg Slow, 11:Snow Light Slow, 12:Snow Thick Slow, 13:Snow Avg Slow, 14:Snow Light Slow
2025-12-07 01:21:54 [INFO] show_bridge.state -     Layer 1 (global 52) 'Fills 2' role=fills -> 2:None, 3:Flakes Avg Change, 4:Flakes Avg Med, 5:Flakes Lots Med, 6:Snow Thick Med, 7:Snow Avg Med, 8:Snow Light Med, 9:Snow Thick Slow, 10:Snow Avg Slow, 11:Snow Light Slow, 12:Snow Thick Slow, 13:Snow Avg Slow, 14:Snow Light Slow
2025-12-07 01:21:54 [INFO] show_bridge.state -     Layer 2 (global 53) 'Effects' role=effects -> 1:None, 2:Edge Detection, 3:Bloom, 4:Posterize, 5:Noisy, 6:Acuarela, 7:Mirror Quad, 8:Flip, 9:Vertical Noise Glow
2025-12-07 01:21:54 [INFO] show_bridge.state -     Layer 3 (global 54) 'Transforms' role=transforms -> 1:None, 2:None, 3:Feedback Controller, 4:Kaleidoscope, 5:Flip
2025-12-07 01:21:54 [INFO] show_bridge.state -     Layer 4 (global 55) 'Color' role=colors -> 1:None, 2:None, 3:Hue Rotate, 4:Reds, 5:Teals, 6:Cyans, 7:Blues, 8:Purples, 9:Grayscale, 10:White, 11:Dull, 12:Rainbow
2025-12-07 01:21:54 [INFO] show_bridge.state -   Group 10 'Routing Group' (APC=-)
2025-12-07 01:21:54 [INFO] show_bridge.state -     Layer 0 (global 56) 'OSC Transport Beat' role=- -> 1:OSC Transport Beat, 2:OSC Transport Beat
2025-12-07 01:21:54 [INFO] show_bridge.state -     Layer 1 (global 57) 'Test Router' role=routing -> 1:Video Router, 2:Video Router
2025-12-07 01:21:54 [INFO] show_bridge.state -     Layer 2 (global 58) 'Synestesia Router' role=routing -> 1:Video Router, 2:Video Router
2025-12-07 01:21:54 [INFO] show_bridge.state -     Layer 3 (global 59) 'Wireframe Router' role=routing -> 1:Video Router, 2:Video Router
2025-12-07 01:21:54 [INFO] show_bridge.state -     Layer 4 (global 60) 'Brick Router' role=routing -> 1:Video Router, 2:Video Router
2025-12-07 01:21:54 [INFO] show_bridge.state -     Layer 5 (global 61) 'Mix Router' role=routing -> 1:Video Router, 2:Video Router
2025-12-07 01:21:54 [INFO] show_bridge.state -     Layer 6 (global 62) 'Windows Router' role=routing -> 1:Video Router, 2:Video Router
2025-12-07 01:21:54 [INFO] show_bridge.state -     Layer 7 (global 63) 'Columns Router' role=routing -> 1:Video Router, 2:Video Router
2025-12-07 01:21:54 [INFO] show_bridge.state -     Layer 8 (global 64) 'Lights Router' role=routing -> 1:Video Router, 2:Video Router
2025-12-07 01:21:54 [INFO] show_bridge.state -     Layer 9 (global 65) 'Snow Router' role=routing -> 1:Video Router, 2:Video Router
2025-12-07 01:21:54 [INFO] show_bridge.state - [OSC] Using Resolume OSC at 127.0.0.1:7000
2025-12-07 01:21:54 [INFO] show_bridge.state - [OSC] Using show_bridge OSC at 0.0.0.0:13001 for state broadcasts
2025-12-07 01:21:54 [INFO] show_bridge.state - [SYN] Using Synesthesia OSC at 127.0.0.1:12001
2025-12-07 01:21:54 [INFO] show_bridge.state - [SYN] Synesthesia mapped to APC group 8 (internal group_idx=7)
2025-12-07 01:21:54 [INFO] show_bridge.state - [ROUTING] Mapped routing layers:
2025-12-07 01:21:54 [INFO] show_bridge.state - [RESOLUME] Attached composition 'Snow Place 2025' with 11 groups.
2025-12-07 01:21:54 [INFO] show_bridge.state -   APC group 8: roles -> fills(1), effects(1), colors(1), static_masks(1)
2025-12-07 01:21:54 [INFO] show_bridge.state -   APC group 7: roles -> fills(2), static_masks(1), dynamic_masks(1), colors(1), effects(1), transforms(1)
2025-12-07 01:21:54 [INFO] show_bridge.state -   APC group 6: roles -> fills(2), static_masks(1), dynamic_masks(1), colors(1), effects(1), transforms(1)
2025-12-07 01:21:54 [INFO] show_bridge.state -   APC group 5: roles -> fills(2), static_masks(1), dynamic_masks(1), colors(1), effects(1), transforms(1)
2025-12-07 01:21:54 [INFO] show_bridge.state -   APC group 4: roles -> fills(2), dynamic_masks(1), colors(1), effects(1), transforms(1)
2025-12-07 01:21:54 [INFO] show_bridge.state -   APC group 3: roles -> fills(2), static_masks(1), dynamic_masks(1), colors(1), effects(1), transforms(1)
2025-12-07 01:21:54 [INFO] show_bridge.state -   APC group 2: roles -> fills(2), dynamic_masks(1), colors(1), effects(1), transforms(1)
2025-12-07 01:21:54 [INFO] show_bridge.state -   APC group 1: roles -> fills(2), effects(1), transforms(1), colors(1)
2025-12-07 01:21:54 [INFO] show_bridge.state - [INIT] Syncing with composition...
2025-12-07 01:21:54 [INFO] show_bridge.state - [INIT] Layer 0 'Reference Images' col=1 -> ON=False
2025-12-07 01:21:54 [INFO] show_bridge.state - [INIT] Layer 1 'Test Patterns' col=1 -> ON=False
2025-12-07 01:21:54 [INFO] show_bridge.state - [INIT] Layer 2 'Layer #' col=1 -> ON=False
2025-12-07 01:21:54 [INFO] show_bridge.state - [INIT] Layer 3 'FFT Fills' col=1 -> ON=False
2025-12-07 01:21:54 [INFO] show_bridge.state - [INIT] Layer 4 'Full Stage Effects' col=1 -> ON=False
2025-12-07 01:21:54 [INFO] show_bridge.state - [INIT] Layer 5 'Full Stage Colors' col=1 -> ON=False
2025-12-07 01:21:54 [INFO] show_bridge.state - [INIT] Layer 6 'Stage Masks' col=1 -> ON=False
2025-12-07 01:21:54 [INFO] show_bridge.state - [INIT] Layer 7 'Fills 1' col=1 -> ON=False
2025-12-07 01:21:54 [INFO] show_bridge.state - [INIT] Layer 8 'Effects' col=1 -> ON=False
2025-12-07 01:21:54 [INFO] show_bridge.state - [INIT] Layer 9 'Colors' col=1 -> ON=False
2025-12-07 01:21:54 [INFO] show_bridge.state - [INIT] Layer 10 'Static Masks' col=1 -> ON=False
2025-12-07 01:21:54 [INFO] show_bridge.state - [INIT] Layer 11 'Fills 1' col=1 -> ON=False
2025-12-07 01:21:54 [INFO] show_bridge.state - [INIT] Layer 12 'Fills 2' col=1 -> ON=False
2025-12-07 01:21:54 [INFO] show_bridge.state - [INIT] Layer 13 'Static Masks' col=1 -> ON=False
2025-12-07 01:21:54 [INFO] show_bridge.state - [INIT] Layer 14 'Dynamic Masks' col=1 -> ON=False
2025-12-07 01:21:54 [INFO] show_bridge.state - [INIT] Layer 15 'Colors' col=1 -> ON=False
2025-12-07 01:21:54 [INFO] show_bridge.state - [INIT] Layer 16 'Effects' col=1 -> ON=False
2025-12-07 01:21:54 [INFO] show_bridge.state - [INIT] Layer 17 'Transforms' col=1 -> ON=False
2025-12-07 01:21:54 [INFO] show_bridge.state - [INIT] Layer 18 'Fills 1' col=1 -> ON=False
2025-12-07 01:21:54 [INFO] show_bridge.state - [INIT] Layer 19 'Fills 2' col=1 -> ON=False
2025-12-07 01:21:54 [INFO] show_bridge.state - [INIT] Layer 20 'Static Masks' col=1 -> ON=False
2025-12-07 01:21:54 [INFO] show_bridge.state - [INIT] Layer 21 'Dynamic Masks' col=1 -> ON=False
2025-12-07 01:21:54 [INFO] show_bridge.state - [INIT] Layer 22 'Colors' col=1 -> ON=False
2025-12-07 01:21:54 [INFO] show_bridge.state - [INIT] Layer 23 'Effects' col=1 -> ON=False
2025-12-07 01:21:54 [INFO] show_bridge.state - [INIT] Layer 24 'Transforms' col=1 -> ON=False
2025-12-07 01:21:54 [INFO] show_bridge.state - [INIT] Layer 25 'Fills 1' col=1 -> ON=False
2025-12-07 01:21:54 [INFO] show_bridge.state - [INIT] Layer 26 'Fills 2' col=1 -> ON=False
2025-12-07 01:21:54 [INFO] show_bridge.state - [INIT] Layer 27 'Static Masks' col=1 -> ON=False
2025-12-07 01:21:54 [INFO] show_bridge.state - [INIT] Layer 28 'Dynamic Masks' col=1 -> ON=False
2025-12-07 01:21:54 [INFO] show_bridge.state - [INIT] Layer 29 'Colors' col=1 -> ON=False
2025-12-07 01:21:54 [INFO] show_bridge.state - [INIT] Layer 30 'Effects' col=1 -> ON=False
2025-12-07 01:21:54 [INFO] show_bridge.state - [INIT] Layer 31 'Transforms' col=1 -> ON=False
2025-12-07 01:21:54 [INFO] show_bridge.state - [INIT] Layer 32 'Fills 1' col=1 -> ON=False
2025-12-07 01:21:54 [INFO] show_bridge.state - [INIT] Layer 33 'Fills 2' col=1 -> ON=False
2025-12-07 01:21:54 [INFO] show_bridge.state - [INIT] Layer 34 'Dynamic Masks' col=1 -> ON=False
2025-12-07 01:21:54 [INFO] show_bridge.state - [INIT] Layer 35 'Colors' col=1 -> ON=False
2025-12-07 01:21:54 [INFO] show_bridge.state - [INIT] Layer 36 'Effects' col=1 -> ON=False
2025-12-07 01:21:54 [INFO] show_bridge.state - [INIT] Layer 37 'Transforms' col=1 -> ON=False
2025-12-07 01:21:54 [INFO] show_bridge.state - [INIT] Layer 38 'Fills 1' col=1 -> ON=False
2025-12-07 01:21:54 [INFO] show_bridge.state - [INIT] Layer 39 'Fills 2' col=1 -> ON=False
2025-12-07 01:21:54 [INFO] show_bridge.state - [INIT] Layer 40 'Static Masks' col=1 -> ON=False
2025-12-07 01:21:54 [INFO] show_bridge.state - [INIT] Layer 41 'Dynamic Masks' col=1 -> ON=False
2025-12-07 01:21:54 [INFO] show_bridge.state - [INIT] Layer 42 'Colors' col=1 -> ON=False
2025-12-07 01:21:54 [INFO] show_bridge.state - [INIT] Layer 43 'Effects' col=1 -> ON=False
2025-12-07 01:21:54 [INFO] show_bridge.state - [INIT] Layer 44 'Transforms' col=1 -> ON=False
2025-12-07 01:21:54 [INFO] show_bridge.state - [INIT] Layer 45 'Fills 1' col=1 -> ON=False
2025-12-07 01:21:54 [INFO] show_bridge.state - [INIT] Layer 46 'Fills 2' col=1 -> ON=False
2025-12-07 01:21:54 [INFO] show_bridge.state - [INIT] Layer 47 'Dynamic Masks' col=1 -> ON=False
2025-12-07 01:21:54 [INFO] show_bridge.state - [INIT] Layer 48 'Colors' col=1 -> ON=False
2025-12-07 01:21:54 [INFO] show_bridge.state - [INIT] Layer 49 'Effects' col=1 -> ON=False
2025-12-07 01:21:54 [INFO] show_bridge.state - [INIT] Layer 50 'Transforms' col=1 -> ON=False
2025-12-07 01:21:54 [INFO] show_bridge.state - [INIT] Layer 51 'Fills 1' col=1 -> ON=False
2025-12-07 01:21:54 [INFO] show_bridge.state - [INIT] Layer 52 'Fills 2' col=1 -> ON=False
2025-12-07 01:21:54 [INFO] show_bridge.state - [INIT] Layer 53 'Effects' col=1 -> ON=False
2025-12-07 01:21:54 [INFO] show_bridge.state - [INIT] Layer 54 'Transforms' col=1 -> ON=False
2025-12-07 01:21:54 [INFO] show_bridge.state - [INIT] Layer 55 'Color' col=1 -> ON=False
2025-12-07 01:21:54 [INFO] show_bridge.state - [INIT] Layer 56 'OSC Transport Beat' col=1 -> ON=False
2025-12-07 01:21:54 [INFO] show_bridge.state - [INIT] Layer 57 'Test Router' col=1 -> ON=False
2025-12-07 01:21:54 [INFO] show_bridge.state - [INIT] Layer 58 'Synestesia Router' col=1 -> ON=False
2025-12-07 01:21:54 [INFO] show_bridge.state - [INIT] Layer 59 'Wireframe Router' col=1 -> ON=False
2025-12-07 01:21:54 [INFO] show_bridge.state - [INIT] Layer 60 'Brick Router' col=1 -> ON=False
2025-12-07 01:21:54 [INFO] show_bridge.state - [INIT] Layer 61 'Mix Router' col=1 -> ON=False
2025-12-07 01:21:54 [INFO] show_bridge.state - [INIT] Layer 62 'Windows Router' col=1 -> ON=False
2025-12-07 01:21:54 [INFO] show_bridge.state - [INIT] Layer 63 'Columns Router' col=1 -> ON=False
2025-12-07 01:21:54 [INFO] show_bridge.state - [INIT] Layer 64 'Lights Router' col=1 -> ON=False
2025-12-07 01:21:54 [INFO] show_bridge.state - [INIT] Layer 65 'Snow Router' col=1 -> ON=False
2025-12-07 01:21:54 [INFO] show_bridge.state - [INIT] Group 8 -> playing=False, effects=False, transforms=False, dynamic_masks=False, color=False
2025-12-07 01:21:54 [INFO] show_bridge.state - [INIT] Group 7 -> playing=False, effects=False, transforms=False, dynamic_masks=False, color=False
2025-12-07 01:21:54 [INFO] show_bridge.state - [INIT] Group 6 -> playing=False, effects=False, transforms=False, dynamic_masks=False, color=False
2025-12-07 01:21:54 [INFO] show_bridge.state - [INIT] Group 5 -> playing=False, effects=False, transforms=False, dynamic_masks=False, color=False
2025-12-07 01:21:54 [INFO] show_bridge.state - [INIT] Group 4 -> playing=False, effects=False, transforms=False, dynamic_masks=False, color=False
2025-12-07 01:21:54 [INFO] show_bridge.state - [INIT] Group 3 -> playing=False, effects=False, transforms=False, dynamic_masks=False, color=False
2025-12-07 01:21:54 [INFO] show_bridge.state - [INIT] Group 2 -> playing=False, effects=False, transforms=False, dynamic_masks=False, color=False
2025-12-07 01:21:54 [INFO] show_bridge.state - [INIT] Group 1 -> playing=False, effects=False, transforms=False, dynamic_masks=False, color=False
2025-12-07 01:21:54 [INFO] show_bridge.state - [STATE-OUTPUT] Full state broadcast completed.
2025-12-07 01:21:55 [WARNING] show_bridge - [OSC] No show_bridge OSC listener configured for inbound state (to show bridge): [WinError 10048] Only one usage of each socket address (protocol/network address/port) is normally permitted
2025-12-07 01:21:55 [INFO] show_bridge - [MONITOR] State monitoring HTTP server started on port 8765.
